code,kind,super_class,preferred,preferred_中文,shortTitle,shortTitle_中文,inclusion,inclusion_中文,exclusion,exclusion_中文,criteria,criteria_中文,consider,consider_中文,note,note_中文,icd10
-30,process,-.2,Medical examination/health evaluation complete,医学检查/健康评估完成,Medical examin/health eval complete,医学检查/健康评估完成,complete examination of one body system or the whole body; complete check-up; well-baby exam; school health care exam for children/youth,全面体检；体格检查；婴儿保健检查；学龄儿童/青少年健康检查,,,,,,,,,
-31,process,-.2,Medical examination/health evaluation partial,医学检查/健康评估部分,Medical examin/health eval partial,医学检查/健康评估（不完全）,"an examination focussed on a specific part of a body system; clinical screening of single health problems, e.g. heart auscultation or blood pressure measurement K31; or body temperature measurement A31",针对身体系统某一部分的检查；单个健康问题的临床筛查，例如心脏听诊或血压测量 K31；或体温测量 A31,,,,,,,,,
-32,process,-.2,Sensitivity test,敏感性试验,Sensitivity test,敏感性试验,skin prick-test; patch test; Mantoux test; radioallergosorbent test (RAST) test; food challange; methacholine challenge test,皮肤点刺试验；贴片试验；曼托克斯试验；放射过敏吸附素试验（RAST）；食物激发试验；甲基胆碱激发试验,desensitisation ,脱敏治疗,tests to detect/exclude allergy,过敏检测/排除试验,blood test ,血液检查,,,
-33,process,-.2,Microbiological/immunological test,微生物/免疫学检测,Microbiological/immunological test,微生物/免疫学检测,"blood culture; microbiological test of blood; microbiological test of faeces; microbiologic test of sputum; microbiological test of throat swab; microbiological test of vaginal swab; antigen or antibody testing e.g. testing for human immunodeficiency virus, human papilloma virus or hepatitis B; antibody titer",血培养；血液微生物学检查；粪便微生物学检查；痰液微生物学检查；咽拭子微生物学检查；阴道分泌物微生物学检查；抗原或抗体检测，例如人类免疫缺陷病毒、人乳头瘤病毒或乙型肝炎病毒的检测；抗体滴度,Mantoux test ,曼托克斯试验,"test relating to bacteria, virus or other micro-organisms",与细菌、病毒或其他微生物相关的检验,blood test ,血液检查,"Laboratory analyses are classified to the substrate/substance in which the test is done, whereas microbiological/immunological tests belong to ",实验室检查按所检测的底物/物质分类，而微生物学/免疫学检查则属于,
-34,process,-.2,Blood test,血液检查,Blood test,血液检查,blood group and type; erythrocyte sedimentation rate (ESR); white blood cell count (WBC); basic metabolic panel; blood hormone level; blood enzyme level; blood drug level; blood alcohol level; C-reactive protein (CRP); prothrombin time (INR); D-dimer; arterial blood gases; calculation of creatinine clearance; blood pregnancy test,血型和种类；红细胞沉降率（ESR）；白细胞计数（WBC）；基本代谢组检测；血液激素水平；血液酶水平；药物浓度测定；血液酒精含量；C反应蛋白（CRP）；凝血酶原时间（INR）；D-二聚体；动脉血气分析；肌酐清除率计算；血液妊娠试验,radioallergosorbent test (RAST) ,放射过敏原吸附试验 (RAST),a laboratory analysis performed on a blood sample,血液样本实验室分析,microbiological/immunological test ,微生物/免疫学检查,"Laboratory analyses are classified to the substrate/substance in which the test is done, whereas microbiological/immunological tests belong to ",实验室检查按所检测的底物/物质分类，而微生物学/免疫学检查则属于,
-35,process,-.2,Urine test,尿液检查,Urine test,尿液检查,urine strip test; test for drugs in urine; urine pregnancy test; measurement of albumin: creatinine ratio,尿液试纸检测；尿液药物检测；尿液妊娠试验；测定白蛋白：肌酐比值,microscopic examination of urine ,尿液显微镜检查,a laboratory analysis performed on a urine sample,尿液样本的实验室分析,microbiological/immunological test ,微生物/免疫学检查,"Laboratory analyses are classified to the substrate/substance in which the test is done, whereas microbiological/immunological tests belong to ",实验室检查按所检测的底物/物质分类，而微生物学/免疫学检查则属于,
-36,process,-.2,Faeces test,粪便检查,Faeces test,粪便检查,stool ova/cyst/parasites test; test for occult blood,粪便虫卵/包囊/寄生虫检查；隐血试验,microbiological culture of faeces ,粪便微生物培养,a laboratory analysis performed on a faeces sample with the exception of microbiological tests,粪便样本的实验室分析，不包括微生物学检查,,,"Laboratory analyses are classified to the substrate/substance in which the test is done, whereas microbiological/immunological tests belong to ",实验室检查按所检测的底物/物质分类，而微生物学/免疫学检查则属于,
-37,process,-.2,Histological/exfoliative cytology,组织学/脱落细胞学,Histological/exfoliative cytology,组织学/脱落细胞学,histological or cytological examination of tissue or fluid retrieved by puncture/biopsy/excision/swabbing/collection; urine cytology; sputum analysis; semen analysis,组织或体液的病理学或细胞学检查（通过穿刺/活检/切除/擦拭/采集取得）；尿液细胞学检查；痰分析；精液分析,microbiological test ,微生物学检测,histological or cytological examination of cells collected from the body as a means of detecting cellular changes,".histological or cytological examination of cells collected from the body as a means of detecting cellular changes

取自身体的细胞进行组织学或细胞学检查以检测细胞变化",,,,,
-38,process,-.2,Other laboratory test NEC,其他实验室检查 NEC,Other laboratory test NEC,其他实验室检查 NEC,antenatal chromosome screening; DNA/genetic/chromosome test; paternity test; sweat test; tear drop test; Helicobacter pylori breath test; any other laboratory test not included in the rubrics -32 to -37,产前染色体筛查；DNA/遗传/染色体检测；亲子鉴定；汗测试；泪滴试验；幽门螺杆菌呼气试验；其他未包括在编码-32至-37中的任何实验室检查-32至-37,exercise tests using imaging ,运动试验结合影像学检查,,,,,,,
-39,process,-.2,Physical function test,体能功能测试,Physical function test,体能功能测试,tympanometry; audiometry; tonometry; vision test; visual field; colour vision; calorimetric/vestibular function test; spirometry; urinary flowmetry,tympanometry; 听力计检查; 眼压测量; 视力测试; 视野检查; 色觉检查; 比色法/前庭功能检查; 肺功能测定（一秒钟用力呼气量等）; 尿流率测定,exercise test using imaging ,运动试验结合影像学检查,quantitative test to measure capacity of body functions excluding the mental state,定量检测身体功能（不包括精神状态）的能力测试,,,,,
-40,process,-.2,Diagnostic endoscopy,诊断内镜检查,Diagnostic endoscopy,诊断内镜检查,rhinoscopy; pharyngoscopy; laryngoscopy; tracheoscopy; bronchoscopy; mediastinoscopy; hysteroscopy; colposcopy; laparoscopy; gastroscopy; colonoscopy; sigmoidoscopy; rectoscopy; anoscopy; arthroscopy,鼻镜检查；咽镜检查；喉镜检查；气管镜检查；支气管镜检查；纵隔镜检查；宫腔镜检查；阴道镜检查；腹腔镜检查；胃镜检查；结肠镜检查；乙状结肠镜检查；直肠镜检查；肛门镜检查；关节镜检查,ophtalmoscopy ,眼底镜检查,"looking inside the body for medical reasons using an endoscope, an instrument used to examine the interior of a hollow organ or cavity of the body",内镜检查,,,,,
-41,process,-.2,Diagnostic radiology/imaging,诊断放射学/影像学,Diagnostic radiology/imaging,诊断放射学/影像学,x-ray/ultrasound imaging; computed tomography (CT); nuclear medicine; positron emission tomography (PET); magnetic resonance imaging (MRI); angiography; bone/thyroid/heart scintigraphy; isotope scanning; thermography,X线/超声成像；计算机断层扫描（CT）；核医学；正电子发射断层扫描（PET）；磁共振成像（MRI）；血管造影；骨/甲状腺/心肌闪烁扫描；同位素扫描；热成像,radiotherapy ,放射治疗,taking images of anatomic structures through the use of electromagnetic radiation or sound waves,利用电磁辐射或声波成像解剖结构,,,,,
-42,process,-.2,Electrical tracing,心电图描记术,Electrical tracing,心电图描记术,electrocardiogram; exercise electrocardiogram; Holter monitoring; electromyogram (EMG); electroencephalogram (EEG); electronystagmography (ENG),心电图；运动心电图；Holter监测；肌电图（EMG）；脑电图（EEG）；眼震电图（ENG）,,,"a test used to measure the electrical activity of an organ (e.g. heart, nerve, brain, muscle)",电生理检查,,,,,
-43,process,-.2,Other diagnostic procedure,其他诊断程序,Other diagnostic procedure,其他诊断程序,ophtalmoscopy; dermatoscopy; diagnostic laparotomy; dementia test; intelligence test; depression test; anxiety test; skin photo,眼底镜检查；皮肤镜检查；诊断性剖腹探查术；痴呆症筛查试验；智力测试；抑郁量表；焦虑量表；皮肤照片,,,a skin photo is a photography/video for diagnostic purpose,皮肤照片是指用于诊断目的的摄影或视频,,,,,
-44,process,-.2,Preventive immunization/medication,预防性免疫接种/药物,Preventive immunization/medic,预防性免疫接种/药物,active/passive immunization; prophylactic treatment with drugs e.g. malaria prophylaxis; desensitisation,主动/被动免疫；药物预防治疗例如疟疾预防；脱敏治疗,,,"immunization/desensitisation/preventive medication used to avoid conditions/reactions, not present at the time of prescribing",免疫/脱敏/预防用药，用于避免在开处方时不存在的状况/反应,,,"If the patient has a condition (e.g. hypertension), use the code for medication ",若患者有某种情况（例如高血压），使用药物的编码,
-45,process,-.2,Observation/health education/advice/diet,观察/健康教育/建议/饮食,Observ/health educat/advice/diet,观察/健康教育/指导/饮食,advice on healthy behaviour; advice on prevention of health problems; advice on pregnancy and family planning; advice on regarding the use of health services; advice on regarding occupational health/social problems; watchful waiting,健康行为建议；预防健康问题的建议；妊娠和计划生育建议；关于使用卫生服务的建议；关于职业健康/社会问题的建议；观察等待,therapeutic counselling/listening ,治疗性咨询/倾听,prevention of health problems and advice on healthy behaviour,健康问题的预防及健康行为的建议,,,,,
-46,process,-.2,Consultation with primary care provider,与初级保健提供者会诊,Consultation primary care provider,门诊咨询 PRIMARY CARE提供者,telemedicine consultation with primary care provider,远程医疗会诊咨询服务提供者,consultation with specialist ,专科会诊,"consultation with another primary care provider, regardless whether the patient is present or not",与另一主要保健提供者会诊，无论患者是否在场,,,Treatment responsibility remains at the original primary care provider.,治疗责任仍由原初级保健提供者承担。,
-47,process,-.2,Consultation with specialist,专科会诊,Consultation with specialist,专科会诊,telemedicine consultation with specialist,远程专科会诊,consultation with primary care provider ,与初级保健提供者会诊,"consultation with a specialist, regardless whether the patient is present or not",专科会诊，无论患者是否在场,,,Treatment responsibility remains at the original primary care provider.,治疗责任仍由原初级保健提供者承担。,
-48,process,-.2,Clarification/discussion of patient's RFE/demand,患者RFE/需求的澄清/讨论,Clarification/discussion RFE/demand,说明/讨论 RFE/需求,discussion about the need of screening tests,筛查试验必要性的讨论,,,"dialogue between the primary health care provider and the patient about the patient’s reason for encounter or demand, and their mutual assessment of opportunities for screening/treatment/other interventions.",初级保健提供者与患者之间关于就诊原因或需求的对话，以及双方对筛查、治疗或其他干预措施机会的共同评估。,Observation/health education/advice/diet ,观察/健康教育/建议/饮食,,,
-49,process,-.2,Other preventive procedure,其他预防性操作,Other preventive procedure,其他预防性操作,assessment of health conditions and environmental risks,健康状况和环境风险的评估,complete check-up/well-baby exam ,全面体检/健康儿童检查,,,,,,,
-50,process,-.3,Medication/prescription/renewal,药物/处方/续方,Medication/prescr/renewal,药物/处方/续方,prescribing of medication; prescribing of an injectable drug; renewal of medication; administration of medication,开具药物处方；开具注射用药处方；续方；给药administration of medication可以译为药物使用或药物给付，根据上下文选择最合适的表述。在此统一采用“给药”作为翻译。,preventive immunization/medication ,预防性免疫接种/药物,,,,,Clarify what drug is meant.,澄清所指药物。,
-51,process,-.3,Incision/drainage/flushing/aspiration/removal body fluid,切开/引流/冲洗/抽吸/移除体液,I&d/flush/aspiration,冲洗/抽吸,incision of abscess; puncture/aspiration of hematoma; puncture/aspiration of sinus; puncture/aspiration of the urinary bladder; puncture/aspiration of joint; puncture/aspiration of cyst; puncture/aspiration of bursa; puncture/aspiration of ganglion; puncture/aspiration of lungs; puncture/aspiration of stomach; venesection; ascitic fluid puncture; lumbar puncture; tympanostomy; paracentesis; thoracentesis; irrigation of ear/eye,脓肿切开；血肿穿刺抽吸；窦道穿刺抽吸；膀胱穿刺抽吸；关节穿刺抽吸；囊肿穿刺抽吸；滑膜囊穿刺抽吸；腱鞘囊肿穿刺抽吸；肺穿刺抽吸；胃穿刺抽吸；放血疗法；腹水穿刺；腰椎穿刺；鼓室切开术；腹腔穿刺；胸腔穿刺；耳/眼冲洗,blood test ,血液检查,,,,,,,
-52,process,-.3,Excision/removal tissue/biopsy/destruction/debridement/cauterization,切除/移除组织/活检/破坏/清创/电凝,Exc/remov/biopsy/destruc/debrid/caut,切除/移除/活检/破坏/清创/电凝,excision/removal tissue; biopsy of organ; biopsy of skin; excision/removal of nail; extraction of tooth; amputation; embolectomy; vein stripping; sterilisation; uterine curettage; skin curettage; nerve destruction; vein destruction; surgical debridement; mechanical debridement; chemical debridement; autolytic debridement; maggot therapy; burning cauterization; cold cauterization; chemical cauterization; electric cauterization; laser cauterization,切除/移除组织；器官活检；皮肤活检；指甲切除/移除；拔牙；截肢；血栓切除术；静脉剥离；绝育手术；刮宫术（子宫）；刮治术（皮肤）；神经破坏；静脉破坏；外科清创术；机械清创术；化学清创术；自溶性清创术；蛆虫疗法；烧灼电凝固；冷刀电切；化学电凝固；电热凝固；激光电凝固,cervical smear ,宫颈涂片,,,,,,,
-53,process,-.3,Instrumentation/catheterization/intubation/dilation,器械操作/导管插入/气管插管/扩张术,Instrument/catheter/intubate/dilate,器械/导管/插管/扩张,endotracheal intubation; tracheotomy; tympanostomy tube insertion; enema; catheterization; lacrimal dilatation; urethral dilatation; uterine cervical dilatation; artificial rupture of the amniotic membranes; intravenous cannulation,气管插管；气管切开术；鼓膜置管术；灌肠；导尿；泪道扩张术；尿道扩张术；宫颈扩张术；人工破膜；静脉穿刺,implantation of a hormone or long acting drug ,激素或长效药物的植入,,,incision/drainage/flushing/aspiration/removal body fluid ,切开/引流/冲洗/抽吸/移除体液,,,
-54,process,-.3,Repair/fixation-suture/cast/prosthetic device (apply/remove),修复/固定-缝合/石膏/假体装置(应用/移除),Repair/fix-suture/cast/prosth device,修复/缝合/石膏/矫形装置,suture/stitches; surgical glue; strip-plaster; strapping for sprains; treatment of luxation; treatment of fracture; orthopaedic prosthetic(s); brace(s); orthose(s); strapping; sling; hernia support; hearing aids and device(s); visual aids and device(s); technical aids and device(s); denture(s); implantation of a hormone or long acting drug; vaginal pessary/IUD; pacemaker; stent,缝合线/缝针；手术胶水；创可贴；关节扭伤绷带；脱位治疗；骨折治疗；骨科假体；支具；矫形器；绑扎；吊带；疝气支撑；助听器及装置；视力辅助器具及装置；技术辅助器具及装置；义齿；激素或长效药物植入；阴道栓剂/宫内节育器；起搏器；支架,amputation ,截肢,,,,,"In this rubric is included also devices, which are not prosthetic devices. Insertion of IUD should not be used as a problem label, but only as a process code. The problem should be coded with ",在此栏目中还包括非矫形器具的设备。宫内节育器的放置不应作为问题标签使用，而仅作为过程代码使用。问题应编码为,
-55,process,-.3,Local injection/infiltration,局部注射/浸润,Local injection/infiltration,局部注射/浸润,epidural injection; skin injection; subcutaneous tissue injection; intramuscular injection; intravenous injection; joint injection; bursa injection; tendon sheath injection; sclerosing injection for varices; nerve block,epidural 注射；皮肤注射；皮下组织注射；肌肉注射；静脉注射；关节内注射；滑囊注射；腱鞘注射；静脉曲张硬化注射；神经阻滞,vaccination ,疫苗接种,,,,,Double code with ,双重编码与,
-56,process,-.3,Dressing/pressure/compression/tamponade,换药/压力/压缩/填塞,Dressing/pressure/compress/tamponade,换药/压力包扎/压迫/填塞,application of an eye pad; support bandage; wound bandage,眼部敷料应用；支撑绷带；伤口敷料,applying strip-plaster ,"贴敷药膏布-strip-plaster是指医用胶带或膏药形式的外用药物应用方式，但根据要求直接翻译术语：

贴敷剂",,,repair/fixation-suture/cast/prosthetic device ,修复/固定-缝合/石膏/假体装置,,,
-57,process,-.3,Physical medicine/rehabilitation,物理医学/康复,Physical medicine/rehabilitation,物理医学/康复,chiropractic physiotherapy/ergotherapy/podiatry/strength/physical medicine/rehabilitation; fitness training; muscle exercise; speech therapy; specific disability rehabilitation; using heat/cold/ultrasound/electrical current for therapeutic purposes,脊椎疗法/物理治疗/作业治疗/足病治疗/力量训练/物理医学/康复；健身训练；肌肉锻炼；言语治疗；特定残疾康复；使用热疗/冷疗/超声波/电疗等进行治疗目的,psychosocial (drug or alcohol) rehabilitation ,心理社会（药物或酒精）康复,,,,,,,
-58,process,-.3,Therapeutic counselling/listening,治疗性咨询/倾听,Therapeutic counselling/listening,治疗性咨询/倾听,motivational interview; supportive psychotherapy; counselling for a specific disease,动机访谈；支持性心理治疗；针对特定疾病的咨询,observation/health education/advice/diet ,观察/健康教育/建议/饮食,"counselling/listening by the provider with a specific therapeutic aim for a patient to be able to cope with his/her disease, in a more detailed fashion than a simple advice",提供者以特定治疗目标与患者进行咨询/倾听，帮助患者更好地应对疾病，详细程度超过简单的建议,physical medicine/rehabilitation ,物理医学/康复,"Counselling: a term used to describe a process of consultation and discussion in which one individual (the councellor) listens and offers guidance or advice to another who is experiencing difficulties (the patient). The counsellor does not direct or make decisions for the client. The general aim is to solve problems, increase awareness, and promote constructive exploration of difficulties so that the future may be approached more confidently and more constructively.",咨询：描述一种咨询和讨论的过程，在此过程中一位个体（咨询师）倾听并为遇到困难的另一方提供指导或建议（患者）。咨询师不会为来访者做决定或指挥。一般目的是解决问题，增加意识，并促进对困难的建设性探索，以便更加自信和有建设性地面对未来。,
-59,process,-.3,Other therapeutic procedure/minor surgery NEC,其他治疗程序/小手术 NEC,Other therap proced/minor surg NEC,其他治疗程序/小型手术 NEC,cardiopulmonary resuscitation; oxygen therapy; acupuncture; removal of foreign body; blood transfusion; plastic surgery; transplantation; dialysis; delivery/ caesarean section/major surgery,心肺复苏；氧气治疗；针灸；异物取出；输血；整形手术；移植；透析；分娩/剖宫产/大手术,,,,,,,,,
-60,process,-.4,Result test/procedure,检查结果,Result test/procedure,检查结果,,,,,"results from tests or procedures ordered / performed by the health care provider: blood, imaging, electrical tracing or other",由医护人员开具/执行的检查或程序结果：血液、影像、电图或其他,,,This code can only be used to classify a reason for encounter.,此编码仅用于分类就诊原因。,
-61,process,-.4,Result examination/test/record/letter from other provider,其他提供者的检查/检验/记录/信件结果,Result exam/test/lett oth provider,其他提供者的检查/试验/报告结果,,,,,results from tests or procedures ordered /performed by other health care providers,其他医疗卫生提供者开具/执行的检查或操作的结果,,,This code can only be used to classify a reason for encounter.,此编码仅用于分类就诊原因。,
-62,process,-.5,Administrative procedure,行政程序,Administrative procedure,行政程序,"certificates (e.g. sick leave/driver´s licence/death); questionnaire ; billing issues, health record issues; filling in documents or forms",证明文件（例如病假/驾驶执照/死亡证明）；问卷；收费问题，健康记录问题；填写文档或表格,medical examination/health evaluation complete ,医学检查/健康评估完成,"this code is designed to classify those instances where provision of a written document or form by the provider for the patient or agency is warranted by existing regulations, laws or customs.",此编码设计用于分类那些根据现有法规、法律或惯例，由提供者为患者或机构提供书面文件或表格的情况。,,,,,
-63,process,-.6,Follow-up encounter unspecified,随访就诊未特指,Follow-up encounter unspecified,随访就诊未特指,,,,,encounter which was recommended by a health care provider as a follow-up encounter,由医疗保健提供者推荐的随访就诊 encounters which were recommended by a healthcare provider as follow-up encounters,,,This code can only be used to classify a reason for encounter.,此编码仅用于分类就诊原因。,
-64,process,-.6,Encounter/problem initiated by provider,医师发起的就诊/问题,Encounter/prob initiated by provider,医师发起的就诊/问题启动,"the patient is told to return for additional management; problem managed by the provider, that was not on the patient’s agenda",患者被告知需回访以进行进一步管理；由提供者处理而不在患者的议程上的问题,exams requested by a third party ,第三方要求的检查项目,,,,,This code can only be used to classify a reason for encounter.,此编码仅用于分类就诊原因。,
-65,process,-.6,Encounter/problem initiated by other than patient/provider,非患者/提供者发起的就诊/问题,Enc/prob init by other than pt/prov,ENC/PROB 初始由除患者/提供者以外的原因引起,,,exams requested by a third party ,第三方要求的检查项目,encounter requested by a third party,第三方要求的就诊记录,,,"This code can only be used to classify a reason for encounter. If the patient is unable to state the reason for encounter, use the reason stated by the accompanying person.",此编码仅用于分类就诊原因。如果患者无法说明就诊原因，则使用陪同人员所述的原因。,
-66,process,-.6,Referral to other provider/nurse/therapist/social worker,转诊至其他提供者/护士/治疗师/社工,Referral to non-md provider,转诊至非医师提供者,referral to nurse/physiotherapist/occupational therapist/chiropodist/ orthodontist/chiropractor/optician/midwife/dietician/dentist/home health worker/social worker/psychologist,转诊至护士/物理治疗师/职业治疗师/足病医生/牙科矫正医师/脊骨疗法医师/验光师/助产士/营养师/牙医/家庭保健工作者/社会工作者/心理学家,referral to physician ,转诊至医师,,,"If the provider performs the service by himself, consider using codes -50-59.",如果提供者亲自执行服务，考虑使用编码 -50-59。,,,
-67,process,-.6,Referral to physician/specialist/clinic/hospital,转诊至医师/专科医生/诊所/医院,Referral to physician/hospital,转诊至医师/医院,referral to another GP/FP/specialist; referral to disease-specific out-/in-patient clinics,转诊至其他全科医生/家庭医生/专科医生；转诊至特定疾病的门诊/住院诊所,referral to institution for rehabilitation ,康复机构转诊,,,,,,,
-68,process,-.6,Other referral NEC,其他转诊 NEC,Other referral NEC,其他转诊 NEC,"referral to service outside the regular health service (e.g. patient associations, unemployment services); referral to nursing home/hospice; referral to service for rehabilitation",转诊至常规医疗服务以外的服务（例如患者协会、失业服务等）；转诊至护理院/临终关怀机构；转诊至康复服务机构,referral to other provider/nurse/therapist/social worker ,转诊至其他提供者/护士/治疗师/社工,,,,,,,
-69,process,-.6,Other reason for encounter NEC,其他就诊原因 NEC,Other reason for encounter NEC,其他就诊原因 NEC,,,,,,,,,"This code can only be used to classify a reason for encounter. If the patient is unable to state the reason for encounter, use the reason stated by the accompanying person.",此编码仅用于分类就诊原因。如果患者无法说明就诊原因，则使用陪同人员所述的原因。,
A01,symptom,A.1,Pain general/multiple sites,多处疼痛,Pain general/multiple sites,多处疼痛,chronic general pain; multiple aches,慢性广泛疼痛；多处痛症,,,,,,,,,R52.0; R52.1; R52.2; R52.9
A02,symptom,A.1,Chills,寒战,Chills,寒战,rigors; shivers,阵寒；战栗,fever ,发热,,,,,,,R68.8
A03,symptom,A.1,Fever,发热,Fever,发热,pyrexia,发热,fever with rash ,发热伴皮疹,,,,,,,R50.8; R50.9
A04,symptom,A.1,Weakness/tiredness general,乏力/疲倦（全身）,Weakness/tiredness general,乏力/疲倦（全身）,chronic fatigue syndrome; exhaustion; fatigue; lassitude; lethargy; postviral fatigue,慢性疲劳综合征；耗竭；疲劳；乏力；懒散；病毒后疲劳,malaise/feeling ill ,乏力/自觉不适,,,,,,,G93.3; R53
A05,symptom,A.1,Feeling ill,自觉不适,Feeling ill,自觉不适,malaise,乏力,senescence/senility ,衰老/老年期,,,,,,,R53
A06,symptom,A.1,Fainting/syncope,晕厥,Fainting/syncope,晕厥,blackout; collapse; vasovagal attack,晕厥；休克；血管迷走神经性发作,coma ,昏迷,,,,,,,R55
A07,symptom,A.1,Coma,昏迷,Coma,昏迷,stupor,昏迷状态,syncope ,晕厥,,,,,,,R40.0; R40.1; R40.2
A08,symptom,A.1,Swelling,肿胀,Swelling,肿胀,lump; mass NOS,肿块 NOS,enlarged lymph gland ,肿大的淋巴结,,,,,,,R68.8
A09,symptom,A.1,Sweating problem,汗出异常,Sweating problem,汗出异常,"hyperhydrosis, diffuse and localised",多汗症，弥漫性和局灶性,sweat gland disease ,汗腺疾病,,,,,,,R61.0; R61.1; R61.9
A10,symptom,A.1,Bleeding/haemorrhage NOS,出血/血肿 NOS,Bleeding/haemorrhage NOS,出血/血肿 NOS,bleeding/haemorrhage not just from one site/organ,出血/血肿不仅来自一个部位/器官,,,,,,,,,R58
A11,symptom,A.1,Chest pain NOS,胸痛 NOS,Chest pain NOS,胸痛 NOS,,,pain attributed to heart ,心源性疼痛,,,,,,,R07.4
A13,symptom,A.1,Concern about/fear of medical treatment,对医疗治疗的担忧/恐惧,Concern/fear medical treatment,担忧/恐惧医疗治疗,concern about/fear of the consequences of drug/medical treatment,,adverse effect of drug ,药物不良反应,,,,,,,Z71.1
A16,symptom,A.1,Irritable infant,易激惹婴儿,Irritable infant,易激惹婴儿,excessively crying/restless infant,易怒/哭闹的婴儿,infantile colic ,婴儿肠绞痛,,,,,,,R68.1
A18,symptom,A.1,Concern about appearance,外观担忧,Concern about appearance,外观担忧,,,concern about appearance of ears ,耳外形的关注,,,,,,,R46.8
A20,symptom,A.1,Euthanasia request/discussion,euthanasia请求/讨论,Euthanasia request/discussion,euthanasia请求/讨论,,,,,,,,,,,Z71.8
A21,symptom,A.1,Risk factor for malignancy,恶性肿瘤的风险因素,Risk factor for malignancy,恶性肿瘤的风险因素,other risk factor for malignancy; past treatment of malignancy; personal/family history of malignancy,其他恶性肿瘤的风险因素；既往恶性肿瘤治疗史；个人/家族恶性肿瘤病史,,,,,,,,,Z80.0; Z80.1; Z80.2; Z80.3; Z80.4; Z80.5; Z80.6; Z80.7; Z80.8; Z80.9; Z85.0; Z85.1; Z85.2; Z85.3; Z85.4; Z85.5; Z85.6; Z85.7; Z85.8; Z85.9; Z92.6
A23,symptom,A.1,Risk factor NOS,未特指的风险因素 NOS,Risk factor NOS,未特指的风险因素 NOS,contact with infectious disease; other risk factor for other disease; personal/family history for other disease; previous episode for other disease,接触传染病；其他疾病的其他危险因素；其他疾病的个人/家族史；其他疾病的既往发作史,risk factor for malignancy ,恶性肿瘤的风险因素,,,,,,,Z20.0; Z20.1; Z20.2; Z20.3; Z20.4; Z20.5; Z20.6; Z20.7; Z20.8; Z20.9; Z28.0; Z28.1; Z28.2; Z28.8; Z28.9; Z72.0; Z72.1; Z72.2; Z72.3; Z72.4; Z72.5; Z73.2; Z81.0; Z81.1; Z81.2; Z81.3; Z81.4; Z81.8; Z82.0; Z82.1; Z82.2; Z82.5; Z82.6; Z82.7; Z82.8; Z83.0; Z83.1; Z83.2; Z83.3; Z83.4; Z83.5; Z83.6; Z83.7; Z84.0; Z84.1; Z84.2; Z84.3; Z84.8; Z86.0; Z86.1; Z86.2; Z86.3; Z86.4; Z86.5; Z86.6; Z87.0; Z87.1; Z87.2; Z87.3; Z87.4; Z87.5; Z87.6; Z87.7; Z87.8; Z88.0; Z88.1; Z88.2; Z88.3; Z88.4; Z88.5; Z88.6; Z88.7; Z88.8; Z88.9; Z91.0; Z91.1; Z91.2; Z91.3; Z91.4; Z91.5; Z91.6; Z91.7: Z91.8; Z92.0; Z92.1; Z92.2; Z92.3; Z92.4; Z92.5; Z92.8; Z92.9
A25,symptom,A.1,Fear of death/dying,死亡恐惧症,Fear of death/dying,死亡恐惧症,,,,,,,,,,,Z71.1
A26,symptom,A.1,"Fear of cancer, NOS",恐癌症，NOS,"Fear of cancer, NOS",恐癌症，NOS,,,"if the patient has cancer, code the disease",如果患者有癌症，编码疾病,concern about/fear of cancer not related to a specific chapter in a patient without the disease/until the diagnosis is proven,癌恐症，指患者在未确诊前对罹患癌症的担忧/恐惧,,,,,Z71.1
A27,symptom,A.1,Fear of other disease NOS,其他疾病恐惧症 NOS,Fear of other disease NOS,其他疾病恐惧症 NOS,,,fear of cancer NOS ,恐癌症 NOS,concern about/fear of an other disease not related to a specific chapter in a patient without the disease/until the diagnosis is proven,疑虑/恐惧其他无关特定章节的疾病（患者无该病/直到诊断证实）,,,,,Z71.1
A28,symptom,A.1,Limited function/disability NOS,限功能/残疾 NOS,Limited function/disability NOS,限功能/残疾 NOS,,,falls ,跌倒,limitation of function/disability not related to a problem in any other chapter,功能障碍/残疾，与任何其他章节中的问题无关,,,The COOP/WONCA Charts are suitable for documenting the patient's functional status (see Chapter 8).,COOP/WONCA图表适合记录患者的功能状态（见第八章）。,R26.3; R29.6; Z73.6; Z74.0; Z74.1; Z74.2; Z74.3; Z74.8; Z74.9; Z99.0; Z99.3; Z99.8; Z99.9
A29,symptom,A.1,General symptom/complaint other,一般症状/主诉其他,General symptom/complaint other,一般症状/主诉其他,Clumsiness; drowsiness; falls; somnolence,笨拙；嗜睡；跌倒；昏睡,,,,,,,,,R68.0; R68.8
A70,infection,A.7,Tuberculosis,结核病,Tuberculosis,结核病,late effect of tuberculosis; tuberculosis infection of any body site,晚期结核病后遗症；任何身体部位的结核感染,,,conversion to a positive tuberculin skin test; or demonstration of Mycobacterium tuberculosis on microscopy or culture; or characteristic chest X-ray appearance; or characteristic histological appearance on biopsy,结核菌素皮肤试验转为阳性；或在显微镜检查或培养中发现结核分枝杆菌；或胸部X线影像特征性表现；或活检组织学检查特征性表现,fever ,发热,,,A15.0; A15.1; A15.2; A15.3; A15.4; A15.5; A15.6; A15.7; A15.8; A15.9; A16.0; A16.1; A16.2; A16.3; A16.4; A16.5; A16.7; A16.8; A16.9; A17.0; A17.1; A17.8; A17.9; A18.0; A18.1; A18.2; A18.3; A18.4; A18.5; A18.6; A18.7; A18.8; A19.0; A19.1; A19.2; A19.8; A19.9; B90.0; B90.1; B90.2; B90.8; B90.9; N74.0; N74.1
A71,infection,A.7,Measles,麻疹,Measles,麻疹,complications of measles,麻疹并发症,,,"prodrome with injected conjunctivae, fever, and cough; plus white specks on a red base in the mucous membranes of the cheek (Koplik's spots), or confluent maculopapular eruption spreading over the face and body, or an atypical exanthem in a partially immune person during an epidemic of measles; or serological evidence of acute measles",前驱期伴有结膜充血、发热和咳嗽；加上颊黏膜上的红斑基础上出现白色小点（科普利克斑），或面部及躯干上扩散的融合性斑丘疹，或在麻疹流行期间部分免疫的人群中出现非典型皮疹；或急性麻疹的血清学证据,fever ,发热,,,B05.0; B05.1; B05.2; B05.3; B05.4; B05.8; B05.9
A72,infection,A.7,Chickenpox,水痘,Chickenpox,水痘,complications of chickenpox,带状疱疹并发症,herpes zoster ,带状疱疹,"a vesicular exanthem which appears in successive crops, with the lesions evolving rapidly from superficial papules to vesicles and eventually to scabs",成批出现的疱疹性皮疹，病灶迅速从表浅丘疹发展为水疱，最终形成结痂,fever ,发热,,,B01.0; B01.1; B01.2; B01.8; B01.9
A73,infection,A.7,Malaria,疟疾,Malaria,疟疾,complications of malaria,疟疾并发症,,,intermittent fever with chills and rigors in resident of/recent  visitor to a malarial region; or demonstration of malarial parasite forms in the peripheral blood,间歇性发热伴寒战和 rigor，居住于或近期到访过疟疾流行区域；或外周血中发现疟原虫形式,fever ,发热,,,B50.0; B50.8; B50.9; B51.0; B51.8; B51.9; B52.0; B52.8; B52.9; B53.0; B53.1; B53.8; B54
A74,infection,A.7,Rubella,风疹,Rubella,风疹,complications of rubella,风疹并发症,roseola infantum ,婴儿玫瑰疹,"an acute exanthem with enlarged lymph nodes, most often suboccipital and post-auricular, with a macular rash on the face, spreading to the trunk and proximal portions of the limbs; or serological evidence of rubella infection",急性皮疹伴淋巴结肿大，最常出现在后枕部和耳后，面部出现斑丘疹，蔓延至躯干及四肢近端；或有风疹感染的血清学证据,fever ,发热,,,B06.0; B06.8; B06.9
A75,infection,A.7,Infectious mononucleosis,传染性单核细胞增多症,Infectious mononucleosis,传染性单核细胞增多症,glandular fever; M. Pfeiffer,传染性单核细胞增多症; Pfeiffer菌,,,"inflammation of the tonsils/pharynx with lymphadenopathy not confined to the anterior cervical nodes, and either atypical lymphocytes on blood smear or splenomegaly; or abnormal heterophile antibody titre or Epstein-Barr virus titre",扁桃体/咽炎伴非颈前淋巴结的淋巴腺病，以及外周血涂片中出现异型淋巴细胞或脾大；或异嗜性抗体滴度异常或Epstein-Barr病毒滴度异常,fever ,发热,,,B27.0; B27.1; B27.8; B27.9
A76,infection,A.7,Viral exanthem other,病毒性皮疹其他,Viral exanthem other,病毒性皮疹其他,cowpox; erythema infectiosum; fever with rash; fifth disease; hand foot and mouth disease; roseola infantum,水牛痘；传染性红斑；发热伴皮疹；第五病；手足口病；婴儿玫瑰疹,measles ,麻疹,,,,,,,A88.0; B03; B04; B08.0; B08.2; B08.3; B08.4; B08.8; B09
A77,infection,A.7,Viral disease other/NOS,其他病毒性疾病/NOS,Viral disease other/NOS,其他病毒性疾病/NOS,adenovirus; Coxsackie diseases; dengue fever; Ross River fever,腺病毒；柯萨奇病；登革热；罗斯河热,other viral exanthem ,其他病毒性皮疹,,,,,,,A82.0; A82.1; A82.9; A92.0; A92.1; A92.2; A92.3; A92.4; A92.8; A92.9; A93.0; A93.1; A93.2; A93.8; A94; A95.0; A95.1; A95.9; A96.0; A96.1; A96.2; A96.8; A96.9; A97.0; A97.1; A97.2; A97.9; A98.0; A98.1; A98.2; A98.3; A98.4; A98.5; A98.8; A99; B00.7; B25.0; B25.1; B25.2; B25.8; B25.9; B33.0; B33.1; B33.3; B33.8; B34.0; B34.1; B34.2; B34.3; B34.4; B34.8; B34.9; B97.0; B97.1; B97.2; B97.3; B97.4; B97.5; B97.6; B97.7; B97.8
A78,infection,A.7,Infectious disease other/NOS,其他感染性疾病/未特指,Infectious disease other/NOS,其他感染性疾病/未特指,brucellosis; infection unspecified site; Lyme disease; mycoplasma; Q fever; rickettsial disease; scarlet fever; sexually transmitted disease NOS; thrush NOS; toxoplasmosis,布鲁氏菌病；未特指部位的感染；莱姆病；支原体；Q热；立克次体病；猩红热；未特指的性传播疾病NOS；未特指的鹅口疮NOS；弓形虫病,meningococcal meningitis ,流行性脑脊髓膜炎,,,,,,,A20.0; A20.1; A20.2; A20.3; A20.7; A20.8; A20.9; A21.0; A21.1; A21.2; A21.3; A21.7; A21.8; A21.9; A22.0; A22.1; A22.2; A22.7; A22.8; A22.9; A23.0; A23.1; A23.2; A23.3; A23.8; A23.9; A24.0; A24.1; A24.2; A24.3; A24.4; A25.0; A25.1; A25.9; A26.0; A26.7; A26.8; A26.9; A27.0; A27.8; A27.9; A28.0; A28.1; A28.2; A28.8; A28.9; A30.0; A30.1; A30.2; A30.3; A30.4; A30.5; A30.8; A30.9; A31.0; A31.1; A31.8; A31.9; A32.0; A32.7; A32.8; A32.9; A38; A39.1; A39.2; A39.3; A39.4; A39.8; A39.9; A40.0; A40.1; A40.2; A40.3; A40.8; A40.9; A41.0; A41.1; A41.2; A41.3; A41.4; A41.5; A41.8; A41.9; A42.0; A42.1; A42.2; A42.7; A42.8; A42.9; A43.0; A43.1; A43.8; A43.9; A44.0; A44.1; A44.8; A44.9; A48.0; A48.2; A48.3; A48.4; A48.8; A49.0; A49.1; A49.2; A49.3; A49.8; A49.9; A59.8; A59.9; A64; A68.0; A68.1; A68.9; A69.2; A69.8; A69.9; A70; A74.8; A74.9; A75.0; A75.1; A75.2; A75.3; A75.9; A77.0; A77.1; A77.2; A77.3; A77.8; A77.9; A78; A79.0; A79.1; A79.8; A79.9; B37.7; B37.8; B37.9; B38.0; B38.1; B38.2; B38.3; B38.4; B38.7; B38.8; B38.9; B39.0; B39.1; B39.2; B39.3; B39.4; B39.5; B39.9; B40.0; B40.1; B40.2; B40.3; B40.7; B40.8; B40.9; B41.0; B41.7; B41.8; B41.9; B42.0; B42.1; B42.7; B42.8; B42.9; B43.0; B43.1; B43.2; B43.8; B43.9; B45.0; B45.1; B45.2; B45.3; B45.7; B45.8; B45.9; B46.0; B46.1; B46.2; B46.3; B46.4; B46.5; B46.8; B46.9; B47.0; B47.1; B47.9; B48.0; B48.1; B48.2; B48.3; B48.4; B48.7; B48.8; B49; B55.0; B55.1; B55.2; B55.9; B56.0; B56.1; B56.9; B57.0; B57.1; B57.2; B57.3; B57.4; B57.5; B58.8; B58.9; B59; B60.0; B60.1; B60.2; B60.8; B64; B89; B92; B94.8; B94.9; B95.0; B95.1; B95.2; B95.3; B95.4; B95.5; B95.6; B95.7; B95.8; B96.0; B96.1; B96.2; B96.3; B96.4; B96.5; B96.6; B96.7; B96.8; B98.1; B99; R57.2; R65.0; R65.1; R65.2; R65.3; R65.9
A79,neoplasm,A.7,Malignancy NOS,恶性肿瘤 NOS,Malignancy NOS,恶性肿瘤 NOS,carcinomatosis (unknown primary); secondary/metastatic neoplasm when primary site is unknown,癌性腹膜炎（未知原发灶）；继发/转移性肿瘤当原发部位不明时,,,histological evidence of malignancy,恶性肿瘤的组织学证据,disease/condition of unspecified nature/site ,性质未特指的疾病/状态,,,C38.8; C45.9; C46.7; C46.8; C46.9; C76.0; C76.1; C76.2; C76.3; C76.4; C76.5; C76.7; C76.8; C78.0; C78.1; C78.2; C78.3; C78.4; C78.5; C78.6; C78.7; C78.8; C79.0; C79.1; C79.2; C79.3; C79.4; C79.5; C79.6; C79.7; C79.8; C80.0; C80.9; C97; D09.7; D09.9
A80,injury,A.7,Trauma/injury NOS,创伤/损伤 NOS,Trauma/injury NOS,创伤/损伤 NOS,road traffic accident,道路交通事故,multiple trauma ,多发伤,,,,,,,S11.0; S11.1; S11.2; S11.7; S11.8; S11.9; S15.0; S15.1; S15.2; S15.3; S15.7; S15.8; S15.9; S21.0; S21.1; S21.2; S21.7; S21.8; S21.9; S25.0; S25.1; S25.2; S25.3; S25.4; S25.5; S25.7; S25.8; S25.9; S26.0; S26.8; S26.9; S27.8; S27.9; S35.0; S35.1; S35.2; S35.3; S35.4; S35.5; S35.7; S35.8; S35.9; S37.9; S38.1; S38.3; S39.0; S39.6; S39.7; S39.8; S39.9; S45.0; S45.1; S45.2; S45.3; S45.7; S45.8; S45.9; S55.0; S55.1; S55.2; S55.7; S55.8; S55.9; S65.0; S65.1; S65.2; S65.3; S65.4; S65.5; S65.7; S65.8; S65.9; S75.0; S75.1; S75.2; S75.7; S75.8; S75.9; S85.0; S85.1; S85.2; S85.3; S85.4; S85.5; S85.7; S85.8; S85.9; S95.0; S95.1; S95.2; S95.7; S95.8; S95.9; T14.5; T14.7; T14.8; T14.9; T28.4; T28.9
A81,injury,A.7,Multiple trauma/injuries,多处创伤/损伤,Multiple trauma/injuries,多处创伤/损伤,multiple internal injuries NOS,多处内伤 NOS,,,,,,,In this classification 'general' or 'multiple' refers to three or more body sites or systems. Conditions affecting one or two sites should be coded to these sites.,在此分类中，“一般”或“多处”指的是三个或更多的身体部位或系统。影响一个或两个部位的情况应按这些具体部位编码。,S17.0; S17.8; S17.9; S18; S19.7; S19.8; S19.9; S28.0; S28.1; S29.0; S29.7; S29.8; S29.9; S31.7; S36.7; S36.8; S37.7; S37.8; S39.0; S39.6; S39.7; S39.8; S39.9; T00.0; T00.1; T00.2; T00.3; T00.6; T00.8; T00.9; T01.0; T01.1; T01.2; T01.3; T01.6; T01.8; T01.9; T02.0; T02.1; T02.2; T02.3; T02.4; T02.5; T02.6; T02.7; T02.8; T02.9; T03.0; T03.1; T03.2; T03.3; T03.4; T03.8; T03.9; T04.0; T04.1; T04.2; T04.3; T04.4; T04.7; T04.8; T04.9; T05.0; T05.1; T05.2; T05.3; T05.4; T05.5; T05.6; T05.8; T05.9; T06.5; T06.8; T07; T29.0; T29.1; T29.2; T29.3; T29.4; T29.5; T29.6; T29.7
A82,injury,A.7,Secondary effect of trauma,创伤的继发效应,Secondary effect of trauma,创伤的继发效应,deformity/scarring resulting from previous injury; old amputation,畸形/瘢痕，由先前损伤引起；旧截肢,psychological effects of trauma/acute stress reaction ,创伤的心理效应/急性应激反应,,,,,,,T79.0; T79.1; T79.2; T79.4; T79.5; T79.7; T79.8; T79.9; T90.0; T90.1; T90.2; T90.3; T90.4; T90.5; T90.8; T90.9; T91.0; T91.1; T91.2; T91.3; T91.4; T91.5; T91.8; T91.9; T92.0; T92.1; T92.2; T92.3; T92.4; T92.5; T92.6; T92.8; T92.9; T93.0; T93.1; T93.2; T93.3; T93.4; T93.5; T93.6; T93.8; T93.9; T94.0; T94.1; T95.0; T95.1; T95.2; T95.3; T95.4; T95.8; T95.9; T96; T97; T98.0; T98.1; T98.2; T98.3
A84,injury,A.7,Poisoning by medical agent,医疗剂中毒,Poisoning by medical agent,医疗剂中毒,toxic effect of overdose medical agent,药物过量的毒性作用,medication abuse ,药物滥用,toxicity/impairment produced by accidental/deliberate overdose of an agent which has remedial properties in its usual dosage,中毒/损害由意外/故意过量使用通常剂量具有治疗作用的药物引起,,,,,T36.0; T36.1; T36.2; T36.3; T36.4; T36.5; T36.6; T36.7; T36.8; T36.9; T37.0; T37.1; T37.2; T37.3; T37.4; T37.5; T37.8; T37.9; T38.0; T38.1; T38.2; T38.3; T38.4; T38.5; T38.6; T38.7; T38.8; T38.9; T39.0; T39.1; T39.2; T39.3; T39.4; T39.8; T39.9; T40.0; T40.1; T40.2; T40.3; T40.4; T40.5; T40.6; T40.7; T40.8; T40.9; T41.0; T41.1; T41.2; T41.3; T41.4; T41.5; T42.0; T42.1; T42.2; T42.3; T42.4; T42.5; T42.6; T42.7; T42.8; T43.0; T43.1; T43.2; T43.3; T43.4; T43.5; T43.6; T43.8; T43.9; T44.0; T44.1; T44.2; T44.3; T44.4; T44.5; T44.6; T44.7; T44.8; T44.9; T45.0; T45.1; T45.2; T45.3; T45.4; T45.5; T45.6; T45.7; T45.8; T45.9; T46.0; T46.1; T46.2; T46.3; T46.4; T46.5; T46.6; T46.7; T46.8; T46.9; T47.0; T47.1; T47.2; T47.3; T47.4; T47.5; T47.6; T47.7; T47.8; T47.9; T48.0; T48.1; T48.2; T48.3; T48.4; T48.5; T48.6; T48.7; T49.0; T49.1; T49.2; T49.3; T49.4; T49.5; T49.6; T49.7; T49.8; T49.9; T50.8; T50.9
A85,injury,A.7,Adverse effect medical agent,药物不良反应,Adverse effect medical agent,药物不良反应,side effect/allergy/anaphylaxis due to medication in proper dose,药物正常剂量下的副作用/过敏/过敏性休克,poisoning by medical agent ,医疗剂中毒,"symptom/complaint attributed to the proper use of medication, rather than due to disease or injury",药物正确使用引起的症状/主诉，而非由疾病或损伤引起,,,May also code the nature of the adverse effect,"may also code the nature of the adverse effect

不良反应的性质也可编码",D61.1; D64.2; G44.4; I95.2; J70.2; J70.3; J70.4; L27.0; L27.1; P93; R50.2; T88.6; T88.7
A86,injury,A.7,Toxic effect non-medicinal substance,毒物所致的毒性效应,Toxic effect non-medicinal substance,毒物所致的毒性效应,general/local toxic effect carbon monoxide; general/local toxic effect industrial materials; general/local toxic effect lead; general/local toxic effect poisonous animals/insects/plants/snakes,二氧化碳的全身/局部毒性作用；工业材料的全身/局部毒性作用；铅的全身/局部毒性作用；有毒动物/昆虫/植物/蛇的全身/局部毒性作用,Poisoning by medical agent ,医疗剂中毒,,,,,,,D61.2; D64.2; T51.0; T51.1; T51.2; T51.3; T51.8; T51.9; T52.0; T52.1; T52.2; T52.3; T52.4; T52.8; T52.9; T53.0; T53.1; T53.2; T53.3; T53.4; T53.5; T53.6; T53.7; T53.9; T54.0; T54.1; T54.2; T54.3; T54.9; T55; T56.0; T56.1; T56.2; T56.3; T56.4; T56.5; T56.6; T56.7; T56.8; T56.9; T57.0; T57.1; T57.2; T57.3; T57.8; T57.9; T58; T59.0; T59.1; T59.2; T59.3; T59.4; T59.5; T59.6; T59.7; T59.8; T59.9; T60.0; T60.1; T60.2; T60.3; T60.4; T60.8; T60.9; T61.0; T61.1; T61.2; T61.8; T61.9; T62.0; T62.1; T62.2; T62.8; T62.9; T63.0; T63.1; T63.2; T63.3; T63.4; T63.5; T63.6; T63.8; T63.9; T64; T65.0; T65.1; T65.2; T65.3; T65.4; T65.5; T65.6; T65.8; T65.9
A87,injury,A.7,Complication of medical treatment,医疗治疗并发症,Complication of medical treatment,医疗治疗并发症,anaesthetic shock; immunization/transfusion reaction; post surgical lymphoedema; post-operative infection/haemorrhage/wound disruption; problems due to radiation for diagnosis/treatment,麻醉性休克；免疫接种/输血反应；术后淋巴水肿；术后感染/出血/伤口裂开；放射诊断/治疗引起的问题,poisoning by medical agent ,医疗剂中毒,an unexpected disorder resulting from surgical/medical/X-ray treatment/other medical management,意外的由手术/医疗/X线治疗/其他医疗管理引起的紊乱,,,,,E89.0; E89.1; E89.2; E89.3; E89.4; E89.5; E89.6; E89.8; E89.9; G97.0; G97.1; G97.2; G97.8; G97.9; H59.0; H59.8; H59.9; H95.0; H95.1; H95.8; H95.9; I97.0; I97.1; I97.2; I97.8; I97.9; J70.0; J70.1; J70.8; J70.9; J95.0; J95.1; J95.2; J95.3; J95.4; J95.5; J95.8; J95.9; K43.2; K43.3; K43.4; K43.5; K52.0; K91.0; K91.3; M96.0; M96.1; M96.2; M96.3; M96.4; M96.5; M96.6; M96.8; M96.9; N98.0; N98.1; N98.2; N98.3; N98.8; N98.9; N99.0; N99.1; N99.2; N99.3; N99.4; N99.5; N99.8; N99.9; O29.0; O29.1; O29.2; O29.3; O29.4; O29.5; O29.6; O29.8; O29.9; O74.0; O74.1; O74.2; O74.3; O74.4; O74.5; O74.6; O74.7; O74.8; O74.9; O86.0; O89.0; O89.1; O89.2; O89.3; O89.4; O89.5; O89.6; O89.8; O89.9; O90.0; O90.1; O90.2; T80.0; T80.1; T80.2; T80.3; T80.4; T80.5; T80.6; T80.8; T80.9; T81.0; T81.1; T81.2; T81.3; T81.4; T81.5; T81.6; T81.7; T81.8; T81.9; T86.0; T86.1; T86.2; T86.3; T86.4; T86.8; T86.9; T87.0; T87.1; T87.2; T87.3; T87.4; T87.5; T87.6; T88.0; T88.1; T88.2; T88.3; T88.4; T88.5; T88.8; T88.9
A88,injury,A.7,Adverse effect physical factor,不良反应物理因素,Adverse effect physical factor,不良反应物理因素,adverse effect cold/heat/lightning/motion/pressure/radiation; chilblains; drowning; jet lag,不良反应冷/热/闪电/运动/压力/辐射；冻疮；溺水；时差反应,effect of medical radiation ,医疗辐射效应,,,,,,,T33.0; T33.1; T33.2; T33.3; T33.4; T33.5; T33.6; T33.7; T33.8; T33.9; T34.0; T34.1; T34.2; T34.3; T34.4; T34.5; T34.6; T34.7; T34.8; T34.9; T35.0; T35.1; T35.2; T35.3; T35.4; T35.5; T35.6; T35.7; T66; T67.0; T67.1; T67.2; T67.3; T67.4; T67.5; T67.6; T67.7; T67.8; T67.9; T68; T69.0; T69.1; T69.8; T69.9; T70.2; T70.3; T70.4; T70.8; T70.9; T71; T73.0; T73.1; T73.2; T73.3; T73.8; T73.9; T75.0; T75.1; T75.2; T75.3; T75.4; T75.8; T78.8; T78.9
A89,injury,A.7,Effect prosthetic device,"人工效果装置

注：此处的翻译根据上下文可能有所不同，更常见的可能是“植入式器械”或具体指某种类型的“假体”，建议提供更多信息以便更准确地翻译。但由于要求直接翻译且不作解释，上述为直译结果。如有特定医学场景，请明确说明以获得更精准翻译。",Effect prosthetic device,"人工效果装置

注：此处的翻译根据上下文可能有所不同，更常见的可能是“植入式器械”或具体指某种类型的“假体”，建议提供更多信息以便更准确地翻译。但由于要求直接翻译且不作解释，上述为直译结果。如有特定医学场景，请明确说明以获得更精准翻译。","discomfort/handicap/pain/limitation of function resulting from the fitting/wearing of a device for supplying/amending deficiencies: catheter, colostomy, gastrostomy, heart valve, joint replacement, organ transplant, pacemaker",由于装置的安装/佩戴而导致的功能不适/障碍/疼痛/受限，该装置用于供应/修正缺陷：导管、结肠造口术、胃造口术、心脏瓣膜、关节置换、器官移植、起搏器,effect denture/false teeth ,义齿/假牙,,,,,,,K91.4; T82.0; T82.1; T82.2; T82.3; T82.4; T82.5; T82.6; T82.7; T82.8; T82.9; T83.0; T83.1; T83.2; T83.3; T83.4; T83.5; T83.6; T83.8; T83.9; T84.0; T84.1; T84.2; T84.3; T84.4; T84.5; T84.6; T84.7; T84.8; T84.9; T85.0; T85.1; T85.2; T85.3; T85.4; T85.5; T85.6; T85.7; T85.8; T85.9; Z43.0; Z43.1; Z43.2; Z43.3; Z43.4; Z43.5; Z43.6; Z43.7; Z43.8; Z43.9; Z44.0; Z44.1; Z44.2; Z44.3; Z44.8; Z44.9; Z45.0; Z45.1; Z45.2; Z45.3; Z45.8; Z45.9; Z46.1; Z46.2; Z46.3; Z46.4; Z46.5; Z46.6; Z46.7; Z46.8; Z46.9; Z93.0; Z93.1; Z93.2; Z93.3; Z93.4; Z93.5; Z93.6; Z93.8; Z93.9; Z94.0; Z94.1; Z94.2; Z94.3; Z94.4; Z94.5; Z94.6; Z94.7; Z94.8; Z94.9; Z95.0; Z95.1; Z95.2; Z95.3; Z95.4; Z95.5; Z95.8; Z95.9; Z96.0; Z96.1; Z96.2; Z96.3; Z96.4; Z96.5; Z96.6; Z96.7; Z96.8; Z96.9; Z97.0; Z97.1; Z97.2; Z97.3; Z97.4; Z97.5; Z97.8
A90,congenital,A.7,Congenital anomaly nos/multiple,先天性异常 NOS/多发性,Congenital anomaly NOS/multiple,先天异常 NOS/多个,Chromosome abnormality and other systemic congenital anomalies not classified elsewhere.,染色体异常及其他未分类的全身先天性畸形,congenital rubella ,先天性风疹,,,,,,,Q85.0; Q85.1; Q85.8; Q85.9; Q86.0; Q86.1; Q86.2; Q86.8; Q87.0; Q87.1; Q87.2; Q87.3; Q87.4; Q87.5; Q87.8; Q89.3; Q89.4; Q89.7; Q89.9; Q90.0; Q90.1; Q90.2; Q90.9; Q91.0; Q91.1; Q91.2; Q91.3; Q91.4; Q91.5; Q91.6; Q91.7; Q92.0; Q92.1; Q92.2; Q92.3; Q92.4; Q92.5; Q92.6; Q92.7; Q92.8; Q92.9; Q93.0; Q93.1; Q93.2; Q93.3; Q93.4; Q93.5; Q93.6; Q93.7; Q93.8; Q93.9; Q95.0; Q95.1; Q95.2; Q95.3; Q95.4; Q95.5; Q95.8; Q95.9; Q96.0; Q96.1; Q96.2; Q96.3; Q96.4; Q96.8; Q96.9; Q97.0; Q97.1; Q97.2; Q97.3; Q97.8; Q97.9; Q98.0; Q98.1; Q98.2; Q98.3; Q98.4; Q98.5; Q98.6; Q98.7; Q98.8; Q98.9; Q99.0; Q99.1; Q99.2; Q99.8; Q99.9
A91,otherDiagnosis,A.7,Abnormal result investigation NOS,异常结果检查 NOS,Abnormal result investigation NOS,异常结果检查 NOS,abnormal unexplained electrolyte disorder; abnormal unexplained hyperglycaemia; abnormal unexplained pathology/imaging test,不明原因的电解质紊乱；不明原因的高血糖症；不明原因的病理/影像学检查异常,unexplained abnormal white cells ,原因不明的异常白细胞,abnormal result not attributed to known disease,异常结果未归因于已知疾病,,,,,R73.0; R73.9; R74.0; R74.8; R74.9; R76.0; R76.1; R76.2; R76.8; R76.9; R77.0; R77.1; R77.2; R77.8; R77.9; R78.0; R78.1; R78.2; R78.3; R78.4; R78.5; R78.6; R78.7; R78.8; R78.9; R79.0; R79.8; R79.9; R83.0; R83.1; R83.2; R83.3; R83.4; R83.5; R83.6; R83.7; R83.8; R83.9; R84.0; R84.1; R84.2; R84.3; R84.4; R84.5; R84.6; R84.7; R84.8; R84.9; R85.0; R85.1; R85.2; R85.3; R85.4; R85.5; R85.6; R85.7; R85.8; R85.9; R86.0; R86.1; R86.2; R86.3; R86.4; R86.5; R86.6; R86.7; R86.8; R86.9; R87.0; R87.1; R87.2; R87.3; R87.4; R87.5; R87.7; R87.8; R87.9; R89.0; R89.1; R89.2; R89.3; R89.4; R89.5; R89.6; R89.7; R89.8; R89.9; R90.0; R90.8; R91; R92; R93.0; R93.1; R93.2; R93.3; R93.4; R93.5; R93.6; R93.7; R93.8; R94.0; R94.1; R94.2; R94.3; R94.4; R94.5; R94.6; R94.7; R94.8
A92,otherDiagnosis,A.7,Allergy/allergic reaction NOS,过敏反应 NOS,Allergy/allergic reaction NOS,过敏反应 NOS,allergic oedema; anaphylactic shock; angioneurotic oedema; food allergy,过敏性水肿；过敏性休克；血管神经性水肿；食物过敏,allergy resulting from medication ,药物引起的过敏反应,,,,,,,T78.0; T78.1; T78.2; T78.3; T78.4
A93,otherDiagnosis,A.7,Premature newborn,早产儿,Premature newborn,早产儿,,,,,livebirth under 37 weeks' gestation,早于37周妊娠的活产,,,,,P07.0; P07.1; P07.2; P07.3
A94,otherDiagnosis,A.7,Perinatal morbidity other,围生期其他并发症或其他原因的发病率,Perinatal morbidity other,围生期其他并发症或其他原因的发病率,,,congenital condition NOS ,先天性异常 NOS,morbidity originating in utero or within 7 days of birth,围产期发病性或多生于出生后7天内,,,,,P00.0; P00.1; P00.2; P00.3; P00.4; P00.5; P00.6; P00.7; P00.8; P00.9; P01.0; P01.1; P01.2; P01.3; P01.4; P01.5; P01.6; P01.7; P01.8; P01.9; P02.0; P02.1; P02.2; P02.3; P02.4; P02.5; P02.6; P02.7; P02.8; P02.9; P03.0; P03.1; P03.2; P03.3; P03.4; P03.5; P03.6; P03.8; P03.9; P04.0; P04.1; P04.2; P04.3; P04.4; P04.5; P04.6; P04.8; P04.9; P05.0; P05.1; P05.2; P05.9; P08.0; P08.1; P08.2; P10.0; P10.1; P10.2; P10.3; P10.4; P10.8; P10.9; P11.0; P11.1; P11.2; P11.3; P11.4; P11.5; P11.9; P12.0; P12.1; P12.2; P12.3; P12.4; P12.8; P12.9; P13.0; P13.1; P13.2; P13.3; P13.4; P13.8; P13.9; P14.0; P14.1; P14.2; P14.3; P14.8; P14.9; P15.0; P15.1; P15.2; P15.3; P15.4; P15.5; P15.6; P15.8; P15.9; P20.0; P20.1; P20.9; P21.0; P21.1; P21.9; P22.0; P22.1; P22.8; P22.9; P23.0; P23.1; P23.2; P23.3; P23.4; P23.5; P23.6; P23.8; P23.9; P24.0; P24.1; P24.2; P24.3; P24.8; P24.9; P25.0; P25.1; P25.2; P25.3; P25.8; P26.0; P26.1; P26.8; P26.9; P27.0; P27.1; P27.8; P27.9; P28.0; P28.1; P28.2; P28.3; P28.4; P28.5; P28.8; P28.9; P29.0; P29.1; P29.2; P29.3; P29.4; P29.8; P29.9; P35.0; P35.1; P35.2; P35.3; P35.8; P35.9; P36.0; P36.1; P36.2; P36.3; P36.4; P36.5; P36.8; P36.9; P37.0; P37.1; P37.2; P37.3; P37.4; P37.5; P37.8; P37.9; P38; P39.0; P39.1; P39.2; P39.3; P39.4; P39.8; P39.9; P50.0; P50.1; P50.2; P50.3; P50.4; P50.5; P50.8; P50.9; P51.0; P51.8; P51.9; P52.0; P52.1; P52.2; P52.3; P52.4; P52.5; P52.6; P52.8; P52.9; P53; P54.0; P54.1; P54.2; P54.3; P54.4; P54.5; P54.6; P54.8; P54.9; P55.0; P55.1; P55.8; P55.9; P56.0; P56.9; P57.0; P57.8; P57.9; P58.0; P58.1; P58.2; P58.3; P58.4; P58.5; P58.8; P58.9; P59.0; P59.1; P59.2; P59.3; P59.8; P59.9; P60; P61.0; P61.1; P61.2; P61.3; P61.4; P61.5; P61.6; P61.8; P61.9; P70.0; P70.1; P70.2; P70.3; P70.4; P70.8; P70.9; P71.0; P71.1; P71.2; P71.3; P71.4; P71.8; P71.9; P72.0; P72.1; P72.2; P72.8; P72.9; P74.0; P74.1; P74.2; P74.3; P74.4; P74.5; P74.8; P74.9; P75; P76.0; P76.1; P76.2; P76.8; P76.9; P77; P78.0; P78.1; P78.2; P78.3; P78.8; P78.9; P80.0; P80.8; P80.9; P81.0; P81.8; P81.9; P83.0; P83.1; P83.2; P83.3; P83.4; P83.5; P83.6; P83.8; P83.9; P90; P91.0; P91.1; P91.2; P91.3; P91.4; P91.5; P91.6; P91.7; P91.8; P91.9; P92.0; P92.1; P92.2; P92.3; P92.4; P92.5; P92.8; P93; P92.9; P94.0; P94.1; P94.2; P94.8; P94.9; P96.0; P96.1; P96.2; P96.3; P96.4; P96.5; P96.8; P96.9
A95,otherDiagnosis,A.7,Perinatal mortality,围产期死亡率,Perinatal mortality,围产期死亡率,,,,,death in utero or within 7 days of birth,宫内死亡或出生后7天内死亡,,,,,P95.0; R95; R95.9
A96,otherDiagnosis,A.7,Death,死亡,Death,死亡,,,perinatal death ,围产期死亡,,,,,,,O95; O97.0; O97.1; O97.9; R95.0; R95.9; R96.0; R96.1; R98; R99
A97,otherDiagnosis,A.7,No disease,无疾病,No disease,无疾病,no illness/disease dealt with at encounter,本次就诊未处理任何疾病,health maintenance/preventive medicine ,保健/预防医学,,,,,"Sometimes a patient has a reason for encounter which the family doctor cannot interpret as a diagnosis or symptom within the domain of family practice. In these cases the FP/GP will use the code A97, indicating that the patient's reason for encounter refers to something the FP/GP cannot professionally respond to, except by explaining that this is the case.",有时患者就诊的原因家庭医生无法解释为家庭医学领域的诊断或症状。在这种情况下，全科医生将使用代码A97，表示患者的就诊原因是全科医生无法专业回应的情况，除了说明这一情况之外。,Z00.0; Z00.1; Z00.2; Z00.3; Z00.4; Z00.5; Z00.6; Z00.8; Z02.0; Z02.1; Z02.2; Z02.3; Z02.4; Z02.5; Z02.6; Z02.7; Z02.8; Z02.9
A98,otherDiagnosis,A.7,Health maintenance/preventive medicine,保健/预防医学,Health maint/preventive medicine,保健/预防医学,"medical procedure/counselling with a preventive purpose, including genetic counseling",具有预防目的的医疗咨询/程序，包括遗传咨询,no disease ,无疾病,,,,,,,Z01.0; Z01.1; Z01.2; Z01.3; Z01.4; Z01.5; Z01.6; Z01.7; Z01.8; Z01.9; Z10.0; Z10.1; Z10.2; Z10.3; Z10.8; Z11.0; Z11.1; Z11.2; Z11.3; Z11.4; Z11.5; Z11.6; Z11.8; Z11.9; Z12.0; Z12.1; Z12.2; Z12.3; Z12.4; Z12.5; Z12.6; Z12.8; Z12.9; Z13.0; Z13.1; Z13.2; Z13.3; Z13.4; Z13.5; Z13.6; Z13.7; Z13.8; Z13.9; Z23.0; Z23.1; Z23.2; Z23.3; Z23.4; Z23.5; Z23.6; Z23.7; Z23.8; Z24.0; Z24.1; Z24.2; Z24.3; Z24.4; Z24.5; Z24.6; Z25.0; Z25.1; Z25.8; Z26.0; Z26.8; Z26.9; Z27.0; Z27.1; Z27.2; Z27.3; Z27.4; Z27.8; Z27.9; Z29.0; Z29.1; Z29.2; Z29.8; Z29.9; Z31.5; Z40.0; Z40.8; Z40.9; Z70.0; Z70.1; Z70.2; Z70.3; Z70.8; Z70.9
A99,otherDiagnosis,A.7,Disease/condition of unspecified nature/site,性质/部位不明的疾病/状况,Disease/condition unspecnature/site,疾病/情况未特指部位,disease carrier NOS; surveillance of ongoing problem NOS,疾病携带者 NOS；持续问题监测 NOS,,,,,,,,,D15.7; D15.9; D19.7; D19.9; D36.7; D36.9; D48.9; R57.8; R57.9; R69; Z03.0; Z03.1; Z03.2; Z03.3; Z03.4; Z03.5; Z03.6; Z03.8; Z03.9; Z04.0; Z04.1; Z04.2; Z04.3; Z04.4; Z04.5; Z04.6; Z04.8; Z04.9; Z08.0; Z08.1; Z08.2; Z08.7; Z08.8; Z08.9; Z09.0; Z09.1; Z09.2; Z09.3; Z09.4; Z09.7; Z09.8; Z09.9; Z22.0; Z22.1; Z22.2; Z22.3; Z22.4; Z22.6; Z22.8; Z22.9; Z41.0; Z41.1; Z41.3; Z41.8; Z41.9; Z42.0; Z42.1; Z42.2; Z42.3; Z42.4; Z42.8; Z42.9; Z47.0; Z47.8; Z47.9; Z48.0; Z48.8; Z48.9; Z49.0; Z49.1; Z49.2; Z50.0; Z50.1; Z50.2; Z50.3; Z50.4; Z50.5; Z50.6; Z50.7; Z50.8; Z50.9; Z51.0; Z51.1; Z51.2; Z51.3; Z51.4; Z51.5; Z51.6; Z51.8; Z51.9; Z52.0; Z52.1; Z52.2; Z52.3; Z52.4; Z52.5; Z52.6; Z52.7; Z52.8; Z52.9; Z53.0; Z53.1; Z53.2; Z53.8; Z53.9; Z54.0; Z54.1; Z54.2; Z54.3; Z54.4; Z54.7; Z54.8; Z54.9; Z71.0; Z71.2; Z71.3; Z71.4; Z71.5; Z71.6; Z71.7; Z71.8; Z71.9; Z76.0; Z76.1; Z76.2; Z76.3; Z76.4; Z76.8; Z76.9; Z90.0; Z90.8; Z98.8
B02,symptom,B.1,Lymph gland(s) enlarged/painful,淋巴结肿大/疼痛,Lymph gland(s) enlarged/painful,淋巴结肿大/疼痛,lymphadenopathy with/without pain/tenderness; other symptom/complaint lymph gland(s),淋巴结病伴或不伴有疼痛/触痛；其他症状/主诉的淋巴结（腺）,acute lymphadenitis ,急性淋巴结炎,,,,,,,R59.0; R59.1; R59.9
B04,symptom,B.1,Blood symptom/complaint,血液症状/主诉,Blood symptom/complaint,血液症状/主诉,,,anaemia ,贫血,,,,,,,R68.8
B25,symptom,B.1,Fear of AIDS/HIV,艾滋病/人类免疫缺陷病毒恐惧症,Fear of AIDS/HIV,艾滋病/人类免疫缺陷病毒恐惧症,,,"if the patient has the disease, code the disease",如果患者患有该疾病，编码该疾病,concern about/fear of AIDS/HIV in a patient without the disease/until the diagnosis is proven,无艾滋病/ HIV的患者对艾滋病/ HIV的担忧/恐惧直至诊断证实为止,,,,,Z71.1
B26,symptom,B.1,Fear of cancer blood/lymph,癌症血液/淋巴恐惧症,Fear cancer blood/lymph,恐癌血/淋巴,,,"if the patient has the disease, code the disease",如果患者患有该疾病，编码该疾病,concern about/fear of blood/lymph cancer in a patient without the disease/until the diagnosis is proven,无病状态下的血液/淋巴癌症担忧/恐惧直至诊断证实为止,,,,,Z71.1
B27,symptom,B.1,Fear of blood/lymph disease other,其他血液/淋巴疾病恐惧症,Fear blood/lymph disease other,其他恐惧的血液/淋巴疾病,,,fear of cancer blood/lymph ,癌症恐血/恐淋巴,concern about/fear of other blood/lymph disease in a patient without the disease/until the diagnosis is proven,无病状态下的其他血液/淋巴系统疾病的担忧/恐惧/直到诊断证实为止,,,,,Z71.1
B28,symptom,B.1,Limited function/disability (B),有限功能/残疾 (B),Limited function/disability (B),有限功能/残疾 (B),disability due to bleeding disorders,出血性疾病所致残疾,,,limitation of function/disability due to a problem of blood/blood forming organs/immune mechanism,血液及造血器官或免疫机制异常所致的功能限制/残疾,,,The COOP/WONCA Charts are suitable for documenting the patient's functional status (see Chapter 8).,COOP/WONCA图表适合记录患者的功能状态（见第八章）。,Z73.6
B29,symptom,B.1,Lymph/immune mechanism symptom/complaint other,淋巴/免疫机制症状/主诉其他,Lymph/immune mech sympt/complt other,淋巴/免疫机制症状/并发症其他,,,splenomegaly ,脾大,,,,,,,R68.8
B70,infection,B.7,Lymphadenitis acute,急性淋巴结炎,Lymphadenitis acute,急性淋巴结炎,abscess of lymph node,淋巴结脓肿,chronic/non-specific/mesenteric lymphadenitis ,慢性/非特异性/肠系膜淋巴结炎,"one/more inflamed/enlarged and tender/painful lymph nodes in the same anatomical location, of recent onset (less than 6 weeks) and with unknown primary source of infection",近期（少于6周）在同一解剖位置出现一个或多个红肿、触痛的淋巴结，且感染原发灶不明,enlarged lymph node ,肿大的淋巴结,,,L04.0; L04.1; L04.2; L04.3; L04.8; L04.9
B71,infection,B.7,Lymphadenitis chronic/non-specific,慢性/非特异性淋巴结炎,Lymphadenitis chronic/non-specific,慢性/非特异性淋巴结炎,mesenteric lymphadenitis,肠系膜淋巴结炎,acute lymphadenitis ,急性淋巴结炎,enlarged tender lymph nodes present for more than 6 weeks; or demonstration of enlarged inflamed mesenteric lymph nodes by surgery/sonography/lymphography/otherwise,肿大的触痛淋巴结持续存在超过6周；或通过手术、超声、淋巴造影或其他方式显示肿大的肠系膜炎性淋巴结,enlarged lymph node ,肿大的淋巴结,,,I88.0; I88.1; I88.8; I88.9
B72,neoplasm,B.7,Hodgkin Lymphoma,霍奇金淋巴瘤,Hodgkin Lymphoma,霍奇金淋巴瘤,,,,,characteristic histologic appearance,特征性组织学表现,other malignant neoplasm blood/lymph ,其他恶性血液和淋巴肿瘤,,,C81.0; C81.1; C81.2; C81.3; C81.7; C81.9; C82.0; C82.1; C82.2; C82.7; C82.9; C83.0; C83.1; C83.3; C83.5; C83.7; C83.8; C83.9; C84.0; C84.1; C84.4; C84.5; C85.1; C85.7; C85.9; C86.0; C86.1; C86.2; C86.3; C86.4; C86.5; C86.6
B73,neoplasm,B.7,Leukaemia,白血病,Leukaemia,白血病,all types of leukaemia,各类白血病,,,characteristic histologic appearance,特征性组织学表现,benign/unspecified neoplasm blood/lymph ,良性/不明 specify 的血液/淋巴肿瘤,,,C91.0; C91.1; C91.3; C91.4; C91.5; C91.6; C91.7; C91.8; C91.9; C92.0; C92.1; C92.2; C92.3; C92.4; C92.5; C92.6; C92.7; C92.8; C92.9; C93.0; C93.1; C93.3; C93.7; C93.9; C94.0; C94.2; C94.3; C94.4; C94.7; C95.0; C95.1; C95.7; C95.9
B74,neoplasm,B.7,Malignant neoplasm blood other,恶性血液病其他部位肿瘤,Malignant neoplasm blood other,恶性血液病其他部位肿瘤,multiple myeloma; myeloproliferative disease,多发性骨髓瘤；髓系增生性疾病,Hodgkin's disease/lymphoma ,霍奇金病/淋巴瘤,,,,,,,C26.1; C37; C46.3; C77.0; C77.1; C77.2; C77.3; C77.4; C77.5; C77.8; C77.9; C88.0; C88.2; C88.3; C88.4; C88.7; C88.9; C90.0; C90.1; C90.2; C90.3; C94.6; C96.0; C96.2; C96.4; C96.5; C96.6; C96.7; C96.8; C96.9
B75,neoplasm,B.7,Neoplasm blood benign/unspecified,良性/未特指的血液系统肿瘤,Neoplasm blood benign/unspecified,良性/未特指的血液系统肿瘤,benign neoplasm blood; neoplasm blood not specified as benign or malignant/when test is not available; polycythaemia rubra vera,良性血肿；未指明为良性的或恶性的血肿/当检测不可用时；真性红细胞增多症,,,,,,,,,D15.0; D36.0; D45; D47.0; D47.1; D47.2; D47.3; D47.4; D47.5; D47.7; D47.9
B76,injury,B.7,Ruptured spleen traumatic,创伤性脾破裂,Ruptured spleen traumatic,创伤性脾破裂,,,,,,,,,,,S36.0
B77,injury,B.7,Injury blood/lymph/spleen other,其他损伤-血液/淋巴/脾脏,Injury blood/lymph/spleen other,其他损伤-血液/淋巴/脾脏,,,ruptured spleen traumatic ,创伤性脾破裂,,,,,,,T11.4; T13.4; T14.9;
B78,congenital,B.7,Hereditary haemolytic anaemia,遗传性溶血性贫血,Hereditary haemolytic anaemia,遗传性溶血性贫血,sickle cell trait; sickle-cell anaemia; spherocytosis; thalassaemia,镰状细胞特征；镰状细胞性贫血；球形红细胞性贫血；地中海性贫血,,,"characteristic findings by test such as haemoglobin electrophoresis, blood smear, or increased osmotic fragility of red cells",特征性检查发现，如血红蛋白电泳、血涂片或红细胞渗透脆性增加,other congenital anomaly blood/lymph ,其他先天性异常 血液/淋巴,,,D56.0; D56.1; D56.2; D56.3; D56.4; D56.8; D56.9; D57.0; D57.1; D57.2; D57.3; D57.8; D58.0; D58.1; D58.2; D58.8; D58.9
B79,congenital,B.7,Congenital anomaly blood/lymph other,先天性异常 血液/淋巴 其他,Congen anomaly blood/lymph other,先天性血液/淋巴其他异常,congenital anaemia,先天性贫血,hereditary haemolytic anaemia ,遗传性溶血性贫血,,,,,,,D61.0; D64.0; D64.4; Q89.0; Q89.8
B80,otherDiagnosis,B.7,Iron deficiency anaemia,缺铁性贫血,Iron deficiency anaemia,缺铁性贫血,anaemia due to blood loss,失血性贫血,iron deficiency without anaemia ,缺铁但无贫血,"decrease in haemoglobin or haematocrit below levels appropriate for age and sex; plus evidence of blood loss, or microcytic hypochromic red cells by appearance or indices in the absence of thalassaemia, or decreased serum iron and increased iron-binding capacity, or decreased serum ferritin, or reduced haemosiderin in bone marrow, or good response to iron administration",血红蛋白或血细胞比容低于相应年龄和性别的正常水平；伴有出血证据，或在非地中海贫血情况下出现微细低色素性红细胞（形态或指标），或血清铁降低且铁结合力升高，或血清 ferritin 水平下降，或骨髓中铁粒幼红细胞减少，或对铁剂治疗反应良好,other/unspecified anaemia ,其他/未特指的贫血,,,D50.0; D50.1; D50.8; D50.9
B81,otherDiagnosis,B.7,Anaemia vit B12/folate deficiency,维生素B12/叶酸缺乏性贫血,Anaemia vit B12/folate deficiency,维生素B12/叶酸缺乏性贫血,macrocytic anaemia; pernicious anaemia,巨幼细胞性贫血；恶性贫血,vit B12 deficiency without anaemia ,维生素B12缺乏无贫血,macrocytic anaemia by smear/indices plus decreased vitamin B12/folate level/positive Schilling test,巨幼细胞性贫血伴血涂片/指数异常，维生素B12/叶酸水平降低及Schilling试验阳性,,,,,D51.0; D51.1; D51.2; D51.3; D51.8; D51.9; D52.0; D52.1; D52.8; D52.9
B82,otherDiagnosis,B.7,Anaemia other/unspecified,贫血，其他/未特指,Anaemia other/unspecified,贫血，其他/未特指,acquired haemolytic anaemia; aplastic anaemia; blood autoimmune disease; megaloblastic anaemia NOS; protein deficiency anaemia,获得性溶血性贫血；再生障碍性贫血；自身免疫性血液疾病；巨幼细胞性贫血NOS；蛋白缺乏性贫血,iron deficiency anaemia ,缺铁性贫血,,,,,,,D46.0; D46.1; D46.2; D46.4; D46.5; D46.6; D46.7; D46.9; D53.0; D53.1; D53.2; D53.8; D53.9; D55.0; D55.1; D55.2; D55.3; D55.8; D55.9; D59.0; D59.1; D59.2; D59.3; D59.4; D59.5; D59.6; D59.8; D59.9; D60.0; D60.1; D60.8; D60.9; D61.3; D61.8; D61.9; D62; D63.0; D63.8; D64.1; D64.3; D64.8; D64.9
B83,otherDiagnosis,B.7,Purpura/coagulation defect,紫癜/凝血缺陷,Purpura/coagulation defect,紫癜/凝血缺陷,abnormal platelets; haemophilia; thrombocytopenia,异常血小板；血友病；血小板减少症,,,,,,,,,D65; D66; D67; D68.0; D68.1; D68.2; D68.3; D68.4; D68.5; D68.6; D68.8; D68.9; D69.0; D69.1; D69.2; D69.3; D69.4; D69.5; D69.6; D69.8; D69.9
B84,otherDiagnosis,B.7,Unexplained abnormal white cells,原因不明的异常白细胞,Unexplained abnormal white cells,原因不明的异常白细胞,persistent or unexplained neutrophilia; unexplained agranulocytosis; unexplained eosinophilia; unexplained leukocytosis; unexplained lymphocytosis; unexplained neutropenia,持续性或原因不明的中性粒细胞增多；原因不明的中性粒细胞减少症；原因不明的嗜酸性粒细胞增多；原因不明的白细胞增多；原因不明的淋巴细胞增多；原因不明的中性粒细胞缺乏,leukaemia ,白血病,,,,,,,D70; D71; D72.0; D72.1; D72.8; D72.9; R72
B87,otherDiagnosis,B.7,Splenomegaly,脾大,Splenomegaly,脾大,,,hypersplenism ,"hypersplenism  

中文翻译：脾功能亢进",,,,,,,R16.1; R16.2
B90,otherDiagnosis,B.7,HIV-infection/AIDS,人类免疫缺陷病毒感染/获得性免疫缺陷综合征,HIV-infection/AIDS,人类免疫缺陷病毒感染/获得性免疫缺陷综合征,,,,,HIV-infection proven in serological test in a patient with/without symptoms,血清学检查证实的 HIV 感染（有/无症状）,,,,,B20.0; B20.1; B20.2; B20.3; B20.4; B20.5; B20.6; B20.7; B20.8; B20.9; B21.0; B21.1; B21.2; B21.3; B21.7; B21.8; B21.9; B22.0; B22.1; B22.2; B22.7; B23.0; B23.1; B23.2; B23.8; B24; R75; Z21
B99,otherDiagnosis,B.7,Blood/lymph/spleen disease other,血液/淋巴/脾脏疾病其他,Blood/lymph/spleen disease other,血液/淋巴/脾脏疾病其他,complement defect; hypersplenism; immunodeficiency disorder; other/unspecified haematological abnormality; raised ESR; red cell abnormality; sarcoidosis; secondary polycythaemia,补体缺陷；脾功能亢进；免疫缺陷病；其他/未特指的血液异常；血沉加快；红细胞异常；肉芽肿性疾病（或结节病）；继发性红细胞增多症,lymphadenitis acute ,急性淋巴结炎,,,,,,,D73.0; D73.1; D73.2; D73.3; D73.4; D73.5; D73.8; D73.9; D74.0; D74.8; D74.9; D75.0; D75.1; D75.8; D75.9; D76.1; D76.2; D76.3; D77; D80.0; D80.1; D80.2; D80.3; D80.4; D80.5; D80.6; D80.7; D80.8; D80.9; D81.0; D81.1; D81.2; D81.3; D81.4; D81.5; D81.6; D81.7; D81.8; D81.9; D82.0; D82.1; D82.2; D82.3; D82.4; D82.8; D82.9; D83.0; D83.1; D83.2; D83.8; D83.9; D84.0; D84.1; D84.8; D84.9; D86.0; D86.1; D86.2; D86.3; D86.8; D86.9; D89.0; D89.1; D89.2; D89.3; D89.8; D89.9; I89.1; I89.8; I89.9; R70.0; R70.1; R71
D01,symptom,D.1,Abdominal pain/cramps general,腹部疼痛/绞痛一般性,Abdominal pain/cramps general,腹部疼痛/绞痛一般性,abdominal colic; abdominal cramps/discomfort/pain NOS; infant colic,腹部绞痛；腹部不适/疼痛 NOS；婴儿肠绞痛,epigastric ache ,上腹痛,,,,,,,R10.0; R10.4
D02,symptom,D.1,Abdominal pain epigastric,上腹痛,Abdominal pain epigastric,上腹痛,epigastric discomfort; fullness; stomach ache/pain,上腹不适；饱胀感；胃痛,dyspepsia/indigestion ,消化不良,,,,,,,R10.1
D03,symptom,D.1,Heartburn,胃灼热,Heartburn,胃灼热,acidity; waterbrash,酸性；反酸水,epigastric pain ,上腹痛,,,,,,,R12
D04,symptom,D.1,Rectal/anal pain,肛门/直肠疼痛,Rectal/anal pain,肛门/直肠疼痛,anal spasm; proctalgia fugax,肛门痉挛；突发性会阴痛,impacted faeces ,嵌顿粪便,,,,,,,K59.4; R10.2; R10.3
D05,symptom,D.1,Perianal itching,肛周瘙痒,Perianal itching,肛周瘙痒,perianal pruritus,肛周瘙痒症,pruritus vulvae ,外阴瘙痒,,,,,,,L29.0; L29.3
D06,symptom,D.1,Abdominal pain localized other,局限性腹痛其他部位,Abdominal pain localized other,局限性腹痛其他部位,colonic pain,结肠痛,generalized abdominal pain ,全身性腹痛,,,,,,,R10.1; R10.2; R10.3
D07,symptom,D.1,Dyspepsia/indigestion,消化不良,Dyspepsia/indigestion,消化不良,,,epigastric pain ,上腹痛,Chronic or recurrent pain or discomfort centered in the upper abdomen,慢性或反复发作的上腹痛或不适感,,,,,K30
D08,symptom,D.1,Flatulence/gas/belching,肠胀气/气体/打嗝,Flatulence/gas/belching,肠胀气/气体/打嗝,bloating; eructation; gas pains; gaseous distension; passing wind,胀气；打嗝；排气痛；气体膨胀；放屁,dyspepsia/indigestion ,消化不良,,,,,,,R14
D09,symptom,D.1,Nausea,恶心,Nausea,恶心,,,feelings of over-eating ,进食过度感,,,,,code for nausea and vomiting as a diagnosis: ,恶心和呕吐的诊断编码:,R11
D10,symptom,D.1,Vomiting,呕吐,Vomiting,呕吐,emesis; hyperemesis; retching,呕吐；恶阻；干呕,haematemesis ,呕血,,,,,code for diarrhoea and vomiting as a diagnosis: ,腹泻和呕吐的诊断编码:,F50.5; R11
D11,symptom,D.1,Diarrhoea,腹泻,Diarrhoea,腹泻,frequent/loose bowel movements; watery stools,频繁/稀便；水样便,melaena ,黑便,,,,,,,K52.9; K59.1
D12,symptom,D.1,Constipation,便秘,Constipation,便秘,faecal impaction,粪便嵌塞,ileus ,"肠梗阻（注意，""ileus""通常指代功能性肠梗阻，即非机械性的肠梗阻状态）",,,,,,,K56.4; K59.0
D13,symptom,D.1,Jaundice,黄疸,Jaundice,黄疸,icterus,黄疸,,,,,,,,,R17
D14,symptom,D.1,Haematemesis/vomiting blood,呕血,Haematemesis/vomiting blood,呕血,,,haemoptysis ,咯血,,,,,,,K92.0
D15,symptom,D.1,Melaena,黑便,Melaena,黑便,black/tarry stools,黑便,fresh blood in stool ,鲜血便,,,,,,,K92.1
D16,symptom,D.1,Rectal bleeding,直肠出血,Rectal bleeding,直肠出血,fresh blood in stool,鲜血便,occult blood in faeces ,潜血便,,,,,,,K62.5
D17,symptom,D.1,Incontinence of bowel,大便失禁,Incontinence of bowel,大便失禁,faecal incontinence,粪失禁,encopresis ,遗粪症,,,,,,,R15
D18,symptom,D.1,Change in faeces/bowel movements,粪便/排便改变,Change in faeces/bowel movements,粪便/排便改变,,,occult blood ,隐血,,,,,,,R19.4; R19.5
D19,symptom,D.1,Teeth/gum symptom/complaint,牙齿/牙龈症状/主诉,Teeth/gum symptom/complaint,牙齿/牙龈症状/主诉,denture problem; gingival bleeding; teething; toothache,假牙问题；牙龈出血；长牙；牙痛,caries ,龋病,,,,,,,K00.7; K03.6; K03.7; K08.8
D20,symptom,D.1,Mouth/tongue/lip symptom/complaint,口腔/舌/唇症状/主诉,Mouth/tongue/lip symptom/complaint,口腔/舌/唇症状/主诉,bad breath; coated tongue; cracked lips; dribbling; dry mouth; halitosis; sore mouth; swollen lips,口臭；舌苔厚；唇裂；流涎；口干；口气病；口腔疼痛；肿胀的嘴唇,dental/gum problem ,牙/龈问题,,,,,,,K13.1; K13.7; K14.1; K14.2; K14.5; K14.6; R19.6; R68.2
D21,symptom,D.1,Swallowing problem,吞咽困难,Swallowing problem,吞咽困难,choking feeling; dysphagia,哽塞感；吞咽困难,,,,,,,,,R13
D23,symptom,D.1,Hepatomegaly,肝肿大,Hepatomegaly,肝肿大,,,,,,,,,,,R16.0; R16.2
D24,symptom,D.1,Abdominal mass NOS,腹部肿物 NOS,Abdominal mass NOS,腹部肿物 NOS,lump abdomen,膨隆腹,splenomegaly ,脾大,,,,,,,R19.0
D25,symptom,D.1,Abdominal distension,腹部膨隆,Abdominal distension,腹部膨隆,abdominal swelling without mass,腹部肿胀无肿块,flatulence/gas/belching ,肠胀气/气体/打嗝,,,,,,,R19.0
D26,symptom,D.1,Fear of cancer of digestive system,消化系统癌症恐惧症,Fear of cancer of digestive system,消化系统癌症恐惧症,,,"if the patient has the disease, code the disease",如果患者患有该疾病，编码该疾病,concern about/fear of cancer of digestive system in a patient without the disease/until the diagnosis is proven,消化系统癌症担忧/恐惧（于未确诊患者）,,,,,Z71.1
D27,symptom,D.1,Fear of digestive disease other,其他消化系统疾病恐惧症,Fear of digestive disease other,其他消化系统疾病恐惧症,,,fear of cancer of digestive system ,消化系统癌症恐惧症,concern about/fear of other digestive disease in a patient without the disease/until the diagnosis is proven,疑有/恐患其他消化系统疾病（患者无病时/直至诊断证实前）,,,,,Z71.1
D28,symptom,D.1,Limited function/disability (D),有限功能/残疾 (D),Limited function/disability (D),有限功能/残疾 (D),,,colostomy/gastrostomy ,结肠造口/胃造口,limitation of function/disability due to a digestive problem,由于消化系统问题导致的功能限制/残疾,,,The COOP/WONCA Charts are suitable for documenting the patient's functional status (see Chapter 8).,COOP/WONCA图表适合记录患者的功能状态（见第八章）。,Z73.6
D29,symptom,D.1,Digestive symptom/complaint other,消化系统其他症状/主诉,Digestive symptom/complaint other,消化系统其他症状/主诉,ascites; teeth grinding,腹水；磨牙症,,,,,,,,,K03.8; R18; R19.1; R19.2; R19.3; R19.8
D70,infection,D.7,Gastrointestinal infection,胃肠感染,Gastrointestinal infection,胃肠感染,"gastrointestinal infection/dysentery with specified organisms including campylobacter, giardia, salmonella, shigella, typhoid, cholera",胃肠感染/肠炎，包括指定病原体：空肠弯曲菌、蓝氏贾第鞭毛虫、沙门氏菌、志贺菌、伤寒、霍乱,contact with/carrier of infective/parasitic disease ,接触者/携带者-传染性/寄生虫性疾病,"a symptomatic patient with isolation or serological evidence of pathogenic bacteria, virus, or protozoan from either the stool or from food ingested",无症状患者，伴有隔离或血清学证据表明病原细菌、病毒或原生动物来自粪便或摄入的食物,gastroenteritis presumed infection ,拟诊感染性胃肠炎,,,A00.0; A00.1; A00.9; A01.0; A01.1; A01.2; A01.3; A01.4; A02.0; A02.1; A02.2; A02.8; A02.9; A03.0; A03.1; A03.2; A03.3; A03.8; A03.9; A04.0; A04.1; A04.2; A04.3; A04.4; A04.5; A04.6; A04.7; A04.8; A04.9; A05.0; A05.1; A05.2; A05.3; A05.4; A05.8; A05.9; A06.0; A06.1; A06.2; A06.3; A06.4; A06.5; A06.6; A06.7; A06.8; A06.9; A07.0; A07.1; A07.2; A07.3; A07.8; A07.9; A08.0; A08.1; A08.2; A08.3; A08.4; A08.5
D71,infection,D.7,Mumps,流行性腮腺炎,Mumps,流行性腮腺炎,mumps meningitis/orchitis/pancreatitis,腮腺炎脑膜炎/睾丸炎/胰腺炎,,,"acute non-suppurative, non-erythematous, diffuse tender inflammation of one or more salivary glands; or acute mumps infection demonstrated by culture or serology; or orchitis in a person exposed to mumps following appropriate incubation period",急性非化脓性、非红斑性、弥散性肿胀且触痛的唾液腺炎症；或通过培养或血清学检查证实的急性流行性腮腺炎感染；或接触流行性腮腺炎后适当潜伏期出现的睾丸炎,swelling ,肿胀,,,B26.0; B26.1; B26.2; B26.3; B26.8; B26.9
D72,infection,D.7,Viral hepatitis,病毒性肝炎,Viral hepatitis,病毒性肝炎,all hepatitis presumed viral; chronic active hepatitis,所有假定为病毒性的肝炎；慢性活动性肝炎,hepatitis NOS ,肝炎 NOS,evidence of viral infection with inflammation of the liver with/without jaundice; or serological evidence of an infection with a hepatitis virus,病毒性感染证据伴肝炎性病变有/无黄疸；或乙型肝炎病毒感染的血清学证据,jaundice ,黄疸,,,B15.0; B15.9; B16.0; B16.1; B16.2; B16.9; B17.0; B17.1; B17.2; B17.8; B17.9; B18.0; B18.1; B18.2; B18.8; B18.9; B19.0; B19.9
D73,infection,D.7,Gastroenteritis presumed infection,拟诊感染性胃肠炎,Gastroenteritis presumed infection,拟诊感染性胃肠炎,diarrhoea/vomiting presumed to be infective; dysentery NOS; food poisoning; gastric flu,腹泻/呕吐疑为感染性；不明类型的肠炎；食物中毒；胃流感,irritable bowel syndrome ,肠易激综合症,,,,,,,A09.0; A09.9
D74,neoplasm,D.7,Malignant neoplasm stomach,恶性胃肿瘤,Malignant neoplasm stomach,恶性胃肿瘤,carcinoma stomach,胃癌,,,characteristic histological appearance,特征性组织学表现,other malignant digestive neoplasm (when primary site is uncertain) ,其他消化道恶性肿瘤（当原发部位不确定时）,,,C16.0; C16.1; C16.2; C16.3; C16.4; C16.5; C16.6; C16.8; C16.9
D75,neoplasm,D.7,Malignant neoplasm colon/rectum,恶性结肠/直肠肿瘤,Malignant neoplasm colon/rectum,恶性结肠/直肠肿瘤,,,,,characteristic histological appearance,特征性组织学表现,other digestive malignant neoplasm (when primary site is uncertain) ,其他消化系统恶性肿瘤（当原发部位不确定时）,,,C18.0; C18.1; C18.2; C18.3; C18.4; C18.5; C18.6; C18.7; C18.8; C18.9; C19; C20; C21.0; C21.1; C21.2; C21.8
D76,neoplasm,D.7,Malignant neoplasm pancreas,胰腺恶性肿瘤,Malignant neoplasm pancreas,胰腺恶性肿瘤,carcinoma of pancreas,胰腺癌,,,characteristic histological appearance,特征性组织学表现,other digestive malignant neoplasm (when primary site is unknown) ,其他消化系统恶性肿瘤（当原发部位不明时）,,,C25.0; C25.1; C25.2; C25.3; C25.4; C25.7; C25.8; C25.9
D77,neoplasm,D.7,Malignant digestive neoplasm other/NOS,恶性消化道肿瘤其他/ＮＯＳ,Malignant digestive neopl other/NOS,恶性消化道肿瘤其他/ＮＯＳ,"all other primary malignancies of digestive system, gallbladder cancer, liver cancer",其他消化系统原发性恶性肿瘤，胆囊癌，肝癌,secondary malignancy of unknown site ,未知部位的继发性恶性肿瘤,,,benign/unspecified digestive neoplasm ,良性/未特指的消化道肿瘤,,,C00.0; C00.1; C00.2; C00.3; C00.4; C00.5; C00.6; C00.8; C00.9; C01; C02.0; C02.1; C02.2; C02.3; C02.4; C02.8; C02.9; C03.0; C03.1; C03.9; C04.0; C04.1; C04.8; C04.9; C05.0; C05.1; C05.2; C05.8; C05.9; C06.0; C06.1; C06.2; C06.8; C06.9; C07; C08.0; C08.1; C08.8; C08.9; C14.8; C15.0; C15.1; C15.2; C15.3; C15.4; C15.5; C15.8; C15.9; C17.0; C17.1; C17.2; C17.3; C17.8; C17.9; C22.0; C22.1; C22.2; C22.3; C22.4; C22.7; C22.9; C23; C24.0; C24.1; C24.8; C24.9; C26.0; C26.8; C26.9; C45.1; C45.7; C46.2; C48.0; C48.1; C48.2; C48.8
D78,neoplasm,D.7,Neoplasm digestive system benign/unspecified,消化系统肿瘤良性/未特指,Neoplasm digestive benign/unspecif,消化道良性肿瘤/未特指,benign digestive neoplasm; digestive neoplasm not specified as benign or malignant/when histology is not available; polyp of colon; polyp of duodenum; polyp of rectum; polyp of stomach,良性消化道肿瘤；未指明为良性的或恶性的消化道肿瘤/当组织学资料不可用时；结肠息肉；十二指肠息肉；直肠息肉；胃息肉,,,,,,,,,D00.0; D00.1; D00.2; D01.0; D01.1; D01.2; D01.3; D01.4; D01.5; D01.7; D01.9; D10.0; D10.1; D10.2; D10.3; D10.4; D10.5; D10.6; D10.7; D10.9; D11.0; D11.7; D11.9; D12.0; D12.1; D12.2; D12.3; D12.4; D12.5; D12.6; D12.7; D12.8; D12.9; D13.0; D13.1; D13.2; D13.3; D13.4; D13.5; D13.6; D13.7; D13.9; D19.1; D20.0; D20.1; D37.0; D37.1; D37.2; D37.3; D37.4; D37.5; D37.6; D37.7; D37.9; D48.3; D48.4; K31.7; K62.0; K62.1; K63.5
D79,injury,D.7,Foreign body digestive system,外来体消化系统,Foreign body digestive system,外来体消化系统,"foreign body swallowed/in digestive tract, including mouth, oesophagus, rectum",,foreign body in throat/inhaled ,咽异物/吸入异物,,,,,,,T18.0; T18.1; T18.2; T18.3; T18.4; T18.5; T18.8; T18.9
D80,injury,D.7,Injury digestive system other,其他消化系统损伤,Injury digestive system other,其他消化系统损伤,injury to abdominal organ; injury to teeth; injury to tongue,腹部器官损伤；牙齿损伤；舌损伤,multiple organ injuries ,多器官损伤,,,,,,,S00.5; S01.5; S02.5; S03.2; S10.0; S36.1; S36.2; S36.3; S36.4; S36.5; S36.6; T28.0; T28.1; T28.2; T28.5; T28.6; T28.7
D81,congenital,D.7,Congenital anomaly digestive system,先天性消化系统畸形,Congenital anomaly digestive system,先天性消化系统畸形,biliary anomaly; cleft lip/palate; Hirschprung's disease; Meckel's diverticulum; megacolon; oesophageal atresia; pyloric stenosis; tongue-tie,胆道异常；唇裂/腭裂；赫希连格病；梅克尔憩室；巨结肠；食管闭锁；幽门狭窄；舌系带过紧,haemangioma/lymphangioma ,血管瘤/淋巴管瘤,,,,,,,K00.5; Q18.0; Q18.1; Q18.2; Q18.3; Q18.4; Q18.5; Q18.6; Q18.7; Q18.8; Q18.9; Q35.1; Q35.3; Q35.5; Q35.7; Q35.9; Q36.0; Q36.1; Q36.9; Q37.0; Q37.1; Q37.2; Q37.3; Q37.4; Q37.5; Q37.8; Q37.9; Q38.0; Q38.1; Q38.2; Q38.3; Q38.4; Q38.5; Q38.6; Q38.7; Q38.8; Q39.0; Q39.1; Q39.2; Q39.3; Q39.4; Q39.5; Q39.6; Q39.8; Q39.9; Q40.0; Q40.1; Q40.2; Q40.3; Q40.8; Q40.9; Q41.0; Q41.1; Q41.2; Q41.8; Q41.9; Q42.0; Q42.1; Q42.2; Q42.3; Q42.8; Q42.9; Q43.0; Q43.1; Q43.2; Q43.3; Q43.4; Q43.5; Q43.6; Q43.7; Q43.8; Q43.9; Q44.0; Q44.1; Q44.2; Q44.3; Q44.4; Q44.5; Q44.6; Q44.7; Q45.0; Q45.1; Q45.2; Q45.3; Q45.8; Q45.9
D82,otherDiagnosis,D.7,Teeth/gum disease,牙/龈疾病,Teeth/gum disease,牙/龈疾病,caries; dental abscess; gingivitis; malocclusion; temporomandibular joint disorder,龋齿；牙槽脓肿；牙龈炎；错颌；颞下颌关节紊乱症,teething/denture problem ,出牙/义齿问题,,,,,,,K00.0; K00.1; K00.2; K00.3; K00.4; K00.6; K00.8; K00.9; K01.0; K01.1; K02.0; K02.1; K02.2; K02.3; K02.4; K02.5; K02.8; K02.9; K03.0; K03.1; K03.2; K03.3; K03.4; K03.5; K03.9; K04.0; K04.1; K04.2; K04.3; K04.4; K04.5; K04.6; K04.7; K04.8; K04.9; K05.0; K05.1; K05.2; K05.3; K05.4; K05.5; K05.6; K06.0; K06.1; K06.2; K06.8; K06.9; K07.0; K07.1; K07.2; K07.3; K07.4; K07.5; K07.8; K07.9; K08.0; K08.1; K08.2; K08.3; K08.8; K08.9; K09.0; K09.1; K09.8; K09.9; K10.0; K10.2; K10.3; K10.8
D83,otherDiagnosis,D.7,Mouth/tongue/lip disease,口腔/舌/唇疾病,Mouth/tongue/lip disease,口腔/舌/唇疾病,aphthous ulcer; cheilosis; glossitis; mucocoele; oral thrush; parotitis; salivary calculus; stomatitis; Vincent's angina,aphthous ulcer; 口腔复发性溃疡; cheilosis; 唇炎; glossitis; 舌炎; mucocoele; 黏液囊肿; oral thrush; 鹅口疮; parotitis; 腮腺炎; salivary calculus; 涎石症; stomatitis; 口炎; Vincent's angina; 咽峡炎,mumps ,流行性腮腺炎,,,,,,,A69.0; A69.1; B00.2; B37.0; K11.0; K11.1; K11.2; K11.3; K11.4; K11.5; K11.6; K11.7; K11.8; K11.9; K12.0; K12.1; K12.2; K12.3; K13.0; K13.2; K13.3; K13.4; K13.5; K13.6; K13.7; K14.0; K14.2; K14.3; K14.4; K14.8; K14.9
D84,otherDiagnosis,D.7,Oesophagus disease,食管疾病,Oesophagus disease,食管疾病,achalasia; Mallory-Weiss syndrome; oesophagial diverticulum; oesophagitis; oesophagus ulceration; reflux,失弛缓症；马洛里-魏斯综合征；食管憩室；食管炎；食管溃疡；反流,cancer of oesophagus ,食管癌,,,,,,,K20; K21.0; K21.9; K22.0; K22.1; K22.2; K22.3; K22.4; K22.5; K22.6; K22.7; K22.8; K22.9; K23.0; K23.1; K23.8
D85,otherDiagnosis,D.7,Duodenal ulcer,十二指肠溃疡,Duodenal ulcer,十二指肠溃疡,bleeding/obstructing/perforated ulcer,出血/梗阻/穿孔性溃疡,,,characteristic imaging findings; or characteristic endoscopy findings; or exacerbation of symptoms in a patient with a previously proven duodenal ulcer,特征性影像学表现；或特征内镜检查所见；或既往确诊为十二指肠溃疡患者的症状加重,heartburn ,胃灼热,,,K26.0; K26.1; K26.2; K26.3; K26.4; K26.5; K26.6; K26.7; K26.9
D86,otherDiagnosis,D.7,Peptic ulcer other,消化性溃疡其他部位,Peptic ulcer other,消化性溃疡其他部位,acute erosion; gastric/gastrojejunal/marginal ulcer; Zollinger-Ellison syndrome,急性侵蚀；胃/胃空肠/边缘性溃疡；Zollinger-Ellison综合征,oesophageal ulcer ,食管溃疡,characteristic imaging/endoscopy findings; or exacerbation of symptoms in a patient with a previously proven ulcer,特征性影像学/内镜检查发现；或既往确诊溃疡患者的症状加重,heartburn ,胃灼热,,,E16.4; K25.0; K25.1; K25.2; K25.3; K25.4; K25.5; K25.6; K25.7; K25.9; K27.0; K27.1; K27.2; K27.3; K27.4; K27.5; K27.6; K27.7; K27.9; K28.0; K28.1; K28.2; K28.3; K28.4; K28.5; K28.6; K28.7; K28.9
D87,otherDiagnosis,D.7,Stomach function disorder,胃功能紊乱,Stomach function disorder,胃功能紊乱,acute dilatation stomach; duodenitis; gastritis,急性胃扩张；十二指肠炎；胃炎,gastrointestinal infection ,胃肠感染,disorder of stomach function proven by investigation,胃功能紊乱，经检查证实,abdominal pain ,腹痛,,,B98.0; K29.0; K29.1; K29.2; K29.3; K29.4; K29.5; K29.6; K29.7; K29.8; K29.9; K31.0; K31.1; K31.2; K31.3; K31.4; K31.5; K31.6; K31.8; K31.9
D88,otherDiagnosis,D.7,Appendicitis,阑尾炎,Appendicitis,阑尾炎,appendix abscess/perforation,阑尾脓肿/穿孔,,,"objective evidence of inflammation of the appendix, such as demonstrated at operation or pathological examination",阑尾炎症的客观证据，例如手术或病理检查所见,abdominal pain ,腹痛,,,K35.2; K35.3; K35.8; K36; K37
D89,otherDiagnosis,D.7,Inguinal hernia,腹股沟疝,Inguinal hernia,腹股沟疝,,,femoral hernia ,股疝,"swelling in the inguinal region and transmitted impulse with cough, or enlargement on straining, or swelling reducible into the abdomen, or intestinal obstruction",腹股沟区域肿胀，伴随咳嗽时的冲动传导，或用力时增大，或可回纳至腹部，或肠梗阻,abdominal mass ,腹部肿块,,,K40.0; K40.1; K40.2; K40.3; K40.4; K40.9
D90,otherDiagnosis,D.7,Hiatus hernia,食管裂孔疝,Hiatus hernia,食管裂孔疝,diaphragmatic hernia,膈疝,oesophagitis/reflux ,食管炎/反流性疾病,characteristic findings on imaging/endoscopy/intraluminal pressure studies/surgery,影像学/内镜/腔内压力检查/手术的特征性发现,epigastric pain ,上腹痛,,,K44.0; K44.1; K44.9
D91,otherDiagnosis,D.7,Abdominal hernia other,腹部其他疝气,Abdominal hernia other,腹部其他疝气,femoral/umbilical/ventral hernia,股疝/脐疝/白线疝,post-surgical hernia ,术后疝气,"demonstration at surgery; or swelling in the specified area and transmitted impulse with cough, or enlargement on straining, or reducible into the abdomen, or intestinal obstruction",手术中示证；或指定区域肿胀及咳嗽时冲动传导，或用力时增大，或可回纳入腹腔，或肠梗阻,abdominal mass ,腹部肿块,,,K41.0; K41.1; K41.2; K41.3; K41.4; K41.9; K42.0; K42.1; K42.9; K43.0; K43.1; K43.2; K43.3; K43.4; K43.5; K43.6; K43.7; K43.9; K45.0; K45.1; K45.8; K46.0; K46.1; K46.9
D92,otherDiagnosis,D.7,Diverticular disease,憩室病,Diverticular disease,憩室病,diverticulitis/diverticulosis of intestine,肠 diverticulitis/diverticulosis,Meckel's diverticulum ,梅克尔憩室,imaging demonstration of diverticula; or demonstration of diverticula at surgery; or acute abdominal pain with fever and palpable tender descending/sigmoid colon,影像学显示憩室；或手术中发现憩室；或急性腹痛伴发热及降结肠/乙状结肠触痛,abdominal pain ,腹痛,,,K57.0; K57.1; K57.2; K57.3; K57.4; K57.5; K57.8; K57.9
D93,otherDiagnosis,D.7,Irritable bowel syndrome,肠易激综合症,Irritable bowel syndrome,肠易激综合症,mucous colitis; spastic colon,黏液结肠炎；痉挛性结肠,gastrointestinal infection ,胃肠感染,"continuous/intermittent abdominal pain and variable bowel pattern over a period of time; and increased gas, or tender and palpable colon, or history of mucous without blood in stool",持续性/间歇性腹痛及一段时间内的排便模式改变；以及气体增多，或触痛明显的结肠，或既往有无血黏液史,abdominal pain ,腹痛,,,K58.0; K58.9
D94,otherDiagnosis,D.7,Chronic enteritis/ulcerative colitis,慢性肠炎/溃疡性结肠炎,Chronic enteritis/ulcerative colitis,慢性肠炎/溃疡性结肠炎,Crohn's disease; regional enteritis; ulcerative colitis,克罗恩病；区域性肠炎；溃疡性结肠炎,,,characteristic endoscopic/imaging/histological findings,特征内镜/影像学/组织病理学表现,abdominal pain ,腹痛,,,K50.0; K50.1; K50.8; K50.9; K51.0; K51.2; K51.3; K51.4; K51.5; K51.8; K51.9
D95,otherDiagnosis,D.7,Anal fissure/perianal abscess,肛门裂/肛周脓肿,Anal fissure/perianal abscess,肛门裂/肛周脓肿,anal fistula; ischiorectal abscess,肛瘘；坐骨直肠窝脓肿,pilonidal abscess ,pilonidal脓肿,,,,,,,K60.0; K60.1; K60.2; K60.3; K60.4; K60.5; K61.0; K61.1; K61.2; K61.3; K61.4
D96,otherDiagnosis,D.7,Worms/other parasites,蠕虫/其他寄生虫,Worms/other parasites,蠕虫/其他寄生虫,cestodes; creeping eruption; hydatid disease; intestinal parasites unspecified; trichiniasis,cestodes；游走性皮炎；棘球蚴病；未特指的肠道寄生虫病；旋毛虫病,,,"either demonstration of helminth in adult form, larvae, or ova; or positive skin tests; or positive serology",成虫、幼虫或卵的检出；或皮肤试验阳性；或血清学检查阳性,,,,,B65.0; B65.1; B65.2; B65.3; B65.8; B65.9; B66.0; B66.1; B66.2; B66.3; B66.4; B66.5; B66.8; B66.9; B67.0; B67.1; B67.2; B67.3; B67.4; B67.5; B67.6; B67.7; B67.8; B67.9; B68.0; B68.1; B68.9; B69.0; B69.1; B69.8; B69.9; B70.0; B70.1; B71.0; B71.1; B71.8; B71.9; B72; B73; B74.0; B74.1; B74.2; B74.3; B74.4; B74.8; B74.9; B75; B76.0; B76.1; B76.8; B76.9; B77.0; B77.8; B77.9; B78.0; B78.1; B78.7; B78.9; B79; B80; B81.0; B81.1; B81.2; B81.3; B81.4; B81.8; B82.0; B82.9; B83.0; B83.1; B83.2; B83.3; B83.4; B83.8; B83.9
D97,otherDiagnosis,D.7,Liver disease NOS,肝病 NOS,Liver disease NOS,肝病 NOS,alcohol hepatitis; cirrhosis; fatty liver; hepatitis NOS; liver failure; portal hypertension,酒精性肝炎；肝硬化；脂肪肝；肝炎NOS；肝功能衰竭；门脉高压症,viral hepatitis ,病毒性肝炎,,,,,,,B58.1; B94.2; K70.0; K70.1; K70.2; K70.3; K70.4; K70.9; K71.0; K71.1; K71.2; K71.3; K71.4; K71.5; K71.6; K71.7; K71.8; K71.9; K72.0; K72.1; K72.9; K73.0; K73.1; K73.2; K73.8; K73.9; K74.0; K74.1; K74.2; K74.3; K74.4; K74.5; K74.6; K75.0; K75.1; K75.2; K75.3; K75.4; K75.8; K75.9; K76.0; K76.1; K76.2; K76.3; K76.4; K76.5; K76.6; K76.7; K76.8; K76.9; K77.0; K77.8
D98,otherDiagnosis,D.7,Cholecystitis/cholelithiasis,胆囊炎/胆石症,Cholecystitis/cholelithiasis,胆囊炎/胆石症,biliary colic; cholangitis; gallstones,胆绞痛；胆管炎；胆结石,,,"cholecystitis: demonstration of typical pathology by ultrasound or surgery; or localized right upper quadrant tenderness and jaundice or fever or history of gall stones; - cholelithiasis: imaging or surgical demonstration of gall stones; - acute biliary colic: acute colicky right upper quadrant abdominal pain without fever; and jaundice or right upper quadrant abdominal tenderness, or history of gall stones","胆囊炎：超声或手术显示典型病理改变；或右上腹局部压痛和黄疸或发热或有胆石史；
- 胆石症：影像学或手术证实胆石；
- 急性胆道绞痛：无发热的急性右上腹阵发性疼痛，并伴有黄疸或右上腹压痛，或有胆石史",localized abdominal pain ,局限性腹痛,,,K80.0; K80.1; K80.2; K80.3; K80.4; K80.5; K80.8; K81.0; K81.1; K81.8; K81.9; K82.0; K82.1; K82.2; K82.3; K82.4; K82.8; K82.9; K83.0; K83.1; K83.2; K83.3; K83.4; K83.5; K83.8; K83.9; K87.0
D99,otherDiagnosis,D.7,Disease digestive system other,其他消化系统疾病,Disease digestive system other,其他消化系统疾病,abdominal adhesions; allergic/toxic/dietetic gastroenteropathy; coeliac disease; dumping syndrome; food intolerance; ileus; intestinal obstruction; intussuception; lactose intolerance; malabsorption syndrome; mesenteric vascular disease; pancreatic disease; peritonitis; secondary megacolon; sprue,腹膜粘连；过敏性/毒性/饮食性胃肠病；乳糜泻；倾倒综合征；食物不耐受；肠梗阻（麻痹性）；肠梗阻；肠套叠；乳糖不耐受；吸收不良综合征；肠系膜血管疾病；胰腺疾病；腹膜炎；继发性巨结肠；春样病,antibiotic associated colitis ,抗生素相关性结肠炎,,,,,,,K38.0; K38.1; K38.2; K38.3; K38.8; K38.9; K52.1; K52.2; K52.3; K52.8; K52.9; K55.0; K55.1; K55.2; K55.8; K55.9; K56.0; K56.1; K56.2; K56.3; K56.5; K56.6; K56.7; K59.2; K59.3; K59.8; K59.9; K62.2; K62.3; K62.4; K62.6; K62.7; K62.8; K62.9; K63.0; K63.1; K63.2; K63.3; K63.4; K63.8; K63.9; K65.0; K65.8; K65.9; K66.0; K66.1; K66.8; K66.9; K67.0; K67.1; K67.2; K67.3; K67.8; K85.0; K85.1; K85.2; K85.3; K85.8; K85.9; K86.0; K86.1; K86.2; K86.3; K86.8; K86.9; K87.1; K90.0; K90.1; K90.2; K90.3; K90.4; K90.8; K90.9; K91.1; K91.2; K91.5; K91.8; K91.9; K92.2; K92.8; K92.9; K93.0; K93.1; K93.8; Z90.3; Z90.4; Z98.0
F01,symptom,F.1,Eye pain,眼痛,Eye pain,眼痛,,,abnormal eye sensations ,"异常眼感覚

注：根据上下文，更准确的表述可能是“异常眼部感觉”或“异常视觉感受”，请确认具体语境。但由于要求直接翻译且不添加解释，此处提供最直译的答案。如果需要专业校正，请告知。不过按照最初的指示，“异常眼感覚”可能不是标准中文医学术语表达方式，更合适的应为：

异常眼部感觉",,,,,,,H57.1
F02,symptom,F.1,Red eye,红眼,Red eye,红眼,bloodshot/inflamed eye,红眼/充血性眼睛,,,,,,,,,H57.8
F03,symptom,F.1,Eye discharge,眼分泌物,Eye discharge,眼分泌物,lacrimation; purulent discharge; watery eye,泪液分泌；脓性分泌物；水眼,,,,,,,,,H04.2
F04,symptom,F.1,Visual floaters/spots,眼前漂浮物,Visual floaters/spots,眼前漂浮物,fixed/floating spots in the visual field,视野中固定的/漂浮的点,other visual disturbance ,其他视觉障碍,,,,,,,H53.1
F05,symptom,F.1,Visual disturbance other,视觉障碍其他未特指,Visual disturbance other,视觉障碍其他未特指,blurred vision; difficulty reading; diplopia; eye strain; photophobia; scotoma and dazzle when symptoms confined to eyes; temporary blindness NOS; visual loss; weak eyes,视力模糊；阅读困难；复视；眼疲劳；畏光；当症状局限于眼睛时出现视野缺损和眩光；暂时性失明NOS；视力丧失；弱视,blindness one eye ,一眼盲,,,,,,,H53.1; H53.2; H53.3; H53.8; H53.9
F13,symptom,F.1,Eye sensation abnormal,眼感觉异常,Eye sensation abnormal,眼感觉异常,burning/dry/itchy eye,灼烧感/干燥/瘙痒的眼部,eye pain ,眼痛,,,,,,,H57.8
F14,symptom,F.1,Eye movements abnormal,异常眼动,Eye movements abnormal,异常眼动,nystagmus,眼球震颤,squint ,斜视,,,,,,,H55
F15,symptom,F.1,Eye appearance abnormal,眼外观异常,Eye appearance abnormal,眼外观异常,change eye colour; swollen eye,改变眼色；眼肿胀,red eye ,红眼,,,,,,,H57.8
F16,symptom,F.1,Eyelid symptom/complaint,眼睑症状/主诉,Eyelid symptom/complaint,眼睑症状/主诉,abnormal blinking; ptosis eyelid,异常眨眼；眼睑下垂,inflamed eyelid ,红肿的眼睑,,,,,,,H02.2; H02.3; H02.4; H02.5; H02.6; H02.7
F17,symptom,F.1,Glasses symptom/complaint,眼镜症状/主诉,Glasses symptom/complaint,眼镜症状/主诉,"problems due to spectacles affecting structure, function or sensations of eye(s)",由于眼镜影响眼睛结构、功能或感觉的问题,contact lens symptom/complaint ,接触镜症状/主诉,,,,,,,Z46.0
F18,symptom,F.1,Contact lens symptom/complaint,接触镜症状/主诉,Contact lens symptom/complaint,接触镜症状/主诉,"problems due to contact lens affecting structure, function or sensations of eye(s)",由于接触镜引起的眼睛结构、功能或感觉异常问题,,,,,,,,,Z46.0
F27,symptom,F.1,Fear of eye disease,畏眼病,Fear of eye disease,畏眼病,fear of blindness,恐盲症,"if the patient has the disease, code the disease",如果患者患有该疾病，编码该疾病,concern about/fear of eye disease in a patient without the disease/until the diagnosis is proven,无眼部疾病患者的担忧/对眼部疾病的恐惧/直至诊断明确,,,,,Z71.1
F28,symptom,F.1,Limited function/disability (F),有限功能/残疾 (F),Limited function/disability (F),有限功能/残疾 (F),blindness one eye,一眼盲,blindness ,失明,limitation of function/disability due to a problem with vision/eye(s),视力/眼睛问题所致的功能限制/残疾,,,The COOP/WONCA Charts are suitable for documenting the patient's functional status (see Chapter 8).,COOP/WONCA图表适合记录患者的功能状态（见第八章）。,H54.4; H54.5; H54.6; H54.9; Z73.6
F29,symptom,F.1,Eye symptom/complaint other,其他眼部症状/主诉,Eye symptom/complaint other,其他眼部症状/主诉,,,,,,,,,,,H57.8; H57.9
F70,infection,F.7,Conjunctivitis infectious,感染性结膜炎,Conjunctivitis infectious,感染性结膜炎,bacterial conjunctivitis; conjunctivitis NOS; viral conjunctivitis,细菌性结膜炎；结膜炎 NOS；病毒性结膜炎,allergic conjunctivitis with/without rhinorrhoea ,过敏性结膜炎伴或不伴有流涕,presumed or proven infectious inflammation of conjunctiva,假定或证实的结膜感染性炎症,,,,,A74.0; B30.0; B30.1; B30.2; B30.3; B30.8; B30.9; H10.0; H10.2; H10.3; H10.4; H10.5; H10.8; H10.9; H13.0; H13.1; H13.2; H13.3; H13.8
F71,infection,F.7,Conjunctivitis allergic,过敏性结膜炎,Conjunctivitis allergic,过敏性结膜炎,allergic conjunctivitis with/without rhinorrhea,过敏性结膜炎伴/不伴流涕,bacterial/viral conjunctivitis ,细菌/病毒性结膜炎,"presumed or proven allergic hyperaemia of conjunctiva, excess watering of eyes, itching/oedema of conjunctiva",假设或证实的结膜过敏性充血，眼泪分泌过多，结膜瘙痒/水肿,,,,,H10.1
F72,infection,F.7,Blepharitis/stye/chalazion,睑缘炎/麦粒肿/睑板腺囊肿,Blepharitis/stye/chalazion,睑缘炎/麦粒肿/睑板腺囊肿,dermatitis/dermatosis of eyelids; eye lid infection; hordeolum; meibomian cyst; tarsal cyst,眼睑皮炎/皮肤病；眼睑感染；睑腺炎；睑板腺囊肿；睑板囊肿,dacrocystitis/dacryocystitis ,泪囊炎,generalized/localized inflammation/swelling of eyelid/tarsal gland,眼睑/睑板腺的弥漫性/局限性炎症/肿胀,,,,,H00.0; H00.1; H01.0; H01.1; H01.8; H01.9
F73,infection,F.7,Eye infection/inflammation other,其他眼部感染/炎症,Eye infection/inflammation other,其他眼部感染/炎症,dacrocystitis/dacryocystitis; herpes simplex of eye without corneal ulcer; infammation of the orbit; iridocyclitis; iritis; keratitis,泪囊炎；无角膜溃疡的单纯疱疹性眼炎；眶周炎症；虹膜睫状体炎；虹膜炎；角膜炎,measles keratitis ,麻疹角膜炎,,,,,,,B00.5; B58.0; H03.0; H03.1; H03.8; H04.3; H04.4; H05.0; H05.1; H16.1; H16.2; H16.3; H16.4; H16.8; H16.9; H20.0; H20.1; H20.2; H20.8; H20.9; H21.0; H21.1; H21.2; H21.3; H21.4; H21.5; H21.8; H21.9; H22.0; H22.1; H22.8; H30.0; H30.1; H30.2; H30.8; H30.9; H32.0; H32.8; H44.0; H44.1
F74,neoplasm,F.7,Neoplasm of eye/adnexa,眼/附属器肿瘤,Neoplasm of eye/adnexa,眼/附属器肿瘤,benign/malignant neoplasm of eye/adnexa,眼及附属器的良性/恶性肿瘤,,,,,,,,,C69.0; C69.1; C69.2; C69.3; C69.4; C69.5; C69.6; C69.8; C69.9; D09.2; D31.0; D31.1; D31.2; D31.3; D31.4; D31.5; D31.6; D31.9; D48.7
F75,injury,F.7,Contusion/haemorrhage eye,眼挫伤/出血,Contusion/haemorrhage eye,眼挫伤/出血,black eye; hyphaema; subconjunctival haemorrhage,黑眼；前房积血；结膜下出血,corneal ulcer ,角膜溃疡,,,,,,,H11.3; S00.1; S05.1
F76,injury,F.7,Foreign body in eye,眼内异物,Foreign body in eye,眼内异物,,,corneal abrasion ,角膜擦伤,,,,,,,T15.0; T15.1; T15.8; T15.9
F79,injury,F.7,Injury eye other,其他眼部损伤,Injury eye other,其他眼部损伤,corneal abrasion; flash burn; snowblindness,角膜擦伤；电光性眼炎；雪盲症,contusion/haemorrhage eye ,眼挫伤/出血,,,,,,,H16.1; H44.6; H44.7; S00.2; S01.1; S05.0; S05.2; S05.3; S05.4; S05.5; S05.6; S05.7; S05.8; S05.9; S09.9; T26.0; T26.1; T26.2; T26.3; T26.4; T26.5; T26.6; T26.7; T26.8; T26.9
F80,congenital,F.7,Blocked lacrimal duct of infant,婴幼儿泪道阻塞,Blocked lacrimal duct of infant,婴幼儿泪道阻塞,,,dacryocystitis ,泪囊炎,"overflow of tears without crying, beginning before the age of three months",泪液溢出无哭泣，始于三个月龄前,,,,,Q10.5
F81,congenital,F.7,Congenital anomaly eye other,先天性眼异常其他未特指,Congenital anomaly eye other,先天性眼异常其他未特指,,,,,,,,,,,Q10.0; Q10.1; Q10.2; Q10.3; Q10.4; Q10.6; Q10.7; Q11.0; Q11.1; Q11.2; Q11.3; Q12.0; Q12.1; Q12.2; Q12.3; Q12.4; Q12.8; Q12.9; Q13.0; Q13.1; Q13.2; Q13.3; Q13.4; Q13.5; Q13.8; Q13.9; Q14.0; Q14.1; Q14.2; Q14.3; Q14.8; Q14.9; Q15.0; Q15.8; Q15.9
F82,otherDiagnosis,F.7,Detached retina,视网膜脱离,Detached retina,视网膜脱离,,,,,,,,,,,H33.0; H33.1; H33.2; H33.3; H33.4; H33.5
F83,otherDiagnosis,F.7,Retinopathy,视网膜病变,Retinopathy,视网膜病变,diabetic/hypertensive retinopathy,糖尿病/高血压视网膜病变,,,,,,,"Double code known causative disease, e.g. diabetes T89, T90 or hypertension K87",双编码已知病因疾病，例如糖尿病E10-E14或高血压I10-I13,H35.0; H35.1; H35.2; H35.4; H36.0; H36.8
F84,otherDiagnosis,F.7,Macular degeneration,年龄相关性黄斑变性,Macular degeneration,年龄相关性黄斑变性,,,retinopathy ,视网膜病变,,,,,,,H35.3
F85,otherDiagnosis,F.7,Corneal ulcer,角膜溃疡,Corneal ulcer,角膜溃疡,dendritic ulcer; viral keratitis,树突状溃疡；病毒性角膜炎,corneal abrasion/other eye injury ,角膜擦伤/其他眼部损伤,,,,,,,H16.0; H19.0; H19.1; H19.2; H19.3; H19.8
F86,otherDiagnosis,F.7,Trachoma,沙眼,Trachoma,沙眼,,,,,"either proven infection with Chlamydia trachomatis, or typical clinical features including chronic inflammation and hypertrophy of the conjunctiva with formation of yellowish/greyish granules",衣原体沙眼支原体感染证实或具有包括结膜慢性炎症和肥厚并形成黄色/灰色颗粒在内的典型临床特征,red eye ,红眼,,,A71.0; A71.1; A71.9; B94.0
F91,otherDiagnosis,F.7,Refractive error,屈光不正,Refractive error,屈光不正,astigmatism; hypermetropia; long sightedness; myopia; presbyopia; short sightedness,散光；远视；长视；近视；老花；短视,partial/complete blindness ,部分/完全失明,visual deficit correctible with an appropriate lens,视觉缺损可通过适当镜片矫正,,,,,H44.2; H52.0; H52.1; H52.2; H52.3; H52.4; H52.5; H52.6; H52.7
F92,otherDiagnosis,F.7,Cataract,白内障,Cataract,白内障,,,congenital cataract ,先天性白内障,opacity of part/all of the optic lens which reduces/impairs vision,部分/全部晶状体浑浊，影响视力,,,,,H25.0; H25.1; H25.2; H25.8; H25.9; H26.0; H26.1; H26.2; H26.3; H26.4; H26.8; H26.9; H28.0; H28.1; H28.2; H28.8
F93,otherDiagnosis,F.7,Glaucoma,青光眼,Glaucoma,青光眼,raised intraocular pressure,升高的眼内压,congenital glaucoma ,先天性青光眼,,,,,,,H40.0; H40.1; H40.2; H40.3; H40.4; H40.5; H40.6; H40.8; H40.9; H42.0; H42.8
F94,otherDiagnosis,F.7,Blindness,盲症,Blindness,盲症,partial/complete blindness of both eyes,双眼部分/完全失明,blurred vision/temporary blindness ,视物模糊/一过性失明,,,,,,,H54.0; H54.1; H54.2; H54.3
F95,otherDiagnosis,F.7,Strabismus,斜视,Strabismus,斜视,cross-eye; squint,斜视,,,lack of parallelism of visual axis of the eyes demonstrated at medical examination,双眼视轴不平行临床检查示阳性,abnormal eye movement ,异常眼运动,,,H49.0; H49.1; H49.2; H49.3; H49.4; H49.8; H49.9; H50.0; H50.1; H50.2; H50.3; H50.4; H50.5; H50.6; H50.8; H50.9; H51.0; H51.1; H51.2; H51.8; H51.9
F99,otherDiagnosis,F.7,Eye/adnexa disease other,眼及附属器的其他疾病,Eye/adnexa disease other,眼及附属器的其他疾病,amblyopia; arcus senilis; colour blindness; corneal opacity; disorder of orbit; ectropion; entropion; episcleritis; ingrowing eyelash; lazy eye; night blindness; papilloedema; pterygium; scleritis,弱视；老年环；色盲；角膜浑浊；眼眶病变；外翻；内翻；表层巩膜炎；倒睫；懒惰眼；夜盲症；视盘水肿；翼状胬肉；巩膜炎,,,,,,,,,H02.0; H02.1; H02.8; H02.9; H04.0; H04.1; H04.5; H04.6; H04.8; H04.9; H05.2; H05.3; H05.4; H05.5; H05.8; H05.9; H06.0; H06.1; H06.2; H06.3; H11.0; H11.1; H11.2; H11.4; H11.8; H11.9; H15.0; H15.1; H15.8; H15.9; H17.0; H17.1; H17.8; H17.9; H18.0; H18.1; H18.2; H18.3; H18.4; H18.5; H18.6; H18.7; H18.8; H18.9; H27.0; H27.1; H27.8; H27.9; H31.0; H31.1; H31.2; H31.3; H31.4; H31.8; H31.9; H34.0; H34.1; H34.2; H34.8; H34.9; H35.5; H35.6; H35.7; H35.8; H35.9; H43.0; H43.1; H43.2; H43.3; H43.8; H43.9; H44.3; H44.4; H44.5; H44.8; H44.9; H45.0; H45.1; H45.8; H46; H47.0; H47.1; H47.2; H47.3; H47.4; H47.5; H47.6; H47.7; H48.0; H48.1; H48.8; H53.0; H53.4; H53.5; H53.6; H53.8; H57.0; H57.8; H58.0; H58.1; H58.8
H01,symptom,H.1,Ear pain/earache,耳痛,Ear pain/earache,耳痛,,,,,,,,,,,H92.0
H02,symptom,H.1,Hearing complaint,听力投诉,Hearing complaint,听力投诉,auditory discrimination disorder; diplacusis and feeling of hearing loss; hyperacusis,听觉辨别障碍；复音症和听力下降感；响度感觉过敏,deafness both ears ,双耳聋,,,,,,,H93.2
H03,symptom,H.1,"Tinnitus, ringing/buzzing ear",耳鸣，嗡嗡声/响声耳,"Tinnitus, ringing/buzzing ear",耳鸣，嗡嗡声/响声耳,echo in ear,耳部回声,ears crackling/popping ,耳部爆裂音/噼啪音,,,,,,,H93.1
H04,symptom,H.1,Ear discharge,耳部分泌物,Ear discharge,耳部分泌物,,,blood in/from ear ,耳出血,,,,,,,H92.1
H05,symptom,H.1,Bleeding ear,,Bleeding ear,,blood in/from ear,耳出血,,,,,,,,,H92.2
H13,symptom,H.1,Plugged feeling ear,耳堵塞感,Plugged feeling ear,耳堵塞感,blocked ear,耳堵塞,excessive ear wax ,耳蜡过多,,,,,,,H93.8
H15,symptom,H.1,Concern with appearance of ears,耳外观的关注点,Concern with appearance of ears,耳外观的关注点,,,bat ears/congenital anomaly ear ,蝙蝠耳/先天性耳畸形,,,,,,,R46.8
H27,symptom,H.1,Fear of ear disease,耳病恐惧症,Fear of ear disease,耳病恐惧症,fear of deafness,恐聋症,"in a patient with the disease, code the disease",在患有该疾病的患者中，编码疾病,concern about/fear of ear disease/deafness in a patient without the disease/until the diagnosis is proven,耳病/聋的担忧/恐惧于无该疾病患者中/直到诊断证实前,,,,,Z71.1
H28,symptom,H.1,Limited function/disability (H),有限功能/残疾 (H),Limited function/disability (H),有限功能/残疾 (H),temporary deafness,暂时性聋,presbyacusis ,老年性聋,limitation of function/disability due to a problem with ear/hearing,听力功能障碍/残疾,,,The COOP/WONCA Charts are suitable for documenting the patient's functional status (see Chapter 8).,COOP/WONCA图表适合记录患者的功能状态（见第八章）。,Z73.6
H29,symptom,H.1,Ear symptom/complaint other,耳部症状/主诉其他,Ear symptom/complaint other,耳部症状/主诉其他,ears crackling/popping; itchy ears; pulling at ears,耳部爆裂声/噼啪声；耳痒；拉耳朵,dizziness/loss of balance/vertigo ,头晕/平衡失调/眩晕,,,,,,,H93.8; H93.9
H70,infection,H.7,Otitis externa,外耳炎,Otitis externa,外耳炎,abscess/eczema/furuncle external auditory meatus; swimmer's ear,脓肿/湿疹/外耳道疖；游泳者耳病,,,inflammation/desquamation of the external auditory canal,外耳道炎症/脱屑,,,,,H60.0; H60.1; H60.2; H60.3; H60.4; H60.5; H60.8; H60.9; H62.0; H62.1; H62.2; H62.3; H62.4; H62.8
H71,infection,H.7,Acute otitis media/myringitis,急性中耳炎/鼓膜炎,Acute otitis media/myringitis,急性中耳炎/鼓膜炎,acute mastoiditis; acute suppurative otitis media; acute tympanitis; otitis media NOS,急性乳突炎；急性化脓性中耳炎；急性鼓室炎；中耳炎NOS,serous otitis media ,浆液性中耳炎,"recent perforation of the tympanic membrane discharging pus; or inflamed and bulging tympanic membrane; or one ear drum more red than the other; or red tympanic membrane, with ear pain; or bullae on the tympanic membrane",近期鼓膜穿孔伴脓性分泌物；或鼓膜充血膨隆；或一侧鼓膜比另一侧更红；或红色鼓膜伴有耳痛；或鼓膜水疱,ear pain ,耳痛,,,H66.0; H66.4; H66.9; H67.0; H67.1; H67.8; H70.0; H73.0
H72,infection,H.7,Serous otitis media,浆液性中耳炎,Serous otitis media,浆液性中耳炎,glue ear; otitis media with effusion (OME),胶耳；分泌性中耳炎(OME),acute otitis media ,急性中耳炎,"visible fluid behind the tympanic membrane, without inflammation; or dullness of the tympanic membrane with either retracting, bulging, or with related impairment of hearing",鼓膜后可见液体，无炎症；或鼓膜混浊伴有内陷、膨出或相关听力受损,plugged feeling ear ,耳堵塞感,,,H65.0; H65.1; H65.2; H65.3; H65.4; H65.9
H73,infection,H.7,Eustachian salpingitis,咽鼓管炎,Eustachian salpingitis,咽鼓管炎,eustachian block/catarrh/dysfunction,咽鼓管阻塞/卡他/功能障碍,serous otitis media ,浆液性中耳炎,,,plugged feeling ear ,耳堵塞感,,,H68.0; H68.1; H69.0; H69.8; H69.9
H74,infection,H.7,Chronic otitis media,慢性中耳炎,Chronic otitis media,慢性中耳炎,cholesteatoma; chronic mastoiditis; chronic suppurative otitis media,胆固醇肉芽肿；慢性乳突炎；慢性化脓性中耳炎,serous otitis media ,浆液性中耳炎,,,,,,,H66.1; H66.2; H66.3; H66.9; H70.1; H70.2; H70.8; H70.9; H71; H73.1; H75.0; H75.8
H75,neoplasm,H.7,Neoplasm of ear,耳部肿瘤,Neoplasm of ear,耳部肿瘤,benign/malignant neoplasm of ear,良性/恶性耳肿瘤,polyp ear ,耳息肉,,,,,,,C30.1; C44.2; C49.0; D02.3; D04.2; D14.0; D21.0; D23.2
H76,injury,H.7,Foreign body in ear,耳内异物,Foreign body in ear,耳内异物,,,,,,,,,,,T16
H77,injury,H.7,Perforation ear drum,鼓膜穿孔,Perforation ear drum,鼓膜穿孔,,,perforation ear drum with infection (Acute otitis media/myringitis) ,鼓膜穿孔伴感染（急性中耳炎/鼓膜炎）,,,,,,,H72.0; H72.1; H72.2; H72.8; H72.9
H78,injury,H.7,Superficial injury of ear,耳浅表损伤,Superficial injury of ear,耳浅表损伤,external meatus/pinna injury,外耳道/耳廓损伤,injury of tympanic membrane ,鼓膜损伤,,,,,,,S00.4
H79,injury,H.7,Ear injury other,其他耳损伤,Ear injury other,其他耳损伤,traumatic/pressure rupture of ear drum,耳膜创伤性/压迫性破裂,,,,,,,,,S01.3; S07.8; S08.1; S09.2; T70.0
H80,congenital,H.7,Congenital anomaly of ear,先天性耳畸形,Congenital anomaly of ear,先天性耳畸形,accessory auricle; bat ears,副耳；招风耳,congenital deafness ,先天性耳聋,,,,,,,Q16.0; Q16.1; Q16.2; Q16.3; Q16.4; Q16.5; Q16.9; Q17.0; Q17.1; Q17.2; Q17.3; Q17.4; Q17.5; Q17.8; Q17.9
H81,otherDiagnosis,H.7,Excessive ear wax,耳蜡过多,Excessive ear wax,耳蜡过多,,,,,symptom/complaint due to wax in ear canal,耳道内耵聍所致的症状/主诉,,,,,H61.2
H82,otherDiagnosis,H.7,Vertiginous syndrome,眩晕综合征,Vertiginous syndrome,眩晕综合征,benign paroxysmal/positional vertigo; labyrinthitis; Ménière's disease; vestibular neuronitis,良性阵发性位置性眩晕；迷路炎；梅尼埃病；前庭神经炎,,,true rotational vertigo,真性旋转性眩晕,vertigo/giddiness/dizziness ,眩晕,,,A88.1; H81.0; H81.1; H81.2; H81.3; H81.4; H81.8; H81.9; H82; H83.0; H83.1; H83.2
H83,otherDiagnosis,H.7,Otosclerosis,耳硬化症,Otosclerosis,耳硬化症,,,,,,,,,,,H80.0; H80.1; H80.2; H80.8; H80.9
H84,otherDiagnosis,H.7,Presbyacusis,老年性听力下降,Presbyacusis,老年性听力下降,,,deafness ,耳聋,"gradual onset with ageing of symmetrical, bilateral deafness, particularly involving high-frequency sounds",随年龄增长逐渐发生的对称性双侧听力下降，尤其是高频声音受损,hearing impairment ,听力障碍,,,H91.1
H85,otherDiagnosis,H.7,Acoustic trauma,声创伤,Acoustic trauma,声创伤,noise deafness,噪声性聋,perforation of ear drum ,鼓膜穿孔,deafness in the high-frequency range with a definite history of exposure to loud noise,高频听力损失，有明确的噪音暴露史,hearing impairment ,听力障碍,,,H83.3
H86,otherDiagnosis,H.7,Deafness,耳聋,Deafness,耳聋,congenital deafness; deafness one ear; partial/complete deafness both ears,先天性耳聋；单侧耳聋；双侧部分或完全性耳聋,temporary deafness ,暂时性聋,,,,,,,H90.0; H90.1; H90.2; H90.3; H90.4; H90.5; H90.6; H90.7; H90.8; H91.0; H91.2; H91.3; H91.8; H91.9
H99,otherDiagnosis,H.7,Ear/mastoid disease other,其他耳/乳突疾病,Ear/mastoid disease other,其他耳/乳突疾病,constricted external canal; narrow external canal; polyp of middle ear; stenosis external canal,狭窄外耳道；缩窄外耳道；中耳息肉；外耳道狭窄,mastoiditis ,乳突炎,,,,,,,H61.0; H61.1; H61.3; H61.8; H61.9; H73.8; H73.9; H74.0; H74.1; H74.2; H74.3; H74.4; H74.8; H74.9; H83.8; H83.9; H93.0; H93.3; H93.8; H93.9; H94.0; H94.8
K01,symptom,K.1,Heart pain,心痛,Heart pain,心痛,pain attributed to the heart,心脏疼痛属性,chest pain NOS ,胸痛 NOS,,,,,,,R07.2
K02,symptom,K.1,Pressure/tightness of heart,心压感/紧缩感,Pressure/tightness of heart,心压感/紧缩感,heaviness of heart,心脏沉重感,chest pain NOS ,胸痛 NOS,,,,,,,R07.2
K03,symptom,K.1,Cardiovascular pain NOS,心血管痛 NOS,Cardiovascular pain NOS,心血管痛 NOS,,,pain attributed to the heart ,心脏疼痛属性,,,,,,,R09.8
K04,symptom,K.1,Palpitations/awareness of heart,心悸/心脏感知感覚,Palpitations/awareness of heart,心悸/心脏感知感覚,bradycardia; tachycardia,心动过缓；心动过速,paroxysmal tachycardia ,阵发性心动过速,,,,,,,R00.0; R00.1; R00.2
K05,symptom,K.1,Irregular heartbeat other,不规则心跳其他,Irregular heartbeat other,不规则心跳其他,,,palpitations ,心悸,,,,,,,R00.8
K06,symptom,K.1,Prominent veins,明显静脉扩张,Prominent veins,明显静脉扩张,spider naevus; unusually prominent veins,蜘蛛痣；异常明显的静脉,varicose veins ,静脉曲张,,,,,,,I78.1; I87.8
K07,symptom,K.1,Swollen ankles/oedema,踝部肿胀/水肿,Swollen ankles/oedema,踝部肿胀/水肿,dropsy; fluid retention; swollen feet/legs,水肿；水分潴留；足部/腿部肿胀,ankle symptom ,踝部症状,,,,,,,R60.0; R60.1; R60.9
K22,symptom,K.1,Risk factor for cardiovascular disease,心血管疾病的风险因素,Risk factor cardiovascular disease,心血管疾病危险因素,other risk factor for cardiovascular disease; personal/family history of cardiovascular disease; previous episode of cardiovascular disease,其他心血管疾病的风险因素；个人/家族心血管疾病史；既往心血管疾病发作史,,,,,,,,,Z82.3; Z82.4; Z86.7
K24,symptom,K.1,Fear of heart disease,心脏病恐惧症,Fear of heart disease,心脏病恐惧症,fear of heart attack,心肌梗死恐惧症,"if patient has the disease, code the disease",如果患者患有该疾病，编码该疾病,concern about/fear of heart attack/disease in a patient without the disease/untill the diagnosis is proven,无病状态下的心肌梗死/心脏疾病担忧/恐惧直到诊断证实为止,,,,,Z71.1
K25,symptom,K.1,Fear of hypertension,高血压恐惧症,Fear of hypertension,高血压恐惧症,,,"if patient has the disease, code the disease",如果患者患有该疾病，编码该疾病,concern about/fear of hypertension in a patient without the disease/until the diagnosis is proven,未确诊患者对高血压的担忧/恐惧直到诊断证实为止,,,,,Z71.1
K27,symptom,K.1,Fear of cardiovascular disease other,其他心血管疾病恐惧症,Fear cardiovascular disease other,其他心血管疾病恐惧,,,Fear of heart disease ,心脏病恐惧症,concern about/fear of other disease of the circulatory system in a patient without the disease/until the diagnosis is proven,疑有/惧怕循环系统其他疾病（患者无该病症状/直到诊断证实）,,,,,Z71.1
K28,symptom,K.1,Limited function/disability (K),有限的功能/残疾 (K),Limited function/disability (K),有限的功能/残疾 (K),,,,,limitation of function/disability due to a cardiovascular problem,心血管问题导致的功能限制/残疾,,,The COOP/WONCA Charts are suitable for documenting the patient's functional status (see Chapter 8).,COOP/WONCA图表适合记录患者的功能状态（见第八章）。,Z73.6; Z99.4
K29,symptom,K.1,Cardiovascular symptom/complaint other,心血管症状/主诉其他,Cardiovascular sympt/complt other,心血管症状和体征其他,heart trouble; low blood pressure; weak heart,心脏疾病；低血压；心力衰竭,fluid in lung/lung congestion ,肺内积液/肺充血,,,,,,,R03.1; R09.8
K70,infection,K.7,Infection of circulatory system,循环系统感染,Infection of circulatory system,循环系统感染,acute/subacute endocarditis; bacterial endocarditis; myocarditis; pericarditis,急性/亚急性心内膜炎；细菌性心内膜炎；心肌炎；心包炎,rheumatic heart disease ,风湿性心脏病,,,,,,,A39.5; B33.2; B37.6; I30.1; I32.0; I32.1; I33.0; I33.9; I38; I40.0; I40.1; I40.8; I40.9; I41.0; I41.1; I41.2; I41.8
K71,infection,K.7,Rheumatic fever/heart disease,风湿热/心脏病,Rheumatic fever/heart disease,风湿热/心脏病,chorea; mitral stenosis,舞蹈病；二尖瓣狭窄,,,"For acute rheumatic fever: two major, or one major, and two minor manifestations, plus evidence of preceding streptococcal  infection; - major manifestations: migratory polyarthritis; carditis; chorea; erythema marginatum; subcutaneous nodules of recent onset - minor manifestations: fever; arthralgia; elevated ESR or positive C-reactive protein; prolonged P-R interval on ECG- For chronic rheumatic heart disease: either physical findings consistent with a valve lesion of the heart in a patient with a history of rheumatic fever; or physical findings consistent with mitral stenosis, even in the absence of a history of rheumatic fever, but without any other demonstrable cause","急性风湿热：两项主要表现，或一项主要表现和两项次要表现，并有链球菌感染的证据；
- 主要表现：游走性多关节炎；心肌炎；舞蹈病；边缘型红斑；近期出现的皮下结节
- 次要表现：发热；关节痛；ESR升高或C反应蛋白阳性；心电图P-R间期延长

慢性风湿性心脏病：有风湿热史的患者存在心脏瓣膜病变的体征，或者即使没有风湿热史也存在二尖瓣狭窄的体征，但无其他可证明的原因",heart valve disease ,心脏瓣膜病,,,I00; I01.0; I01.1; I01.2; I01.8; I01.9; I02.0; I02.9; I05.0; I05.1; I05.2; I05.8; I05.9; I06.0; I06.1; I06.2; I06.8; I06.9; I07.0; I07.1; I07.2; I07.8; I07.9; I08.0; I08.1; I08.2; I08.3; I08.8; I08.9; I09.0; I09.1; I09.2; I09.8; I09.9
K72,neoplasm,K.7,Neoplasm cardiovascular,心血管肿瘤,Neoplasm cardiovascular,心血管肿瘤,benign/malignant cardiovascular neoplasm,良性/恶性心血管肿瘤,haemangioma ,血管瘤,,,,,,,C38.0; C45.2; D15.1; D15.2; D48.7
K73,congenital,K.7,Congenital anomaly cardiovascular,先天性心血管异常,Congenital anomaly cardiovascular,先天性心血管异常,atrial/ventricular septal defect; Fallot's tetralogy; patent ductus arteriosa,房间隔缺损/室间隔缺损；法洛四联症；动脉导管未闭,haemangioma ,血管瘤,,,,,,,I42.4; Q20.0; Q20.1; Q20.2; Q20.3; Q20.4; Q20.5; Q20.6; Q20.8; Q20.9; Q21.0; Q21.1; Q21.2; Q21.3; Q21.4; Q21.8; Q21.9; Q22.0; Q22.1; Q22.2; Q22.3; Q22.4; Q22.5; Q22.6; Q22.8; Q22.9; Q23.0; Q23.1; Q23.2; Q23.3; Q23.4; Q23.8; Q23.9; Q24.0; Q24.1; Q24.2; Q24.3; Q24.4; Q24.5; Q24.6; Q24.8; Q24.9; Q25.0; Q25.1; Q25.2; Q25.3; Q25.4; Q25.5; Q25.6; Q25.7; Q25.8; Q25.9; Q26.0; Q26.1; Q26.2; Q26.3; Q26.4; Q26.5; Q26.6; Q26.8; Q26.9; Q27.0; Q27.1; Q27.2; Q27.3; Q27.4; Q27.8; Q27.9; Q28.0; Q28.1; Q28.2; Q28.3; Q28.8; Q28.9
K74,otherDiagnosis,K.7,Ischaemic heart disease with angina,缺血性心脏病伴心绞痛,Ischaemic heart dis with angina,缺血性心脏病伴心绞痛,angina of effort; angina pectoris; angina with spasm; ischaemic chest pain; unstable angina,劳力性心绞痛；胸痛型心绞痛；伴有痉挛的心绞痛；缺血性胸痛；不稳定性心绞痛,ischaemic heart disease without angina ,无心绞痛的缺血性心脏病,history plus ECG or imaging evidence of old myocardial infarction; or demonstration of myocardial ischaemia by resting or exercise ECG; or investigation evidence of coronary artery narrowing or ventricular aneurysm,既往史加心电图或影像学证据的陈旧性心肌梗死；或静息或运动心电图显示心肌缺血；或冠状动脉狭窄或室壁瘤的检查证据,heart pain ,心痛,,,I20.0; I20.1; I20.8; I20.9; I24.0; I24.8; I24.9
K75,otherDiagnosis,K.7,Acute myocardial infarction,急性心肌梗死,Acute myocardial infarction,急性心肌梗死,myocardial infarction specified as acute or within 4 weeks (28 days) of onset,急性心肌梗死或发病后4周（28天）内的心肌梗死,old/healed myocardial infarction (Ischaemic heart disease with angina) ,陈旧性/愈合性心肌梗死（缺血性心脏病伴心绞痛）,"chest pain characteristic of myocardial ischemia, lasting more than 15 minutes, and/or abnormal ST-T changes or new Q-waves in electrocardiogram and/or elevation of blood cardiac enzymes",胸痛符合心肌缺血特征，持续时间超过15分钟，和/或心电图出现异常ST-T改变或新发Q波及/或血液心脏酶水平升高,heart pain ,心痛,double code K74 or K76 as well,双编码K74或K76,I21.0; I21.1; I21.2; I21.3; I21.4; I21.9; I22.0; I22.1; I22.8; I22.9; I23.0; I23.1; I23.2; I23.3; I23.4; I23.5; I23.6; I23.8; I24.1
K76,otherDiagnosis,K.7,Ischaemic heart disease without angina,无心绞痛的缺血性心脏病,Ischaemic heart dis without angina,缺血性心病无心绞痛,aneurysm of heart; arteriosclerotic/atherosclerotic heart disease; coronary artery disease; ischaemic cardiomyopathy; old myocardial infarction; silent myocardial ischaemia,主动脉瘤；动脉硬化性心脏病；冠状动脉疾病；缺血性心肌病；陈旧性心肌梗死；隐匿性心肌缺血,ischaemic heart disease with angina ,缺血性心脏病伴心绞痛,"history plus ECG, or imaging evidence of old myocardial infarction; or demonstration of myocardial ischaemia by resting or exercise ECG; or investigation evidence of coronary artery narrowing; or ventricular aneurysm",病史加上心电图，或旧心肌梗死的影像学证据；或静息或运动心电图显示心肌缺血；或冠状动脉狭窄的检查证据；或室壁瘤,,,,,I25.0; I25.1; I25.2; I25.3; I25.4; I25.5; I25.6; I25.8; I25.9
K77,otherDiagnosis,K.7,Heart failure,心力衰竭,Heart failure,心力衰竭,cardiac asthma; congestive heart failure; heart disease/heart failure with pulmonary oedema; heart failure NOS; left ventricular failure; right ventricular failure,心源性哮喘；充血性心力衰竭；心脏疾病/心力衰竭伴肺水肿；心力衰竭NOS；左心室衰竭；右心室衰竭,cor pulmonale ,肺源性心脏病,"multiple signs including dependent oedema, raised jugular venous pressure, hepatomegaly in the absence of liver disease, pulmonary congestion, pleural effusion, enlarged heart.",多个体征包括依赖性水肿、颈静脉压升高、无肝病情况下的肝脏肿大、肺充血、胸腔积液、心脏扩大。,,,,,I50.0; I50.1; I50.9
K78,otherDiagnosis,K.7,Atrial fibrillation/flutter,房颤/房扑,Atrial fibrillation/flutter,房颤/房扑,,,paroxysmal tachycardia ,阵发性心动过速,characteristic findings by electrocardiogram; or totally irregular heart rate with a pulse deficit,心电图特征性表现；或完全不规则的心率伴有脉搏短绌,palpitations ,心悸,,,I48.0; I48.1; I48.2; I48.3; I48.4; I48.9
K79,otherDiagnosis,K.7,Paroxysmal tachycardia,阵发性心动过速,Paroxysmal tachycardia,阵发性心动过速,supraventricular/ventricular tachycardia,室上性/室性心动过速,tachycardia NOS ,心动过速 NOS,history of recurrent episodes of rapid heart rate (over l40/min) with both abrupt onset and termination,反复发作的快速心率病史（超过140次/分钟），起止均突然,palpitations ,心悸,,,I47.0; I47.1; I47.2; I47.9
K80,otherDiagnosis,K.7,Cardiac arrhythmia NOS,心脏节律异常 NOS,Cardiac arrhythmia NOS,心脏节律异常 NOS,atrial/junctional/ventricular premature beats; bigeminy; ectopic beats; extrasystoles; premature beats; sick sinus syndrome; ventricular fibrillation/flutter,房性/结性/室性期前收缩；二联律；异位搏动；逸搏；期前收缩；病窦综合征；室颤/室扑,paroxysmal tachycardia ,阵发性心动过速,one or more heart beats which occur at times other than the regular beats of the underlying rhythm,逸搏或多发性逸搏,palpitations ,心悸,,,I49.0; I49.1; I49.2; I49.3; I49.4; I49.5; I49.8; I49.9
K81,otherDiagnosis,K.7,Heart/arterial murmur NOS,心脏/动脉杂音 NOS,Heart/arterial murmur NOS,心脏/动脉杂音 NOS,cardiac/carotid/renal artery bruit; innocent murmur of childhood,心脏/颈动脉/肾动脉杂音；儿童期无害性杂音,rheumatic heart disease ,风湿性心脏病,,,,,,,R01.0; R01.1; R01.2; R09.8
K82,otherDiagnosis,K.7,Pulmonary heart disease,肺心病,Pulmonary heart disease,肺心病,chronic cor pulmonale; disease of pulmonary vessels; primary pulmonary hypertension,慢性肺源性心脏病；肺血管疾病；特发性肺动脉高压,pulmonary embolism ,肺栓塞,"presence of a chronic disease of the lungs, pulmonary vasculature, or respiratory gas exchange; plus presence of right ventricular enlargement or right heart failure",慢性肺疾病、肺血管疾病或呼吸气体交换障碍的存在；加上右心室扩大或右心衰竭,right heart failure ,右心衰竭,,,I27.0; I27.1; I27.2; I27.8; I27.9; I28.0; I28.1; I28.8; I28.9
K83,otherDiagnosis,K.7,Heart valve disease NOS,心脏瓣膜病 NOS,Heart valve disease NOS,心脏瓣膜病 NOS,chronic endocarditis; mitral valve prolapse; non-rheumatic aortic/mitral/pulmonary/tricuspid valve disorder,慢性心内膜炎；二尖瓣脱垂；非风湿性主动脉瓣/二尖瓣/肺动脉瓣/三尖瓣病变,rheumatic valve disease ,风湿性瓣膜病,absence of criteria for chronic rheumatic heart disease ,不符合慢性风湿性心脏病标准,cardiac murmur NOS ,心脏杂音 NOS,,,I34.0; I34.1; I34.2; I34.8; I34.9; I35.0; I35.1; I35.2; I35.8; I35.9; I36.0; I36.1; I36.2; I36.8; I36.9; I37.0; I37.1; I37.2; I37.8; I37.9; I39.0; I39.1; I39.2; I39.3; I39.4; I39.8
K84,otherDiagnosis,K.7,Heart disease other,其他心脏病,Heart disease other,其他心脏病,bundle branch block; cardiac arrest; cardiomegaly; cardiomyopathy; heart block; left bundle-branch block; non infectious disease of pericardium; other conduction disorders,束支传导阻滞；心脏停搏；心扩大症；心肌病；房室传导阻滞；左束支传导阻滞；非感染性心包疾病；其他传导障碍,cardiac arrhythmia ,心律失常,,,,,,,I30.0; I30.8; I30.9; I31.0; I31.1; I31.2; I31.3; I31.8; I31.9; I32.8; I42.0; I42.1; I42.2; I42.3; I42.5; I42.6; I42.7; I42.8; I42.9; I43.0; I43.1; I43.2; I43.8; I44.0; I44.1; I44.2; I44.3; I44.4; I44.5; I44.6; I44.7; I45.0; I45.1; I45.2; I45.3; I45.4; I45.5; I45.6; I45.8; I45.9; I46.0; I46.1; I46.9; I51.0; I51.1; I51.2; I51.3; I51.4; I51.5; I51.6; I51.7; I51.8; I51.9; I52.0; I52.1; I52.8; O90.3
K85,otherDiagnosis,K.7,Elevated blood pressure,高血压,Elevated blood pressure,高血压,elevated blood pressure not meeting criteria for K86 and K87; transient/labile hypertension,血压升高但未达到K86和K87标准；暂时性/易变性高血压,,,,,,,,,R03.0
K86,otherDiagnosis,K.7,Hypertension uncomplicated,高血压（未并发症）,Hypertension uncomplicated,高血压（未并发症）,essential hypertension; hypertension NOS; idiopathic hypertension,原发性高血压；高血压 NOS；特发性高血压,hypertension with complications ,并发症性高血压,"either two or more readings per encounter, taken at two or more encounters, with blood pressures that average over 95 mm Hg diastolic or over 160 mm Hg systolic in adult patients; or two or more readings at a single encounter with an average diastolic blood pressure of 120 mm Hg or more; plus absence of evidence of secondary involvement of heart, kidney, eye, or brain",每次就诊时测量两次或以上血压，或者在两次或以上的不同就诊中测量的血压平均值收缩压超过160毫米汞柱或舒张压超过95毫米汞柱的成人患者；或者在同一就诊中测量两次或以上且平均舒张压达到120毫米汞柱或更高；并且没有心脏、肾脏、眼睛或大脑继发性损害的证据,elevated blood pressure ,高血压,"1) For children, consult appropriate paediatric blood pressure tables. 2) If secondary hypertension, code also the underlying cause","1) 对于儿童，请参阅适当的儿科血压表。
2) 如果是继发性高血压，还需编码其根本原因",I10
K87,otherDiagnosis,K.7,Hypertension complicated,高血压并发症,Hypertension complicated,高血压并发症,malignant hypertension,恶性高血压,uncomplicated hypertension ,未并发症高血压,"either two or more readings per encounter, taken at two or more encounters, with blood pressures that average over 95 mm Hg diastolic or over 160 mm Hg systolic in adult patients; or two or more readings at a single encounter with an average diastolic blood pressure of 120 mm Hg or more; plus evidence of abnormalities of the heart (enlargement, failure), kidney (albuminuria, azotemia), eye, or the brain attributed to hypertension",每次就诊时测量两次或以上血压，或者在两次或以上的不同就诊中测量的血压平均值收缩压超过160毫米汞柱或舒张压超过95毫米汞柱的成人患者；或者在同一就诊中测量两次或以上且平均舒张压达到120毫米汞柱或以上；加上有归因于高血压的心脏（如心脏扩大、心力衰竭）、肾脏（如蛋白尿、氮质血症）、眼睛或大脑异常的证据,,,"1) For children, consult appropriate paediatric blood pressure tables. 2) If secondary hypertension, code also the underlying cause","1) 对于儿童，请参阅适当的儿科血压表。
2) 如果是继发性高血压，还需编码其根本原因",I11.0; I11.9; I12.0; I12.9; I13.0; I13.1; I13.2; I13.9; I15.0; I15.1; I15.2; I15.8; I15.9; I67.4
K88,otherDiagnosis,K.7,Postural hypotension,体位性低血压,Postural hypotension,体位性低血压,idiopathic/orthostatic hypotension,特发性/直立性低血压,hypotension due to drugs ,药物所致低血压,"signs or symptoms of cerebrovascular insufficiency (dizzines, syncope) on changing from the supine to the upright position; and a fall in mean blood pressure of 15 mm Hg on two or more occasions when changing from the supine to the upright position",体位改变时脑血管不足的征兆或症状（头晕、晕厥）；以及从仰卧位变为直立位时平均血压下降15mmHg，且上述情况在两次或两次以上发生,low blood pressure ,低血压,,,I95.0; I95.1; I95.8; I95.9
K89,otherDiagnosis,K.7,Transient cerebral ischaemia,短暂性脑缺血,Transient cerebral ischaemia,短暂性脑缺血,basilar insufficiency; drop attacks; transient global amnesia; transient ischaemic attack (TIA),基底动脉供血不足；猝倒发作；短暂性全球性遗忘症；短暂性脑缺血发作(TIA),carotid bruit ,颈动脉杂音,"symptoms of transient (less than 24 hours) hypofunction of the brain, with sudden onset, presumed of vascular origin, without sequelae and with exclusion of migraine/migraine equivalent/ epilepsy",短暂性（少于24小时）脑功能减退症状，起病突然，推测为血管源性，无后遗症，并排除偏头痛/偏头痛等同症/癫痫,fainting/syncope ,晕厥,double code with ,双重编码与,G45.0; G45.1; G45.2; G45.3; G45.4; G45.8; G45.9
K90,otherDiagnosis,K.7,Stroke/cerebrovascular accident,卒中/脑血管意外,Stroke/cerebrovascular accident,卒中/脑血管意外,apoplexy; cerebral embolism/infarction/thrombosis/occlusion/ stenosis/haemorrhage; cerebrovascular accident  (CVA); subarachnoid haemorrhage,脑卒中；脑栓塞/脑梗死/脑血栓形成/脑血管闭塞/脑血管狭窄/脑出血；脑血管意外 (CVA)；蛛网膜下腔出血,transient cerebral ischaemia ,一过性脑缺血,"signs and symptoms of a disturbance of cerebral function, presumed of vascular origin, lasting more than 24 hours or causing death, and within four weeks (28 days) of onset",脑血管事件所致的脑功能障碍征象和症状，持续时间超过24小时或导致死亡，并且在起病后四个月内（28天内）出现,,,double code with ,双重编码与,G46.0; G46.1; G46.2; G46.3; G46.4; G46.5; G46.6; G46.7; G46.8; I60.0; I60.1; I60.2; I60.3; I60.4; I60.5; I60.6; I60.7; I60.8; I60.9; I61.0; I61.1; I61.2; I61.3; I61.4; I61.5; I61.6; I61.8; I61.9; I62.0; I62.1; I62.9; I63.0; I63.1; I63.2; I63.3; I63.4; I63.5; I63.6; I63.8; I63.9; I64
K91,otherDiagnosis,K.7,Cerebrovascular disease,脑血管病,Cerebrovascular disease,脑血管病,cerebral aneurysm; sequelae of stroke,脑动脉瘤；卒中后遗症,,,previous transient cerebral ischaemia/stroke; or investigation evidence of cerebrovascular disease,既往短暂脑缺血发作/卒中；或有脑血管病的检查证据,,,,,I65.0; I65.1; I65.2; I65.3; I65.8; I65.9; I66.0; I66.1; I66.2; I66.3; I66.4; I66.8; I66.9; I67.0; I67.1; I67.2; I67.3; I67.5; I67.6; I67.7; I67.8; I67.9; I68.0; I68.1; I68.2; I68.8; I69.0; I69.1; I69.2; I69.3; I69.4; I69.8
K92,otherDiagnosis,K.7,Atherosclerosis/peripheral vascular disease,动脉粥样硬化/外周血管疾病,Atherosclerosis/periph vascular dis,动脉粥样硬化/外周血管疾病,arterial embolism/thrombosis/stenosis; arteriosclerosis; atheroma; endarteritis; gangrene; intermittent claudication; limb ischaemia; Raynaud's syndrome; vasospasm,动脉栓塞/血栓形成/狭窄；动脉硬化；粥样瘤；内膜炎；坏疽；间歇性跛行；肢体缺血；雷诺综合征；血管痉挛,mesenteric atherosclerosis ,肠系膜动脉粥样硬化,,,,,,,I70.0; I70.1; I70.2; I70.8; I70.9; I73.0; I73.1; I73.8; I73.9; I74.0; I74.1; I74.2; I74.3; I74.4; I74.5; I74.8; I74.9; R02
K93,otherDiagnosis,K.7,Pulmonary embolism,肺栓塞,Pulmonary embolism,肺栓塞,pulmonary (artery/vein) infarction; thromboembolism; thrombosis,肺动脉/静脉梗死；血栓栓塞；血栓形成,,,"sudden onset of dyspnoea/tachypnoea and either clinical or imaging evidence of pulmonary infarction, or ECG evidence of acute right ventricular strain",突然发作的呼吸困难/气促，并伴有临床或影像学证据的肺梗死，或心电图显示急性右心室负荷过重的证据,dyspnoea ,呼吸困难,,,I26.0; I26.9
K94,otherDiagnosis,K.7,Phlebitis/thrombophlebitis,静脉炎/血栓性静脉炎,Phlebitis/thrombophlebitis,静脉炎/血栓性静脉炎,phlebothrombosis; portal thrombosis; superficial/deep vein thrombosis,静脉血栓形成；门静脉血栓形成；浅表/深静脉血栓形成,cerebral thrombosis ,脑血栓形成,,,,,,,I80.0; I80.1; I80.2; I80.3; I80.8; I80.9; I81; I82.0; I82.1; I82.2; I82.3; I82.8; I82.9; I87.0
K95,otherDiagnosis,K.7,Varicose veins of leg,下肢静脉曲张,Varicose veins of leg,下肢静脉曲张,varicose eczema; venous insufficiency; venous stasis,静脉曲张性湿疹；静脉功能不全；静脉瘀滞,varicose ulcer ,静脉曲张性溃疡,presence of dilated superficial veins in lower extremities; or demonstration of valve incompetence of veins,下肢浅静脉曲张的存在；或静脉瓣功能不全的显示,prominent veins ,明显静脉突出,,,I83.1; I83.9; I87.2
K96,otherDiagnosis,K.7,Haemorrhoids,痔疮,Haemorrhoids,痔疮,internal haemorrhoids with/without complications; perianal haematoma; piles; residual haemorrhoidal skin tag; thrombosed external haemorrhoids; varicose veins of anus/rectum,内痔（有/无并发症）；肛周血肿；痔疮；残留痔皮肤.tag；血栓性外痔；肛门/直肠静脉曲张,,,"visualization of varicosities of the venous plexus of the anus or canal; or tender, painful, blue-coloured localized swelling of acute onset, in the perianal area; or skin tags in the perianal area",肛门或肛管静脉丛曲张的视诊；或会阴部急性起病的触痛、疼痛、蓝色局部肿胀；或会阴部皮肤赘生物,anal pain ,肛门痛,,,K64.0; K64.1; K64.2; K64.3; K64.4; K64.5; K64.8; K64.9
K99,otherDiagnosis,K.7,Cardiovascular disease other,其他心血管疾病,Cardiovascular disease other,其他心血管疾病,aortic aneurysm; arteriovenous fistula; arteritis; lymphoedema; oesophageal varices; other aneurysm; polyarteritis nodosa; varicose veins of sites other than lower extremities; vasculitis,主动脉瘤；动静脉瘘；动脉炎；淋巴水肿；食管曲张静脉；其他部位的动脉瘤；结节性多动脉炎；非下肢部位的静脉曲张；血管炎,chronic/non-specific lymphadenitis ,慢性/非特异性淋巴结炎,,,,,,,I71.0; I71.1; I71.2; I71.3; I71.4; I71.5; I71.6; I71.8; I71.9; I72.0; I72.1; I72.2; I72.3; I72.4; I72.5; I72.6; I72.8; I72.9; I77.0; I77.1; I77.2; I77.3; I77.4; I77.5; I77.6; I77.8; I77.9; I78.0; I78.8; I78.9; I79.0; I79.1; I79.2; I79.8; I85.0; I85.9; I86.0; I86.1; I86.2; I86.3; I86.4; I86.8; I87.1; I87.8; I87.9; I89.0; I98.0; I98.1; I98.2; I98.3; I98.8; I99; M30.0; M30.1; M30.2; M30.3; M30.8; M31.0; M31.1; M31.2; M31.3; M31.4; M31.5; M31.6; M31.7; M31.8; M31.9; R57.0; R57.1; T06.3
L01,symptom,L.1,Neck symptom/complaint,颈部症状/主诉,Neck symptom/complaint,颈部症状/主诉,pain attributed to cervical spine/musculoskeletal system,颈椎/肌肉骨骼系统所致疼痛,headache ,头痛,,,,,,,M54.0; M54.2
L02,symptom,L.1,Back symptom/complaint,背症状/主诉,Back symptom/complaint,背症状/主诉,backache NOS; thoracic back pain,背痛 NOS；胸背部疼痛,low back pain ,下背痛,,,,,,,M54.0; M54.6; M54.8; M54.9
L03,symptom,L.1,Low back symptom/complaint,低背部症状/主诉,Low back symptom/complaint,低背部症状/主诉,back pain (lumbar/sacroiliac); coccydynia; lumbago; lumbalgia,腰痛（腰椎/骶髂关节）；尾骨痛；急性腰痛；腰部疼痛,thoracic back pain ,胸背痛,,,,,,,M53.3; M54.0; M54.5
L04,symptom,L.1,Chest symptom/complaint,胸部症状/主诉,Chest symptom/complaint,胸部症状/主诉,chest pain attributed to musculoskeletal system,胸痛归因于肌肉骨骼系统,chest pain NOS ,胸痛 NOS,,,,,,,R07.3; R29.8
L05,symptom,L.1,Flank/axilla symptom/complaint,flank/腋窝症状/主诉,Flank/axilla symptom/complaint,flank/腋窝症状/主诉,loin pain,腰痛,kidney symptom ,肾脏症状,,,,,,,R29.8
L07,symptom,L.1,Jaw symptom/complaint,颌部症状/主诉,Jaw symptom/complaint,颌部症状/主诉,temporomandibular joint symptom,颞下颌关节症状,teeth/gum symptom/complaint ,牙齿/牙龈症状/主诉,,,,,,,K07.6; K10.8; M25.4; M25.5; M25.6; R29.8
L08,symptom,L.1,Shoulder symptom/complaint,肩部症状/主诉,Shoulder symptom/complaint,肩部症状/主诉,,,,,,,,,,,M25.4; M25.5; M25.6
L09,symptom,L.1,Arm symptom/complaint,上肢症状/主诉,Arm symptom/complaint,上肢症状/主诉,,,muscle pain/myalgia ,肌肉痛/肌痛,,,,,,,M79.6; R29.8
L10,symptom,L.1,Elbow symptom/complaint,肘部症状/主诉,Elbow symptom/complaint,肘部症状/主诉,,,,,,,,,,,M25.4; M25.5; M25.6
L11,symptom,L.1,Wrist symptom/complaint,腕部症状/主诉,Wrist symptom/complaint,腕部症状/主诉,,,,,,,,,,,M25.4; M25.5; M25.6
L12,symptom,L.1,Hand/finger symptom/complaint,手/指症状/主诉,Hand/finger symptom/complaint,手/指症状/主诉,,,,,,,,,,,M25.4; M25.5; M25.6; M79.6; R29.8
L13,symptom,L.1,Hip symptom/complaint,髋部症状/主诉,Hip symptom/complaint,髋部症状/主诉,,,,,,,,,,,M25.4; M25.5; M25.6; R29.4
L14,symptom,L.1,Leg/thigh symptom/complaint,腿/大腿症状/主诉,Leg/thigh symptom/complaint,腿/大腿症状/主诉,leg cramps,腿痉挛,muscle pain/myalgia ,肌肉痛/肌痛,,,,,,,M79.6; R29.8
L15,symptom,L.1,Knee symptom/complaint,膝关节症状/主诉,Knee symptom/complaint,膝关节症状/主诉,,,,,,,,,,,M25.4; M25.5; M25.6
L16,symptom,L.1,Ankle symptom/complaint,踝部症状/主诉,Ankle symptom/complaint,踝部症状/主诉,,,,,,,,,,,M25.4; M25.5; M25.6
L17,symptom,L.1,Foot/toe symptom/complaint,足/趾症状/主诉,Foot/toe symptom/complaint,足/趾症状/主诉,metatarsalgia,跖痛症,,,,,,,,,M25.4; M25.5; M25.6; M77.4; M79.6; R29.8
L18,symptom,L.1,Muscle pain,肌肉痛,Muscle pain,肌肉痛,fibromyalgia; fibrositis; myalgia; panniculitis; rheumatism,纤维肌痛症；纤维炎；肌痛；皮下脂肪炎；风湿病,pain in neck ,颈部疼痛,,,,,,,M60.1; M60.2; M60.8; M60.9; M79.0; M79.1; M79.3; M79.6; M79.7; R25.2
L19,symptom,L.1,Muscle symptom/complaint NOS,肌肉症状/主诉 NOS,Muscle symptom/complaint NOS,肌肉症状/主诉 NOS,atrophy/wasting/weakness of muscle; muscle stiffness/strain,肌肉萎缩/消瘦/无力；肌肉僵硬/拉伤,pain in neck ,颈部疼痛,,,,,,,M62.5; M62.6; M79.9
L20,symptom,L.1,Joint symptom/complaint NOS,关节症状/主诉 NOS,Joint symptom/complaint NOS,关节症状/主诉 NOS,arthralgia; effusion/swelling of joint; pain/stiffness/weakness in joint,关节痛；关节积液/肿胀；关节疼痛/僵硬/无力,Jaw symptom/complaint ,颌部症状/主诉,,,,,,,M25.4; M25.5; M25.6; M25.8; M25.9
L26,symptom,L.1,Fear of cancer musculoskeletal,癌症骨髓恐惧症,Fear of cancer musculoskeletal,癌症骨髓恐惧症,,,"if the patient has the disease, code the disease",如果患者患有该疾病，编码该疾病,concern about/fear of cancer of musculoskeletal system in a patient without cancer/until the diagnosis is proven,疑虑/恐惧骨骼肌肉系统恶性肿瘤（患者无癌症诊断/直至诊断证实）,,,,,Z71.1
L27,symptom,L.1,Fear of musculoskeletal disease other,其他肌肉骨骼疾病恐惧症,Fear of musculoskeletal dis other,其他肌肉骨骼障碍的恐惧,,,fear of musculoskeletal cancer ,骨癌恐惧症,concern about/fear of a musculoskeletal disease in a patient without the disease/until the diagnosis is proven,疑虑/恐惧患者患有肌肉骨骼疾病（在确诊前无该病）,,,,,Z71.1
L28,symptom,L.1,Limited function/disability (L),有限功能/残疾 (L),Limited function/disability (L),有限功能/残疾 (L),,,falls ,跌倒,limitation of function/disability due to a musculoskeletal problem,肌肉骨骼问题所致的功能限制/残疾,,,The COOP/WONCA Charts are suitable for documenting the patient's functional status (see Chapter 8).,COOP/WONCA图表适合记录患者的功能状态（见第八章）。,R26.2; Z73.6
L29,symptom,L.1,Musculoskeletal symptom/complaint other,肌肉骨骼系统其他症状/主诉,Musculoskeletal sympt/complt other,肌肉骨骼系统症状和体征其他,'growing pains' in a child,生长痛,clubbing of fingernails ,杵状指甲,,,,,,,R26.8; R29.3; R29.8
L70,infection,L.7,Infection of musculoskeletal system,肌肉骨骼系统感染,Infection of musculoskeletal system,肌肉骨骼系统感染,infective tenosynovitis; osteomyelitis; pyogenic arthritis,感染性腱鞘炎；骨髓炎；化脓性关节炎,Reiter's disease ,赖特病,infection localized in musculoskeletal system,肌肉骨骼系统局部感染,,,,,M00.0; M00.1; M00.2; M00.8; M00.9; M01.0; M01.1; M01.2; M01.3; M01.4; M01.5; M01.6; M01.8; M46.2; M46.3; M46.4; M46.5; M60.0; M65.0; M65.1; M71.0; M71.1; M72.6; M72.8; M86.0; M86.1; M86.2; M86.3; M86.4; M86.5; M86.6; M86.8; M86.9
L71,neoplasm,L.7,Malignant neoplasm musculoskeletal,恶性骨肿瘤,Malignant neoplasm musculoskeletal,恶性骨肿瘤,fibrosarcoma; osteosarcoma,纤维肉瘤；骨肉瘤,benign/unspecified musculoskeletal neoplasm ,良性/未特指的肌肉骨骼肿瘤,characteristic histological appearance,特征性组织学表现,,,,,C40.0; C40.1; C40.2; C40.3; C40.8; C40.9; C41.0; C41.1; C41.2; C41.3; C41.4; C41.8; C41.9; C46.1; C49.0; C49.1; C49.2; C49.3; C49.4; C49.5; C49.6; C49.8; C49.9
L72,injury,L.7,Fracture: radius/ulna,桡骨/尺骨骨折,Fracture: radius/ulna,桡骨/尺骨骨折,Colles' fracture,科勒骨折,pathological fracture (osteoporosis) ,病理性骨折（骨质疏松症）,imaging evidence of a fracture; or trauma plus visible/palpable deformity or crepitus involving the bone,影像学证据显示骨折；或外伤伴有骨骼可见/可触及畸形或骨擦感,arm symptom ,上肢症状,,,S52.0; S52.1; S52.2; S52.3; S52.4; S52.5; S52.6; S52.7; S52.8; S52.9
L73,injury,L.7,Fracture: tibia/fibula,骨折：胫腓骨,Fracture: tibia/fibula,骨折：胫腓骨,Pott's fracture,波特骨折,fracture patella ,髌骨骨折,imaging evidence of a fracture; or trauma plus visible/palpable deformity or crepitus involving the bone,影像学证据显示骨折；或外伤伴有骨骼可见/可触及畸形或骨擦感,leg symptom ,腿的症状,,,S82.1; S82.2; S82.3; S82.4; S82.5; S82.6; S82.7; S82.8; S82.9
L74,injury,L.7,Fracture: hand/foot bone,骨折：手/足骨,Fracture: hand/foot bone,骨折：手/足骨,fracture carpal/metacarpal bone; fracture phalange hand/foot; fracture tarsal/metatarsal bone,腕骨和掌骨骨折；指骨手和足骨折；跗骨和跖骨骨折,pathological fracture (osteoporosis) ,病理性骨折（骨质疏松症）,imaging evidence of a fracture; or trauma plus visible/palpable deformity or crepitus involving the bone,影像学证据显示骨折；或外伤伴有骨骼可见/可触及畸形或骨擦感,arm symptom ,上肢症状,,,S62.0; S62.1; S62.2; S62.3; S62.4; S62.5; S62.6; S62.7; S62.8; S92.0; S92.1; S92.2; S92.3; S92.4; S92.5; S92.7; S92.9
L75,injury,L.7,Fracture: femur,骨折：股骨,Fracture: femur,骨折：股骨,,,pathological fracture (osteoporosis) ,病理性骨折（骨质疏松症）,imaging evidence of a fracture; or trauma plus visible/palpable deformity or crepitus involving the bone,影像学证据显示骨折；或外伤伴有骨骼可见/可触及畸形或骨擦感,leg symptom ,腿的症状,,,S72.0; S72.1; S72.2; S72.3; S72.4; S72.7; S72.8; S72.9
L76,injury,L.7,Fracture: other,骨折：其他,Fracture: other,骨折：其他,,,fractures in radius/ulna ,桡尺骨骨折,imaging evidence of a fracture; or trauma plus visible/palpable displacement of the bone surface,影像学证据显示骨折；或外伤加上骨表面可见/可触及的移位,symptoms in component 1 **,第一部分的症状 **,,,S02.2; S02.3; S02.4; S02.6; S02.7; S02.8; S02.9; S12.0; S12.1; S12.2; S12.7; S12.8; S12.9; S22.0; S22.1; S22.2; S22.3; S22.4; S22.5; S22.8; S22.9; S32.0; S32.1; S32.2; S32.3; S32.4; S32.5; S32.7; S32.8; S42.0; S42.1; S42.2; S42.3; S42.4; S42.7; S42.8; S42.9; S82.0; T08; T10; T12; T14.2
L77,injury,L.7,Sprain/strain of ankle,踝关节扭伤/拉伤,Sprain/strain of ankle,踝关节扭伤/拉伤,,,,,stretch injury of the affected part plus pain aggravated by stretching or tensing the affected structure,伸展性损伤加上牵拉或紧张受损结构时疼痛加重,ankle symptom ,踝部症状,,,S93.4
L78,injury,L.7,Sprain/strain of knee,膝关节扭伤/拉伤,Sprain/strain of knee,膝关节扭伤/拉伤,,,acute damage of meniscus/internal ligament of knee ,急性半月板/内侧副韧带膝关节损伤,stretch injury of the affected part plus pain aggravated by stretching or tensing the affected structure,伸展性损伤加上牵拉或紧张受损结构时疼痛加重,,,,,S83.4; S83.6
L79,injury,L.7,Sprain/strain of joint NOS,关节扭伤/拉伤 NOS,Sprain/strain of joint NOS,关节扭伤/拉伤 NOS,sprain/strain of other joint/ligament; whiplash,其他关节或韧带扭伤/拉伤；挥鞭伤,sprain/strain ankle ,踝关节扭伤/拉伤,stretch injury of the affected part plus pain aggravated by stretching or tensing the affected structure,伸展性损伤加上牵拉或紧张受损结构时疼痛加重,symptoms in component 1 **,第一部分的症状 **,,,S03.4; S03.5; S13.4; S13.5; S13.6; S23.3; S23.4; S23.5; S33.6; S43.4; S43.5; S43.6; S43.7; S53.2; S53.3; S53.4; S63.3; S63.4; S63.5; S63.6; S63.7; S73.1; S93.2; S93.5; S93.6; T09.2; T11.2; T13.2; T14.3
L80,injury,L.7,Dislocation/subluxation,脱位/半脱位,Dislocation/subluxation,脱位/半脱位,"dislocation/subluxation any site, including spine",脱位/半脱位任何部位，包括脊柱,,,"trauma to the joint plus either imaging evidence of a dislocation/ subluxation, or visible/palpable dislocation deformity",关节损伤伴有关节脱位或半脱位的影像学证据，或可见、可触及的关节脱位畸形,symptoms in component 1 **,第一部分的症状 **,code fracture dislocations to the fracture,骨折脱位的编码(fracture dislocations),M22.0; M22.1; S03.0; S03.3; S13.0; S13.1; S13.2; S13.3; S23.0; S23.1; S23.2; S33.0; S33.1; S33.2; S33.3; S43.0; S43.1; S43.2; S43.3; S53.0; S53.1; S63.0; S63.1; S63.2; S73.0; S83.0; S83.1; S93.0; S93.1; S93.3; T09.2; T11.2; T13.2; T14.3
L81,injury,L.7,Injury musculoskeletal NOS,损伤，肌肉骨骼系统 NOS,Injury musculoskeletal NOS,损伤，肌肉骨骼系统 NOS,deep foreign body; traumatic amputation; traumatic hemartrosis,深部异物；创伤性断肢；创伤性血关节腔出血,"internal injury of chest/abdomen/pelvis, multiple trauma ",胸腹盆腔多发性损伤,,,,,,,M79.5; S09.1; S16; S20.2; S30.0; S30.1; S33.4; S39.0; S39.8; S39.9; S40.0; S46.0; S46.1; S46.2; S46.3; S46.7; S46.8; S46.9; S47; S48.0; S48.1; S48.9; S49.7; S49.8; S49.9; S50.0; S50.1; S56.0; S56.1; S56.2; S56.3; S56.4; S56.5; S56.7; S56.8; S57.0; S57.8; S57.9; S58.0; S58.1; S58.9; S59.7; S59.8; S59.9; S60.0; S60.1; S60.2; S66.0; S66.1; S66.2; S66.3; S66.4; S66.5; S66.6; S66.7; S66.8; S66.9; S67.0; S67.8; S68.0; S68.1; S68.2; S68.3; S68.4; S68.8; S68.9; S69.7; S69.8; S69.9; S70.0; S70.1; S76.0; S76.1; S76.2; S76.3; S76.4; S76.7; S77.0; S77.1; S77.2; S78.0; S78.1; S78.9; S79.7; S79.8; S79.9; S80.0; S80.1; S86.0; S86.1; S86.2; S86.3; S86.7; S86.8; S86.9; S87.0; S87.8; S88.0; S88.1; S88.9; S89.7; S89.8; S89.9; S90.0; S90.1; S90.2; S90.3; S96.0; S96.1; S96.2; S96.7; S96.8; S96.9; S97.0; S97.1; S97.8; S98.0; S98.1; S98.2; S98.3; S98.4; S99.7; S99.8; S99.9; T06.4; T09.5; T09.6; T09.8; T09.9; T11.0; T11.5; T11.6; T11.8; T11.9; T13.0; T13.4; T13.5; T13.6; T13.8; T13.9; T14.3; T14.6; T14.7
L82,congenital,L.7,Congenital anomaly musculoskeletal,先天性骨骼肌肉系统畸形,Congenital anomaly musculoskeletal,先天性骨骼肌肉系统畸形,bow leg; clubfoot (talipes); congenital dislocation of hip; congenital malformation of skull and face; genu recurvatum; other congenital deformity of the foot,O形腿；畸形足（先天性马蹄内翻足）；先天性髋关节脱位；颅面先天性畸形；膝反屈；其他足部先天性畸形,scoliosis ,脊柱侧弯,,,,,,,Q65.0; Q65.1; Q65.2; Q65.3; Q65.4; Q65.5; Q65.6; Q65.8; Q65.9; Q66.0; Q66.1; Q66.2; Q66.3; Q66.4; Q66.5; Q66.6; Q66.7; Q66.8; Q66.9; Q67.0; Q67.1; Q67.2; Q67.3; Q67.4; Q67.5; Q67.6; Q67.7; Q67.8; Q68.0; Q68.1; Q68.2; Q68.3; Q68.4; Q68.5; Q68.8; Q69.0; Q69.1; Q69.2; Q69.9; Q70.0; Q70.1; Q70.2; Q70.3; Q70.4; Q70.9; Q71.0; Q71.1; Q71.2; Q71.3; Q71.4; Q71.5; Q71.6; Q71.8; Q71.9; Q72.0; Q72.1; Q72.2; Q72.3; Q72.4; Q72.5; Q72.6; Q72.7; Q72.8; Q72.9; Q73.0; Q73.1; Q73.8; Q74.0; Q74.1; Q74.2; Q74.3; Q74.8; Q74.9; Q75.0; Q75.1; Q75.2; Q75.3; Q75.4; Q75.5; Q75.8; Q75.9; Q76.0; Q76.1; Q76.2; Q76.3; Q76.4; Q76.5; Q76.6; Q76.7; Q76.8; Q76.9; Q77.0; Q77.1; Q77.2; Q77.3; Q77.4; Q77.5; Q77.6; Q77.7; Q77.8; Q77.9; Q78.0; Q78.1; Q78.2; Q78.3; Q78.4; Q78.5; Q78.6; Q78.8; Q78.9; Q79.0; Q79.1; Q79.2; Q79.3; Q79.4; Q79.5; Q79.6; Q79.8; Q79.9
L83,otherDiagnosis,L.7,Neck syndrome,颈综合征,Neck syndrome,颈综合征,cervical disc lesion  with/without radiation of pain; cervicobrachial syndrome with/without radiation of pain; cervicogenic headache  with/without radiation of pain; osteoarthritis of neck  with/without radiation of pain; radicular syndrome of upper limbs  with/without radiation of pain; spondylosis  with/without radiation of pain; torticollis  with/without radiation of pain,颈椎间盘病变伴或不伴有疼痛放射；颈肩综合征伴或不伴有疼痛放射；颈椎性头痛伴或不伴有疼痛放射；颈部骨关节炎伴或不伴有疼痛放射；上肢根性症状伴或不伴有疼痛放射；脊柱退行性变伴或不伴有疼痛放射；项强症伴或不伴有疼痛放射,,,,,,,,,M43.0; M43.1; M43.3; M43.4; M43.6; M46.0; M47.1; M47.2; M47.8; M47.9; M48.0; M48.1; M48.2; M48.3; M48.4; M48.5; M48.8; M48.9; M50.0; M50.1; M50.2; M50.3; M50.8; M50.9; M53.0; M53.1
L84,otherDiagnosis,L.7,Back syndrome without radiating pain,无放射痛的背部综合征,Back syndrome without radiat pain,无放射痛的背部综合征,back strain; collapsed vertebra NOS; facet joint degeneration; osteoarthrosis/osteoarthritis of spine; spondylolisthesis; spondylosis,背部拉伤；椎体塌陷NOS；关节突关节退行性变；脊柱骨关节病/脊柱骨关节炎；滑脱症；脊柱退行性变,coccydynia ,尾骨痛,back pain without radiation plus limitation of movement confirmed at medical examination,背痛伴活动受限（经医学检查证实）,symptom/complaint back ,主诉/背痛,,,M43.0; M43.1; M43.5; M46.0; M46.1; M46.8; M46.9; M47.0; M47.8; M47.9; M48.0; M48.1; M48.2; M48.3; M48.4; M48.5; M48.8; M48.9; M51.2; M51.3; M51.4; M51.8; M51.9; M53.2; M53.3; M53.8; M53.9; S33.5; S33.7
L85,otherDiagnosis,L.7,Acquired deformity of spine,获得性脊柱畸形,Acquired deformity of spine,获得性脊柱畸形,kyphoscoliosis; kyphosis; lordosis; scoliosis,后凸侧弯；后凸；腰突症；侧凸,congenital deformity ,先天畸形,,,,,,,M40.0; M40.1; M40.2; M40.3; M40.4; M40.5; M41.0; M41.1; M41.2; M41.3; M41.4; M41.5; M41.8; M41.9; M43.8; M43.9
L86,otherDiagnosis,L.7,Back syndrome with radiating pain,背综合征伴放射痛,Back syndrome with radiating pain,背综合征伴放射痛,disc prolapse/degeneration; sciatica,椎间盘突出/退行性变；坐骨神经痛,cervical disc lesion ,颈椎间盘病变,"pain in the lumbar/thoracic region of the spine, accompanied by pain radiating to, or a neurological deficit of an appropriate area; or sciatica, pain radiating down the back of the leg, aggravated by coughing, movement, or posture; or demonstration of a prolapsed lumbar or thoracic disc by appropriate imaging technique, or at surgery",脊柱腰段/胸段疼痛，伴有疼痛放射至相应区域或相应的神经功能缺损；或坐骨神经痛，疼痛沿腿后方放射，咳嗽、活动或体位改变时加重；或通过适当的影像技术或手术证实腰椎或胸椎间盘突出,back pain ,背痛,exclude referred pain which is diffuse,排除牵涉痛（弥散性）,G55.0; G55.1; G55.2; G55.3; G55.8; M47.1; M47.2; M51.0; M51.1; M51.2; M51.3; M51.4; M51.8; M51.9; M54.3; M54.4
L87,otherDiagnosis,L.7,Bursitis/tendinitis/synovitis NOS,滑囊炎/腱鞘炎/关节滑膜炎 NOS,Bursitis/tendinitis/synovitis NOS,滑囊炎/腱鞘炎/关节滑膜炎 NOS,bone spurs; calcified tendon; Dupuytren's contracture; fasciitis; ganglion; synovial cysts; tenosynovitis; trigger finger,骨刺；钙化肌腱；Dupuytren挛缩症；筋膜炎；囊肿（ganglion囊肿）；滑膜囊肿；腱鞘炎；弹响指,bursitis/tendinitis/synovitis of shoulder ,肩部滑囊炎/肌腱炎/关节滑膜炎,,,,,,,M65.2; M65.3; M65.4; M65.8; M65.9; M67.3; M67.4; M70.0; M70.1; M70.2; M70.3; M70.4; M70.5; M70.6; M70.7; M70.8; M70.9; M71.2; M71.3; M71.4; M71.5; M71.8; M71.9; M72.0; M72.1; M72.2; M72.4; M72.9; M76.0; M76.1; M76.2; M76.3; M76.4; M76.5; M76.6; M76.7; M76.8; M76.9; M77.0; M77.2; M77.3; M77.5; M77.8; M77.9
L88,otherDiagnosis,L.7,Rheumatoid/seropositive arthritis,类风湿性关节炎/阳性血清型关节炎,Rheumatoid/seropositive arthritis,类风湿性关节炎/阳性血清型关节炎,allied condition: ankylosing spondylitis; allied condition: juvenile arthritis,相关疾病：强直性脊柱炎；相关疾病：幼年型关节炎,psoriatic arthropathy ,银屑病关节病变,,,,,,,M05.0; M05.1; M05.2; M05.3; M05.8; M05.9; M06.0; M06.1; M06.2; M06.3; M06.4; M06.8; M06.9; M08.0; M08.1; M08.2; M08.3; M08.4; M08.8; M08.9; M45
L89,otherDiagnosis,L.7,Osteoarthrosis of hip,髋关节骨关节病,Osteoarthrosis of hip,髋关节骨关节病,osteoarthritis of hip secondary to dysplasia/trauma,髋关节发育不良/外伤继发性骨关节炎,,,"either characteristic imaging appearance; or joint disorder of at least 3 months' duration, with no constitutional symptoms such as fever, malaise, etc. and three or more of the following: intermittent swelling; crepitation; stiffness/limitation of movement; normal ESR, rheumatoid tests, and uric acid; over 40 years of age",具有特征性影像表现；或至少3个月病程的关节病变，无发热、乏力等全身症状，并伴有以下三项或以上情况：间歇性肿胀；弹响声；活动受限/僵硬；正常ESR、类风湿检查结果和尿酸水平；年龄超过40岁,joint symptom ,关节症状,,,M16.0; M16.1; M16.2; M16.3; M16.4; M16.5; M16.6; M16.7; M16.9
L90,otherDiagnosis,L.7,Osteoarthrosis of knee,膝骨关节病,Osteoarthrosis of knee,膝骨关节病,osteoarthritis of knee secondary to dysplasia/trauma,膝关节因发育不良/外伤所致骨关节炎,,,"either characteristic imaging appearance; or joint disorder of at least 3 months' duration, with no constitutional symptoms such as fever, malaise, etc. and three or more of the following: intermittent swelling; crepitation; stiffness/limitation of movement; normal ESR, rheumatoid tests, and uric acid; over 40 years of age",具有特征性影像表现；或至少3个月病程的关节病变，无发热、乏力等全身症状，并伴有以下三项或以上情况：间歇性肿胀；弹响声；活动受限/僵硬；正常ESR、类风湿检查结果和尿酸水平；年龄超过40岁,joint symptom ,关节症状,,,M17.0; M17.1; M17.2; M17.3; M17.4; M17.5; M17.9
L91,otherDiagnosis,L.7,Osteoarthrosis other,其他骨关节病,Osteoarthrosis other,其他骨关节病,arthritis NOS; osteoarthritis; traumatic arthropathy,关节炎NOS；骨关节炎；创伤性关节病,osteoarthrosis of neck ,颈椎骨关节病,"either characteristic imaging appearance; or joint disorder of at least 3 months' duration, with no constitutional symptoms such as fever, malaise, etc. and three or more of the following: intermittent swelling; crepitation; stiffness/limitation of movement; normal ESR, rheumatoid tests, and uric acid; over 40 years of age",具有特征性影像表现；或至少3个月病程的关节病变，无发热、乏力等全身症状，并伴有以下三项或以上情况：间歇性肿胀；弹响声；活动受限/僵硬；正常ESR、类风湿检查结果和尿酸水平；年龄超过40岁,joint symptom ,关节症状,,,M13.0; M13.1; M13.8; M13.9; M15.0; M15.1; M15.2; M15.3; M15.4; M15.8; M15.9; M18.0; M18.1; M18.2; M18.3; M18.4; M18.5; M18.9; M19.0; M19.1; M19.2; M19.8; M19.9
L92,otherDiagnosis,L.7,Shoulder syndrome,肩部综合征,Shoulder syndrome,肩部综合征,bursitis of shoulder; frozen shoulder; osteoarthrosis/synovitis of shoulder; rotator cuff syndrome; tendinitis around shoulder,肩部滑囊炎；冻结肩；肩关节骨关节病/滑膜炎；肩袖综合症；肩周围肌腱炎,,,shoulder pain with limitation of movement/local tenderness/crepitus; or periarticular calcification on imaging,肩痛伴活动受限/局部压痛/弹响；或影像学显示关节周围钙化,,,,,M19.0; M19.1; M19.2; M19.8; M19.9; M75.0; M75.1; M75.2; M75.3; M75.4; M75.5; M75.8; M75.9
L93,otherDiagnosis,L.7,Tennis elbow,网球肘,Tennis elbow,网球肘,lateral epicondylitis,外上髁炎,other tendinitis ,其他肌腱炎,,,,,,,M77.1
L94,otherDiagnosis,L.7,Osteochondrosis,骨软骨病,Osteochondrosis,骨软骨病,Legg-Calvé-Perthes disease; Osgood-Schlatter disease; osteochondritis dissecans; Scheuermann's disease; slipped femoral epiphysis,勒-卡维尔-佩特斯病；奥斯古德-施劳斯病；骨软骨炎；席埃曼病；股骨头滑脱症,,,,,,,,,M42.0; M42.1; M42.9; M91.0; M91.1; M91.2; M91.3; M91.8; M91.9; M92.0; M92.1; M92.2; M92.3; M92.4; M92.5; M92.6; M92.7; M92.8; M92.9; M93.0; M93.1; M93.2; M93.8; M93.9
L95,otherDiagnosis,L.7,Osteoporosis,骨质疏松症,Osteoporosis,骨质疏松症,pathological fracture due to osteoporosis,骨质疏松所致病理性骨折,,,characteristic imaging appearance,特征性影像表现,,,,,M80.0; M80.1; M80.2; M80.3; M80.4; M80.5; M80.8; M80.9; M81.0; M81.1; M81.2; M81.3; M81.4; M81.5; M81.6; M81.8; M81.9; M82.0; M82.1; M82.8
L96,injury,L.7,Acute internal damage knee,急性膝关节内损伤,Acute internal damage knee,急性膝关节内损伤,acute damage to meniscus/cruciate ligaments,急性半月板/十字韧带损伤,acute damage to collateral ligaments ,急性副韧带损伤,"an initial injury which occurred no longer than one month previously and demonstration of ligament/meniscus tear by surgery/arthroscopy/imaging, or by locking/giving way, pain, and swelling of knee",一个月以内初次受伤，并通过手术、关节镜或影像学检查证实了韧带/半月板撕裂，或者表现为膝关节卡住、无力、疼痛和肿胀的现象,knee symptom ,膝关节症状,,,S83.2; S83.3; S83.5; S83.7
L97,neoplasm,L.7,Neoplasm musculoskeletal benign/unspecified,良性/未特指的肌肉骨骼肿瘤,Neoplasm musculoskel benign/unspec,良性/未特指的肌肉骨骼肿瘤,benign musculoskeletal neoplasm; musculoskeletal neoplasm not specified as benign or malignant/when histology is not available,良性肌肉骨骼肿瘤；未指明为良性的或恶性的肌肉骨骼肿瘤/当组织学资料不可用时,malignant musculoskeletal neoplasm ,恶性骨肿瘤,,,,,,,D16.0; D16.1; D16.2; D16.3; D16.4; D16.5; D16.6; D16.7; D16.8; D16.9; D21.0; D21.1; D21.2; D21.3; D21.4; D21.5; D21.6; D21.9; D48.0; D48.1; K10.1
L98,otherDiagnosis,L.7,Acquired deformity of limb,获得性肢体畸形,Acquired deformity of limb,获得性肢体畸形,bunion; genu valgum-varum; hallux valgus/varus; mallet finger; pes planus (flatfoot),鸡眼；膝内翻-外翻；拇外翻-拇内翻；锤状指；扁平足（平脚）,general congenital deformity/anomaly ,先天性畸形/异常,,,,,,,M20.0; M20.1; M20.2; M20.3; M20.4; M20.5; M20.6; M21.0; M21.1; M21.2; M21.3; M21.4; M21.5; M21.6; M21.7; M21.8; M21.9
L99,otherDiagnosis,L.7,Musculoskeletal disease other,其他肌肉骨骼疾病,Musculoskeletal disease other,其他肌肉骨骼疾病,arthrodesis; chronic internal derangement of knee; contractures; costochondritis; dermatomyositis; disorder of patella; malunion/ non-union of fracture; myositis; Paget's disease of bone; pathological fracture N0S; polymyalgia rheumatica; psoriatic arthritis (code also ,关节融合术；膝关节慢性内部紊乱；挛缩；胸肋软骨炎；皮肌炎；髌骨疾病；骨折愈合不良/不愈合；肌炎；骨巨细胞瘤；病理性骨折 NOS；风湿性多肌痛；银屑病关节炎（也包括代码）,pathological fracture due to osteoporosis ,骨质疏松所致病理性骨折,,,,,,,K09.2; K10.9; M02.0; M02.1; M02.2; M02.3; M02.8; M02.9; M03.0; M03.1; M03.2; M03.6; M07.0; M07.1; M07.2; M07.3; M07.4; M07.5; M07.6; M09.0; M09.1; M09.2; M09.8; M12.0; M12.1; M12.2; M12.3; M12.4; M12.5; M12.8; M14.0; M14.1; M14.2; M14.3; M14.4; M14.5; M14.6; M14.8; M22.2; M22.3; M22.4; M22.8; M22.9; M23.0; M23.1; M23.2; M23.3; M23.4; M23.5; M23.6; M23.8; M23.9; M24.0; M24.1; M24.2; M24.3; M24.4; M24.5; M24.6; M24.7; M24.8; M24.9; M25.0; M25.1; M25.2; M25.3; M25.7; M25.8; M25.9; M32.0; M32.1; M32.8; M32.9; M33.0; M33.1; M33.2; M33.9; M34.0; M34.1; M34.2; M34.8; M34.9; M35.0; M35.1; M35.2; M35.3; M35.4; M35.5; M35.6; M35.7; M35.8; M35.9; M36.0; M36.1; M36.2; M36.3; M36.4; M36.8; M43.2; M49.0; M49.1; M49.2; M49.3; M49.4; M49.5; M49.8; M54.1; M61.0; M61.1; M61.2; M61.3; M61.4; M61.5; M61.9; M62.0; M62.1; M62.2; M62.3; M62.4; M62.8; M62.9; M63.0; M63.1; M63.2; M63.3; M63.8; M66.0; M66.1; M66.2; M66.3; M66.4; M66.5; M67.0; M67.1; M67.2; M67.8; M67.9; M68.0; M68.8; M73.0; M73.1; M73.8; M79.4; M79.8; M84.0; M84.1; M84.2; M84.3; M84.4; M84.8; M84.9; M85.0; M85.1; M85.2; M85.3; M85.4; M85.5; M85.6; M85.8; M85.9; M87.0; M87.1; M87.2; M87.3; M87.8; M87.9; M88.0; M88.8; M88.9; M89.0; M89.1; M89.2; M89.3; M89.4; M89.5; M89.6; M89.8; M89.9; M90.0; M90.1; M90.2; M90.3; M90.4; M90.5; M90.6; M90.7; M90.8; M94.0; M94.1; M94.2; M94.3; M94.8; M94.9; M95.0; M95.1; M95.2; M95.3; M95.4; M95.5; M95.8; M95.9; M99.0; M99.1; M99.2; M99.3; M99.4; M99.5; M99.6; M99.7; M99.8; M99.9; T79.6; Z89.0; Z89.1; Z89.2; Z89.3; Z89.4; Z89.5; Z89.6; Z89.7; Z89.8; Z89.9; Z98.1
N01,symptom,N.1,Headache,头痛,Headache,头痛,post-traumatic headache,创伤后头痛,cervicogenic headache ,颈椎源性头痛,,,,,,,G44.3; G44.8; R51
N03,symptom,N.1,Pain face,疼痛面容,Pain face,疼痛面容,,,toothache ,牙痛,,,,,,,G50.1; R51
N04,symptom,N.1,Restless legs,不宁腿综合征,Restless legs,不宁腿综合征,,,intermittent claudication ,间歇性跛行,,,,,,,G25.8
N05,symptom,N.1,Tingling fingers/feet/toes,手指/脚趾麻木感,Tingling fingers/feet/toes,手指/脚趾麻木感,burning sensation; paraesthesia; prickly feeling fingers/feet/toes,灼烧感；感觉异常；针刺感（手指/脚趾/足趾）,pain/tenderness of skin ,皮肤疼痛/压痛,,,,,,,R20.2
N06,symptom,N.1,Sensation disturbance other,感觉障碍其他未特指,Sensation disturbance other,感觉障碍其他未特指,anaesthesia; numbness,麻醉；麻木,tingling fingers/feet/toes ,手指/足部/脚趾刺痛感,,,,,,,R20.0; R20.1; R20.3; R20.8
N07,symptom,N.1,Convulsion/seizure,抽搐/癫痫发作,Convulsion/seizure,抽搐/癫痫发作,febrile convulsion; fit,热性惊厥；发作,fainting ,晕厥,,,,,,,R56.0; R56.8
N08,symptom,N.1,Abnormal involuntary movements,不正常的自主运动,Abnormal involuntary movements,不正常的自主运动,dystonic movements; jerking; myoclonus; shaking; tetany; tremor; twitching,dystonic运动；阵挛；肌阵挛；震颤；强直；震颤；抽动,chorea ,舞蹈症,,,,,,,G25.0; G25.1; G25.2; G25.3; G25.4; G25.5; G25.6; G25.8; G25.9; R25.0; R25.1; R25.3; R25.8; R29.0
N16,symptom,N.1,Disturbance of smell/taste,嗅觉/味觉障碍,Disturbance of smell/taste,嗅觉/味觉障碍,anosmia,嗅觉丧失,halitosis ,口臭,,,,,,,R43.0; R43.1; R43.2; R43.8
N17,symptom,N.1,Vertigo/dizziness,眩晕/头晕,Vertigo/dizziness,眩晕/头晕,feeling faint/lightheaded; giddiness; loss of balance; woozy,头晕；眩晕；失去平衡；恍惚,syncope/blackout ,晕厥/失神,,,,,,,R42
N18,symptom,N.1,Paralysis/weakness,瘫痪/无力,Paralysis/weakness,瘫痪/无力,paraplegia; paresis; tetraplegia,截瘫；麻痹；四肢瘫痪,general weakness ,乏力,,,,,,,G81.0; G81.1; G81.9; G82.0; G82.1; G82.2; G82.3; G82.4; G82.5; G83.0; G83.1; G83.2; G83.3; G83.4; G83.8; G83.9; G98
N19,symptom,N.1,Speech disorder,言语障碍,Speech disorder,言语障碍,aphasia; dysarthria; dysphasia; slurred speech,失语症；构音障碍；吞咽困难；言语不清,stammering/stuttering ,口吃,,,,,,,G83.5; R47.0; R47.1; R47.8
N26,symptom,N.1,Fear of cancer of neurological system,神经系统肿瘤恐惧症,Fear cancer neurological system,恐癌神经系统,,,"if the patient has the disease, code the disease",如果患者患有该疾病，编码该疾病,concern about/fear of neurological cancer in a patient without the disease/until the diagnosis is proven,疑虑/恐惧神经系统肿瘤（于未患病患者/直至诊断证实前）,,,,,Z71.1
N27,symptom,N.1,Fear of neurological disease other,其他神经性疾病恐惧症,Fear of neurological disease other,其他神经性疾病恐惧症,,,fear of neurological cancer ,神经系统肿瘤恐惧症,concern about/fear of other neurological disease in a patient without the disease/until the diagnosis is proven,疑有/惧怕其他神经系统疾病（患者无该病诊断/直至诊断明确）,,,,,Z71.1
N28,symptom,N.1,Limited function/disability (N),有限的功能/残疾 (N),Limited function/disability (N),有限的功能/残疾 (N),,,,,limitation of function/disability due to a neurological problem,神经性疾病所致的功能限制/残疾,,,The COOP/WONCA Charts are suitable for documenting the patient's functional status (see Chapter 8).,COOP/WONCA图表适合记录患者的功能状态（见第八章）。,Z73.6
N29,symptom,N.1,Neurological symptom/complaint other,神经系统症状/主诉其他,Neurological sympt/complt other,其他神经系统症状和体征,ataxia; gait abnormality; limping; meningism,小脑功能不全；步态异常；跛行；脑膜刺激征,,,,,,,,,M79.2; R26.0; R26.1; R26.8; R27.0; R27.8; R29.0; R29.1; R29.2; R29.8
N70,infection,N.7,Poliomyelitis,脊髓灰质炎,Poliomyelitis,脊髓灰质炎,late effect of poliomyelitis; other neurological enterovirus infection; post-polio syndrome,脊髓灰质炎晚期效应；其他神经系统的肠道病毒感染；脊髓灰质炎后综合征,,,,,,,,,A80.0; A80.1; A80.2; A80.3; A80.4; A80.9; A85.0; B91; G14
N71,infection,N.7,Meningitis/encephalitis,脑膜炎/脑炎,Meningitis/encephalitis,脑膜炎/脑炎,,,,,an acute febrile illness with abnormal findings in the cerebro-spinal fluid.,急性发热性疾病，伴有脑脊液异常发现。,fever ,发热,,,A32.1; A39.0; A83.0; A83.1; A83.2; A83.3; A83.4; A83.5; A83.6; A83.8; A83.9; A84.0; A84.1; A84.8; A84.9; A85.1; A85.2; A85.8; A86; A87.0; A87.1; A87.2; A87.8; A87.9; B00.3; B00.4; B37.5; B58.2; B94.1; G00.0; G00.1; G00.2; G00.3; G00.8; G00.9; G01; G02.0; G02.1; G02.8; G03.0; G03.1; G03.2; G03.8; G03.9; G04.0; G04.1; G04.2; G04.8; G04.9; G05.0; G05.1; G05.2; G05.8
N72,infection,N.7,Tetanus,破伤风,Tetanus,破伤风,,,tetany ,手足搐搦症,"rigidity, hypertonic contractions or tetanic spasticity and a history of preceding injury",肌张力增高、强直性收缩或阵挛性痉挛及既往损伤史,,,,,A33; A34; A35
N73,infection,N.7,Neurological infection other,其他神经系统感染,Neurological infection other,其他神经系统感染,cerebral abscess; slow virus infection,脑脓肿；慢病毒感染,poliomyelitis ,脊髓灰质炎,,,,,,,A81.0; A81.1; A81.2; A81.8; A81.9; A88.8; A89; G06.0; G06.1; G06.2; G07; G08; G09
N74,neoplasm,N.7,Malignant neoplasm nervous system,恶性神经系统肿瘤,Malignant neoplasm nervous system,恶性神经系统肿瘤,,,,,characteristic histological appearance,特征性组织学表现,unspecified neoplasm nervous system ,未特指的神经系统肿瘤,,,C47.0; C47.1; C47.2; C47.3; C47.4; C47.5; C47.6; C47.8; C47.9; C70.0; C70.1; C70.9; C71.0; C71.1; C71.2; C71.3; C71.4; C71.5; C71.6; C71.7; C71.8; C71.9; C72.0; C72.1; C72.2; C72.3; C72.4; C72.5; C72.8; C72.9
N75,neoplasm,N.7,Benign neoplasm nervous system,良性神经系统肿瘤,Benign neoplasm nervous system,良性神经系统肿瘤,acoustic neuroma; meningioma,听神经瘤; 脑膜瘤,,,,,,,,,D32.0; D32.1; D32.9; D33.0; D33.1; D33.2; D33.3; D33.4; D33.7; D33.9; D36.1
N76,neoplasm,N.7,Neoplasm nervous system unspecified,神经系统肿瘤未特指,Neoplasm nervous system unspecified,神经系统肿瘤未特指,neoplasm nervous system not specified as benign or malignant/when histology is not available,神经系统肿瘤未特指为良性或恶性/当组织学资料不可用时,neurofibromatosis ,神经纤维瘤病,,,,,,,D42.0; D42.1; D42.9; D43.0; D43.1; D43.2; D43.3; D43.4; D43.7; D43.9; D48.2
N79,injury,N.7,Concussion,脑震荡,Concussion,脑震荡,late effect of concussion,脑震荡后遗症,,,trauma to the head with a temporary loss of consciousness and/or neurological sequela,头部创伤伴短暂意识丧失和/或神经后遗症,other head injury ,其他头部损伤,,,S06.0
N80,injury,N.7,Head injury other,头部损伤其他,Head injury other,头部损伤其他,cerebral contusion; cerebral injury with/without skull fracture; extradural haematoma; subdural haematoma; traumatic intracranial haemorrhage,脑挫伤；伴有或不伴颅骨骨折的脑损伤；硬膜外血肿；硬膜下血肿；创伤性颅内出血,concussion ,脑震荡,"trauma to the head, complicated by cerebral damage",头部创伤，伴发脑损伤,,,,,S02.0; S02.1; S02.8; S02.9; S06.1; S06.2; S06.3; S06.4; S06.5; S06.6; S06.7; S06.8; S06.9; S07.0; S07.1; S07.8; S07.9; S08.0; S08.8; S08.9; S09.0; S09.7; S09.8; S09.9
N81,injury,N.7,Injury nervous system other,其他神经系统损伤,Injury nervous system other,其他神经系统损伤,nerve injury; spinal cord injury,神经损伤; 脊髓损伤,,,,,,,,,"S04.0; S04.1; S04.2; S04.3; S04.4; S04.5; S04.6; S04.7; S04.8; S04.9; S09.9; S14.0; S14.1; S14.2; S14.3; S14.4; S14.5; S14.6; S24.0; S24.1; S24.2; S24.3; S24.4; S24.5; S24.6; S34.0; S34.1; S34.2; S34.3; S34.4; S34.5; S34.6; S34.8; S44.0; S44.1; S44.2; S44.3; S44.4; S44.5; S44.7; S44.8; S44.9; S54.0; S54.1; S54.2; S54.3; S54.7; S54.8; S54.9; S64.0; S64.1; S64.2; S64.3; S64.4; S64.7; S64.8; S64.9; S74.0; S74.1; S74.2; S74.7; S74.8; S74.9; S84.0; S84.1; S84.2; S84.7; S84.8; S84.9; S94.0; S94.1; S94.2; S94.3; S94.7; S94.8; S94.9; T06.0; T06.1; T06.2; T09.3, T09.4; T11.3; T11.4; T13.3; T14.4"
N85,congenital,N.7,Congenital anomaly neurological,先天性神经异常,Congenital anomaly neurological,先天性神经异常,hydrocephalus; spina bifida,脑积水；脊柱裂,,,,,,,,,Q00.0; Q00.1; Q00.2; Q01.0; Q01.1; Q01.2; Q01.8; Q01.9; Q02; Q03.0; Q03.1; Q03.8; Q03.9; Q04.0; Q04.1; Q04.2; Q04.3; Q04.4; Q04.5; Q04.6; Q04.8; Q04.9; Q05.0; Q05.1; Q05.2; Q05.3; Q05.4; Q05.5; Q05.6; Q05.7; Q05.8; Q05.9; Q06.0; Q06.1; Q06.2; Q06.3; Q06.4; Q06.8; Q06.9; Q07.0; Q07.8; Q07.9
N86,otherDiagnosis,N.7,Multiple sclerosis,多发性硬化症,Multiple sclerosis,多发性硬化症,disseminated sclerosis,弥漫性硬化症,,,exacerbations/remissions of multiple neurological manifestation with deficits/derangements disseminated in both time and site (any combination of neurological signs and symptoms is possible),多发性神经系统表现加重/缓解伴时间及部位播散的缺损/紊乱（任何组合的神经系统体征和症状均有可能）,other neurological symptom ,其他神经系统症状,,,G35
N87,otherDiagnosis,N.7,Parkinsonism,帕金森综合征,Parkinsonism,帕金森综合征,drug induced Parkisonism; paralysis agitans; Parkinson's disease,药物诱发的帕金森综合征；激越性瘫痪；帕金森病,,,"poverty and slowness of voluntary movements, resting tremor improving with active purposeful movement and muscular rigidity",自愿运动的迟缓和贫困，静止性震颤在主动目的性运动时改善及肌肉强直,abnormal involuntary movements ,异常不自主运动,,,G20; G21.0; G21.1; G21.2; G21.3; G21.4; G21.8; G21.9; G22
N88,otherDiagnosis,N.7,Epilepsy,癫痫,Epilepsy,癫痫,All types of epilepsy:; focal seizures; generalized seizures; grand mal; petit mal; status epilepticus,所有类型的癫痫：；局灶性发作；全面性发作；大发作；小发作；癫痫持续状态,,,"recurrent episodes of sudden altered consciousness, with/without tonic/clonic movements/seizure, plus either eyewitness account of the attack, or characteristic abnormality of electroencephalogram (EEG)",反复发作的突然意识改变，伴有或不伴有强直/阵挛运动/癫痫发作，加上目击者的描述或特征性的脑电图（EEG）异常,convulsion ,癫痫发作,,,G40.0; G40.1; G40.2; G40.3; G40.4; G40.5; G40.6; G40.7; G40.8; G40.9; G41.0; G41.1; G41.2; G41.8; G41.9
N89,otherDiagnosis,N.7,Migraine,"migraine

中文翻译：偏头痛",Migraine,"migraine

中文翻译：偏头痛",vascular headache with/without aura,血管性头痛伴或不伴有先兆,cervicogenic headache ,颈椎源性头痛,recurrent episodes of headache with three or more of  the following: unilateral headache; nausea/vomiting; aura; other neurological symptoms; family history of migraine,反复发作的头痛，伴有以下3项或更多症状：单侧头痛；恶心/呕吐；先兆；其他神经系统症状；家族中有偏头痛史,headache ,头痛,,,G43.0; G43.1; G43.2; G43.3; G43.8; G43.9; G44.1
N90,otherDiagnosis,N.7,Cluster headache,丛集性头痛,Cluster headache,丛集性头痛,,,migraine ,偏头痛,"attacks of severe, often excruciating unilateral pain peri-orbitally and/or temporally, occurring up to 8 times a day, sometimes associated with conjunctival injection, lacrimation, nasal congestion, rhinorrhoea, sweating, miosis, ptosis, or eyelid edema. Attacks occur in cluster periods lasting weeks/months, separated by remissions lasting months/years",严重的单侧眼眶周围和/或颞部剧痛发作，每天可多达8次，有时伴有结膜充血、流泪、鼻塞、流涕、出汗、瞳孔缩小、上睑下垂或眼睑水肿。发作发生在持续数周至数月的丛集期，由持续数月至数年的缓解期隔开,,,,,G44.0
N91,otherDiagnosis,N.7,Facial paralysis/bell's palsy,面瘫/贝尔麻痹,Facial paralysis/bell's palsy,面瘫/贝尔麻痹,,,,,acute onset of unilateral paralysis of muscles of facial expression without sensory loss,急性单侧面肌瘫痪起病，无感觉丧失,paralysis/weakness ,瘫痪/无力,,,G51.0; G51.1; G51.2; G51.3; G51.4; G51.8; G51.9; G53.0; G53.1; G53.2; G53.3; G53.8
N92,otherDiagnosis,N.7,Trigeminal neuralgia,三叉神经痛,Trigeminal neuralgia,三叉神经痛,tic douloureux,阵痛性抽搐症,post-herpetic neuralgia ,带状疱疹后神经痛,"unilateral paroxysms of burning facial pain aggravated by touching triggerpoints, blowing nose or yawning, without sensory or motor paralysis",一侧阵发性烧灼面部痛，触碰触发点、擤鼻或打哈欠时加重，无感觉或运动麻痹,neuralgia NOS ,神经痛 NOS,,,G50.0; G50.8; G50.9
N93,otherDiagnosis,N.7,Carpal tunnel syndrome,腕管综合征,Carpal tunnel syndrome,腕管综合征,,,,,"loss/impairment of superficial sensation affecting the thumb, index and middle finger, that may or may not split the ring finger. Dysesthesia and pain worsen usually during the night, and may radiate to the forearm",浅感觉丧失/障碍累及拇指、食指和中指，可能包括无名指。异样感觉和疼痛通常在夜间加重，并可放射至前臂,sensation disturbance ,感觉障碍,,,G56.0
N94,otherDiagnosis,N.7,Peripheral neuritis/neuropathy,周围神经炎/周围神经病变,Peripheral neuritis/neuropathy,周围神经炎/周围神经病变,"acute infective polyneuropathy; diabetic neuropathy (double code with T89, T90); Guillain-Barre syndrome; nerve lesion; neuropathy; phantom limb",急性感染性多发神经病；糖尿病性神经病变（与T89，T90双重编码）；吉兰-巴雷综合征；神经损伤；神经病变；幻肢症,post-herpetic neuropathy ,带状疱疹后神经痛,"sensory, reflex and motor changes confined to the territory of individual nerves, sometimes without apparent cause, sometimes secondary to a specific disease, e.g. diabetes",感觉、反射和运动改变局限于个别神经的分布区域，有时无明显原因，有时继发于特定疾病，如糖尿病,,,,,G54.0; G54.1; G54.2; G54.3; G54.4; G54.5; G54.6; G54.7; G54.8; G54.9; G55.0; G55.1; G55.2; G55.3; G55.8; G56.1; G56.2; G56.3; G56.4; G56.8; G56.9; G57.0; G57.1; G57.2; G57.3; G57.4; G57.5; G57.6; G57.8; G57.9; G58.0; G58.7; G58.8; G58.9; G59.0; G59.8; G60.0; G60.1; G60.2; G60.3; G60.8; G60.9; G61.0; G61.1; G61.8; G61.9; G62.0; G62.1; G62.2; G62.8; G62.9; G63.0; G63.1; G63.2; G63.3; G63.4; G63.5; G63.6; G63.8; G64; M79.2
N95,otherDiagnosis,N.7,Tension headache,紧张性头痛,Tension headache,紧张性头痛,,,migraine ,偏头痛,"pressing, generalized headache associated with stress and muscle tension with/without increased tenderness of pericranial muscles",与压力和肌肉紧张相关的广泛性头痛，伴/不伴有头皮肌触痛增加,headache ,头痛,,,G44.2
N99,otherDiagnosis,N.7,Neurological disease other,其他神经系统疾病,Neurological disease other,其他神经系统疾病,cerebral palsy; motor neurone disease; myasthenia gravis; neuralgia NOS,脑瘫；运动神经元疾病；重症肌无力；神经痛 NOS,sleep apnoea ,睡眠呼吸暂停症,,,,,,,E51.2; G10; G11.0; G11.1; G11.2; G11.3; G11.4; G11.8; G11.9; G12.0; G12.1; G12.2; G12.8; G12.9; G13.0; G13.1; G13.2; G13.8; G23.0; G23.1; G23.2; G23.3; G23.5; G23.8; G23.9; G24.0; G24.1; G24.2; G24.3; G24.4; G24.5; G24.8; G24.9; G26; G31.0; G31.1; G31.8; G31.9; G32.0; G32.8; G36.0; G36.1; G36.8; G36.9; G37.0; G37.1; G37.2; G37.3; G37.4; G37.5; G37.8; G37.9; G52.0; G52.1; G52.2; G52.3; G52.7; G52.8; G52.9; G70.0; G70.1; G70.2; G70.8; G70.9; G71.0; G71.1; G71.2; G71.3; G71.8; G71.9; G72.0; G72.1; G72.2; G72.3; G72.4; G72.8; G72.9; G73.0; G73.1; G73.2; G73.3; G73.4; G73.5; G73.6; G73.7; G80.0; G80.1; G80.2; G80.3; G80.4; G80.8; G80.9; G90.0; G90.1; G90.2; G90.4; G90.8; G90.9; G91.0; G91.1; G91.2; G91.3; G91.8; G91.9; G92; G93.0; G93.1; G93.2; G93.4; G93.5; G93.6; G93.7; G93.8; G93.9; G94.0; G94.1; G94.2; G94.8; G95.0; G95.1; G95.2; G95.8; G95.9; G96.0; G96.1; G96.8; G96.9; G98; G99.0; G99.1; G99.2; G99.8; M79.2; Z98.2
P01,symptom,P.1,Feeling anxious/nervous/tense,焦虑/紧张,Feeling anxious/nervous/tense,焦虑/紧张,anxiety NOS; feeling frightened,焦虑 NOS；感到恐惧,anxiety disorder ,焦虑障碍,feelings reported by the patient as an emotional or psychological experience not attributed to the presence of a mental disorder. A gradual transition exists from feelings that are unwelcome - but quite normal - and feelings that are so troublesome to the patient that professional help is sought,患者报告的作为情感或心理体验而非归因于精神障碍的存在的情感或心理感受。从令人不悦但相当正常的感觉到令患者困扰至寻求专业帮助的程度存在一个渐进的过渡过程,,,,,R45.0
P02,symptom,P.1,Acute stress reaction,急性应激反应,Acute stress reaction,急性应激反应,adjustment disorder; culture shock; feeling stressed/grief/ homesick; immediate post-traumatic stress; shock (psychic),适应障碍；文化冲击；感到压力/悲伤/思乡；急性应激反应；心理休克,feeling depressed ,抑郁感,"a reaction to a stressful life event or significant life change requiring a major adjustment, either as an expected response to the event or as a maladaptive response interfering with daily coping and resulting in impaired social functioning, with recovery within a limited period of time",对生活中的应激事件或重大生活变化作出反应，需要进行重大的调整，无论是作为对应事件的预期反应，还是作为一种适应不良的反应，干扰日常应对并导致社会功能受损，在有限的时间内可以恢复,,,,,F43.0; F43.2; F43.8; F43.9
P03,symptom,P.1,Feeling depressed,抑郁感,Feeling depressed,抑郁感,feeling inadequate; unhappy; worried,感到不足；不快乐；担忧,low self-esteem ,低自尊心,feelings reported by the patient as an emotional or psychological experience not attributed to the presence of a mental disorder. A gradual transition exists from feelings that are unwelcome - but quite normal - and feelings that are so troublesome to the patient that professional help is sought,患者报告的作为情感或心理体验而非归因于精神障碍的存在的情感或心理感受。从令人不悦但相当正常的感觉到令患者困扰至寻求专业帮助的程度存在一个渐进的过渡过程,,,,,R45.2; R45.3
P04,symptom,P.1,Feeling/behaving irritable/angry,易激惹/愤怒感,Feeling/behaving irritable/angry,易激惹/愤怒感,agitation NOS; restlessness NOS,激越性不安 NOS；烦躁不安 NOS,overactive child ,过度活跃儿童,"feelings reported by the patient as an emotional or psychological experience not attributed to the presence of a mental disorder, or behaviour indicating irritability or anger. A gradual transition exists from feelings or behaviour that are unwelcome - but quite normal - and those that are so troublesome that professional help is sought",患者报告的作为情感或心理体验而非归因于精神障碍存在的感觉，或是表现出易怒或愤怒的行为。从令人不悦但相当正常的感受或行为到麻烦到需要专业帮助的程度存在一个渐进的过渡期,,,,,R45.1; R45.4; R45.5; R45.6
P05,symptom,P.1,"Senility, feeling/behaving old",老年期，感觉/表现衰老,"Senility, feeling/behaving old",老年期，感觉/表现衰老,concern with aging; senescence,与衰老有关；衰老,dementia ,痴呆症,feelings reported by the patient as an emotional or psychological experience not attributed to the presence of a mental disorder. A gradual transition exists from feelings that are unwelcome - but quite normal - and feelings that are so troublesome to the patient that professional help is sought,患者报告的作为情感或心理体验而非归因于精神障碍的存在的情感或心理感受。从令人不悦但相当正常的感觉到令患者困扰至寻求专业帮助的程度存在一个渐进的过渡过程,,,,,R54
P06,symptom,P.1,Sleep disturbance,睡眠障碍,Sleep disturbance,睡眠障碍,insomnia; nightmares; sleep apnoea; sleepwalking,失眠；梦魇；睡眠呼吸暂停；睡行症,somnolence ,嗜睡,"sleep disturbance as a diagnosis requires that the sleeping problem forms a major complaint, which, according to both patient and doctor, is not caused by another disorder but is a condition in its own right. Insomnia requires a quantitative or qualitative deficiency of sleep which is unsatisfactory in the patients' opinion, over a considerable period of time. In hypersomnia excessive daytime sleepiness and sleep attacks exist which limit the patient's performance",睡眠障碍作为一个诊断要求患者的睡眠问题构成主要的主诉，根据患者和医生的意见，该问题不是由其他疾病引起，而是作为一种独立的状态存在。失眠表现为一段时间内睡眠量或质量不足，且患者认为不满意。在过度嗜睡症中，白天过度困倦和睡眠发作限制了患者的性能,,,,,F51.0; F51.1; F51.2; F51.3; F51.4; F51.5; F51.8; F51.9; G47.0; G47.1; G47.2; G47.3; G47.4; G47.8; G47.9
P07,symptom,P.1,Sexual desire reduced,性欲减退,Sexual desire reduced,性欲减退,frigidity; loss of libido,性冷淡；性欲减退,non-organic impotence/loss of sexual fulfilment ,非器质性阳痿/性满足丧失,"sexual problems with regard to desire not caused by any organic disorder or disease, but a reflection of the inability of a patient to participate in the sexual relationship s/he wants because of lack of desire, failure of genital response or function",与欲望有关的性问题，不是由任何器质性疾病引起的，而是反映了患者由于缺乏欲望、生殖器反应或功能障碍而无法参与其希望拥有的性关系的事实,,,,,F52.0
P08,symptom,P.1,Sexual fulfilment reduced,性满足减少,Sexual fulfilment reduced,性满足减少,non-organic impotence or dyspareunia; premature ejaculation; vaginismus of psychogenic origin,非器质性阳痿或痛性交；早泄；心理性阴道痉挛,sexual problems with desire ,性欲问题,"sexual problems with regard to fulfilment not caused by any organic disorder or disease, but a reflection of the inability of a patient to participate in the sexual relationship s/he wants because of failure of genital response or function, or problems with sexual development",与满足相关的性问题，不是由任何器质性疾病引起的，而是反映了患者由于生殖器反应或功能失败或性发育问题而无法参与其希望的性关系的能力不足,,,,,F52.1; F52.2; F52.3; F52.4; F52.5; F52.6; F52.7; F52.8; F52.9
P09,symptom,P.1,Sexual preference concern,性偏好关注,Sexual preference concern,性偏好关注,,,reduced sexual desire ,性欲减退,"sexual problems with regard to preference not caused by any organic disorder or disease, but a reflection of the inability of a patient to participate in the sexual relationship s/he wants because of problems with sexual identity, preference or orientation",与性别偏好有关的性问题，不是由任何器质性疾病引起的，而是由于性别认同、偏好或倾向的问题导致患者无法参与其希望的性关系的一种表现,,,,,F64.0; F64.1; F64.2; F64.8; F64.9; F65.0; F65.1; F65.2; F65.3; F65.4; F65.5; F65.6; F65.8; F65.9; F66.0; F66.1; F66.2; F66.8; F66.9
P10,symptom,P.1,Stammering/stuttering/tic,口吃/结巴/Tic,Stammering/stuttering/tic,口吃/结巴/Tic,,,speech disorders ,言语障碍,"stammering and stuttering: is characterized by frequent repetitions/prolongations of sounds, or by frequent hesitations/pauses disrupting speech",口吃：表现为音素的频繁重复或延长，或者由于频繁的犹豫/停顿而打断言语,,,,,F95.0; F95.1; F95.2; F95.8; F95.9; F98.4; F98.5; F98.6
P11,symptom,P.1,Eating problem in child,儿童摄食问题,Eating problem in child,儿童摄食问题,feeding problem; problem with eating behaviour of child,喂养问题；儿童进食行为问题,anorexia nervosa ,神经性厌食症,,,,,"Problems with behaviour of children are particularly difficult to classify, which is illustrated by the fact that they are distributed over four chapters of ICPC. Whether or not parents present these problems to a GP will reflect their ideas about the gradual differences between normal - though maybe annoying - behaviour, and behaviour that is considered worrying or 'pathological'",儿童行为问题特别难以分类，这一点从它们分布在ICPC的四个章节中可以看出。父母是否向全科医生提出这些问题反映了他们对正常但可能令人烦恼的行为与被认为是令人担忧或“病态”的行为之间渐进差异的看法,F98.2; F98.3
P12,symptom,P.1,Bedwetting/enuresis,遗尿症,Bedwetting/enuresis,遗尿症,,,bedwetting due to organic disorder ,由器质性障碍引起的遗尿症,involuntary voiding of urine by day/night not determined to be related to any organic disorder,日间/夜间非自主性尿失禁未确定与任何器质性疾病相关,,,"Problems with behaviour of children are particularly difficult to classify, which is illustrated by the fact that they are distributed over four chapters of ICPC. Whether or not parents present these problems to a GP will reflect their ideas about the gradual differences between normal - though maybe annoying - behaviour, and behaviour that is considered worrying or 'pathological'",儿童行为问题特别难以分类，这一点从它们分布在ICPC的四个章节中可以看出。父母是否向全科医生提出这些问题反映了他们对正常但可能令人烦恼的行为与被认为是令人担忧或“病态”的行为之间渐进差异的看法,F98.0
P13,symptom,P.1,Encopresis/bowel training problem,遗粪症/排便训练问题,Encopresis/bowel training problem,遗粪症/排便训练问题,,,,,"encopresis requires repeated passage of usually well formed faeces in inappropriate places, considered abnormal in relation to age, and not caused by constipation/sphincter control disorder/another disease",遗粪症，反复在不适当的地方排出通常成型的粪便，根据年龄视为异常，并非由便秘/括约肌控制障碍/其他疾病引起,,,,,F98.1
P15,symptom,P.1,Chronic alcohol abuse,慢性酒精滥用,Chronic alcohol abuse,慢性酒精滥用,alcohol brain syndrome; alcohol psychosis; alcoholism; delirium tremens,酒精脑病综合征；酒精精神病；酒依赖；震颤谵妄,,,a disorder due to the use of alcohol resulting in one or more of the following: harmful use with clinically important damage to health; dependence syndrome; withdrawal state; psychotic disorder,由于酒精使用引起的一种障碍，表现为以下一项或多项情况：有害使用导致重要的健康损害；依赖综合征；戒断状态；精神病性障碍,,,"Substance abuse problem definitions should take into account the considerable differences between countries and cultures. A doctor can decide to label an episode as 'chronic alcohol abuse'  without the patient's agreement, and consequently also without the patient's  willingness to any medical intervention.",物质滥用问题的定义应考虑各国和各文化之间的显著差异。医生可以在不征得患者同意的情况下，将某一事件标定为“慢性酒精滥用”，从而也可能在没有患者愿意接受任何医疗干预的情况下进行。,F10.1; F10.2; F10.3; F10.4; F10.5; F10.6; F10.7; F10.8; F10.9; G31.2
P16,symptom,P.1,Acute alcohol abuse,急性酒精滥用,Acute alcohol abuse,急性酒精滥用,drunk,醉酒,,,"a disorder due to the use of alcohol resulting in acute intoxication, with/without a background of chronic abuse",由于酒精使用导致的急性中毒，伴有/不伴有慢性滥用背景,,,"A doctor can decide to label an episode as 'acute alcohol abuse' without the  patient's agreement, and consequently also without the patient's  willingness to agree to any medical intervention.",医生可以在没有患者同意的情况下将一次发作标记为“急性酒精滥用”，因此也不需要患者的同意来进行任何医疗干预。,F10.0
P17,symptom,P.1,Tobacco abuse,烟草滥用,Tobacco abuse,烟草滥用,smoking problem,吸烟问题,,,a disorder due to the use of tobacco resulting in one or more of the following: acute intoxication; harmful use with clinically important damage to health; dependence syndrome; withdrawal state,由于使用烟草引起的一种障碍，导致出现下列一种或多种情况：急性中毒；有害使用并造成临床重要的健康损害；依赖综合征；戒断状态,risk factor NOS ,未特指的风险因素 NOS,"Substance abuse problem definitions should take into account the considerable differences between countries and cultures. An alcohol dependent or heroin addicted patient needs medical attention, but the definitions of 'tobacco abuse' are controversial. A physician can decide to label an episode as 'tobacco abuse' without the patients agreement, and consequently also without the'patient's willingness to agree to any medical intervention",物质滥用问题的定义应考虑各国和各文化之间的显著差异。酒精依赖或海洛因成瘾的患者需要医疗关注，但“烟草滥用”的定义存在争议。医生可以在不征得患者同意的情况下将某一事件标记为“烟草滥用”，并且因此也不必获得患者对任何医疗干预的同意。,F17.0; F17.1; F17.2; F17.3; F17.4; F17.5; F17.6; F17.7; F17.8; F17.9
P18,symptom,P.1,Medication abuse,药物滥用,Medication abuse,药物滥用,abuse of any prescribed drug,滥用任何处方药物,,,,,,,"Substance abuse problem definitions should take into account the considerable differences between countries and cultures. Some patients request and use tranquillizers, sleeping tablets, anorectics or laxatives inappropriately and for too long. In these cases physicians can decide to label the episode as 'medicine abuse' without the patients' agreement, and consequently also without the patient's willingness to agree to any medical intervention.",物质滥用问题的定义应考虑各国和各文化之间的显著差异。一些患者不恰当地请求并使用镇静剂、安眠药、食欲抑制剂或缓泻剂，且时间过长。在这种情况下，医生可以在没有患者同意的情况下将这种情况标记为“药物滥用”，因此也不需要患者的同意接受任何医疗干预。,F13.0; F13.1; F13.2; F13.3; F13.4; F13.5; F13.6; F13.7; F13.8; F13.9; F19.0; F19.1; F19.2; F19.3; F19.4; F19.5; F19.6; F19.7; F19.8; F19.9; F55
P19,symptom,P.1,Drug abuse,药物滥用,Drug abuse,药物滥用,addiction to drug; drug withdrawal,药物成瘾；戒断症状,,,"a disorder due to the use of a dependence producing psychoactive substance, resulting in one or more ofthe following conditions: acute intoxication; harmful use with clinically important damage to health; dependence syndrome; withdrawal state; psychotic disorder",由于使用成瘾性精神活性物质所致的障碍，导致下列一种或多种情况：急性中毒；有害使用并造成临床重要的健康损害；依赖综合征；戒断状态；精神病性障碍,,,"Substance abuse problem definitions should take into account the considerable differences between countries and cultures. An alcohol dependent or heroin addicted patient needs medical attention, but the definitions of 'use of hashish' are controversial. Doctors can decide to label an episode as 'drug abuse' without the patient's agreement, and consequently also without the patient's willingness to agree to any medical intervention.",物质滥用问题的定义应考虑到各国和各文化之间的显著差异。酒精依赖或海洛因成瘾的患者需要医疗关注，但“使用大麻树脂”的定义存在争议。医生可以在没有患者同意的情况下将一次事件标记为“药物滥用”，因此也可能在没有患者愿意接受任何医疗干预的情况下进行。,F11.0; F11.1; F11.2; F11.3; F11.4; F11.5; F11.6; F11.7; F11.8; F11.9; F12.0; F12.1; F12.2; F12.3; F12.4; F12.5; F12.6; F12.7; F12.8; F12.9; F13.0; F13.1; F13.2; F13.3; F13.4; F13.5; F13.6; F13.7; F13.8; F13.9; F14.0; F14.1; F14.2; F14.3; F14.4; F14.5; F14.6; F14.7; F14.8; F14.9; F15.0; F15.1; F15.2; F15.3; F15.4; F15.5; F15.6; F15.7; F15.8; F15.9; F16.0; F16.1; F16.2; F16.3; F16.4; F16.5; F16.6; F16.7; F16.8; F16.9; F18.0; F18.1; F18.2; F18.3; F18.4; F18.5; F18.6; F18.7; F18.8; F18.9; F19.0; F19.1; F19.2; F19.3; F19.4; F19.5; F19.6; F19.7; F19.8; F19.9
P20,symptom,P.1,Memory disturbance,记忆障碍,Memory disturbance,记忆障碍,amnesia; disorientation; disturbance of concentration,遗忘；定向障碍；注意力紊乱,,,,,,,,,R41.0; R41.1; R41.2; R41.3; R41.8
P22,symptom,P.1,Child behaviour symptom/complaint,儿童行为症状/主诉,Child behaviour symptom/complaint,儿童行为症状/主诉,delayed milestones; jealousy; overactive child; speech delay; temper tantrum,发育迟缓；嫉妒；过度活跃儿童；语言延迟；发脾气,"behaviour symptom/complaint adolescent, ","行为症状/主诉青少年,",,,,,,,F91.0; F91.1; F91.2; F91.3; F91.8; F91.9; F92.0; F92.8; F92.9; F93.0; F93.1; F93.2; F93.3; F93.8; F93.9; F94.0; F94.1; F94.2; F94.8; F94.9; F98.8; F98.9; R62.0
P23,symptom,P.1,Adolescent behaviour symptom/complaint,青少年行为症状/主诉,Adolescent behaviour sympt/compl,青少年行为症状/主诉,delinquency,拖欠,behavior symptom/complaint child ,行为症状/主诉儿童,,,,,,,F91.0; F91.1; F91.2; F91.3; F91.8; F91.9; F92.0; F92.8; F92.9; F94.0; F94.1; F94.2; F94.8; F94.9; F98.8; F98.9
P24,symptom,P.1,Specific learning problem,特定学习障碍,Specific learning problem,特定学习障碍,dyslexia,阅读障碍,attention deficit disorder ,注意缺陷障碍,"specific speech, language and learning problems with onset in childhood, together with an impairment of functions related to biological maturation of the central nervous system, and a steady course over time without spontaneous remissions or relapses, although the deficit may diminish as the child grows older",儿童期起病的具体言语、语言和学习问题，伴有与中枢神经系统生物成熟相关的功能障碍，并且随时间呈稳定进程，无自发缓解或复发，尽管随着孩子年龄的增长，缺陷可能会减轻,,,,,F80.0; F80.1; F80.2; F80.3; F80.8; F80.9; F81.0; F81.1; F81.2; F81.3; F81.8; F81.9; F82; F83; R48.0; R48.1; R48.2; R48.8
P25,symptom,P.1,Phase of life problem adult,生命阶段问题 成人期,Phase of life problem adult,生命阶段问题 成人期,empty nest syndrome; mid-life crisis; retirement problem,空巢综合征；中年危机；退休问题,feeling/behaving old ,感觉/表现衰老,,,,,,,Z60.0
P27,symptom,P.1,Fear of mental disorder,精神障碍恐惧症,Fear of mental disorder,精神障碍恐惧症,concern about mental disease; fear of attempting suicide,疑有精神疾病；自杀恐惧,"if the patient has the disease, code the disease",如果患者患有该疾病，编码该疾病,concern about/fear of mental disease in a patient without the disease/until the diagnosis is proven,疑病/恐病症（于未患病患者/直至诊断明确之前）,,,,,Z71.1
P28,symptom,P.1,Limited function/disability (P),有限功能/残疾 (P),Limited function/disability (P),有限功能/残疾 (P),low self-esteem,低自尊心,,,limitation of function/disability due to a psychological problem,由于心理问题的功能限制/残疾,,,The COOP/WONCA Charts are suitable for documenting the patient's functional status (see Chapter 8).,COOP/WONCA图表适合记录患者的功能状态（见第八章）。,Z73.6
P29,symptom,P.1,Psychological symptom/complaint other,其他心理症状/主诉,Psychological sympt/compl other,其他心理症状/主诉,delusions; eating disorders NOS; hallucinations; multiple psychological symptoms/complaints; poor hygiene; strange behaviour; suspiciousness,妄想；饮食障碍NOS；幻觉；多种心理症状/主诉；个人卫生差；怪异行为；猜疑心重,tension headache ,紧张性头痛,,,,,,,F50.8; F50.9; F63.3; F98.8; F98.9; R44.0; R44.1; R44.2; R44.3; R44.8; R45.7; R45.8; R46.0; R46.1; R46.2; R46.3; R46.4; R46.5; R46.6; R46.7; R46.8; R63.6; Z64.2; Z64.3; Z73.0; Z73.1; Z73.3
P70,otherDiagnosis,P.7,Dementia,痴呆症,Dementia,痴呆症,Alzheimer's disease; senile dementia,阿尔茨海默病；老年痴呆症,,,"a syndrome due to a disease of the brain, usually of a chronic and/or progressive nature, with clinically significant disturbance of multiple higher cortical functions (memory, thinking, orientation, comprehension), together with intact consciousness",由脑部疾病引起的综合征，通常是慢性进行性的，伴有多个高级皮质功能（记忆、思维、定向、理解）的临床显著障碍，同时意识完好,senility ,老年期痴呆,,,F00.0; F00.1; F00.2; F00.9; F01.0; F01.1; F01.2; F01.3; F01.8; F01.9; F02.0; F02.1; F02.2; F02.3; F02.4; F02.8; F03; G30.0; G30.1; G30.8; G30.9
P71,otherDiagnosis,P.7,Organic psychosis other,其他原因引起的器官性精神病,Organic psychosis other,其他原因引起的器官性精神病,delirium,谵妄,psychosis caused by alcohol ,酒精所致精神病,"organic psychiatric disorders as a diagnosis require psychological syndromes, patterns or behaviour due to organic disease",器质性精神病的诊断需要由于器质性疾病引起的心理综合征、模式或行为,,,,,F04; F05.0; F05.1; F05.8; F05.9; F06.0; F06.1; F06.2; F06.3; F06.4; F06.5; F06.6; F06.7; F06.8; F06.9; F07.0; F07.1; F07.2; F07.8; F07.9; F09
P72,otherDiagnosis,P.7,Schizophrenia,精神分裂症,Schizophrenia,精神分裂症,all types of paranoia; all types of schizophrenia,所有类型的偏执；所有类型的精神分裂症,acute/transient psychosis ,急性/短暂性精神病障碍,"fundamental and characteristic distortions of thinking, perception and affect that are inappropriate or blunted (eg. thought-echo, -insertion, -withdrawal, delusional perceptions, hallucinatory voices, delusions of control), together with a clear consciousness and unaffected intellectual capacity.",基本的和特征性的思维、感知和情感的扭曲，这些扭曲是不适当的或迟钝的（例如思维回声、思维插入、思维被夺走、妄想性知觉、幻听、控制妄想），并伴有清晰的意识和未受影响的智力功能。,psychosis NOS ,精神病性障碍 NOS,,,F20.0; F20.1; F20.2; F20.3; F20.4; F20.5; F20.6; F20.8; F20.9; F21; F22.0; F22.8; F22.9; F24; F25.0; F25.1; F25.2; F25.8; F25.9; F28
P73,otherDiagnosis,P.7,Affective psychosis,情感性精神病,Affective psychosis,情感性精神病,bipolar disorder; hypomania; mania; manic depression,双相障碍；轻躁狂；躁狂；躁郁症,depression ,抑郁,"a fundamental disturbance in affect and mood (with/without associated anxiety). In manic disorder mood, energy and activity are simultaneously elevated. In bipolar disease, at least two periods of disturbed mood, shifting from elevated to lowered are observed",情感和心境的基本紊乱（伴有或不伴有焦虑）。在躁狂障碍中，情绪、能量和活动水平同时升高。在双相障碍中，至少观察到两个周期性的情绪紊乱，从高涨转变为低落。,psychosis NOS ,精神病性障碍 NOS,,,F30.0; F30.1; F30.2; F30.8; F30.9; F31.0; F31.1; F31.2; F31.3; F31.4; F31.5; F31.6; F31.7; F31.8; F31.9; F34.0
P74,otherDiagnosis,P.7,Anxiety disorder/anxiety state,焦虑障碍/焦虑状态,Anxiety disorder/anxiety state,焦虑障碍/焦虑状态,anxiety neurosis; panic disorder,焦虑神经症；恐慌障碍,anxiety NOS ,焦虑 NOS,"clinically significant anxiety that is not restricted to any particular environmental situation. It manifests as a panic disorder (recurrent attacks of severe anxiety not restricted to any particular situation, with or without physical symptoms) or as a disorder in which generalized and persistent anxiety, not related to any particular situation, occurs with variable physical symptoms",临床显著的焦虑，不限于任何特定环境情况。表现为恐慌障碍（反复发作的严重焦虑，不限于任何特定情况，伴有或不伴身体症状）或表现为广泛性和持续性的焦虑障碍，不限于任何特定情况，并伴有各种身体症状,feeling anxious/nervous/tense ,感到焦虑/紧张/不安,,,F41.0; F41.1; F41.3; F41.8; F41.9
P75,otherDiagnosis,P.7,Somatization disorder,身体化障碍,Somatization disorder,身体化障碍,conversion disorder; hypochondriacal disorder; hysteria; pseudocyesis,转换障碍；疑病障碍；癔症；假性怀孕,,,"somatization disorder is characterized by a preoccupation with and repeated presentations of physical symptoms and complaints together with persistent requests for medical investigations in spite of repeated negative findings and reassurances by doctors. For this diagnosis, the presentation of multiple, recurrent and frequently changing physical symptoms presented to the family physician over a period of at least one year is required. Hypochondriacal disorder requires a persistent preoccupation with either the physical appearance or with the possibility of having a serious disease, together with persistent somatic complaints over a period of at least one year, in spite of repeated negative findings and reassurances by doctors","躯体化障碍的特点是患者对身体症状和主诉的过度关注，并反复向医生提出这些症状，尽管多次检查结果为阴性且医生已给予保证。对于此诊断，需要在至少一年的时间内，家庭医生接诊时出现多种、反复发作且经常变化的身体症状。

疑病障碍则表现为持续地关注自身的身体外观或担心患有严重疾病，同时伴有至少一年的持续性的身体主诉，尽管多次检查结果为阴性且医生已给予保证。",,,"Somatization is the repeated presentation of physical symptoms and complaints suggesting physical disorders for which no demonstrable organic findings or physiological mechanisms are responsible, and for which there is positive evidence that they are linked to psychological factors while the patient does not experience a sense of controlling the production of these symptoms in dealing with the psychological factors. Physical symptoms and complaints including pain which are presented as if they were due to a physical disorder of a system/organ under autonomic nervous control, or which consist of persistent, severe/distressing pain which cannot be explained by a physiological process/disorder, are coded with a symptom/complaint diagnosis representing the physical aspect, and - if possible - with a code representing the emotional or psychosocial problem with which it is associated. The definition of somatization disorder in ICD-10 (a minimum of 2 years) is too stringent for use in general pract.",躯体化是指反复出现的以身体症状和主诉形式表现出来的生理障碍迹象，这些症状没有可证实的器质性发现或生理机制作为基础，并且有确凿证据表明它们与心理因素有关联，而患者在处理心理因素时并未体验到对产生这些症状的控制感。包括疼痛在内的身体症状和主诉，如果表现为由自主神经系统调控的系统/器官的生理障碍引起，或者是由无法用生理过程或疾病解释的持续性、严重/令人困扰的疼痛构成，则应使用代表物理方面的症状/主诉诊断代码进行编码，并尽可能使用与之相关的心理或社会问题的代码。ICD-10中躯体化障碍的定义（至少2年）对于普通实践来说过于严格。,F44.0; F44.1; F44.2; F44.3; F44.4; F44.5; F44.6; F44.7; F44.8; F44.9; F45.0; F45.1; F45.2; F45.3; F45.4; F45.9
P76,otherDiagnosis,P.7,Depressive disorder,抑郁障碍,Depressive disorder,抑郁障碍,depressive neurosis/psychosis; mixed anxiety and depression; puerperal/postnatal depression; reactive depression,抑郁神经症/精神病；混合焦虑和抑郁；产后抑郁症；反应性抑郁,acute stress reaction ,急性应激反应,"fundamental disturbance in affect and mood towards depression. Mood, energy and activity are simultaneously lowered, together with an impaired capacity for enjoyment, interest and concentration. Sleep and appetite are usually disturbed and self-esteem and confidence are decreased",基本情绪和心境向抑郁的紊乱。心境、精力和活动同时降低，伴随享乐、兴趣和注意力能力受损。睡眠和食欲通常受到影响，自尊和自信下降,feeling depressed ,抑郁感,,,F32.0; F32.1; F32.2; F32.3; F32.8; F32.9; F33.0; F33.1; F33.2; F33.3; F33.4; F33.8; F33.9; F34.1; F34.8; F34.9; F38.0; F38.1; F38.8; F39; F41.2; F53.0
P77,otherDiagnosis,P.7,Suicide/suicide attempt,自杀/企图自杀,Suicide/suicide attempt,自杀/企图自杀,successful attempt; suicide gesture,成功尝试；自杀姿态,fear of committing suicide ,自杀恐惧,,,,,double code with ,双重编码与,Z91.5
P78,otherDiagnosis,P.7,Neuraesthenia/surmenage,神经衰弱/过度劳累,Neuraesthenia/surmenage,神经衰弱/过度劳累,,,,,"increased fatigueability with unpleasant associations, difficulties in concentration and a persistent decrease in performance and coping efficiency; the feeling of physical weakness and exhaustion after mental effort or after a minimal physical effort is often accompanied by muscular pain and an inability to relax",疲劳增加并伴有不愉快的关联，集中困难以及持续的表现和应对效率下降；精神努力或轻微体力活动后常感到身体虚弱、疲惫，并常常伴随肌肉疼痛及无法放松的状态,fatigue/postviral fatigue/chronic fatigue syndrome ,疲劳/病毒后疲劳/慢性疲劳综合征,,,F48.0
P79,otherDiagnosis,P.7,Phobia/compulsive disorder,恐惧症/强迫症,Phobia/compulsive disorder,恐惧症/强迫症,,,,,"phobic anxiety disorder requires outspoken anxiety, evoked only in well defined situations that are not generally considered dangerous: the patient tries to avoid these situations, or endures them with dread. Obsessive compulsive disorder requires distressing and recurrent obsessional thoughts/acts recognized by the patient as his/her own; compulsive stereotyped behaviours are repeated again and again, intended to prevent some objective unlikely event and recognized by the patient as pointless and ineffective",恐惧焦虑障碍需要明显的焦虑，仅在特定情境下引发，这些情境通常不被认为是有危险的：患者试图避免这些情况，或在极度恐惧中忍受它们。强迫症需要令人痛苦且反复出现的强迫思维/行为，患者意识到这是自己的；重复进行的刻板强迫行为旨在预防一些实际上不太可能发生的事件，并被患者认为是没有意义和无效的。,,,,,F40.0; F40.1; F40.2; F40.8; F40.9; F42.0; F42.1; F42.2; F42.8; F42.9
P80,otherDiagnosis,P.7,Personality disorder,人格障碍,Personality disorder,人格障碍,adult behaviour disorder; compensation neurosis; Munchhausen's syndrome; psychopathy,成人行为障碍；补偿神经症；慕切豪森综合征；精神病态,,,"persistent and clinically important conditions and behaviour patterns in an individual's lifestyle and mode of relating to him/herself and others, reflecting significant/extreme deviations from the way an average individual in a given culture perceives, feels and behaves. This pattern is deeply ingrained and longlasting",持久且具有临床重要性的个体生活方式和人际交往模式，反映了与给定文化中普通个体感知、感受和行为方式的显著/极端偏差。这种模式根深蒂固且长期存在。,,,,,F60.0; F60.1; F60.2; F60.3; F60.4; F60.5; F60.6; F60.7; F60.8; F60.9; F61; F62.0; F62.1; F62.8; F62.9; F63.0; F63.1; F63.2; F63.8; F63.9; F68.0; F68.1; F68.8; F69
P81,otherDiagnosis,P.7,Hyperkinetic disorder,注意缺陷多动障碍或多发运动功能障碍,Hyperkinetic disorder,注意缺陷多动障碍或多发运动功能障碍,attention deficit disorder (ADD); hyperactivity,注意缺陷障碍（ADD）；多动症,hyperkinetic disorder with adolescent onset ,青少年起病的多动障碍,"early onset of a lack of persistence in activities requiring cognitive involvement, with a tendency to move from one activity to another without completing any one, with disorganised and ill-regulated behaviour, and excessive activity",早期在需要认知参与的活动中缺乏持久力的表现，倾向于从一个活动转换到另一个活动而没有完成任何一个，伴有行为无组织和失调，并且过度活跃,overactive child ,过度活跃儿童,,,F90.0; F90.1; F90.8; F90.9
P82,otherDiagnosis,P.7,Post-traumatic stress disorder,创伤后应激障碍,Post-traumatic stress disorder,创伤后应激障碍,chronic post-traumatic stress disorder,慢性创伤后应激障碍,acute stress reaction ,急性应激反应,"a stressful event followed by a major state of distress and disturbance, with a delayed or protracted reaction, flashbacks, nightmares, emotional blunting and anhedonia interfering with social functioning and performance, and including depressed mood, anxiety, worry and feeling unable to cope, persistent over time",应激事件后继发的重大焦虑和紊乱状态，伴有延迟或持续的反应，闪回，噩梦，情感迟钝和快感缺失，影响社会功能和表现，并包括持续存在的抑郁情绪、焦虑、担忧和无力应对的感觉,feeling anxious ,感到焦虑,,,F43.1
P85,otherDiagnosis,P.7,Mental retardation,精神发育迟滞,Mental retardation,精神发育迟滞,,,mental retardation due to congenital anomaly ,先天性异常所致智力障碍,"arrested/incomplete development of the mind with impairment of skills during the developmental period, and a low overall level of intelligence, with/without impairment of behaviour.",智力发育障碍伴技能缺陷，发育期智力及行为功能受损，智力水平低下，伴有或不伴有行为异常。,,,,,F70.0; F70.1; F70.8; F70.9; F71.0; F71.1; F71.8; F71.9; F72.0; F72.1; F72.8; F72.9; F73.0; F73.1; F73.8; F73.9; F78.0; F78.1; F78.8; F78.9; F79.0; F79.1; F79.8; F79.9
P86,otherDiagnosis,P.7,Anorexia nervosa/bulimia,神经性厌食症/神经性贪食症,Anorexia nervosa/bulimia,神经性厌食症/神经性贪食症,,,,,"Anorexia nervosa: deliberate weight loss induced and sustained by the patient, associated with an intensive and overvalued dread of fatness and flabbiness of body contours. Bulimia: repeated bouts of overeating and an excessive preoccupation with body weight, leading to a pattern of overeating followed by induced vomiting or use of purgatives",神经性厌食症：由患者故意引起并维持的体重减轻，伴有对肥胖和体形松弛过分恐惧和重视。贪食症：反复发作的暴饮暴食及过度关注体重，导致暴饮暴食后通过诱导呕吐或使用导泻剂来补偿的行为模式,"eating disorder, food refusal ",进食障碍，拒食,,,F50.0; F50.1; F50.2; F50.3; F50.4
P98,otherDiagnosis,P.7,Psychosis NOS/other,psychotic disorder NOS/其他,Psychosis NOS/other,psychotic disorder NOS/其他,acute/ transient/reactive/puerperal psychosis,急性/短暂/反应性/产后精神病,,,,,,,,,F23.0; F23.1; F23.2; F23.3; F23.8; F23.9; F29; F53.1
P99,otherDiagnosis,P.7,Psychological disorders other,其他心理障碍,Psychological disorders other,其他心理障碍,autism; neurosis NOS,自闭症；神经官能症 NOS,,,,,,,,,F48.1; F48.8; F48.9; F53.8; F53.9; F54; F59; F84.0; F84.1; F84.2; F84.3; F84.4; F84.5; F84.8; F84.9; F88; F89; F99
R01,symptom,R.1,Pain respiratory system,呼吸系统疼痛,Pain respiratory system,呼吸系统疼痛,painful respiration; pleuritic pain; pleurodynia,呼吸痛；胸膜痛；肋间痛,chest pain ,胸痛,,,,,,,R07.1
R02,symptom,R.1,Shortness of breath/dyspnoea,呼吸困难,Shortness of breath/dyspnoea,呼吸困难,orthopnoea,端坐呼吸,wheezing ,喘鸣声,,,,,,,R06.0
R03,symptom,R.1,Wheezing,喘鸣声,Wheezing,喘鸣声,rhonchi,粗湿啰音,dyspnoea ,呼吸困难,,,,,,,R06.2
R04,symptom,R.1,Breathing problem other,其他呼吸问题,Breathing problem other,其他呼吸问题,abnormal breathing; apnoea; holding breath; inspiratory wheeze; respiratory distress; snoring; stridor; tachypnoea,异常呼吸；呼吸暂停；屏气；吸气性喘鸣；呼吸困难；打鼾；喉鸣；呼吸过速,sleep apnoea ,睡眠呼吸暂停症,,,,,,,R06.1; R06.3; R06.5; R06.8
R05,symptom,R.1,Cough,咳嗽,Cough,咳嗽,cough (dry or moist),咳嗽（干咳或湿咳）,abnormal sputum/phlegm ,异常痰液,,,,,,,R05
R06,symptom,R.1,Nose bleed/epistaxis,鼻出血/鼻衄,Nose bleed/epistaxis,鼻出血/鼻衄,,,,,,,,,,,R04.0
R07,symptom,R.1,Sneezing/nasal congestion,喷嚏/鼻塞,Sneezing/nasal congestion,喷嚏/鼻塞,blocked nose; rhinorrhea; running nose,鼻塞；鼻漏；流鼻涕,,,,,,,,,R06.7
R08,symptom,R.1,Nose symptom/complaint other,鼻部其他症状/主诉,Nose symptom/complaint other,鼻部其他症状/主诉,pain in nose; post-nasal drip; prominent nose; red nose,鼻痛；鼻后滴流；鼻梁突出；红鼻子,anosmia ,嗅觉丧失,,,,,,,J34.8
R09,symptom,R.1,Sinus symptom/complaint,鼻窦症状/主诉,Sinus symptom/complaint,鼻窦症状/主诉,blocked sinus; congested sinus; pain/pressure in sinus,阻塞的窦腔；充血的窦腔；窦腔疼痛/压力感,headache ,头痛,,,,,,,J34.8
R21,symptom,R.1,Throat symptom/complaint,咽喉症状/主诉,Throat symptom/complaint,咽喉症状/主诉,dry/inflamed/red/sore throat; large tonsils; lump in throat; tonsillar pain,干燥/发炎/红肿/疼痛的咽部；扁桃体肿大；喉中有异物感；扁桃体痛,voice symptom ,声音症状,,,,,,,R07.0; R09.8
R23,symptom,R.1,Voice symptom/complaint,声音症状/主诉,Voice symptom/complaint,声音症状/主诉,absence of voice; aphonia; hoarseness,声音丧失；声哑；声嘶,neurological disorder of speech ,神经系统发言障碍,,,,,,,R49.0; R49.1; R49.2; R49.8
R24,symptom,R.1,Haemoptysis,咯血,Haemoptysis,咯血,,,,,,,,,,,R04.2
R25,symptom,R.1,Sputum/phlegm abnormal,痰异常,Sputum/phlegm abnormal,痰异常,,,cough with sputum ,咳嗽伴痰液,,,,,,,R09.3
R26,symptom,R.1,Fear of cancer of respiratory system,呼吸系统癌症恐惧症,Fear  cancer  respiratory system,恐癌症  恶性肿瘤  呼吸系统疾病,,,"if patient has the disease, code the disease",如果患者患有该疾病，编码该疾病,concern about/fear of cancer of respiratory system in a patient without the disease/until the diagnosis is proven,呼吸系统癌症的担忧/恐惧（于未确诊患者/直到诊断证实之前）,,,,,Z71.1
R27,symptom,R.1,Fear of respiratory disease other,其他呼吸系统疾病恐惧症,Fear of respiratory disease other,其他呼吸系统疾病恐惧症,,,fear of respiratory cancer ,呼吸系统癌症恐惧症,concern about/fear of other respiratory disease in a patient without the disease/until the diagnosis is proven,疑有/恐患有其他呼吸系统疾病（患者无该病症状/直至诊断证实）,,,,,Z71.1
R28,symptom,R.1,Limited function/disability (R),有限的功能/残疾 (R),Limited function/disability (R),有限的功能/残疾 (R),disability due to disease of nose/larynx/throat; disability due to hypercapnia; disability due to hypoxia; disability due to reduced lung function; disability due to respiratory disease,鼻/喉/咽疾病所致残疾；高碳酸血症所致残疾；低氧血症所致残疾；肺功能减退所致残疾；呼吸系统疾病所致残疾,dyspnoea ,呼吸困难,limitation of function/disability due to a respiratory problem,呼吸系统问题所致的功能限制/残疾,,,The COOP/WONCA Charts are suitable for documenting the patient's functional status (see Chapter 8).,COOP/WONCA图表适合记录患者的功能状态（见第八章）。,Z73.6; Z99.1
R29,symptom,R.1,Respiratory symptom/complaint other,其他呼吸系统症状/主诉,Respiratory symptom/complaint other,其他呼吸系统症状/主诉,chest tightness; fluid on lung; hiccough; lung congestion,胸闷；肺积液；呃逆；肺充血,,,,,,,,,R04.1; R04.8; R04.9; R06.6; R09.0; R09.2; R09.8
R71,infection,R.7,Whooping cough,百日咳,Whooping cough,百日咳,parapertussis; pertussis,副百日咳；百日咳,croup ,急性喉气管支气管炎,respiratory infection with a characteristic staccato paroxysmal cough ending with a high-pitched inspiratory whoop; or respiratory infection with cough of at least three weeks duration in contact with known pertussis; or demonstration of Bordetella pertussis or parapertussis,百日咳样呼吸道感染，伴有特征性的顿咳阵发性咳嗽，终止于高音调的吸气性吼声；或至少三周持续咳嗽且接触过确诊百日咳病例的呼吸道感染；或鲍特氏菌属（百日咳杆菌或副百日咳杆菌）的检出,cough ,咳嗽,,,A37.0; A37.1; A37.8; A37.9
R72,infection,R.7,Strep throat,急性链球菌咽炎,Strep throat,急性链球菌咽炎,proven streptococcal pharyngitis/tonsillitis,证实的链球菌咽炎/扁桃体炎,scarlet fever ,猩红热,"acute inflammation of the throat, plus demonstration of beta-haemolytic streptococci",急性咽炎，伴有β溶血性链球菌检出,tonsillitis ,扁桃体炎,,,J02.0; J03.0
R73,infection,R.7,Boil/abscess nose,鼻 boil/脓肿 （注：boil和abscess在具体语境中可译为疖或脓肿，此处保留英文以便准确对应）,Boil/abscess nose,鼻 boil/脓肿 （注：boil和abscess在具体语境中可译为疖或脓肿，此处保留英文以便准确对应）,localized nose infection,局限性鼻部感染,acute sinusitis ,急性鼻窦炎,,,,,,,J34.0
R74,infection,R.7,Upper respiratory infection acute,急性上呼吸道感染,Upper respiratory infection acute,急性上呼吸道感染,acute rhinitis; coryza; head cold; nasopharyngitis; pharyngitis; URTI/URI,急性鼻炎；伤风；感冒；鼻咽炎；咽炎；上呼吸道感染/呼吸道感染,measles ,麻疹,evidence of acute inflammation of nasal or pharyngeal mucosa with absence of criteria for more specifically defined acute respiratory infection classified in this section,鼻腔或咽部黏膜急性炎症证据，缺乏更特异性定义的急性呼吸道感染分类标准,,,,,B00.2; B08.5; J00; J02.8; J02.9; J06.0; J06.8; J06.9
R75,infection,R.7,Sinusitis acute/chronic,急性/慢性鼻窦炎,Sinusitis acute/chronic,急性/慢性鼻窦炎,sinusitis affecting any paranasal sinus,鼻窦炎影响任何副鼻窦,,,"purulent nasal/post-nasal discharge, or previous medically treated episodes of sinusitis, plus tenderness over one/more sinuses, or deep-seated aching facial pain aggravated by dependency of head, or opacity on transillumination; or imaging evidence of sinusitis; or pus obtained from the sinus",脓性鼻腔/后鼻道分泌物，或既往经医疗治疗的急性副鼻窦炎发作，加上一个或多个副鼻窦区触痛，或头部依赖时加重的深部头痛，或透光检查不透明；或影像学证据显示副鼻窦炎；或从副鼻窦获得脓性物质,headache ,头痛,,,J01.0; J01.1; J01.2; J01.3; J01.4; J01.8; J01.9; J32.0; J32.1; J32.2; J32.3; J32.4; J32.8; J32.9
R76,infection,R.7,Tonsillitis acute,急性扁桃体炎,Tonsillitis acute,急性扁桃体炎,peritonsillar abscess; quinsy,扁桃体周脓肿；咽旁脓肿,infectious mononucleosis ,传染性单核细胞增多症,"sore throat or fever with reddening of tonsil(s) more than the posterior pharyngeal wall, and either pus on swollen tonsil(s) or enlarged tender regional lymph nodes",咽痛或发热伴扁桃体红肿超过咽后壁，且伴有肿大的扁桃体上有脓点或触痛的局部淋巴结肿大,acute upper respiratory tract infection ,急性上呼吸道感染,,,J03.8; J03.9; J36
R77,infection,R.7,Laryngitis/tracheitis acute,急性喉炎/气管炎,Laryngitis/tracheitis acute,急性喉炎/气管炎,false croup; pseudocroup,假性喉梗阻；类喉炎,laryngotracheobronchitis ,急性喉气管支气管炎,"hoarseness/stridor with/without respiratory distress, or deep dry painful cough (barking in children), and normal chest signs",声音嘶哑/喉鸣伴有或不伴有呼吸困难，以及剧烈的干痛性咳嗽（儿童为犬吠样咳嗽），且胸部体征正常,upper respiratory tract infection ,上呼吸道感染,,,J04.0; J04.1; J04.2; J05.0; J38.5
R78,infection,R.7,Acute bronchitis/bronchiolitis,急性支气管炎/细支气管炎,Acute bronchitis/bronchiolitis,急性支气管炎/细支气管炎,acute lower respiratory infection NOS; bronchitis NOS; chest infection NOS; laryngotracheobronchitis; tracheobronchitis,急性下呼吸道感染 NOS；支气管炎 NOS；胸部感染 NOS；喉气管支气管炎；气管支气管炎,chronic bronchitis ,慢性支气管炎,"in children and adults: cough and fever with scattered or generalized abnormal chest signs: wheeze, coarse rales, rhonchi or moist sounds; in infants (bronchiolitis): dyspnoea and hyperinflation",在儿童和成人中：咳嗽和发热伴有散在或广泛的异常胸部体征：喘鸣、粗湿啰音、哮鸣音或水泡音；在婴儿（小支气管炎）中：呼吸困难和过度充气,wheezing ,喘鸣声,,,J20.0; J20.1; J20.2; J20.3; J20.4; J20.5; J20.6; J20.7; J20.8; J20.9; J21.0; J21.1; J21.8; J21.9; J22; J40
R79,infection,R.7,Chronic bronchitis,慢性支气管炎,Chronic bronchitis,慢性支气管炎,,,"emphysema/chronic obstructive pulmonary (lung, airways) disease ",肺气肿/慢性阻塞性肺（肺，气道）疾病,cough with sputum on most days for at least 3 months in each of at least 2 years; and scattered rales/rhonchi on auscultation of the chest during these episodes,持续至少两年中每年大多数天咳嗽并伴有痰；在这些发作期间听诊时可听到散在的湿啰音/哮鸣音,cough ,咳嗽,,,J41.0; J41.1; J41.8; J42
R80,infection,R.7,Influenza,流感,Influenza,流感,influenza-like illness; para-influenza,流感样疾病；副流感病毒感染,gastric flu ,胃肠炎,"myalgia and cough without abnormal respiratory physical signs other than inflammation of nasal mucous membrane and throat, plus three or more of the following: sudden onset (within 12 hours); rigors/chills/fever; prostration and weakness; influenza in close contacts; influenza epidemic; or viral culture/serological evidence of influenza virus infection",肌痛和咳嗽，除鼻黏膜和咽部炎症外无异常呼吸体征，并伴有以下三项或更多症状：突然起病（12小时内）；寒战/发冷/发热；极度虚弱无力；密切接触者中有流感病例；流感流行期；或病毒培养/血清学证据证明流感病毒感染,fever ,发热,,,J09; J10.1; J10.8; J11.1; J11.8
R81,infection,R.7,Pneumonia,肺炎,Pneumonia,肺炎,bacterial/viral pneumonia; bronchopneumonia; influenzal pneumonia; Legionnaire's disease; pneumonitis,细菌性/病毒性肺炎；支气管肺炎；流感性肺炎；军团病；肺炎（非特异性）,aspiration pneumonia ,吸入性肺炎,evidence of pulmonary consolidation,肺实变征象,cough ,咳嗽,,,A48.1; B33.4; J10.0; J11.0; J12.0; J12.1; J12.2; J12.3; J12.8; J12.9; J13; J14; J15.0; J15.1; J15.2; J15.3; J15.4; J15.5; J15.6; J15.7; J15.8; J15.9; J16.0; J16.8; J17.0; J17.1; J17.2; J17.3; J17.8; J18.0; J18.1; J18.2; J18.8; J18.9
R82,infection,R.7,Pleurisy/pleural effusion,胸膜炎/胸腔积液,Pleurisy/pleural effusion,胸膜炎/胸腔积液,pleural inflammatory exudate; pleuritis,胸膜炎性渗出液；胸膜炎,tuberculosis ,肺结核,clinical evidence of pleural exudate; or pleuritic pain accompanied by pleural friction rub; or investigative evidence of inflammatory pleural exudate,临床证据显示胸膜渗出液；或伴有胸膜摩擦音的胸痛；或炎症性胸膜渗出液的检查证据,pleuritic pain ,胸膜痛,malignant effusion to be coded to origin of malignancy,恶性积液，编码时需指明恶性肿瘤的起源,J90; J91; J94.0; J94.1; J94.2; J94.8; J94.9; R09.1
R83,infection,R.7,Respiratory infection other,其他呼吸系统感染,Respiratory infection other,其他呼吸系统感染,chronic nasopharyngitis; chronic pharyngitis; chronic rhinitis NOS; diphtheria; empyema; epiglottitis; fungal respiratory infection; lung abscess; protozoal infection (without pneumonia),慢性鼻咽炎；慢性咽炎；慢性鼻炎 NOS；白喉；脓胸；会厌炎；真菌性呼吸道感染；肺脓肿；原虫感染（无肺炎）,cystic fibrosis ,囊性纤维化,,,,,,,A36.0; A36.1; A36.2; A36.3; A36.8; A36.9; B37.1; B44.0; B44.1; B44.2; B44.7; B44.8; B44.9; B58.3; J05.1; J31.0; J31.1; J31.2; J37.0; J37.1; J85.0; J85.1; J85.2; J85.3; J86.0; J86.9
R84,neoplasm,R.7,Malignant neoplasm bronchus/lung,恶性肿瘤支气管/肺,Malignant neoplasm bronchus/lung,恶性肿瘤支气管/肺,malignancy of trachea/bronchus/lung,气管/支气管/肺恶性肿瘤,malignancy of unknown site ,未知部位恶性肿瘤,characteristic histologic appearance,特征性组织学表现,unspecified respiratory neoplasm ,未特指呼吸系统肿瘤,,,C33; C34.0; C34.1; C34.2; C34.3; C34.8; C34.9; C45.7
R85,neoplasm,R.7,Malignant neoplasm respiratory other,恶性呼吸系统其他部位肿瘤,Malignant neopl respiratory other,恶性呼吸道其他部位肿瘤,malignancy of larynx/mediastinum/nose/pharynx/pleura/sinus; mesothelioma,喉/纵隔/鼻/咽/胸膜/窦恶性肿瘤；间皮瘤,Hodgkin's disease ,霍奇金病,characteristic histologic appearance,特征性组织学表现,unspecified respiratory neoplasm ,未特指呼吸系统肿瘤,,,C09.0; C09.1; C09.8; C09.9; C10.0; C10.1; C10.2; C10.3; C10.4; C10.8; C10.9; C11.0; C11.1; C11.2; C11.3; C11.8; C11.9; C12; C13.0; C13.1; C13.2; C13.8; C13.9; C14.0; C14.2; C30.0; C31.0; C31.1; C31.2; C31.3; C31.8; C31.9; C32.0; C32.1; C32.2; C32.3; C32.8; C32.9; C38.1; C38.2; C38.3; C38.4; C39.0; C39.8; C39.9; C45.0; C45.7
R86,neoplasm,R.7,Benign neoplasm respiratory,良性呼吸系统肿瘤,Benign neoplasm respiratory,良性呼吸系统肿瘤,,,unspecified respiratory neoplasm ,未特指呼吸系统肿瘤,characteristic clinical or histologic appearance,特征性临床或组织学表现,,,,,D14.0; D14.1; D14.2; D14.3; D14.4; D19.0
R87,injury,R.7,Foreign body nose/larynx/bronchus,异物鼻/喉/支气管,Foreign body nose/larynx/bronchus,异物鼻/喉/支气管,foreign body in lung,肺内异物,drowning ,溺水,visualization of foreign body directly/endoscopically/using imaging,异物直接可视化/内镜下可视化/影像学检查可视化,other complaint of respiratory system ,其他呼吸系统主诉,,,T17.0; T17.1; T17.2; T17.3; T17.4; T17.5; T17.8; T17.9
R88,injury,R.7,Injury respiratory other,其他呼吸系统损伤,Injury respiratory other,其他呼吸系统损伤,injury/trauma to nose/respiratory system,鼻部/呼吸系统损伤/创伤,drowning ,溺水,,,,,,,S00.3; S01.2; S03.1; S10.0; S17.0; S19.8; S27.0; S27.1; S27.2; S27.3; S27.4; S27.5; S27.6; S27.7; T27.0; T27.1; T27.2; T27.3; T27.4; T27.5; T27.6; T27.7; T70.1
R89,congenital,R.7,Congenital anomaly respiratory,先天性呼吸系统异常,Congenital anomaly respiratory,先天性呼吸系统异常,congenital abnormality of nose/pharynx/trachea/larynx/bronchi/lungs/pleura,先天性鼻/咽/气管/喉/支气管/肺/胸膜异常,cleft lip/palate ,唇裂/腭裂,,,,,,,Q30.0; Q30.1; Q30.2; Q30.3; Q30.8; Q30.9; Q31.0; Q31.1; Q31.2; Q31.3; Q31.5; Q31.8; Q31.9; Q32.0; Q32.1; Q32.2; Q32.3; Q32.4; Q33.0; Q33.1; Q33.2; Q33.3; Q33.4; Q33.5; Q33.6; Q33.8; Q33.9; Q34.0; Q34.1; Q34.8; Q34.9
R90,otherDiagnosis,R.7,Hypertrophy tonsils/adenoids,扁桃体/腺样体肥大,Hypertrophy tonsils/adenoids,扁桃体/腺样体肥大,chronic tonsillitis,慢性扁桃体炎,acute tonsillitis ,急性扁桃体炎,,,,,,,J34.8; J35.0; J35.1; J35.2; J35.3; J35.8; J35.9
R92,neoplasm,R.7,Neoplasm respiratory unspecified,呼吸系统肿瘤未特指,Neoplasm respiratory unspecified,呼吸系统肿瘤未特指,respiratory neoplasm unspecified as benign or malignant/when histology is not available,呼吸系统肿瘤未指明为良性或恶性/当组织学资料不可得时,secondary neoplasm unknown site ,继发性肿瘤 未知部位,,,,,,,D02.0; D02.1; D02.2; D02.3; D02.4; D38.0; D38.1; D38.2; D38.3; D38.4; D38.5; D38.6
R95,otherDiagnosis,R.7,Chronic obstructive pulmonary disease,慢性阻塞性肺疾病,Chron obstructive pulmonary disease,慢性阻塞性肺疾病,chronic airways limitation (CAL); chronic obstructive airways disease (COAD); chronic obstructive lung disease (COLD); chronic obstructive pulmonary disease (COPD); emphysema,慢性气道限制（CAL）；慢性阻塞性气道疾病（COAD）；慢性阻塞性肺病（COLD）；慢性阻塞性肺疾病（COPD）；肺气肿,chronic bronchitis ,慢性支气管炎,"objective evidence of airway obstruction, not/only partially relieved by bronchodilators",客观证据显示气道阻塞，未/仅部分通过支气管扩张剂缓解,other breathing problem ,其他呼吸系统问题,,,J43.0; J43.1; J43.2; J43.8; J43.9; J44.0; J44.1; J44.8; J44.9
R96,otherDiagnosis,R.7,Asthma,哮喘,Asthma,哮喘,reactive airways disease; wheezy bronchitis,气道反应性疾病；喘息性支气管炎,bronchiolitis ,支气管炎,recurrent episodes of reversible acute bronchial obstruction with wheeze/dry cough; or diagnostic test meeting currently accepted criteria for asthma,反复发作的可逆性急性支气管阻塞伴喘息/干咳；或符合当前公认的哮喘诊断标准的检查结果,wheezing ,喘鸣声,,,J45.0; J45.1; J45.8; J45.9; J46
R97,otherDiagnosis,R.7,Allergic rhinitis,过敏性鼻炎,Allergic rhinitis,过敏性鼻炎,hay fever; nasal allergy; vasomotor rhinitis,过敏性鼻炎；鼻部过敏；血管运动性鼻炎,upper respiratory tract infection ,上呼吸道感染,,,,,,,J30.0; J30.1; J30.2; J30.3; J30.4
R98,otherDiagnosis,R.7,Hyperventilation syndrome,过度换气综合征,Hyperventilation syndrome,过度换气综合征,,,,,symptoms related to hyperventilation and relieved by rebreathing expired air,与过度换气相关的症状，通过重复吸入呼出气体得到缓解的症状,other breathing problem ,其他呼吸系统问题,,,R06.4
R99,otherDiagnosis,R.7,Respiratory disease other,其他呼吸系统疾病,Respiratory disease other,其他呼吸系统疾病,aspiration pneumonia; bronchiectasis; deviated nasal septum; lung complication of other disease; mediastinal disease; nasal polyp; other disease of larynx; pneumoconiosis; pneumonitis due to allergy/chemicals/dust/ fumes/mould; pneumothorax; pulmonary collapse; pulmonary oedema without heart disease/heart failure; respiratory failure,吸入性肺炎；支气管扩张；偏曲鼻中隔；其他疾病引起的肺并发症；纵隔疾病；鼻息肉；喉的其他疾病；尘肺病；过敏性/化学性/粉尘性/烟雾性/霉菌性肺炎；气胸；肺不张；无心脏病心力衰竭的肺水肿；呼吸衰竭,,,,,,,,,J33.0; J33.1; J33.8; J33.9; J34.1; J34.2; J34.3; J34.8; J38.0; J38.1; J38.2; J38.3; J38.4; J38.5; J38.6; J38.7; J39.0; J39.1; J39.2; J39.3; J39.8; J39.9; J47; J60; J61; J62.0; J62.8; J63.0; J63.1; J63.2; J63.3; J63.4; J63.5; J63.8; J64; J65; J66.0; J66.1; J66.2; J66.8; J67.0; J67.1; J67.2; J67.3; J67.4; J67.5; J67.6; J67.7; J67.8; J67.9; J68.0; J68.1; J68.2; J68.3; J68.4; J68.8; J68.9; J69.0; J69.1; J69.8; J80; J81; J82; J84.0; J84.1; J84.8; J84.9; J92.0; J92.9; J93.0; J93.1; J93.8; J93.9; J96.0; J96.1; J96.9; J98.0; J98.1; J98.2; J98.3; J98.4; J98.5; J98.6; J98.8; J98.9; J99.0; J99.1; J99.8; U04.9; Z90.2
S01,symptom,S.1,Pain/tenderness of skin,皮肤痛/触痛,Pain/tenderness of skin,皮肤痛/触痛,burning sensation; painful lesion or rash; soreness,灼烧感；疼痛性病变或皮疹；疼痛不适,tingling fingers/feet/toes ,手指/足部/脚趾刺痛感,,,,,,,R20.8
S02,symptom,S.1,Pruritus,瘙痒症,Pruritus,瘙痒症,skin irritation,皮肤刺激反应,anogenital pruritus ,肛生殖器瘙痒症,,,,,,,L29.8; L29.9
S03,infection,S.1,Warts,尖锐湿疣,Warts,尖锐湿疣,verrucae,乳头状疣,molluscum contagiosum ,传染性软疣,,,,,,,B07
S04,symptom,S.1,Lump/swelling localized,局部肿块/肿胀,Lump/swelling localized,局部肿块/肿胀,papule,丘疹,insect bite ,昆虫咬伤,,,,,,,R22.0; R22.1; R22.2; R22.3; R22.4; R22.9; R23.8
S05,symptom,S.1,Lumps/swellings generalized,全身性肿块/肿胀,Lumps/swellings generalized,全身性肿块/肿胀,papules/lumps/swellings in multiple sites,多部位的丘疹/结节/肿胀,swollen ankles/oedema ,踝部肿胀/水肿,,,,,,,R22.7; R23.8
S06,symptom,S.1,Rash localized,局部皮疹,Rash localized,局部皮疹,blotch; erythema; redness,斑片；红斑；红润,localized lump/swelling ,局部肿块/肿胀,,,,,,,L53.9; R21
S07,symptom,S.1,Rash generalized,泛发性皮疹,Rash generalized,泛发性皮疹,blotches/erythema/redness occurring in multiple sites,多部位瘀点/红斑/发红,other viral exanthem ,其他病毒性皮疹,,,,,,,L53.9; R21
S08,symptom,S.1,Skin colour change,皮肤颜色改变,Skin colour change,皮肤颜色改变,'circles under eyes'; cyanosis; flushing; freckles; pallor,眼圈；发绀；潮红；雀斑；苍白,bruise ,瘀伤,,,,,,,L81.0; L81.1; L81.2; L81.3; R23.0; R23.1; R23.2
S09,infection,S.1,Infected finger/toe,感染的手指/脚趾,Infected finger/toe,感染的手指/脚趾,paronychia,甲沟炎,post-traumatic infection finger/toe ,创伤后感染指/趾,,,,,,,L03.0
S10,infection,S.1,Boil/carbuncle,疖/痈,Boil/carbuncle,疖/痈,abscess; furuncle,脓肿；疖子,lymphadenitis ,淋巴腺炎,,,,,,,L02.0; L02.1; L02.2; L02.3; L02.4; L02.8; L02.9
S11,infection,S.1,Skin infection post-traumatic,创伤后皮肤感染,Skin infection post-traumatic,创伤后皮肤感染,infected post-traumatic wound/bite,感染的创伤性伤口/咬伤,surgical wound infection ,手术切口感染,,,,,,,T79.3
S12,injury,S.1,Insect bite/sting,昆虫咬伤/刺伤,Insect bite/sting,昆虫咬伤/刺伤,,,toxic effects non-medical substance ,毒物的毒性效应,,,,,,,S00.0; S00.2; S00.3; S00.4; S00.5; S00.7; S00.8; S00.9; S10.1; S10.7; S10.8; S10.9; S20.1; S20.3; S20.4; S20.7; S20.8; S30.7; S30.8; S30.9; S40.7; S40.8; S50.7; S50.8; S60.7; S60.8; S70.7; S70.8; S80.7; S80.8; S90.7; S90.8; T09.0; T11.0; T13.0; T14.0
S13,injury,S.1,Animal/human bite,动物/人类咬伤,Animal/human bite,动物/人类咬伤,,,toxic effects non-medical substance ,毒物的毒性效应,,,,,,,T14.1
S14,injury,S.1,Burn/scald,烧伤/烫伤,Burn/scald,烧伤/烫伤,burn/scald of all degrees; external chemical burn,烧伤/烫伤（所有程度）；外部化学烧伤,sunburn ,日晒伤,,,,,,,T20.0; T20.1; T20.2; T20.3; T20.4; T20.5; T20.6; T20.7; T21.0; T21.1; T21.2; T21.3; T21.4; T21.5; T21.6; T21.7; T22.0; T22.1; T22.2; T22.3; T22.4; T22.5; T22.6; T22.7; T23.0; T23.1; T23.2; T23.3; T23.4; T23.5; T23.6; T23.7; T24.0; T24.1; T24.2; T24.3; T24.4; T24.5; T24.6; T24.7; T25.0; T25.1; T25.2; T25.3; T25.4; T25.5; T25.6; T25.7; T30.0; T30.1; T30.2; T30.3; T30.4; T30.5; T30.6; T30.7; T31.0; T31.1; T31.2; T31.3; T31.4; T31.5; T31.6; T31.7; T31.8; T31.9; T32.0; T32.1; T32.2; T32.3; T32.4; T32.5; T32.6; T32.7; T32.8; T32.9
S15,injury,S.1,Foreign body in skin,皮肤异物,Foreign body in skin,皮肤异物,foreign body under nail,甲下异物,,,,,,,,,S00.0; S00.2; S00.3; S00.4; S00.5; S00.7; S00.8; S00.9; S10.1; S10.7; S10.8; S10.9; S20.1; S20.3; S20.4; S20.7; S20.8; S30.7; S30.8; S30.9; S40.7; S40.8; S50.7; S50.8; S60.7; S60.8; S70.7; S70.8; S80.7; S80.8; S90.7; S90.8; T09.0; T11.0; T13.0; T14.0; T14.1
S16,injury,S.1,Bruise/contusion,瘀伤/挫伤,Bruise/contusion,瘀伤/挫伤,ecchymosis; haematoma,瘀斑；血肿,bruise with broken skin ,皮肤破裂的淤伤,bruise/contusion with intact skin surface,皮下瘀血伴皮肤完整,,,,,S00.0; S00.7; S00.8; S00.9; S10.1; S10.7; S10.8; S10.9; S20.0; S20.1; S20.2; S20.3; S20.4; S20.7; S20.8; S30.0; S30.1; S40.0; S40.7; S40.8; S40.9; S50.0; S50.1; S50.7; S50.8; S50.9; S60.0; S60.1; S60.2; S60.7; S60.8; S60.9; S70.0; S70.1; S70.7; S70.8; S70.9; S80.0; S80.1; S80.7; S80.8; S80.9; S90.0; S90.1; S90.2; S90.3; S90.7; S90.8; S90.9; T09.0; T11.0; T13.0; T14.0
S17,injury,S.1,Abrasion/scratch/blister,擦伤/划伤/水疱,Abrasion/scratch/blister,擦伤/划伤/水疱,bruise if skin broken; graze,皮肤破裂的淤伤；擦伤,,,,,,,,,S00.0; S00.7; S00.8; S00.9; S10.1; S10.7; S10.8; S10.9; S20.1; S20.3; S20.4; S20.7; S20.8; S30.7; S30.8; S30.9; S40.7; S40.8; S40.9; S50.7; S50.8; S50.9; S60.7; S60.8; S60.9; S70.7; S70.8; S70.9; S80.7; S80.8; S80.9; S90.3; S90.7; S90.8; S90.9; T09.0; T11.0; T13.0; T14.0
S18,injury,S.1,Laceration/cut,裂伤/切割伤,Laceration/cut,裂伤/切割伤,laceration/cut of skin/subcutaneous tissues,皮肤及皮下组织裂伤/切割伤,bite ,咬伤,,,,,,,S01.0; S01.2; S01.4; S01.7; S01.8; S01.9; S11.0; S11.1; S11.2; S11.7; S11.8; S11.9; S21.0; S21.1; S21.2; S21.7; S21.8; S21.9; S31.0; S31.1; S31.8; S41.0; S41.1; S41.7; S41.8; S51.0; S51.7; S51.8; S51.9; S61.0; S61.1; S61.7; S61.8; S61.9; S71.0; S71.1; S71.7; S71.8; S81.0; S81.7; S81.8; S81.9; S91.0; S91.1; S91.2; S91.3; S91.7; T09.1; T11.1; T13.1; T14.1
S19,injury,S.1,Skin injury other,其他皮肤损伤,Skin injury other,其他皮肤损伤,avulsion nail; needle stick; puncture,撕脱甲；针刺伤；穿刺伤,bite ,咬伤,,,,,,,S00.0; S00.7; S00.8; S00.9; S10.1; S10.7; S10.8; S10.9; S10.1; S10.7; S10.8; S10.9; S20.1; S20.3; S20.4; S20.7; S20.8; S30.7; S30.8; S30.9; S40.7; S40.8; S40.9; S50.7; S50.8; S50.9; S60.7; S60.8; S60.9; S70.7; S70.8; S70.9; S80.7; S80.8; S80.9; S90.7; S90.8; S90.9; T09.0; T11.0; T13.0; T14.0
S20,symptom,S.1,Corn/callosity,胼胝/鸡眼,Corn/callosity,胼胝/鸡眼,,,hyperkeratosis ,角化过度症,,,,,,,L84
S21,symptom,S.1,Skin texture symptom/complaint,皮肤质地症状/主诉,Skin texture symptom/complaint,皮肤质地症状/主诉,dry skin; peeling; scaling; wrinkles,干燥皮肤；脱皮；鳞屑；皱纹,sweating problem ,汗出异常,,,,,,,R23.4
S22,symptom,S.1,Nail symptom/complaint,甲征/甲症投诉,Nail symptom/complaint,甲征/甲症投诉,clubbing,杵状指,paronychia ,甲沟炎,,,,,,,L60.1; L60.4; L60.5; L60.9; L62.0; L62.8; R68.3
S23,symptom,S.1,Hair loss/baldness,脱发/斑秃,Hair loss/baldness,脱发/斑秃,alopecia,斑秃,,,,,,,,,L63.0; L63.1; L63.2; L63.8; L63.9; L64.0; L64.8; L64.9; L65.0; L65.1; L65.2; L65.8; L65.9; L66.0; L66.1; L66.2; L66.3; L66.4; L66.8; L66.9
S24,symptom,S.1,Hair/scalp symptom/complaint other,其他头发/头皮症状/主诉,Hair/scalp symptom/complaint other,其他头发/头皮症状/主诉,dry scalp; hirsutism,干燥性头皮；多毛症,trichotillomania ,拔毛症,,,,,,,L67.0; L67.1; L67.8; L67.9; L68.0; L68.1; L68.2; L68.3; L68.8; L68.9
S26,symptom,S.1,Fear of cancer of skin,皮肤癌恐惧症,Fear of cancer of skin,皮肤癌恐惧症,,,"if the patient has the disease, code the disease",如果患者患有该疾病，编码该疾病,concern about/fear of cancer of skin in a patient without the disease/until the diagnosis is proven,皮肤癌的担忧/恐惧（于未患病患者/直到诊断证实前）,,,,,Z71.1
S27,symptom,S.1,Fear of skin disease other,其他皮肤疾病恐惧症,Fear of skin disease other,其他皮肤疾病恐惧症,,,fear of cancer of skin ,皮肤癌恐惧症,concern about/fear of having other skin disease in a patient without the disease/until the diagnosis is proven,疑有其他皮肤病的担忧/恐惧（患者目前无该病/直到诊断证实）,,,,,Z71.1
S28,symptom,S.1,Limited function/disability (S),有限功能/残疾 (S),Limited function/disability (S),有限功能/残疾 (S),,,,,limitation of function/disability due to a skin problem,由于皮肤问题导致的功能限制/残疾,,,The COOP/WONCA Charts are suitable for documenting the patient's functional status (see Chapter 8).,COOP/WONCA图表适合记录患者的功能状态（见第八章）。,Z73.6
S29,symptom,S.1,Skin symptom/complaint other,其他皮肤症状/主诉,Skin symptom/complaint other,其他皮肤症状/主诉,cellulite; petechiae; problems with umbilicus; sore(s); spontaneous ecchymosis,cellulite; 出血点; 脐部问题; 疮(s); 自发性瘀斑,Chronic ulcer skin/pressure sore ,慢性溃疡性皮肤压疮,,,,,,,R23.3; R23.8
S70,infection,S.7,Herpes zoster,带状疱疹,Herpes zoster,带状疱疹,herpes zoster ophthalmicus; post-herpetic neuralgia; shingles,带状疱疹眼病；带状疱疹后神经痛；带状疱疹,,,"grouped vescicular eruptions, unilateral distribution, over area of a single dermatome",群集性水疱疹，单侧分布，累及单一皮节区域,skin pain ,皮肤痛,,,B02.0; B02.1; B02.2; B02.3; B02.7; B02.8; B02.9
S71,infection,S.7,Herpes simplex,单纯疱疹病毒感染,Herpes simplex,单纯疱疹病毒感染,cold sore; fever blister,口疮；热疹（注：冷疮更为常用的译法）,herpes simplex of eye without corneal ulcer ,眼部单纯疱疹无角膜溃疡,"vesicles with erythematous base in localised area(s); plus past history of similar lesions, or virological or serological evidence",局部区域（区）出现红斑基础上的水疱；伴有类似病变的既往史，或病毒学、血清学证据,localized rash ,局部皮疹,,,B00.0; B00.1; B00.8; B00.9
S72,infection,S.7,Scabies/other acariasis,疥疮/其他螨虫病,Scabies/other acariasis,疥疮/其他螨虫病,,,,,"intense pruritic skin lesions plus arrays of burrows on sides of palms, fingers, penis or skin folds; or demonstration of parasites or ova in lesions",剧烈瘙痒的皮肤病变加上手掌、手指、阴茎或皮肤皱褶处的虫道排列；或在病灶中演示寄生虫或卵泡,pruritus ,瘙痒症,,,B86; B88.0; B88.2
S73,infection,S.7,Pediculosis/skin infestation other,其他毛囊虫病/皮肤寄生虫感染,Pediculosis/skin infestation other,其他毛囊虫病/皮肤寄生虫感染,fleas; lice; mites; ticks,跳蚤；虱子；螨虫；蜱虫,infected insect bites ,感染的昆虫叮咬,demonstration of nits on hair shafts or insects on skin/clothes,头发上的虮子示证或皮肤/衣物上的昆虫检出,pruritus ,瘙痒症,,,B85.0; B85.1; B85.2; B85.3; B85.4; B87.0; B87.1; B87.2; B87.3; B87.4; B87.8; B87.9; B88.1; B88.3; B88.8; B88.9
S74,infection,S.7,Dermatophytosis,皮肤真菌病,Dermatophytosis,皮肤真菌病,fungal skin infection; onychomycosis; pityriasis versicolor; ringworm; tinea,真菌性皮肤感染；甲癣；花斑糠疹；环状皮炎；体癣,monilia/candida ,念珠菌,pruritic scaly lesions with central clearing and small vesicles at border; or demonstration of fungus,瘙痒性鳞屑病变，中央消退，边缘有小水疱；或真菌示证,,,,,B35.0; B35.1; B35.2; B35.3; B35.4; B35.5; B35.6; B35.8; B35.9; B36.0; B36.1; B36.2; B36.3; B36.8; B36.9
S75,infection,S.7,Moniliasis/candidiasis skin,念珠菌性皮肤炎,Moniliasis/candidiasis skin,念珠菌性皮肤炎,monilial intertrigo; thrush involving nails/perianal region/skin,念珠菌间擦疹；念珠菌指（趾）甲/会阴周围/皮肤感染,oral thrush ,口腔念珠菌病,,,,,,,B37.2
S76,infection,S.7,Skin infection other,其他皮肤感染,Skin infection other,其他皮肤感染,cellulitis; erysipelas; pyoderma; strep skin infection,蜂窝织炎；丹毒；脓皮病；链球菌皮肤感染,boil/carbuncle ,疖/痈,,,,,,,A46; A66.0; A66.1; A66.2; A66.3; A66.4; A66.5; A66.6; A66.7; A66.8; A66.9; A67.0; A67.1; A67.2; A67.3; A67.9; L03.1; L03.2; L03.3; L03.8; L03.9; L08.0; L08.1; L08.8; L08.9; L98.0
S77,neoplasm,S.7,Malignant neoplasm of skin,皮肤恶性肿瘤,Malignant neoplasm of skin,皮肤恶性肿瘤,basal cell carcinoma; malignant melanoma; rodent ulcer; squamous cell carcinoma of skin,基底细胞癌；恶性黑色素瘤；rodent ulcer；皮肤鳞状细胞癌,premalignant lesion of skin ,皮肤癌前病变,characteristic histological appearance,特征性组织学表现,other malignant neoplasm (when primary site is uncertain) ,其他恶性肿瘤（当原发部位不确定时）,,,C43.0; C43.1; C43.2; C43.3; C43.4; C43.5; C43.6; C43.7; C43.8; C43.9; C44.0; C44.1; C44.2; C44.3; C44.4; C44.5; C44.6; C44.7; C44.8; C44.9; C46.0
S78,neoplasm,S.7,Lipoma,脂肪瘤,Lipoma,脂肪瘤,,,,,,,,,,,D17.0; D17.1; D17.2; D17.3; D17.4; D17.5; D17.6; D17.7; D17.9
S79,neoplasm,S.7,Neoplasm skin benign/unspecified,皮肤良性/未特指的肿瘤,Neoplasm skin benign/unspecified,皮肤良性/未特指的肿瘤,benign skin neoplasm; dermoid cyst; premalignant lesion; skin neoplasm not specified as benign or malignant/when histology is not available,良性皮肤肿瘤； Dermoid囊肿； 前癌病变； 未指明为良恶性的皮肤肿瘤/当组织学资料不可用时,residual haemorrhoidal skin tag ,"残留痔皮肤.tag

注：根据医学专业术语的准确性，""residual haemorrhoidal skin tag"" 更准确的翻译应为“残余痔皮肤瘤”或直接描述为“术后残留的痔疮皮肤赘生物”。考虑到直译与意译之间的平衡以及保持术语的专业性，“残留痔皮肤.tag”可能不是最恰当的选择。建议采用“残余痔皮肤赘生物”作为更符合医学专业表达的翻译。",,,,,,,D03.0; D03.1; D03.2; D03.3; D03.4; D03.5; D03.6; D03.7; D03.8; D03.9; D04.0; D04.1; D04.2; D04.3; D04.4; D04.5; D04.6; D04.7; D04.8; D04.9; D23.0; D23.1; D23.2; D23.3; D23.4; D23.5; D23.6; D23.7; D23.9; D48.5
S80,neoplasm,S.7,Solar keratosis/sunburn,日光角化症/晒伤,Solar keratosis/sunburn,日光角化症/晒伤,photosensitivity; polymorphous light eruption; radiation skin damage; senile keratosis; solar hyperkeratosis,光敏感；多形日光疹；放射性皮肤损伤；老年角化病；太阳诱发的过度角化,skin damage due to man made radiation (complication of medical treatment) ,人工辐射所致皮肤损害（医疗治疗的并发症）,,,,,,,L55.0; L55.1; L55.2; L55.8; L55.9; L56.0; L56.1; L56.2; L56.3; L56.4; L56.8; L56.9; L57.0; L57.1; L57.2; L57.3; L57.4; L57.5; L57.8; L57.9; L58.0; L58.1; L58.9; L59.0; L59.8; L59.9
S81,congenital,S.7,Haemangioma/lymphangioma,血管瘤/淋巴管瘤,Haemangioma/lymphangioma,血管瘤/淋巴管瘤,angiomatous birthmark; portwine stain,血管瘤性胎记；葡萄酒色斑,,,"vascular or lymphatic tumour, elevated above skin and emptying on pressure",血管或淋巴管肿瘤，高于皮肤并在压力下空虚,localized swelling ,局部肿胀,,,D18.0; D18.1
S82,congenital,S.7,Naevus/mole,痣/色素痣,Naevus/mole,痣/色素痣,,,,,,,,,,,D22.0; D22.1; D22.2; D22.3; D22.4; D22.5; D22.6; D22.7; D22.9
S83,congenital,S.7,Congenital skin anomaly other,先天性皮肤异常其他未特指,Congenital skin anomaly other,先天性皮肤异常其他未特指,birthmark; ichthyosis,胎记；鱼鳞病,haemangioma/lymphangioma ,血管瘤/淋巴管瘤,,,,,,,Q80.0; Q80.1; Q80.2; Q80.3; Q80.4; Q80.8; Q80.9; Q81.0; Q81.1; Q81.2; Q81.8; Q81.9; Q82.0; Q82.1; Q82.2; Q82.3; Q82.4; Q82.5; Q82.8; Q82.9; Q84.0; Q84.1; Q84.2; Q84.3; Q84.4; Q84.5; Q84.6; Q84.8; Q84.9
S84,infection,S.7,Impetigo,脓疱病,Impetigo,脓疱病,impetigo secondary to other dermatosis,其他皮肤病继发的脓疱病,,,"spreading skin lesion consisting of macules, vesicles, pustules or crust with underlying raw area",扩散性皮肤病变，由斑片、水疱、脓疱或结痂组成，伴有下方的鲜裸区,other localized skin infection ,其他局部皮肤感染,,,L00; L01.0; L01.1
S85,otherDiagnosis,S.7,Pilonidal cyst/fistula,pilonidal囊肿/瘘管,Pilonidal cyst/fistula,pilonidal囊肿/瘘管,pilonidal abscess,pilonidal脓肿,dermoid cyst ,Dermoid囊肿,,,,,,,L05.0; L05.9
S86,otherDiagnosis,S.7,Dermatitis seborrhoeic,脂溢性皮炎,Dermatitis seborrhoeic,脂溢性皮炎,cradle cap; dandruff,"cradle cap; dandruff

摇篮帽；头皮屑",seborrhoeic warts ,脂溢性 wart,"greasy, scaly lesions with underlying erythema on one or more areas of scalp, face, sternum, interscapular areas, around umbilicus and in body folds, not attributable to other skin disease",油腻、鳞屑状皮损，伴有红斑，累及一个或多个头皮、面部、胸骨、肩胛间区、脐周和体褶部位，不能归因于其他皮肤病,localized rash ,局部皮疹,,,L21.0; L21.1; L21.8; L21.9
S87,otherDiagnosis,S.7,Dermatitis/atopic eczema,特应性皮炎/异位性湿疹,Dermatitis/atopic eczema,特应性皮炎/异位性湿疹,flexural dermatitis; infantile eczema,屈曲面皮炎；婴儿湿疹,dermatitis/atopic eczema affecting external auditory meatus ,外耳道特应性湿疹/异位性皮炎,"pruritic exudative lesions with/without lichenification over face and neck, wrists and hands, chest, back of knees and front of elbow",瘙痒性渗出性皮损，伴或不伴苔藓化，累及面部和颈部、腕部和手部、胸部、膝后和肘前区域,pruritus ,瘙痒症,,,L20.0; L20.8; L20.9
S88,otherDiagnosis,S.7,Dermatitis contact/allergic,接触性/过敏性皮炎,Dermatitis contact/allergic,接触性/过敏性皮炎,allergic dermatitis; chemical dermatitis; dermatitis NOS; eczema NOS; intertrigo; plant sting; skin allergy,过敏性皮炎；化学性皮炎；皮炎 NOS；湿疹 NOS；皱褶部位皮炎；植物刺伤；皮肤过敏,allergy/allergic reaction unspecified ,未特指的过敏/过敏反应,pruritic erythematous lesions related to exposure to chemical substance,与接触化学物质相关的瘙痒红斑病变,pruritus ,瘙痒症,,,L23.0; L23.1; L23.2; L23.3; L23.4; L23.5; L23.6; L23.7; L23.8; L23.9; L24.0; L24.1; L24.2; L24.3; L24.4; L24.5; L24.6; L24.7; L24.8; L24.9; L25.0; L25.1; L25.2; L25.3; L25.4; L25.5; L25.8; L25.9; L27.2; L27.8; L27.9; L30.0; L30.3; L30.4; L30.8; L30.9
S89,otherDiagnosis,S.7,Diaper rash,尿布疹,Diaper rash,尿布疹,,,,,"dermatitis, primarily of the diaper area and sparing creases",尿布区域皮炎，皱褶处 spared,,,,,L22
S90,otherDiagnosis,S.7,Pityriasis rosea,玫瑰糠疹,Pityriasis rosea,玫瑰糠疹,,,,,"oval, scaly eruptions along skin tension lines of trunk, with a history of a solitary lesion preceeding presenting rash",椭圆形、鳞屑状沿躯干皮肤张力线的皮疹，伴有单个病灶先于现发皮疹的病史,localized rash ,局部皮疹,,,L42
S91,otherDiagnosis,S.7,Psoriasis,银屑病,Psoriasis,银屑病,,,,,"plaques with silvery scales on knees, elbows or scalp and/or stippled/pitted nails",膝、肘或头皮上带有银白色鳞屑的斑块和/或点状/凹陷性指甲,,,double code psoriatic arthritis ,双码银屑病关节炎,L40.0; L40.1; L40.2; L40.3; L40.4; L40.5; L40.8; L40.9
S92,otherDiagnosis,S.7,Sweat gland disease,汗腺疾病,Sweat gland disease,汗腺疾病,dyshidrosis; heat rash; hydradenitis; miliaria; pompholyx; prickly heat; sweat rash,掌跖脓疱病；汗疹；汗腺炎；痱子；掌趾脓疱病；热痱；汗疹,hyperhidrosis ,多汗症,,,,,,,L30.1; L73.2; L74.0; L74.1; L74.2; L74.3; L74.4; L74.8; L74.9; L75.0; L75.1; L75.2; L75.8; L75.9
S93,otherDiagnosis,S.7,Sebaceous cyst,皮脂囊肿,Sebaceous cyst,皮脂囊肿,wen,疣状病损,,,,,,,,,L72.1
S94,otherDiagnosis,S.7,Ingrowing nail,嵌甲,Ingrowing nail,嵌甲,,,paronychia ,甲沟炎,,,,,,,L60.0
S95,infection,S.7,Molluscum contagiosum,传染性软疣,Molluscum contagiosum,传染性软疣,,,,,,,,,,,B08.1
S96,otherDiagnosis,S.7,Acne,痤疮,Acne,痤疮,blackheads; comedones; pimples,黑头；粉瘤；丘疹,acne due to medication ,药物引起的痤疮,,,,,,,L70.0; L70.1; L70.2; L70.3; L70.4; L70.5; L70.8; L70.9
S97,otherDiagnosis,S.7,Chronic ulcer skin,慢性溃疡性皮肤病变,Chronic ulcer skin,慢性溃疡性皮肤病变,bedsore; decubitus ulcer; pressure sore; varicose ulcer,压疮；褥疮；压力性溃疡；静脉曲张性溃疡,gangrene ,坏疽,,,,,,,I83.0; I83.2; L89.0; L89.1; L89.2; L89.3; L89.9; L97; L98.4
S98,otherDiagnosis,S.7,Urticaria,荨麻疹,Urticaria,荨麻疹,hives; weals,荨麻疹；风团,drug allergy ,药物过敏,,,,,,,L50.0; L50.1; L50.2; L50.3; L50.4; L50.5; L50.6; L50.8; L50.9
S99,otherDiagnosis,S.7,Skin disease other,其他皮肤疾病,Skin disease other,其他皮肤疾病,dermatitis artefacta; discoid lupus erythematosus; erythema multiforme; erythema nodosum; folliculitis; granuloma; granuloma annulare; hyperkeratosis NOS; keloid; keratoacanthoma; lichen planus; neurodermatitis; onychogryphosis; pigmentation; rhinophyma; rosacea; scar; seborrhoeic or senile warts; striae atrophicae; vitiligo,人工皮炎；盘状红斑狼疮；多形性红斑；结节性红斑；毛囊炎；肉芽肿；环状肉芽肿；过度角化症 NOS；瘢痕疙瘩；角化棘皮瘤；扁平苔藓；神经性皮炎；趾甲畸形；色素沉着；酒渣鼻；玫瑰痤疮；疤痕；脂溢性或老年疣；萎缩纹；白癜风,,,,,,,,,L10.0; L10.1; L10.2; L10.3; L10.4; L10.5; L10.8; L10.9; L11.0; L11.1; L11.8; L11.9; L12.0; L12.1; L12.2; L12.3; L12.8; L12.9; L13.0; L13.1; L13.8; L13.9; L14; L26; L28.0; L28.1; L28.2; L30.2; L30.5; L41.0; L41.1; L41.3; L41.4; L41.5; L41.8; L41.9; L43.0; L43.1; L43.2; L43.3; L43.8; L43.9; L44.0; L44.1; L44.2; L44.3; L44.4; L44.8; L44.9; L45; L51.0; L51.1; L51.2; L51.8; L51.9; L52; L53.0; L53.1; L53.2; L53.3; L53.8; L54.0; L54.8; L60.2; L60.3; L60.8; L71.0; L71.1; L71.8; L71.9; L72.0; L72.2; L72.8; L72.9; L73.0; L73.1; L73.8; L73.9; L80; L81.4; L81.5; L81.6; L81.7; L81.8; L81.9; L82; L83; L85.0; L85.1; L85.2; L85.3; L85.8; L85.9; L86; L87.0; L87.1; L87.2; L87.8; L87.9; L88; L90.0; L90.1; L90.2; L90.3; L90.4; L90.5; L90.6; L90.8; L90.9; L91.0; L91.8; L91.9; L92.0; L92.1; L92.2; L92.3; L92.8; L92.9; L93.0; L93.1; L93.2; L94.0; L94.1; L94.2; L94.3; L94.4; L94.5; L94.6; L94.8; L94.9; L95.0; L95.1; L95.8; L95.9; L98.1; L98.2; L98.3; L98.5; L98.6; L98.7; L98.8; L98.9; L99.0; L99.8
T01,symptom,T.1,Excessive thirst,"多尿症

注：根据“Excessive thirst”的字面意思应直接翻译为“烦渴”或“口渴过度”，但由于医学上通常将症状与其相关生理反应一同考虑，这里可能更倾向于描述伴随的频繁排尿现象，故给出“多尿症”。但若严格按字面意义要求，则应为“烦渴”。请根据具体语境选择。如果严格按照题目要求只翻译术语本身，则答案是：

中文翻译：烦渴",Excessive thirst,"多尿症

注：根据“Excessive thirst”的字面意思应直接翻译为“烦渴”或“口渴过度”，但由于医学上通常将症状与其相关生理反应一同考虑，这里可能更倾向于描述伴随的频繁排尿现象，故给出“多尿症”。但若严格按字面意义要求，则应为“烦渴”。请根据具体语境选择。如果严格按照题目要求只翻译术语本身，则答案是：

中文翻译：烦渴",polydipsia,多饮,,,,,,,,,R63.1
T02,symptom,T.1,Excessive appetite,多食症,Excessive appetite,多食症,overeating; polyphagia,过食；多食,bulimia ,暴食症,,,,,,,R63.2
T03,symptom,T.1,Loss of appetite,食欲不振,Loss of appetite,食欲不振,anorexia,厌食症,anorexia nervosa ,神经性厌食症,,,,,,,R63.0
T04,symptom,T.1,Feeding problem of infant/child,婴儿/儿童喂养问题,Feeding problem of infant/child,婴儿/儿童喂养问题,problem of what and how to eat/feed infant/child,婴幼儿喂养问题,food allergy ,食物过敏,,,,,,,R63.3
T05,symptom,T.1,Feeding problem of adult,成人喂养问题,Feeding problem of adult,成人喂养问题,problem of what and how to eat/feed adult,进食问题,food allergy ,食物过敏,,,,,,,R63.3
T07,symptom,T.1,Weight gain,体重增加,Weight gain,体重增加,,,obesity ,肥胖症,,,,,,,R63.5
T08,symptom,T.1,Weight loss,体重减轻,Weight loss,体重减轻,cachexia,恶病质,anorexia nervosa ,神经性厌食症,,,,,,,R63.4; R64
T10,symptom,T.1,Growth delay,生长迟缓,Growth delay,生长迟缓,failure to thrive; physiological delay growth,生长迟缓；生理性生长延迟,delayed milestones ,发育迟缓,,,,,,,E34.3; R62.8; R62.9
T11,symptom,T.1,Dehydration,脱水,Dehydration,脱水,water depletion,水分丢失,salt depletion/electrolyte disturbance ,盐耗竭/电解质紊乱,,,,,,,E86
T26,symptom,T.1,Fear of cancer of endocrine system,内分泌系统癌症恐惧症,Fear of cancer of endocrine system,内分泌系统癌症恐惧症,,,"if the patient has the disease, code the disease",如果患者患有该疾病，编码该疾病,concern about/fear of cancer of endocrine system in a patient without the disease/until the diagnosis is proven,内分泌系统肿瘤担忧/恐惧症（患者无该病诊断之前）,,,,,Z71.1
T27,symptom,T.1,Fear of endocrine/metabolic disease other,其他内分泌/代谢疾病恐惧症,Fear endocrine/metabol disease other,其他恐惧性内分泌/代谢疾病,fear of diabetes,糖尿病恐惧症,fear of cancer of endocrine system ,内分泌系统癌症恐惧症,concern about/fear of other endocrine/metabolic/nutritional disease in a patient without the disease/until the diagnosis is proven,疑虑/恐惧患者可能存在其他内分泌/代谢/营养性疾病（患者目前无该疾病/直到诊断证实）,,,,,Z71.1
T28,symptom,T.1,Limited function/disability (T),限功能/残疾 (T),Limited function/disability (T),限功能/残疾 (T),,,,,limited function/disability due to a problem of the endocrine/metabolic/nutritional system,内分泌/代谢/营养系统异常所致的轻度功能障碍/残疾,,,The COOP/WONCA Charts are suitable for documenting the patient's functional status (see Chapter 8).,COOP/WONCA图表适合记录患者的功能状态（见第八章）。,Z73.6
T29,symptom,T.1,Endocrine/metabolic/nutritional symptom/complaint other,内分泌/代谢/营养症状/主诉其他,Endocr/metab/nutr sympt/compl other,内分泌/代谢/营养症状和并发症其他,specific food craving; underweight,特定食物渴求；体重过轻,hyperglycemia ,高血糖症,,,,,,,R63.8
T70,infection,T.7,Endocrine infection,内分泌感染,Endocrine infection,内分泌感染,,,thyroiditis ,甲状腺炎,,,,,,,E06.0
T71,neoplasm,T.7,Malignant neoplasm thyroid,甲状腺恶性肿瘤,Malignant neoplasm thyroid,甲状腺恶性肿瘤,,,,,characteristic histological appearance,特征性组织学表现,other/unspecified endocrine neoplasm ,其他/未特指内分泌肿瘤,,,C73
T72,neoplasm,T.7,Benign neoplasm thyroid,甲状腺良性肿瘤,Benign neoplasm thyroid,甲状腺良性肿瘤,,,other/unspecified endocrine neoplasm ,其他/未特指内分泌肿瘤,,,,,,,D34
T73,neoplasm,T.7,Neoplasm endocrine other/unspecified,内分泌其他/未特指肿瘤,Neoplasm endocrine other/unspecified,内分泌其他/未特指肿瘤,other endocrine neoplasm/endocrine neoplasm not specified as benign or malignant/when histology is not available,其他内分泌肿瘤/未指明良恶性的内分泌肿瘤/当无组织学资料时,,,,,,,,,C74.0; C74.1; C74.9; C75.0; C75.1; C75.2; C75.3; C75.4; C75.5; C75.8; C75.9; D09.3; D35.0; D35.1; D35.2; D35.3; D35.4; D35.5; D35.6; D35.7; D35.8; D35.9; D44.0; D44.1; D44.2; D44.3; D44.4; D44.5; D44.6; D44.7; D44.8; D44.9
T78,congenital,T.7,Thyroglossal duct/cyst,舌咽管/舌咽管囊肿,Thyroglossal duct/cyst,舌咽管/舌咽管囊肿,,,goitre ,甲状腺肿胩,,,,,,,Q89.2
T80,congenital,T.7,Congenital anomaly endocrine/metabolic,先天性内分泌/代谢异常,Congen  anomaly endocrine/metabolic,先天性内分泌/代谢异常,cretinism; dwarfism,克汀病；侏儒症,thyroglossal duct (cyst) ,舌咽管（囊肿）,,,,,,,E00.0; E00.1; E00.2; E00.9; E25.0; Q89.1; Q89.2
T81,otherDiagnosis,T.7,Goitre,甲状腺肿胩,Goitre,甲状腺肿胩,non-toxic goitre; thyroid nodule,非毒性甲状腺肿；甲状腺结节,Malignant neoplasm thyroid ,甲状腺恶性肿瘤,,,,,,,E04.0; E04.1; E04.2; E04.8; E04.9
T82,otherDiagnosis,T.7,Obesity,肥胖症,Obesity,肥胖症,,,overweight ,超重,a body mass index greater than 30,体重指数大于30,,,,,E66.0; E66.1; E66.2; E66.8; E66.9
T83,otherDiagnosis,T.7,Overweight,超重,Overweight,超重,,,obesity ,肥胖症,a body mass index greater than 25 but less than 30,体质指数大于25但小于30,,,,,E66.0; E66.1; E66.2; E66.8; E66.9
T85,otherDiagnosis,T.7,Hyperthyroidism/thyrotoxicosis,甲状腺功能亢进症/甲状腺毒症,Hyperthyroidism/thyrotoxicosis,甲状腺功能亢进症/甲状腺毒症,Graves disease; toxic goitre,格雷夫斯病；毒性甲状腺肿,non-toxic goitre ,非毒性甲状腺肿,"laboratory evidence of excessive thyroid hormone; or thyroid nodule or goitre plus tremor, weight loss, and rapid pulse (over l00/min at rest) or eye signs (exophthalmos, lid lag, or ophthamoplegia)",实验室证据显示甲状腺激素过多；或伴有震颤、体重减轻和心动过速（静息时心率超过100次/分钟）的甲状腺结节或肿大，或眼征（突眼、上睑迟落或眼肌麻痹）,,,,,E05.0; E05.1; E05.2; E05.3; E05.4; E05.5; E05.8; E05.9
T86,otherDiagnosis,T.7,Hypothyroidism/myxoedema,甲状腺功能减退症/黏液水肿,Hypothyroidism/myxoedema,甲状腺功能减退症/黏液水肿,,,cretinism ,呆小症,"laboratory evidence of diminished thyroid hormone activity and excessive thyroid stimulating hormone; or four or more of the following: weakness/tiredness; mental changes: apathy, poor memory, slowing; voice changes: coarser, deeper slower speech; undue sensitivity to cold; constipation; coarse puffy facial features; cool dry, sallow skin, decreased sweating; peripheral oedema",实验室证据显示甲状腺激素活性降低和促甲状腺激素过多；或以下四项或更多症状：乏力/疲倦；精神改变：冷漠，记忆力减退，反应迟缓；声音变化：声音变粗、低沉、缓慢；对寒冷过度敏感；便秘；面部特征粗糙肿胀；皮肤冷干、苍白、出汗减少；外周水肿,other complaint of metabolism ,其他代谢方面的主诉,,,E01.0; E01.1; E01.2; E01.8; E02; E03.0; E03.1; E03.2; E03.3; E03.4; E03.5; E03.8; E03.9
T87,otherDiagnosis,T.7,Hypoglycaemia,低血糖症,Hypoglycaemia,低血糖症,hyperinsulism; insulin coma,高胰岛素血症；胰岛素昏迷,,,"hypoglycaemia demonstrated by biochemical testing, or characteristic symptoms in a diabetic patient relieved by ingestion or injection of sugar",生化检查证实的低血糖，或糖尿病患者摄入或注射糖后缓解的典型症状,,,,,E15; E16.0; E16.1; E16.2; E16.3; E16.9
T89,otherDiagnosis,T.7,Diabetes insulin dependent,胰岛素依赖性糖尿病,Diabetes insulin dependent,胰岛素依赖性糖尿病,juvenile onset diabetes; type 1 diabetes,青少年发病糖尿病；1型糖尿病,drug induced hyperglycaemia ,药物诱发的高血糖症,"patient requiring regular ongoing treatment with insulin after diagnosis confirmed by one of the following:(a) the classic symptoms of diabetes, such as polyuria, polydypsia, and rapid weight loss, together with unequivocal elevation of plasma glucose (b) fasting blood glucose levels of 8mmol/l (l40mg/dl) or more on two or more occasions (c) random blood glucose levels of 11mmol/l (200mg/dl) or more on two or more occasions (d) an oral Glucose Tolerance Test (75gm glucose) with one value of plasma glucose at between one and two hours of 11mmol/l (200mg/dl) or more, and plasma glucose at two hours of 11mol/l (200mg/dl) or more; these WHO-criteria may change over time; also, criteria differences may exist between national health care systems","需要定期接受胰岛素治疗的患者，确诊依据以下之一：
(a) 糖尿病的经典症状，如多尿、多饮和快速体重下降，并伴有明确升高的血浆葡萄糖水平；
(b) 在两次或两次以上检测中空腹血糖水平达到8mmol/l（140mg/dl）或更高；
(c) 在两次或两次以上随机时间点的血糖水平达到11mmol/l（200mg/dl）或更高；
(d) 口服葡萄糖耐量试验（75克葡萄糖），一小时和两小时血浆葡萄糖值分别达到11mmol/l（200mg/dl）或更高；这些WHO标准可能会随时间变化；此外，不同国家的医疗保健系统可能存在不同的诊断标准。",,,1) double code complications such as retinopathy ,双编码并发症如视网膜病变,E10.0; E10.1; E10.2; E10.3; E10.4; E10.5; E10.6; E10.7; E10.8; E10.9
T90,otherDiagnosis,T.7,Diabetes non-insulin dependent,2型糖尿病,Diabetes non-insulin dependent,2型糖尿病,diabetes NOS; late onset diabetes; type 2 diabetes,糖尿病 NOS；迟发性糖尿病；2型糖尿病,drug induced hyperglycaemia ,药物诱发的高血糖症,"patient not requiring regular ongoing treatment with insulin after diagnosis confirmed by one of the following:(a) the classic symptoms of diabetes, such as polyuria, polydypsia, and rapid weight loss, together with unequivocal elevation of plasma glucose (b) fasting blood glucose levels of 8mmol/l (l40mg/dl) or more on two or more occasions (c) random blood glucose levels of 11mmol/l (200mg/dl) or more on two or more occasions(d) an oral Glucose Tolerance Test (75gm glucose) one value of plasma glucose at between one and two hours of 11mmol/l (200mg/dl) or more and plasma glucose at two hours of 11mol/l (200mg/dl) or more; these WHO-criteria may change over time; also, criteria differences may exist between national health care systems","确诊后不需要常规胰岛素治疗的患者，确认诊断依据以下之一：
(a) 糖尿病的经典症状，如多尿、多饮和快速体重下降，并伴有明确升高的血浆葡萄糖水平；
(b) 在两次或两次以上的情况下空腹血糖水平达到8mmol/L（140mg/dl）或更高；
(c) 在两次或两次以上的情况下随机血糖水平达到11mmol/L（200mg/dl）或更高；
(d) 口服葡萄糖耐量试验（75g葡萄糖），一小时至两小时之间的血浆葡萄糖值为11mmol/L（200mg/dl）或更高，以及两小时的血浆葡萄糖值达到11mol/L（200mg/dl）或更高；这些WHO标准可能会随时间变化；此外，不同国家的卫生保健系统可能存在不同的诊断标准。",,,1) double code complications such as retinopathy ,双编码并发症如视网膜病变,E11.0; E11.1; E11.2; E11.3; E11.4; E11.5; E11.6; E11.7; E11.8; E11.9; E12.0; E12.1; E12.2; E12.3; E12.4; E12.5; E12.6; E12.7; E12.8; E12.9; E13.0; E13.1; E13.2; E13.3; E13.4; E13.5; E13.6; E13.7; E13.8; E13.9; E14.0; E14.1; E14.2; E14.3; E14.4; E14.5; E14.6; E14.7; E14.8; E14.9
T91,otherDiagnosis,T.7,Vitamin/nutritional deficiency,维生素/营养缺乏症,Vitamin/nutritional deficiency,维生素/营养缺乏症,beri-beri; dietary mineral deficiency; iron deficiency without anaemia; malnutrition; marasmus; scurvy,贝里贝里；膳食矿物质缺乏；无贫血的缺铁性贫血；营养不良；马鲁马拉斯；坏血病,iron deficiency anaemia ,缺铁性贫血,,,,,,,E40; E41; E42; E43; E44.0; E44.1; E45; E46; E50.0; E50.1; E50.2; E50.3; E50.4; E50.5; E50.6; E50.7; E50.8; E50.9; E51.1; E51.8; E51.9; E52; E53.0; E53.1; E53.8; E53.9; E54; E55.0; E55.9; E56.0; E56.1; E56.8; E56.9; E58; E59; E60; E61.0; E61.1; E61.2; E61.3; E61.4; E61.5; E61.6; E61.7; E61.8; E61.9; E63.0; E63.1; E63.8; E63.9; E64.0; E64.1; E64.2; E64.3; E64.8; E64.9
T92,otherDiagnosis,T.7,Gout,痛风,Gout,痛风,,,pseudo-gout/other crystal arthropathy ,假性痛风/其他晶体性关节病,,,,,,,M10.0; M10.1; M10.2; M10.3; M10.4; M10.9
T93,otherDiagnosis,T.7,Lipid disorder,脂代谢紊乱,Lipid disorder,脂代谢紊乱,abnormality of lipoprotein level; hyperlipidaemia; raised level of cholesterol/triglycerides; xanthoma,脂蛋白水平异常；高脂血症；胆固醇/甘油三酯水平升高；黄瘤病,,,,,,,,,E78.0; E78.1; E78.2; E78.3; E78.4; E78.5; E78.6; E78.8; E78.9
T99,otherDiagnosis,T.7,Endocrine/metabolic/nutritional disease other,内分泌/代谢/营养性疾病其他,Endocr/metab/nutrit disease other,内分泌/代谢/营养疾病其他,acromegaly; adrenal/ovarian/ pituitary/parathyroid/ testicular/other endocrine dysfunction; amyloidosis; crystal arthropathy; Cushing's syndrome; cystic fibrosis; diabetes insipidus; Gilbert's syndrome; hyperaldosteronism; osteomalacia; porphyria; precocious/delayed puberty; pseudo-gout; raised uric acid; renal glycosuria; thyroiditis,肢端肥大症；肾上腺/卵巢/垂体/甲状旁腺/睾丸/其他内分泌功能障碍；淀粉样变性；晶体关节病；库欣综合征；囊性纤维化；尿崩症；毕夏氏综合征；高醛固酮血症；成人骨软化症；卟啉病；早熟/延迟青春期；假痛风；血尿酸升高；肾性糖尿；甲状腺炎,food allergy ,食物过敏,,,,,,,E06.1; E06.2; E06.3; E06.4; E06.5; E06.9; E07.0; E07.1; E07.8; E07.9; E16.8; E20.0; E20.1; E20.8; E20.9; E21.0; E21.1; E21.2; E21.3; E21.4; E21.5; E22.0; E22.1; E22.2; E22.8; E22.9; E23.0; E23.1; E23.2; E23.3; E23.6; E23.7; E24.0; E24.1; E24.2; E24.3; E24.4; E24.8; E24.9; E25.8; E25.9; E26.0; E26.1; E26.8; E26.9; E27.0; E27.1; E27.2; E27.3; E27.4; E27.5; E27.8; E27.9; E28.0; E28.1; E28.2; E28.3; E28.8; E28.9; E29.0; E29.1; E29.8; E29.9; E30.0; E30.1; E30.8; E30.9; E31.0; E31.1; E31.8; E31.9; E32.0; E32.1; E32.8; E32.9; E34.0; E34.1; E34.2; E34.4; E34.5; E34.8; E34.9; E35.0; E35.1; E35.8; E65; E67.0; E67.1; E67.2; E67.3; E67.8; E68; E70.0; E70.1; E70.2; E70.3; E70.8; E70.9; E71.0; E71.1; E71.2; E71.3; E72.0; E72.1; E72.2; E72.3; E72.4; E72.5; E72.8; E72.9; E73.0; E73.1; E73.8; E73.9; E74.0; E74.1; E74.2; E74.3; E74.4; E74.8; E74.9; E75.0; E75.1; E75.2; E75.3; E75.4; E75.5; E75.6; E76.0; E76.1; E76.2; E76.3; E76.8; E76.9; E77.0; E77.1; E77.8; E77.9; E79.0; E79.1; E79.8; E79.9; E80.0; E80.1; E80.2; E80.3; E80.4; E80.5; E80.6; E80.7; E83.0; E83.1; E83.2; E83.3; E83.4; E83.5; E83.8; E83.9; E84.0; E84.1; E84.8; E84.9; E85.0; E85.1; E85.2; E85.3; E85.4; E85.8; E85.9; E87.0; E87.1; E87.2; E87.3; E87.4; E87.5; E87.6; E87.7; E87.8; E88.0; E88.1; E88.2; E88.3; E88.8; E88.9; E90; M11.0; M11.1; M11.2; M11.8; M11.9; M83.0; M83.1; M83.2; M83.3; M83.4; M83.5; M83.8; M83.9
U01,symptom,U.1,Dysuria/painful urination,尿痛,Dysuria/painful urination,尿痛,burning urination,尿痛,frequent/urgent urination ,频尿/急尿,,,,,,,R30.0; R30.1; R30.9
U02,symptom,U.1,Urinary frequency/urgency,尿频/急迫感,Urinary frequency/urgency,尿频/急迫感,nocturia; polyuria,夜尿；多尿,,,,,,,,,R35
U04,symptom,U.1,Incontinence urine,尿失禁,Incontinence urine,尿失禁,enuresis of organic origin; involuntary urination; stress incontinence,器质性遗尿症；非自愿排尿；压力性尿失禁,urine incontinence of psychogenic origin ,心理性尿失禁,,,,,,,N39.3; N39.4; R32
U05,symptom,U.1,Urination problems other,其他排尿问题,Urination problems other,其他排尿问题,anuria; dribbling urine; oliguria,无尿；滴尿；少尿,urinary retention ,尿潴留,,,,,,,R34; R39.1
U06,symptom,U.1,Haematuria,血尿,Haematuria,血尿,blood in urine,血尿,,,blood in urine proven by macroscopic/microscopic/chemical test,血尿（经肉眼/显微镜/化学检验证实）,,,,,N02.0; N02.1; N02.2; N02.3; N02.4; N02.5; N02.6; N02.7; N02.8; N02.9; R31
U07,symptom,U.1,Urine symptom/complaint other,其他尿液症状/主诉,Urine symptom/complaint other,其他尿液症状/主诉,bad odour of urine; dark urine,尿液异味；深色尿液,abnormal urine test ,异常尿检,,,,,,,R39.8
U08,symptom,U.1,Urinary retention,尿潴留,Urinary retention,尿潴留,,,,,,,,,,,R33
U13,symptom,U.1,Bladder symptom/complaint other,其他膀胱症状/主诉,Bladder symptom/complaint other,其他膀胱症状/主诉,bladder pain; irritable bladder,膀胱痛； irritative膀胱,,,,,,,,,R39.8
U14,symptom,U.1,Kidney symptom/complaint,肾脏症状/主诉,Kidney symptom/complaint,肾脏症状/主诉,kidney pain; kidney trouble; renal colic,肾痛；肾病；肾绞痛,loin/flank pain ,腰痛/胁痛,,,,,,,N23
U26,symptom,U.1,Fear of cancer of urinary system,泌尿系统癌症恐惧症,Fear of cancer of urinary system,泌尿系统癌症恐惧症,,,"if the patient has the disease, code the disease",如果患者患有该疾病，编码该疾病,concern about/fear of urinary cancer in a patient without the disease/until the diagnosis  is proven,疑有/恐患泌尿系统癌症（于未确诊患者中）,,,,,Z71.1
U27,symptom,U.1,Fear of urinary disease other,其他尿路疾病恐惧症,Fear of urinary disease other,其他尿路疾病恐惧症,,,fear of cancer of urinary system ,泌尿系统癌症恐惧症,concern about/fear of other urinary disease in a patient without the disease/until the diagnosis is proven,疑有/恐患其他泌尿系统疾病（患者无病时/诊断未明确前）,,,,,Z71.1
U28,symptom,U.1,Limited function/disability (U),有限功能/残疾 (U),Limited function/disability (U),有限功能/残疾 (U),renal transplant; slow stream,肾移植；缓慢流率,urinary incontinence ,尿失禁,limitation of function/disability due to a urinary problem,尿路问题所致的功能限制/残疾,,,The COOP/WONCA Charts are suitable for documenting the patient's functional status (see Chapter 8).,COOP/WONCA图表适合记录患者的功能状态（见第八章）。,Z73.6; Z99.2
U29,symptom,U.1,Urinary symptom/complaint other,其他泌尿系统症状/主诉,Urinary symptom/complaint other,其他泌尿系统症状/主诉,,,irritable bladder/bladder pain ,膀胱过度活动症/膀胱痛,,,,,,,R39.8
U70,infection,U.7,Pyelonephritis/pyelitis,肾盂肾炎/肾盂炎,Pyelonephritis/pyelitis,肾盂肾炎/肾盂炎,infection of kidney; renal/perinephric abscess,肾感染；肾周/肾周围脓肿,,,"two of  the following: flank pain, renal tenderness, investigation evidence of chronic renal damage; plus clinical or laboratory evidence of urinary tract infection",以下的两条中的任意两条：腰痛、肾区压痛、慢性肾脏损害的检查证据；加上泌尿系统感染的临床或实验室证据,cystitis/other urinary infection ,膀胱炎/其他泌尿系统感染,,,N10; N11.0; N11.1; N11.8; N11.9; N12; N15.1; N15.9
U71,infection,U.7,Cystitis/urinary infection other,膀胱炎/其他泌尿系感染,Cystitis/urinary infection other,膀胱炎/其他泌尿系感染,acute/chronic cystitis (non-venereal); asymptomatic bacteriuria; lower urinary tract infection; urinary tract infection NOS,急性/慢性膀胱炎（非性传播）；无症状菌尿症；下尿路感染；泌尿道感染 NOS,pyelonephritis ,肾盂肾炎,,,,,in pregnancy also code ,妊娠亦见编码,N30.0; N30.1; N30.2; N30.3; N30.4; N30.8; N30.9; N39.0
U72,infection,U.7,Urethritis,尿道炎,Urethritis,尿道炎,chlamydial urethritis in man; meatitis; nonspecific urethritis; urethral syndrome,沙眼衣原体尿道炎；阴茎头炎；非特异性尿道炎；尿道综合征,gonococcal urethritis female ,女性淋球菌尿道炎,"urethral discharge with frequency, burning, pain or urgency on urination without bacteriuria by microscopy or culture; or inflammation of external urinary meatus",尿道分泌物伴频尿、排尿时灼痛、疼痛或急迫感，而显微镜检查和培养无菌；或外尿道口炎症,painful urination ,排尿痛,,,A56.0; A56.2; B37.4; N34.0; N34.1; N34.2; N34.3
U75,neoplasm,U.7,Malignant neoplasm of kidney,肾脏恶性肿瘤,Malignant neoplasm of kidney,肾脏恶性肿瘤,,,,,characteristic histologic appearance,特征性组织学表现,neoplasm urinary tract NOS ,泌尿道肿瘤 NOS,,,C64; C65
U76,neoplasm,U.7,Malignant neoplasm of bladder,恶性膀胱肿瘤,Malignant neoplasm of bladder,恶性膀胱肿瘤,,,,,characteristic histologic appearance,特征性组织学表现,neoplasm urinary tract NOS ,泌尿道肿瘤 NOS,,,C67.0; C67.1; C67.2; C67.3; C67.4; C67.5; C67.6; C67.7; C67.8; C67.9
U77,neoplasm,U.7,Malignant neoplasm urinary tract other,恶性泌尿系统肿瘤其他部位,Malignant neopl urinary tract other,恶性泌尿系统肿瘤其他部位,malignant neoplasm ureter; malignant neoplasm urethra,恶性尿道肿瘤; 恶性输尿管肿瘤,malignant neoplasm prostate ,前列腺恶性肿瘤,characteristic histologic appearance,特征性组织学表现,neoplasm urinary tract NOS ,泌尿道肿瘤 NOS,,,C66; C68.0; C68.1; C68.8; C68.9
U78,neoplasm,U.7,Benign neoplasm urinary tract,良性泌尿道肿瘤,Benign neoplasm urinary tract,良性泌尿道肿瘤,bladder papilloma; polyp of urinary tract,膀胱乳头状瘤；泌尿系统多发性息肉,prostatic hypertrophy ,前列腺肥大,characteristic histologic appearance,特征性组织学表现,neoplasm urinary tract NOS ,泌尿道肿瘤 NOS,,,D30.0; D30.1; D30.2; D30.3; D30.4; D30.7; D30.9
U79,neoplasm,U.7,Neoplasm urinary tract unspecified,尿路肿瘤未特指,Neoplasm urinary tract unspecified,尿路肿瘤未特指,neoplasm of bladder/kidney/ureter/urethra not specified as benign or malignant/when histology is not available,膀胱/肾脏/输尿管/尿道肿瘤性质未明（当病理组织学检查结果不可得时）,malignant neoplasm kidney ,恶性肾肿瘤,,,,,,,D09.0; D09.1; D41.0; D41.1; D41.2; D41.3; D41.4; D41.7; D41.9
U80,injury,U.7,Injury urinary tract,尿道损伤,Injury urinary tract,尿道损伤,contusion kidney; foreign body in urinary tract,肾挫伤；尿路异物,,,,,,,,,S37.0; S37.1; S37.2; S37.3; T19.0; T19.1; T28.3; T28.8
U85,congenital,U.7,Congenital anomaly urinary tract,先天性泌尿系统异常,Congenital anomaly urinary tract,先天性泌尿系统异常,congenital polycystic kidney; duplex kidney/ureter,先天性多囊肾；重复肾/输尿管,,,,,,,,,Q60.0; Q60.1; Q60.2; Q60.3; Q60.4; Q60.5; Q60.6; Q61.0; Q61.1; Q61.2; Q61.3; Q61.4; Q61.5; Q61.8; Q61.9; Q62.0; Q62.1; Q62.2; Q62.3; Q62.4; Q62.5; Q62.6; Q62.7; Q62.8; Q63.0; Q63.1; Q63.2; Q63.3; Q63.8; Q63.9; Q64.0; Q64.1; Q64.2; Q64.3; Q64.4; Q64.5; Q64.6; Q64.7; Q64.8; Q64.9
U88,otherDiagnosis,U.7,Glomerulonephritis/nephrosis,肾小球肾炎/肾病综合征,Glomerulonephritis/nephrosis,肾小球肾炎/肾病综合征,acute glomerulonephritis; analgesic nephropathy; chronic glomerulo-nephritis; nephritis; nephropathy; nephrosclerosis; nephrotic syndrome,急性肾小球肾炎；镇痛药性肾病；慢性肾小球肾炎；肾炎；肾病；肾硬化；肾病综合征,renal failure ,肾衰竭,"three or more of the following: hematuria, proteinuria, renal salt and water retention, decreased renal function, persistent urinary sediment abnormalities; or renal biopsy evidence",以下三条或以上：血尿，蛋白尿，肾盐和水潴留，肾功能减退，持续的尿沉渣异常；或肾活检证据,kidney symptom/complaint ,肾脏症状/主诉,,,N00.0; N00.1; N00.2; N00.3; N00.4; N00.5; N00.6; N00.7; N00.8; N00.9; N01.0; N01.1; N01.2; N01.3; N01.4; N01.5; N01.6; N01.7; N01.8; N01.9; N03.0; N03.1; N03.2; N03.3; N03.4; N03.5; N03.6; N03.7; N03.8; N03.9; N04.0; N04.1; N04.2; N04.3; N04.4; N04.5; N04.6; N04.7; N04.8; N04.9; N05.0; N05.1; N05.2; N05.3; N05.4; N05.5; N05.6; N05.7; N05.8; N05.9; N07.0; N07.1; N07.2; N07.3; N07.4; N07.5; N07.6; N07.7; N07.8; N07.9; N08.0; N08.1; N08.2; N08.3; N08.4; N08.5; N08.8; N14.0; N14.1; N14.2; N14.3; N14.4; N15.0; N15.8; N16.0; N16.1; N16.2; N16.3; N16.4; N16.5; N16.8
U90,otherDiagnosis,U.7,Orthostatic albuminuria/proteinuria,直立性白蛋白尿/蛋白尿,Orthostatic albuminuria/proteinuria,直立性白蛋白尿/蛋白尿,postural proteinuria,立位蛋白尿,,,"albuminuria following ambulation, no albuminuria following overnight recumbency and no evidence of renal disease",步行后尿蛋白阳性，夜间卧床后无尿蛋白，无肾病证据,proteinuria NOS ,蛋白尿 NOS,,,N39.2
U95,otherDiagnosis,U.7,Urinary calculus,尿路结石,Urinary calculus,尿路结石,calculus/stone in bladder/kidney/ureter; urolithiasis,膀胱/肾脏/输尿管结石；尿路结石,,,colicky pain and either haematuria or history of urinary stone in the past; or passage of calculus; or imaging evidence of calculus,阵发性疼痛伴血尿或既往泌尿系结石史；或排石；或影像学证据显示有结石,blood in urine ,血尿,,,N20.0; N20.1; N20.2; N20.9; N21.0; N21.1; N21.8; N21.9; N22.0; N22.8
U98,otherDiagnosis,U.7,Abnormal urine test NOS,异常尿检 NOS,Abnormal urine test NOS,异常尿检 NOS,glycosuria; proteinuria; pus in urine; pyuria,尿糖；蛋白尿；尿脓细胞；脓尿,haematuria/blood in urine ,血尿,,,,,,,N39.1; R80; R81; R82.0; R82.1; R82.2; R82.3; R82.4; R82.5; R82.6; R82.7; R82.8; R82.9
U99,otherDiagnosis,U.7,Urinary disease other,其他泌尿系统疾病,Urinary disease other,其他泌尿系统疾病,bladder diverticulum; hydronephrosis; hypertrophic kidney; obstruction bladder neck; renal failure; uraemia; ureteric reflux; urethral caruncle; urethral stricture,膀胱憩室；肾积水；肾肥大；膀胱颈梗阻；肾衰竭；尿毒症；输尿管反流；尿道息肉；尿道狭窄,,,,,,,,,N06.0; N06.1; N06.2; N06.3; N06.4; N06.5; N06.6; N06.7; N06.8; N06.9; N13.0; N13.1; N13.2; N13.3; N13.4; N13.5; N13.6; N13.7; N13.8; N13.9; N17.0; N17.1; N17.2; N17.8; N17.9; N18.1; N18.2; N18.3; N18.4; N18.5; N18.9; N19; N25.0; N25.1; N25.8; N25.9; N26; N27.0; N27.1; N27.9; N28.0; N28.1; N28.8; N28.9; N29.0; N29.1; N29.8; N31.0; N31.1; N31.2; N31.8; N31.9; N32.0; N32.1; N32.2; N32.3; N32.4; N32.8; N32.9; N33.0; N33.8; N35.0; N35.1; N35.8; N35.9; N36.0; N36.1; N36.2; N36.3; N36.8; N36.9; N37.0; N37.8; N39.8; N39.9; R39.2; T19.8; T19.9; Z90.5; Z90.6
W01,symptom,W.1,Question of pregnancy,妊娠疑诊,Question of pregnancy,妊娠疑诊,delayed menstruation; symptoms suggestive of pregnancy,延迟月经；妊娠症状,fear of pregnancy ,恐孕症,,,,,,,Z32.0
W02,symptom,W.1,Fear of pregnancy,妊娠恐惧症,Fear of pregnancy,妊娠恐惧症,concern about possibility of unwanted pregnancy,意外怀孕的可能性担忧,concern/fear if unwanted pregnancy confirmed ,如有意外怀孕的担忧/恐惧,,,,,,,Z71.1
W03,symptom,W.1,Antepartum bleeding,产前出血,Antepartum bleeding,产前出血,threatened abortion,难免流产,,,,,,,,,O20.0; O20.8; O20.9; O46.0; O46.8; O46.9
W05,symptom,W.1,Pregnancy vomiting/nausea,妊娠呕吐/恶心,Pregnancy vomiting/nausea,妊娠呕吐/恶心,hyperemesis gravidarum; morning sickness in confirmed pregnancy,妊娠剧吐；确认妊娠后的恶心呕吐,,,,,,,,,O21.0; O21.1; O21.2; O21.8; O21.9
W10,symptom,W.1,Contraception postcoital,产后避孕,Contraception postcoital,产后避孕,morning after pill,紧急避孕药,,,,,,,,,Z30.3
W11,symptom,W.1,Contraception oral,口服避孕药,Contraception oral,口服避孕药,family planning in women using oral hormonal therapy,口服激素疗法的女性避孕措施,,,,,,,,,Z30.4
W12,symptom,W.1,Contraception intrauterine,宫内避孕,Contraception intrauterine,宫内避孕,family planning using IUD,宫内节育器避孕,,,,,,,,,Z30.1; Z30.5
W13,symptom,W.1,Sterilization female,女性绝育术,Sterilization female,女性绝育术,family planning involving female sterilization,女性绝育的计划生育措施,,,,,,,,,Z30.2
W14,symptom,W.1,Contraception female other,女性其他避孕方法,Contraception female other,女性其他避孕方法,contraception NOS; family planning NOS,避孕 NOS；计划生育 NOS,genetic counseling ,遗传咨询,,,,,,,Z30.0; Z30.8; Z30.9
W15,symptom,W.1,Infertility/subfertility female,女性不育/亚 fertile状态,Infertility/subfertility female,女性不育/亚 fertile状态,primary and secondary sterility,原发性和继发性不育,,,failure to conceive after 2 years of trying,两年内未能受孕,"Pregnancy symptom/complaint, other ",其他妊娠症状/主诉,,,N97.0; N97.1; N97.2; N97.3; N97.4; N97.8; N97.9; Z31.0; Z31.1; Z31.2; Z31.3; Z31.4; Z31.6; Z31.8; Z31.9
W17,symptom,W.1,Post-partum bleeding,产后出血,Post-partum bleeding,产后出血,,,,,heavy bleeding at or within 6 weeks of parturition,产后6周内严重出血,other post-partum complaints ,其他产褥期主诉,,,O72.0; O72.1; O72.2; O72.3
W18,symptom,W.1,Post-partum symptom/complaint other,产后症状/主诉其他,Post-partum symptom/complaint other,产后症状/主诉其他,,,puerperal depression ,产后抑郁,complaints related to and within six weeks of parturition,产后六周内的主诉,,,,,O90.9
W19,symptom,W.1,Lactation symptom/complaint,哺乳症状/主诉,Lactation symptom/complaint,哺乳症状/主诉,galactorrhoea; suppression of lactation; weaning,泌乳；抑制泌乳；断奶,puerperal mastitis ,产褥期乳腺炎,,,,,,,O92.5; O92.6; O92.7
W21,symptom,W.1,Concern about body image related to pregnancy,与妊娠相关的身体形象担忧,Concern with body image in pregnancy,妊娠期身体形象的关注,,,,,,,,,,,R46.8
W27,symptom,W.1,Fear of complications of pregnancy,妊娠并发症恐惧症,Fear of complications of pregnancy,妊娠并发症恐惧症,fear of congenital anomaly in baby,胎儿先天异常的恐惧,"if the patient has the complication, code the complication",如果患者有并发症，编码并发症,concern about/fear of complications in a patient without them/until they are proven,患者无并发症但担心/害怕可能出现的并发症,,,,,Z71.1
W28,symptom,W.1,Limited function/disability (W),有限功能/残疾 (W),Limited function/disability (W),有限功能/残疾 (W),pelvic instability,盆腔不稳定,,,limitation of function/disability due to or related to pregnancy,妊娠所致的功能限制/残疾,,,The COOP/WONCA Charts are suitable for documenting the patient's functional status (see Chapter 8).,COOP/WONCA图表适合记录患者的功能状态（见第八章）。,Z73.6
W29,symptom,W.1,Pregnancy symptom/complaint other,妊娠症状/主诉其他,Pregnancy symptom/complaint other,妊娠症状/主诉其他,family planning symptom/complaint other,其他计划生育症状/主诉,,,,,,,,,O26.0; O26.1; O26.2; O26.3; O26.5
W70,infection,W.7,Puerperal infection/sepsis,产褥感染/脓毒症,Puerperal infection/sepsis,产褥感染/脓毒症,,,obstetric tetanus ,产科破伤风,infection of birth canal or reproductive organs within 6 weeks of parturition,产后6周内产道或生殖器官感染,,,,,O85; O86.1; O86.3
W71,infection,W.7,Other infection complicating pregnancy/puerperium,其他妊娠/产褥期感染并发症,Other infect complic pregn/puerp,其他妊娠/产褥期感染并发症,,,puerperal infection ,产褥感染,,,,,,,O23.0; O23.1; O23.2; O23.3; O23.4; O23.5; O23.9; O26.4; O41.1; O75.2; O75.3; O86.2; O86.4; O86.8; O98.0; O98.1; O98.2; O98.3; O98.4; O98.5; O98.6; O98.7; O98.8; O98.9
W72,neoplasm,W.7,Malignant neoplasm related to pregnancy,与妊娠相关的恶性肿瘤,Malignant neopl related to pregnancy,与妊娠相关的恶性肿瘤,choriocarcinoma; chorioepithelioma,"绒毛膜癌；胎盘部位滋养细胞肿瘤（注：chioepithelioma通常指的也是绒毛膜癌，但有时特指一种不同的病变，在没有更多上下文的情况下，保留两个术语以示区分） 

如需严格按照标准医学术语且不作额外解释，则绒毛膜癌对应：
绒毛膜癌

对于chioepithelioma，若需严格翻译而不做扩展说明则可省略。",,,,,,,,,C58
W73,neoplasm,W.7,Benign/unspecified neoplasm related to pregnancy,与妊娠相关的良性/未特指的肿瘤,Benign/unspecif neopl relat to pregn,良性/未特指与妊娠相关的肿瘤,benign neoplasm related to pregnancy; hydatidiform mole; neoplasm related to pregnancy not specified as benign or maligant/when histology is not available,良性与妊娠相关的肿瘤；水泡状胎块；未指明为良性的或恶性的与妊娠相关的肿瘤/当组织学资料不可用时,,,,,,,,,O01.0; O01.1; O01.9
W75,injury,W.7,Injury complicating pregnancy,妊娠并发症损伤,Injury complicating pregnancy,妊娠并发症损伤,results of injury interfering with pregnancy,损伤所致妊娠并发症,new injury caused by childbirth (complicated labour/delivery livebirth) ,分娩所致的新伤（难产/活产）,,,,,,,T14.9
W76,congenital,W.7,Congenital anomaly complicating pregnancy,妊娠期先天性异常并发症,Congen anom complicating pregnancy,先天异常妊娠并发症,maternal anomaly which could affect pregnancy/childbirth,母体异常，可能影响妊娠/分娩,,,,,,,,,O99.8
W78,otherDiagnosis,W.7,Pregnancy,妊娠,Pregnancy,妊娠,,,unwanted pregnancy ,意外怀孕,,,,,,,Z32.1; Z33; Z34.0; Z34.8; Z34.9; Z36.0; Z36.1; Z36.2; Z36.3; Z36.4; Z36.5; Z36.8; Z36.9
W79,otherDiagnosis,W.7,Unwanted pregnancy,意外怀孕,Unwanted pregnancy,意外怀孕,,,,,,,,,,,Z32.1; Z64.0
W80,otherDiagnosis,W.7,Ectopic pregnancy,异位妊娠,Ectopic pregnancy,异位妊娠,,,,,"confirmation by ultrasound, laparoscopy, culdoscopy or surgery",超声确认，腹腔镜检查，阴道镜检查或手术确诊,antepartum bleeding ,产前出血,,,O00.0; O00.1; O00.2; O00.8; O00.9
W81,otherDiagnosis,W.7,Toxaemia of pregnancy,妊娠毒血症,Toxaemia of pregnancy,妊娠毒血症,eclampsia; hypertension in pregnancy; pre-eclampsia; proteinuria and oedema in pregnancy,子痫；妊娠期高血压；先兆子痫；妊娠蛋白尿和水肿,pre-existing hypertension ,既往高血压,,,"Pregnancy symptom/complaint, other ",其他妊娠症状/主诉,,,O10; O11; O12.0; O12.1; O12.2; O13; O14.0; O14.1; O14.2; O14.9; O15.0; O15.1; O15.2; O15.9; O16
W82,otherDiagnosis,W.7,Abortion spontaneous,难免流产,Abortion spontaneous,难免流产,abortion complete/incomplete/missed/habitual; miscarriage,完全流产/不全流产/稽留流产/习惯性流产,antepartum bleeding ,产前出血,,,,,,,N96; O02.0; O02.1; O02.8; O02.9; O03.0; O03.1; O03.2; O03.3; O03.4; O03.5; O03.6; O03.7; O03.8; O03.9; O05.0; O05.1; O05.2; O05.3; O05.4; O05.5; O05.6; O05.7; O05.8; O05.9; O06.0; O06.1; O06.2; O06.3; O06.4; O06.5; O06.6; O06.7; O06.8; O06.9
W83,otherDiagnosis,W.7,Abortion induced,人工流产,Abortion induced,人工流产,"termination of pregnancy, all complications",终止妊娠，所有并发症,,,,,,,,,O04.0; O04.1; O04.2; O04.3; O04.4; O04.5; O04.6; O04.7; O04.8; O04.9; Z30.3
W84,otherDiagnosis,W.7,Pregnancy high risk,妊娠高危,Pregnancy high risk,妊娠高危,aged primipara; anaemia of pregnancy; diabetes/other pre-existing chronic disease affecting pregnancy; disproportion; hydramnios; malpresentation; multiple pregnancy; placenta praevia; premature labour; previous caesarian section; small foetus for age,高龄初产妇；妊娠期贫血；糖尿病及其他影响妊娠的原有慢性疾病；头盆不称；羊水过多；胎位异常；多胎妊娠；前置胎盘；早产；既往剖宫产史；小于孕周胎儿,infections complicating pregnancy ,妊娠期感染并发症,,,,,,,O24.0; O24.1; O24.2; O24.3; O24.9; O25; O30.0; O30.1; O30.2; O30.8; O30.9; O31.0; O31.1; O31.2; O31.8; O32.0; O32.1; O32.2; O32.3; O32.4; O32.5; O32.6; O32.8; O32.9; O33.0; O33.1; O33.2; O33.3; O33.4; O33.5; O33.6; O33.7; O33.8; O33.9; O34.0; O34.1; O34.2; O34.3; O34.4; O34.5; O34.6; O34.7; O34.8; O34.9; O35.0; O35.1; O35.2; O35.3; O35.4; O35.5; O35.6; O35.7; O35.8; O35.9; O36.0; O36.1; O36.2; O36.3; O36.4; O36.5; O36.6; O36.7; O36.8; O36.9; O40; O43.0; O43.1; O43.2; O43.8; O43.9; O44.0; O44.1; O60.0; O99.0; O99.1; O99.2; O99.3; O99.4; O99.5; O99.6; O99.7; O99.8; Z35.0; Z35.1; Z35.2; Z35.3; Z35.4; Z35.5; Z35.6; Z35.7; Z35.8; Z35.9
W85,otherDiagnosis,W.7,Gestational diabetes,妊娠糖尿病,Gestational diabetes,妊娠糖尿病,diabetes manifested during pregnancy,妊娠期糖尿病,pre-existing diabetes (Diabetes insulin dependent) ,原有糖尿病（1型糖尿病）,Current WHO criteria for gestational diabetes,当前WHO妊娠糖尿病诊断标准,hyperglycaemia ,高血糖症,,,O24.4
W90,otherDiagnosis,W.7,Uncomplicated labour/delivery livebirth,无并发症的分娩活产,Uncompl labour/delivery livebirth,未并发的正常分娩活产,,,,,,,,,,,O80.0; O80.1; O80.8; O80.9; Z37.0; Z37.9; Z38.0; Z38.1; Z38.2; Z38.3; Z38.4; Z38.5; Z38.6; Z38.7; Z38.8; Z39.0; Z39.1; Z39.2
W91,otherDiagnosis,W.7,Uncomplicated labour/delivery stillbirth,未并发症的分娩死胎,Uncompl labour/delivery stillbirth,未并发疾病的分娩死胎,,,,,,,,,,,Z37.1; Z37.9
W92,otherDiagnosis,W.7,Complicated labour/delivery livebirth,复杂分娩活产,Compl labour/ delivery livebirth,产程并发症/分娩活产儿,"livebirth after complicated delivery: assisted extraction, breech delivery, caesarian section, dystocia, induction of labour, injuries caused by childbirth, placenta praevia in delivery, version",活产经复杂分娩：助产取出、臀位分娩、剖宫产、难产、引产、分娩造成的损伤、前置胎盘分娩、转胎位,post-partum haemorrhage ,产后出血,,,,,,,O42.0; O42.1; O42.2; O42.9; O45.0; O45.8; O45.9; O60.1; O60.2; O60.3; O61.0; O61.1; O61.8; O61.9; O62.0; O62.1; O62.2; O62.3; O62.4; O62.8; O62.9; O63.0; O63.1; O63.2; O63.9; O64.0; O64.1; O64.2; O64.3; O64.4; O64.5; O64.8; O64.9; O65.0; O65.1; O65.2; O65.3; O65.4; O65.5; O65.8; O65.9; O66.0; O66.1; O66.2; O66.3; O66.4; O66.5; O66.8; O66.9; O67.0; O67.8; O67.9; O68.0; O68.1; O68.2; O68.3; O68.8; O68.9; O69.0; O69.1; O69.2; O69.3; O69.4; O69.5; O69.8; O69.9; O70.0; O70.1; O70.2; O70.3; O70.9; O71.0; O71.1; O71.2; O71.3; O71.4; O71.5; O71.6; O71.7; O71.8; O71.9; O73.0; O73.1; O75.0; O75.1; O75.4; O75.5; O75.6; O75.7; O75.8; O75.9; O81.0; O81.1; O81.2; O81.3; O81.4; O81.5; O82.0; O82.1; O82.2; O82.8; O82.9; O83.0; O83.1; O83.2; O83.3; O83.4; O83.8; O83.9; O84.0; O84.1; O84.2; O84.8; O84.9; Z37.2; Z37.5; Z37.9; Z38.0; Z38.1; Z38.2; Z38.3; Z38.4; Z38.5; Z38.6; Z38.7; Z38.8; Z39.0; Z39.1; Z39.2
W93,otherDiagnosis,W.7,Complicated labour/delivery stillbirth,复杂分娩死胎,Compl labour/delivery stillbirth,并发症性分娩死胎,"stillbirth after complicated delivery: assisted extraction, breech delivery, caesarian section, dystocia, induction of labour, injuries caused by childbirth, placenta praevia in delivery, version",死产（伴有复杂分娩）：助产取出、臀位分娩、剖宫产、难产、引产、分娩造成的损伤、前置胎盘分娩、转位,post-partum haemorrhage ,产后出血,,,,,,,O42.0; O42.1; O42.2; O42.9; O45.0; O45.8; O45.9; O60.1; O60.2; O60.3; O61.0; O61.1; O61.8; O61.9; O62.0; O62.1; O62.2; O62.3; O62.4; O62.8; O62.9; O63.0; O63.1; O63.2; O63.9; O64.0; O64.1; O64.2; O64.3; O64.4; O64.5; O64.8; O64.9; O65.0; O65.1; O65.2; O65.3; O65.4; O65.5; O65.8; O65.9; O66.0; O66.1; O66.2; O66.3; O66.4; O66.5; O66.8; O66.9; O67.0; O67.8; O67.9; O68.0; O68.1; O68.2; O68.3; O68.8; O68.9; O69.0; O69.1; O69.2; O69.3; O69.4; O69.5; O69.8; O69.9; O70.0; O70.1; O70.2; O70.3; O70.9; O71.0; O71.1; O71.2; O71.3; O71.4; O71.5; O71.6; O71.7; O71.8; O71.9; O73.0; O73.1; O75.0; O75.1; O75.4; O75.5; O75.6; O75.7; O75.8; O75.9; O81.0; O81.1; O81.2; O81.3; O81.4; O81.5; O82.0; O82.1; O82.2; O82.8; O82.9; O83.0; O83.1; O83.2; O83.3; O83.4; O83.8; O83.9; O84.0; O84.1; O84.2; O84.8; O84.9; Z37.1; Z37.3; Z37.4; Z37.6; Z37.7; Z37.9
W94,otherDiagnosis,W.7,Puerperal mastitis,产褥期乳腺炎,Puerperal mastitis,产褥期乳腺炎,breast abscess,乳腺脓肿,mastitis (puerperal/non-lactating) ,乳腺炎（产褥期/非哺乳期）,"pain, inflammation of breast within 6 weeks of parturition or while lactating",产后6周内或哺乳期间乳腺炎症疼痛,disorders of lactation ,泌乳障碍,,,O91.0; O91.1; O91.2
W95,otherDiagnosis,W.7,Breast disorder in pregnancy/puerperium other,妊娠或产褥期其他乳腺疾病,Breast dis in pregn/puerperium other,妊娠或产褥期其他乳腺病态,breast disorder in puerperium; cracked nipple,产褥期乳腺异常；乳头皲裂,disorders of lactation ,泌乳障碍,,,,,,,O92.0; O92.1; O92.2; O92.3; O92.4
W96,otherDiagnosis,W.7,Complications of puerperium other,产褥期其他并发症,Complications of puerperium other,产褥期其他并发症,,,puerperal depression ,产后抑郁,,,,,,,O87.0; O87.1; O87.2; O87.3; O87.8; O87.9; O90.4; O90.8; O90.9
W99,otherDiagnosis,W.7,Disorder of pregnancy/delivery other,妊娠和分娩的其他紊乱,Disorder of pregn/delivery other,妊娠和分娩其他障碍,,,pseudocyesis ,假孕症,,,,,,,O07.0; O07.1; O07.2; O07.3; O07.4; O07.5; O07.6; O07.7; O07.8; O07.9; O08.0; O08.1; O08.2; O08.3; O08.4; O08.5; O08.6; O08.7; O08.8; O08.9; O22.0; O22.1; O22.2; O22.3; O22.4; O22.5; O22.8; O22.9; O26.6; O26.7; O26.8; O26.9; O28.0; O28.1; O28.2; O28.3; O28.4; O28.5; O28.8; O28.9; O41.0; O41.8; O41.9; O47.0; O47.1; O47.9; O48; O88.0; O88.1; O88.2; O88.3; O88.8; O90.5; O94; O96.0; O96.1; O96.9; O97
X01,symptom,X.1,Genital pain female,女性生殖器疼痛,Genital pain female,女性生殖器疼痛,pelvic pain; vulval pain,盆腔痛；外阴痛,menstrual pain ,月经痛,,,,,,,N94.8; R10.2
X02,symptom,X.1,Menstrual pain,月经痛,Menstrual pain,月经痛,dysmenorrhoea,痛经,,,,,,,,,N94.4; N94.5; N94.6
X03,symptom,X.1,Intermenstrual pain,月经间期痛,Intermenstrual pain,月经间期痛,Mittelschmerz; ovulation pain,中腹痛；排卵痛,,,,,,,,,N94.0
X04,symptom,X.1,Painful intercourse female,女性性交痛,Painful intercourse female,女性性交痛,female dyspareunia; vaginismus NOS,女性性交痛；阴道痉挛NOS,psychogenic sexual problems (sexual desire reduced) ,心理性性功能障碍（性欲减退）,,,,,,,N94.1; N94.2
X05,symptom,X.1,Menstruation absent/scanty,月经缺失/稀少,Menstruation absent/scanty,月经缺失/稀少,amenorrhoea; delayed/late menses; oligomenorrhoea,闭经；月经延迟/迟经；月经过少症,question of pregnancy ,妊娠疑诊,,,,,,,N91.0; N91.1; N91.2; N91.3; N91.4; N91.5
X06,symptom,X.1,Menstruation excessive,月经过多,Menstruation excessive,月经过多,menorrhagia; pubertal bleeding,月经过多；青春期出血,,,,,,,,,N92.0; N92.2; N92.4
X07,symptom,X.1,Menstruation irregular/frequent,月经不规则/频繁,Menstruation irregular/frequent,月经不规则/频繁,polymenorrhoea,多月经,menorrhagia/pubertal bleeding ,月经过多/青春期出血,,,,,,,N92.0; N92.1; N92.5; N92.6
X08,symptom,X.1,Intermenstrual bleeding,月经间期出血,Intermenstrual bleeding,月经间期出血,breakthrough bleeding; dysfunctional uterine bleeding; metrorrhagia; ovulation bleeding; spotting,突破性出血；功能失调性子宫出血；月经间期出血；排卵出血；点滴出血,post-menopausal bleeding ,绝经后出血,,,,,,,N92.3; N93.8; N93.9
X09,symptom,X.1,Premenstrual symptom/complaint,经前症状/主诉,Premenstrual symptom/complaint,经前症状/主诉,,,premenstrual tension syndrome ,经前紧张综合征,,,,,,,N94.9
X10,symptom,X.1,Postponement of menstruation,月经推迟,Postponement of menstruation,月经推迟,,,,,postponement of the expected regular menstruation by hormonal treatment,激素治疗引起的预期正常月经推迟,,,,,Z30.9
X11,symptom,X.1,Menopausal symptom/complaint,绝经症状/主诉,Menopausal symptom/complaint,绝经症状/主诉,atrophic vaginitis; menopause syndrome; senile vaginitis; symptom/complaint related to menopause,萎缩性阴道炎；绝经综合征；老年性阴道炎；与绝经相关的症状/主诉,postmenopausal bleeding ,绝经后出血,,,,,,,N95.1; N95.2; N95.3; N95.8; N95.9
X12,symptom,X.1,Postmenopausal bleeding,绝经后出血,Postmenopausal bleeding,绝经后出血,,,,,vaginal bleeding following either at least six months amenorrhoea or demonstration of menopause by appropriate laboratory test,绝经后至少六个月内阴道出血或通过适当实验室检查证实绝经后的阴道出血,irregular menstruation ,不规则月经,,,N95.0
X13,symptom,X.1,Postcoital bleeding,性交后出血,Postcoital bleeding,性交后出血,contact bleeding,接触性出血,,,,,,,,,N93.0
X14,symptom,X.1,Vaginal discharge,阴道分泌物,Vaginal discharge,阴道分泌物,fluor vaginalis; leukorrhoea,氟阴道症；白带增多,vaginal bleeding (menstruation excessive) ,阴道出血（月经过多）,,,,,,,N89.8
X15,symptom,X.1,Vaginal symptom/complaint other,阴道其他症状/主诉,Vaginal symptom/complaint other,阴道其他症状/主诉,vaginal dryness,阴道干燥,female genital pain ,女性生殖器疼痛,,,,,,,N89.9
X16,symptom,X.1,Vulval symptom/complaint,外阴症状/主诉,Vulval symptom/complaint,外阴症状/主诉,vulval dryness; vulval pruritus,阴唇干燥；阴唇瘙痒,vulval pain ,外阴疼痛,,,,,,,L29.2; N90.9
X17,symptom,X.1,Pelvis symptom/complaint female,女性盆腔症状/主诉,Pelvis symptom/complaint female,女性盆腔症状/主诉,,,genital pain female ,女性生殖痛,,,,,,,N94.9
X18,symptom,X.1,Breast pain female,女性乳腺疼痛,Breast pain female,女性乳腺疼痛,mastodynia,乳腺痛,breast pain in pregnancy/lactation ,妊娠/哺乳期乳腺疼痛,,,,,,,N64.4
X19,symptom,X.1,Breast lump/mass female,女性乳腺肿块/团块,Breast lump/mass female,女性乳腺肿块/团块,lumpy breasts,结节状乳房,,,,,,,,,N63
X20,symptom,X.1,Nipple symptom/complaint female,乳头症状/主诉女性,Nipple symptom/complaint female,乳头症状/主诉女性,nipple discharge; nipple fissure; nipple pain/pruritus; nipple retraction,乳头分泌物；乳头裂纹；乳头疼痛/瘙痒；乳头内陷,nipple symptom/complaint in pregnancy/lactation ,妊娠或哺乳期乳头症状/主诉,,,,,,,N64.0; N64.5
X21,symptom,X.1,Breast symptom/complaint female other,女性乳房其他症状/主诉,Breast sympt/compl female other,乳房症状/主诉 女性 其他,galactorrhoea; mastitis (non lactating); mastopathy,乳溢；非哺乳期乳腺炎；乳腺病変,mastitis (lactating) ,哺乳期乳腺炎,,,,,,,N61; N62; N64.3; N64.5; N64.9
X22,symptom,X.1,Concern about breast appearance female,女性乳房外观担忧,Concern breast appearance fema,关注乳房外观女性,,,,,,,,,,,R46.8
X23,symptom,X.1,Fear of sexually transmitted disease female,女性恐性传播疾病,Fear sexually transm dis female,女性性传播疾病恐惧症,,,fear of HIV/AIDS ,艾滋病恐惧症,concern about/fear of sexually transmitted disease in a patient without the disease/until the diagnosis is proven,疑虑/恐惧患者患有性传播疾病（在诊断未确定之前）,,,,,Z71.1
X24,symptom,X.1,Fear of sexual dysfunction female,女性性功能障碍恐惧症,Fear of sexual dysfunction female,女性性功能障碍恐惧症,,,Sexual desire reduced ,性欲减退,concern about/fear of sexual dysfunction in a patient without sexual dysfunction,担心/恐惧性功能障碍（患者无性功能障碍）,,,,,Z71.1
X25,symptom,X.1,Fear of genital cancer female,女性生殖器癌症恐惧症,Fear of genital cancer female,女性生殖器癌症恐惧症,,,"if patient has the disease, code the disease",如果患者患有该疾病，编码该疾病,concern about/fear of female genital cancer in a patient without the disease/until the diagnosis is proven,疑虑/恐惧女性生殖器癌症（患者无该病/直到诊断证实）,,,,,Z71.1
X26,symptom,X.1,Fear of breast cancer female,乳腺癌恐惧症（女性）,Fear of breast cancer female,乳腺癌恐惧症（女性）,,,"if patient has the disease, code the disease",如果患者患有该疾病，编码该疾病,concern about/fear of female breast cancer in a patient without the disease/until the diagnosis is proven,无病状态下的女性乳腺癌担忧/恐惧/直至诊断证实为止,,,,,Z71.1
X27,symptom,X.1,Fear genital/breast disease female other,恐生殖器/乳腺疾病女性其他,Fear genital/breast dis female other,其他恐惧性生殖器/乳腺畸形女型,,,fear of female genital cancer ,女性生殖器癌症恐惧症,concern about/fear of other female genital/breast disease in a patient without the disease/until the diagnosis is proven,无病状态下的其他女性生殖器/乳腺疾病担忧/恐惧（直至诊断证实）,,,,,Z71.1
X28,symptom,X.1,Limited function/disability (X),有限功能/残疾 (X),Limited function/disability (X),有限功能/残疾 (X),,,Sexual desire reduced ,性欲减退,limitation of function/disability due to a problem of the female genital system (including breast),女性生殖系统功能障碍/残疾（包括乳腺）所致的功能限制/残疾,,,The COOP/WONCA Charts are suitable for documenting the patient's functional status (see Chapter 8).,COOP/WONCA图表适合记录患者的功能状态（见第八章）。,Z73.6; Z90.7
X29,symptom,X.1,Genital symptom/complaint female other,女性其他生殖器症状/主诉,Genital sympt/compl female other,女性其他生殖系统症状和体征,urethral discharge in female,女性尿道分泌物,,,,,,,,,N94.9; R36
X70,infection,X.7,Syphilis female,梅毒女性,Syphilis female,梅毒女性,syphilis any site,梅毒任何部位,,,"demonstration of Treponema pallidum on microscopy, or positive serological test for syphilis",暗视野显微镜下示波苍白密螺旋体或梅毒血清学试验阳性,,,,,A50.0; A50.1; A50.2; A50.3; A50.4; A50.5; A50.6; A50.7; A50.9; A51.0; A51.1; A51.2; A51.3; A51.4; A51.5; A51.9; A52.0; A52.1; A52.2; A52.3; A52.7; A52.8; A52.9; A53.0; A53.9; A65; N74.2
X71,infection,X.7,Gonorrhoea female,女性淋病,Gonorrhoea female,女性淋病,gonorrhea any site,淋病任何部位,,,purulent vaginal discharge in a patient after a contact with a proven case; or gram negative intra-cellular diplococci demonstrated in discharge; or culture of Neisseria gonorrhea,脓性阴道分泌物；或革兰氏阴性细胞内双球菌示阳性；或培养出淋病奈瑟菌,urethritis ,尿道炎,,,A54.0; A54.1; A54.2; A54.3; A54.4; A54.5; A54.6; A54.8; A54.9; N74.3
X72,infection,X.7,Genital candidiasis female,女性生殖器念珠菌病,Genital candidiasis female,女性生殖器念珠菌病,monilial infection of vagina/cervix; thrush,念珠菌阴道/宫颈感染；霉菌性阴道炎,,,inflamed urogenital mucosa or skin with characteristic white adherent exudate; or demonstration of candida,炎症性泌尿生殖道黏膜或皮肤，伴有特征性的白色粘连性渗出物；或念珠菌的检出,vaginal discharge ,阴道分泌物,,,B37.3; B37.4
X73,infection,X.7,Genital trichomoniasis female,女性生殖器滴虫病,Genital trichomoniasis female,女性生殖器滴虫病,,,,,characteristic foul smelling discharge; or demonstration of trichomonads on microscopy,特征性恶臭分泌物；或显微镜下发现滴虫,vaginal discharge ,阴道分泌物,,,A59.0
X74,infection,X.7,Pelvic inflammatory disease,盆腔炎性疾病,Pelvic inflammatory disease,盆腔炎性疾病,endometritis; oophoritis; salpingitis,子宫内膜炎；卵巢炎；输卵管炎,Syphilis female ,梅毒女性,"lower abdominal pain with marked tenderness of uterus or adnexa by palpation, plus other evidence of inflammation",下腹痛，触诊时子宫或附件有明显压痛，并伴有其他炎症证据,pelvic congestion syndrome ,盆腔充血综合征,,,N70.0; N70.1; N70.9; N71.0; N71.1; N71.9; N73.0; N73.1; N73.2; N73.3; N73.4; N73.5; N73.6; N73.8; N73.9; N74.8
X75,neoplasm,X.7,Malignant neoplasm cervix,恶性宫颈肿瘤,Malignant neoplasm cervix,恶性宫颈肿瘤,,,carcinoma-in-situ cervix ,宫颈原位癌,characteristic histological appearance,特征性组织学表现,,,,,C53.0; C53.1; C53.8; C53.9
X76,neoplasm,X.7,Malignant neoplasm breast female,女性乳腺恶性肿瘤,Malignant neoplasm breast female,女性乳腺恶性肿瘤,intraductal carcinoma,导管内癌,,,characteristic histological appearance,特征性组织学表现,breast lump ,乳腺肿块,,,C50.0; C50.1; C50.2; C50.3; C50.4; C50.5; C50.6; C50.8; C50.9
X77,neoplasm,X.7,Malignant neoplasm genital female other,女性其他生殖器恶性肿瘤,Malignant neopl genital female other,恶性生殖女性其他部位新生物,malignancy of adnexae; malignancy of ovaries; malignancy of uterus; malignancy of vagina; malignancy of vulva,附件恶性肿瘤；卵巢恶性肿瘤；子宫恶性肿瘤；阴道恶性肿瘤；外阴恶性肿瘤,carcinoma-in-situ cervix ,宫颈原位癌,characteristic histological appearance,特征性组织学表现,other/unspecified female genital neoplasm ,其他/未特指的女性生殖器肿瘤,,,C51.0; C51.1; C51.2; C51.8; C51.9; C52; C54.0; C54.1; C54.2; C54.3; C54.8; C54.9; C55; C56; C57.0; C57.1; C57.2; C57.3; C57.4; C57.7; C57.8; C57.9
X78,neoplasm,X.7,Fibromyoma uterus,子宫平滑肌瘤,Fibromyoma uterus,子宫平滑肌瘤,fibroid uterus; fibromyoma of cervix; leiomyoma; myoma,纤维瘤子宫；宫颈纤维肌瘤；平滑肌瘤；肌瘤,,,"enlargement of the uterus not due to pregnancy or malignancy, with single or multiple firm tumours of the uterus",子宫非妊娠非恶性肿大，伴单发或多发子宫质硬肿瘤,,,,,D25.0; D25.1; D25.2; D25.9
X79,neoplasm,X.7,Benign neoplasm breast female,女性乳腺良性肿瘤,Benign neoplasm breast female,女性乳腺良性肿瘤,fibroadenoma,纤维腺瘤,cystic disease of breast ,乳腺囊性病变,characteristic histological appearance,特征性组织学表现,lump in female breast ,女性乳腺肿块,,,D24
X80,neoplasm,X.7,Benign neoplasm female genital,女性生殖器良性肿瘤,Benign neoplasm female genital,女性生殖器良性肿瘤,,,physiological cyst of ovary ,卵巢生理囊肿,,,,,,,D26.0; D26.1; D26.7; D26.9; D27; D28.0; D28.1; D28.2; D28.7; D28.9
X81,neoplasm,X.7,Genital neoplasm female other/unspecified,女性生殖器肿瘤其他/未特指,Genital neopl female other/unspecif,女性生殖器官其他未特指的肿瘤,other carcinoma-in-situ; other genital female neoplasm not specified as benign or malignant/when histology is not available,其他原位癌；其他未指明为良性或恶性的女性生殖器官肿瘤/当无组织学检查结果时,endometrial polyp ,子宫内膜多发性息肉,,,,,,,D05.0; D05.1; D05.7; D05.9; D06.0; D06.1; D06.7; D06.9; D07.0; D07.1; D07.2; D07.3; D39.0; D39.1; D39.2; D39.7; D39.9; D48.6
X82,injury,X.7,Injury genital female,女性生殖器损伤,Injury genital female,女性生殖器损伤,female circumcision; foreign body in vagina,女性割礼;阴道内异物,genital injury due to childbirth (Complicated labour/delivery livebirth) ,分娩所致的生殖器损伤（难产/活产并发症）,,,,,,,S30.2; S31.4; S31.5; S37.4; S37.5; S37.6; S38.0; S38.2; S39.8; S39.9; T19.2; T19.3; T28.3; T28.8; Z41.2
X83,congenital,X.7,Congenital anomaly genital female,先天性女性生殖器官异常,Congenital anomaly genital female,先天性女性生殖器官异常,hermaphrodytism; imperforate hymen,两性畸形；处女膜闭锁,other genetic syndrome ,其他遗传综合征,,,,,,,Q50.0; Q50.1; Q50.2; Q50.3; Q50.4; Q50.5; Q50.6; Q51.0; Q51.1; Q51.2; Q51.3; Q51.4; Q51.5; Q51.6; Q51.7; Q51.8; Q51.9; Q52.0; Q52.1; Q52.2; Q52.3; Q52.4; Q52.5; Q52.6; Q52.7; Q52.8; Q52.9; Q56.0; Q56.1; Q56.2; Q56.3; Q56.4; Q83.0; Q83.1; Q83.2; Q83.3; Q83.8; Q83.9
X84,otherDiagnosis,X.7,Vaginitis/vulvitis NOS,阴道炎/外阴炎 NOS,Vaginitis/vulvitis NOS,阴道炎/外阴炎 NOS,gardnerella; vaginosis,Gardnerella；阴道炎,atrophic vaginitis ,萎缩性阴道炎,,,,,,,N76.0; N76.1; N76.2; N76.3; N76.4; N76.5; N76.6; N76.8; N77.0; N77.1; N77.8
X85,otherDiagnosis,X.7,Cervical disease NOS,宫颈病变 NOS,Cervical disease NOS,宫颈病变 NOS,cervical erosion; cervical leukoplakia; cervicitis; mucous cervical polyp; old laceration of cervix,宫颈糜烂；宫颈白斑；宫颈炎；宫颈黏膜息肉；宫颈陈旧性裂伤,abnormality of cervix in pregnancy/childbirth/puerperium ,妊娠、分娩或产褥期宫颈异常,,,,,,,N72; N84.1; N86; N88.0; N88.1; N88.2; N88.3; N88.4; N88.8; N88.9
X86,otherDiagnosis,X.7,Abnormal cervix smear,异常宫颈涂片,Abnormal cervix smear,异常宫颈涂片,cervical dysplasia; cervical intraepithelial neoplasia (CIN) grades 1 and 2,宫颈上皮内病变；宫颈上皮内瘤变（CIN）Ⅰ级和Ⅱ级,cervical intraepithelial neoplasia (CIN) grade 3 ,宫颈上皮内 neoplasia （CIN）三级,,,,,,,N87.0; N87.1; N87.2; N87.9; R87.6;
X87,otherDiagnosis,X.7,Uterovaginal prolapse,子宫阴道脱垂,Uterovaginal prolapse,子宫阴道脱垂,cystocoele; procidentia; rectocoele,膀胱膨出；子宫脱垂；直肠膨出,stress incontinence ,压力性尿失禁,,,,,,,N81.0; N81.1; N81.2; N81.3; N81.4; N81.5; N81.6; N81.8; N81.9
X88,otherDiagnosis,X.7,Fibrocystic disease breast,乳腺纤维囊性病変,Fibrocystic disease breast,乳腺纤维囊性病変,chronic cystic disease of breast; cystic fibroadenosis of breast; dysplasia of breast; solitary cyst of breast,慢性乳腺囊性病；乳腺囊性纤维腺病；乳腺发育不良；孤立性乳腺囊肿,,,,,,,,,N60.0; N60.1; N60.2; N60.3; N60.4; N60.8; N60.9
X89,otherDiagnosis,X.7,Premenstrual tension syndrome,经前紧张综合征,Premenstrual tension syndrome,经前紧张综合征,,,,,cyclic occurrence in the menstrual cycle of two or more of  the following: oedema; breast tenderness/swelling; headache; irritability; mood changes,月经周期中反复出现两项或以上的下列症状：水肿；乳房胀痛/肿胀；头痛；易怒；情绪变化,premenstrual symptom ,经前症状,,,N94.3
X90,infection,X.7,Genital herpes female,女性生殖器疱疹,Genital herpes female,女性生殖器疱疹,ano-genital herpes simplex,生殖器单纯疱疹,,,small vesicles with characteristic appearance and location which evolve to painful ulcers and scabs,小囊泡，具有特征性外观和位置，演变为疼痛性溃疡和结痂,,,,,A60.0; A60.1; A60.9
X91,infection,X.7,Condylomata acuminata female,女性尖锐湿疣,Condylomata acuminata female,女性尖锐湿疣,human papilloma virus infection; venereal warts,人乳头瘤病毒感染；生殖器疣,,,"characteristic appearance of lesions, or characteristic histological appearance",病变的特征性外观，或特征性组织学表现,,,,,A63.0
X92,infection,X.7,Chlamydia infection genital female,女性生殖器沙眼衣原体感染,Chlamydia infection genital female,女性生殖器沙眼衣原体感染,,,,,proven chlamydial infection,确诊的衣原体感染,,,,,A56.0; A56.1; A56.2; A56.3; A56.4; A56.8; N74.4
X99,otherDiagnosis,X.7,Genital disease female other,女性其他生殖器官疾病,Genital disease female other,女性其他生殖器官疾病,Bartholin’s cyst/abscess; endometriosis; genital tract fistula female; pelvic congestion syndrome; physiological ovarian cyst,巴氏囊囊肿/脓肿；子宫内膜异位症；女性生殖道瘘管；盆腔充血综合征；生理性卵巢囊肿,sexually transmitted disease NOS ,性传播疾病 NOS,,,,,,,A55; A57; A58; A63.8; N61; N64.1; N64.2; N64.8; N75.0; N75.1; N75.8; N75.9; N80.0; N80.1; N80.2; N80.3; N80.4; N80.5; N80.6; N80.8; N80.9; N82.0; N82.1; N82.2; N82.3; N82.4; N82.5; N82.8; N82.9; N83.0; N83.1; N83.2; N83.3; N83.4; N83.5; N83.6; N83.7; N83.8; N83.9; N84.0; N84.2; N84.3; N84.8; N84.9; N85.0; N85.1; N85.2; N85.3; N85.4; N85.5; N85.6; N85.7; N85.8; N85.9; N89.0; N89.1; N89.2; N89.3; N89.4; N89.5; N89.6; N89.7; N89.8; N90.0; N90.1; N90.2; N90.3; N90.4; N90.5; N90.6; N90.7; N90.8; N94.8; N94.9; Z90.1; Z90.7
Y01,symptom,Y.1,Pain in penis,阴茎痛,Pain in penis,阴茎痛,,,priapism/painful erection ,阴茎异常勃起/疼痛性勃起,,,,,,,N48.8
Y02,symptom,Y.1,Pain in testis/scrotum,阴囊/睾丸疼痛,Pain in testis/scrotum,阴囊/睾丸疼痛,pain pelvis; pain perineum,盆腔痛；会阴痛,,,,,,,,,N50.8; R10.2
Y03,symptom,Y.1,Urethral discharge male,尿道分泌物（男性）,Urethral discharge male,尿道分泌物（男性）,,,,,,,,,,,R36
Y04,symptom,Y.1,Penis symptom/complaint other,阴茎症状/主诉其他,Penis symptom/complaint other,阴茎症状/主诉其他,foreskin symptom/complaint,包皮症状/主诉,pain in penis ,阴茎痛,,,,,,,N48.9
Y05,symptom,Y.1,Scrotum/testis symptom/complaint other,阴囊/睾丸其他症状/主诉,Scrotum/testis sympt/compl other,阴囊/睾丸症状和体征其他,lump in testis,睾丸肿块,pain in testis/scrotum ,阴囊/睾丸疼痛,,,,,,,L29.1; N50.9
Y06,symptom,Y.1,Prostate symptom/complaint,前列腺症状/主诉,Prostate symptom/complaint,前列腺症状/主诉,prostatism,前列腺症狀综合征,urinary frequency/urgency ,尿频/尿急,,,,,,,N42.9
Y07,symptom,Y.1,Impotence NOS,阳萎 NOS,Impotence NOS,阳萎 NOS,impotence of organic origin,器质性阳痿,reduced sexual desire ,性欲减退,,,,,,,N48.4
Y08,symptom,Y.1,Sexual function symptom/complaint male,男性性功能症状/主诉,Sexual function sympt/compl male,男性性功能症状/主诉,painful erection; priapism,疼痛的勃起；阴茎异常持续勃起症,reduced sexual desire ,性欲减退,,,,,,,N48.3; N48.9
Y10,symptom,Y.1,Infertility/subfertility male,男性不育/亚 fertile状态,Infertility/subfertility male,男性不育/亚 fertile状态,,,,,failure of conception after 2 years of trying,两年内未能受孕失败,,,,,N46; Z31.0; Z31.4; Z31.6; Z31.8; Z31.9
Y13,symptom,Y.1,Sterilization male,男性 sterilization,Sterilization male,男性 sterilization,family planning involving male sterilization,男性绝育涉及的计划生育,,,,,,,,,Z30.2
Y14,symptom,Y.1,Family planning male other,男性其他避孕方法,Family planning male other,男性其他避孕方法,contraception NOS; family planning NOS,避孕 NOS；计划生育 NOS,genetic counseling ,遗传咨询,,,,,,,Z30.0; Z30.8; Z30.9
Y16,symptom,Y.1,Breast symptom/complaint male,男性乳腺症状/主诉,Breast symptom/complaint male,男性乳腺症状/主诉,gynaecomastia; lump breast,男性乳腺发育；乳房肿块,disease of male breast ,男性乳腺疾病,,,,,,,N62; N63; N64.5
Y24,symptom,Y.1,Fear of sexual dysfunction male,男性性功能障碍恐惧症,Fear of sexual dysfunction male,男性性功能障碍恐惧症,,,"if the patient has sexual dysfunction, code the condition",如果患者有性功能障碍，编码该情况,concern about/fear of sexual dysfunction in a patient without the condition,对无该病症患者性功能障碍的担忧/恐惧,,,,,Z71.1
Y25,symptom,Y.1,Fear of sexually transmitted disease male,男性恐性传播疾病症,Fear sexually transm disease male,男性恐性传播疾病,,,fear of HIV/AIDS ,艾滋病恐惧症,concern about/fear of venereal disease in a patient without the disease/until the diagnosis is proven,疑虑/恐惧患性传播疾病（未患病/诊断未明确之前）,,,,,Z71.1
Y26,symptom,Y.1,Fear of genital cancer male,男性生殖器癌症恐惧症,Fear of genital cancer male,男性生殖器癌症恐惧症,,,"in a patient with the disease, code the disease",在患有该疾病的患者中，编码疾病,concern about/fear of cancer in a patient without the disease/until the diagnosis is proven,无病状态下的癌症担忧/恐惧/直到诊断证实为止,,,,,Z71.1
Y27,symptom,Y.1,Fear of genital disease male other,男性其他生殖器疾病恐惧症,Fear of genital disease male other,男性其他生殖器疾病恐惧症,,,fear of sexually transmitted disease ,恐性传播疾病症,concern about/fear of other genital disease in a patient without the disease/until the diagnosis is proven,疑有/恐患有其他生殖系统疾病（患者无病时/诊断未明确前）,,,,,Z71.1
Y28,symptom,Y.1,Limited function/disability (Y),有限功能/残疾 (Y),Limited function/disability (Y),有限功能/残疾 (Y),,,Sexual desire reduced ,性欲减退,limitation of function/disability due to a problem of the male genital system (including breast),男性生殖系统功能障碍/残疾（包括乳腺）所致的功能限制/残疾,,,The COOP/WONCA Charts are suitable for documenting the patient's functional status (see Chapter 8).,COOP/WONCA图表适合记录患者的功能状态（见第八章）。,Z73.6; Z90.7
Y29,symptom,Y.1,Genital symptom/complaint male other,男性生殖系统其他症状/主诉,Genital symptom/complaint male other,男性生殖系统其他症状/主诉,,,,,,,,,,,N50.9
Y70,infection,Y.7,Syphilis male,梅毒男性,Syphilis male,梅毒男性,syphilis any site,梅毒任何部位,,,demonstration of Treponema pallidum on microscopy; or positive serological test for syphilis,苍白密螺旋体显微镜检查示阳性；或梅毒血清学试验阳性,,,,,A50.0; A50.1; A50.2; A50.3; A50.4; A50.5; A50.6; A50.7; A50.9; A51.0; A51.1; A51.2; A51.3; A51.4; A51.5; A51.9; A52.0; A52.1; A52.2; A52.3; A52.7; A52.8; A52.9; A53.0; A53.9; A65
Y71,infection,Y.7,Gonorrhoea male,淋病（男性）,Gonorrhoea male,淋病（男性）,gonorrhoea any site,淋病任何部位,,,"urethral or rectal discharge with gram-negative intracellular diplococci demonstrated in a patient after a contact with a proven case, or Neisseria gonorrhoea cultured",尿道或直肠分泌物中发现革兰氏阴性细胞内双球菌，或者从接触过确诊病例的患者中培养出淋病奈瑟菌,urethritis ,尿道炎,,,A54.0; A54.1; A54.2; A54.3; A54.4; A54.5; A54.6; A54.8; A54.9
Y72,infection,Y.7,Genital herpes male,男性生殖器疱疹,Genital herpes male,男性生殖器疱疹,anogenital herpes,生殖器疱疹,,,small vesicles with characteristic appearance and location which evolve to painful ulcers and scabs,小囊泡，具有特征性外观和位置，演变为疼痛性溃疡和结痂,,,,,A60.0; A60.1; A60.9
Y73,infection,Y.7,Prostatitis/seminal vesiculitis,前列腺炎/精囊炎,Prostatitis/seminal vesiculitis,前列腺炎/精囊炎,,,,,"tenderness of prostate/seminal vesicles to palpation, and indications of inflammation in urine test",前列腺/精囊触痛，尿检示炎症迹象,,,,,A59.0; N41.0; N41.1; N41.2; N41.3; N41.8; N41.9; N49.0
Y74,infection,Y.7,Orchitis/epididymitis,睾丸炎/附睾炎,Orchitis/epididymitis,睾丸炎/附睾炎,,,tuberculosis ,肺结核,"both swelling and tenderness of testis/epididymis, and absence of a specific aetiology (mumps, gonococcal, tuberculosis, trauma, or torsion)",阴囊内睾丸和附睾的肿胀及触痛，且无特异性病因（腮腺炎、淋病性、结核性、外伤性或扭转性）,symptom of testis ,睾丸症状,,,A56.1; N45.0; N45.9
Y75,infection,Y.7,Balanitis,包皮炎,Balanitis,包皮炎,candidiasis glans penis,阴茎龟头念珠菌病,scabies ,疥疮,signs of inflammation of the prepuce/glans penis,阴茎包皮/龟头炎症征象,,,,,B37.4; N48.1
Y76,infection,Y.7,Condylomata acuminata male,男性尖锐湿疣,Condylomata acuminata male,男性尖锐湿疣,human papilloma virus infection; venereal warts,人乳头瘤病毒感染；生殖器疣,,,"characteristic appearance of lesions, or characteristic histological appearance",病变的特征性外观，或特征性组织学表现,,,,,A63.0
Y77,neoplasm,Y.7,Malignant neoplasm prostate,前列腺恶性肿瘤,Malignant neoplasm prostate,前列腺恶性肿瘤,,,,,characteristic histological appearance,特征性组织学表现,benign/unspecified neoplasm male genital ,良性/未特指的男性生殖器肿瘤,,,C61
Y78,neoplasm,Y.7,Malignant neoplasm male genital other,其他男性生殖器恶性肿瘤,Malign neopl male genital other,恶性新生物男性生殖器其他,carcinoma breast; carcinoma testis/seminoma,乳腺癌；睾丸癌/精原细胞瘤,,,characteristic histological appearance,特征性组织学表现,benign/unspecified neoplasm male genital ,良性/未特指的男性生殖器肿瘤,,,C50.0; C50.1; C50.2; C50.3; C50.4; C50.5; C50.6; C50.8; C50.9; C60.0; C60.1; C60.2; C60.8; C60.9; C62.0; C62.1; C62.9; C63.0; C63.1; C63.2; C63.7; C63.8; C63.9
Y79,neoplasm,Y.7,Benign/unspecified neoplasm male genital,良性/未特指的男性生殖器肿瘤,Benign/unspecif neopl male genital,良性/未特指男性生殖器肿瘤,benign genital neoplasm; benign neoplasm male breast; carcinoma-in-situ; fibroma; genital neoplasm not specified as benign or malignant/when histology is not available,良性生殖器肿瘤；男性乳腺良性肿瘤；原位癌；纤维瘤；未指明为良性和恶性的生殖器肿瘤/当组织学不可用时,benign prostatic hypertrophy ,良性前列腺增生,,,,,,,D05.0; D05.1; D05.7; D05.9; D07.4; D07.5; D07.6; D24; D29.0; D29.1; D29.2; D29.3; D29.4; D29.7; D29.9; D40.0; D40.1; D40.7; D40.9; D48.6; N42.3
Y80,injury,Y.7,Injury male genital,男性外生殖器损伤,Injury male genital,男性外生殖器损伤,,,,,,,,,,,S30.2; S31.2; S31.3; S31.5; S38.0; S38.2; T28.3; T28.8; Z41.2
Y81,congenital,Y.7,Phimosis/redundant prepuce,包皮过长/包茎,Phimosis/redundant prepuce,包皮过长/包茎,paraphimosis,包皮嵌顿（注：此处直译为“阴茎背侧嵌顿”，但医学上通常使用“包皮嵌顿”这一术语）,,,"1) for redundant prepuce: excessive length of prepuce, with inability to retract over the glans penis. 2) for phimosis: tightness of the prepuce which prevents retraction over the glans penis","1) 系带过长的包皮：包皮过长，无法回缩至阴茎头。
2) 包茎：包皮口狭窄，不能将阴茎头完全外露。",,,,,N47
Y82,congenital,Y.7,Hypospadias,阴茎下弯症,Hypospadias,阴茎下弯症,,,,,,,,,,,Q54.0; Q54.1; Q54.2; Q54.3; Q54.4; Q54.8; Q54.9
Y83,congenital,Y.7,Undescended testicle,隐睾症,Undescended testicle,隐睾症,cryptorchidism,隐睾症,retractile testis ,可回纳睾丸,"the testicle has never been observed in the scrotum, and the testicle cannot be manipulated into the scrotum",睾丸从未在阴囊内观察到，且无法将睾丸操纵入阴囊中,,,,,Q53.0; Q53.1; Q53.2; Q53.9
Y84,congenital,Y.7,Congenital genital anomaly male other,男性其他先天性生殖器异常,Congenital genital anom male other,其他先天性男性生殖器畸形,hermaphroditism; retractile testis,两性畸形；可复性睾丸,,,,,,,,,Q55.0; Q55.1; Q55.2; Q55.3; Q55.4; Q55.5; Q55.6; Q55.8; Q55.9; Q56.0; Q56.1; Q56.2; Q56.3; Q56.4; Q83.0; Q83.1; Q83.2; Q83.3; Q83.8; Q83.9
Y85,otherDiagnosis,Y.7,Benign prostatic hypertrophy,良性前列腺增生,Benign prostatic hypertrophy,良性前列腺增生,hyperplasia of prostate; median bar of prostate; prostatic obstruction; prostatomegaly,前列腺增生；前列腺中隔；前列腺阻塞；前列腺肥大,,,"enlarged, smooth, firm prostate demonstrated by palpation/cystoscopy/imaging, with no evidence of prostatic carcinoma",触诊/膀胱镜检查/影像学显示前列腺增大、光滑、质地坚硬，无前列腺癌证据,symptom/complaint about urination ,排尿症状/主诉,,,N40
Y86,otherDiagnosis,Y.7,Hydrocoele,鞘膜积液,Hydrocoele,鞘膜积液,,,,,non-tender fluctuant swelling surrounding testis or spermatic cord with transillumination of the swelling or imaging evidence,非触痛波动性肿胀，位于睾丸或精索周围，伴有透光试验阳性或影像学证据,symptom/complaint of scrotum/testis other ,阴囊/睾丸其他症状/主诉,,,N43.0; N43.1; N43.2; N43.3
Y99,otherDiagnosis,Y.7,Genital disease male other,男性生殖系统其他疾病,Genital disease male other,男性生殖系统其他疾病,epididymal cyst; other disease of male breast; spermatocoele; torsion of the testis,epididymal cyst；男性乳房其他疾病；精液囊（或附睾囊肿）；睾丸扭转,sexually transmitted disease NOS ,性传播疾病 NOS,,,,,,,A55; A56.1; A56.3; A56.4; A56.8; A57; A58; A63.8; N42.0; N42.1; N42.2; N42.8; N42.9; N43.4; N44; N64.9; N48.0; N48.2; N48.5; N48.6; N48.8; N48.9; N49.1; N49.2; N49.8; N49.9; N50.0; N50.1; N50.8; N50.9; N51.0; N51.1; N51.2; N51.8; N64.8; Z90.7
Z01,symptom,Z.1,Poverty/financial problem,贫困/财务问题,Poverty/financial problem,贫困/财务问题,,,,,,,,,"Problems with living conditions essentially require the patient's expression of concern about them, with agreement about the existence of the problem and desire for help. Whatever the objective living conditions, patients can consider these as a problem. Labelling these problems requires acknowledgement of absolute differences in living conditions, as well as the individual's perception.",生活条件问题本质上需要患者对其表达关注，确认问题的存在并希望得到帮助。无论客观的生活条件如何，患者都可以将这些视为问题。标注这些问题需要承认生活条件的绝对差异以及个体的感知。,Z59.5; Z59.6; Z59.7; Z59.8; Z59.9
Z02,symptom,Z.1,Food/water problem,食物/水问题,Food/water problem,食物/水问题,,,,,,,,,"Problems with living conditions essentially require the patient's expression of concern about them, with agreement about the existence of the problem and desire for help. Whatever the objective living conditions, patients can consider these as a problem. Labelling these problems requires acknowledgement of absolute differences in living conditions, as well as the individual's perception.",生活条件问题本质上需要患者对其表达关注，确认问题的存在并希望得到帮助。无论客观的生活条件如何，患者都可以将这些视为问题。标注这些问题需要承认生活条件的绝对差异以及个体的感知。,Z58.6; Z59.4
Z03,symptom,Z.1,Housing/neighbourhood problem,住房/邻里问题,Housing/neighbourhood problem,住房/邻里问题,,,,,,,,,"Problems with living conditions essentially require the patient's expression of concern about them, with agreement about the existence of the problem and desire for help. Whatever the objective living conditions, patients can consider these as a problem. Labelling these problems requires acknowledgement of absolute differences in living conditions, as well as the individual's perception.",生活条件问题本质上需要患者对其表达关注，确认问题的存在并希望得到帮助。无论客观的生活条件如何，患者都可以将这些视为问题。标注这些问题需要承认生活条件的绝对差异以及个体的感知。,Z59.0; Z59.1; Z59.2; Z59.3; Z59.8; Z59.9
Z04,symptom,Z.1,Social cultural problem,社会文化问题,Social cultural problem,社会文化问题,illegitimate pregnancy,非法妊娠,unwanted pregnancy ,意外怀孕,,,,,"Problems with living conditions essentially require the patient's expression of concern about them, with agreement about the existence of the problem and desire for help. Whatever the objective living conditions, patients can consider these as a problem. Labelling these problems requires acknowledgement of absolute differences in living conditions, as well as the individual's perception.",生活条件问题本质上需要患者对其表达关注，确认问题的存在并希望得到帮助。无论客观的生活条件如何，患者都可以将这些视为问题。标注这些问题需要承认生活条件的绝对差异以及个体的感知。,Z60.1; Z60.2; Z60.3; Z60.4; Z60.5; Z60.8; Z60.9
Z05,symptom,Z.1,Work problem,工作相关问题,Work problem,工作相关问题,,,,,,,,,"Problems with working conditions essentially require the patient's expression of concern about them, with agreement about the existence of the problem and desire for help. Whatever the objective working conditions, patients can consider these as a problem.  Labelling these problems requires acknowledgement of absolute differences in working conditions, as well as the individual's perception.",工作条件问题本质上需要患者对其表达关注，双方需就存在问题及寻求帮助的意愿达成一致。无论客观的工作条件如何，患者都可以将其视为一个问题。 标识这些问题需要承认工作条件上的绝对差异，以及个体的感知。,Z56.1; Z56.2; Z56.3; Z56.4; Z56.5; Z56.6; Z56.7; Z57.0; Z57.1; Z57.2; Z57.3; Z57.4; Z57.5; Z57.6; Z57.7; Z57.8; Z57.9
Z06,symptom,Z.1,Unemployment problem,失业问题,Unemployment problem,失业问题,,,retirement problem ,退行性病变,,,,,"Problems with unemployment essentially require the patient's expression of concern about them, with agreement about the existence of the problem and desire for help. Whatever the objective nature of the unemployment, patients can consider this as a problem. Labelling these problems requires acknowledgement of absolute differences in unemployment, as well as the individual's perception.",失业问题本质上需要患者表达对他们关注的问题，达成问题存在以及寻求帮助的共识。无论失业的客观性质如何，患者都可以将此视为一个问题。标注这些问题需要承认失业之间的绝对差异，以及个人的感知。,Z56.0
Z07,symptom,Z.1,Education problem,教育问题,Education problem,教育问题,illiteracy,文盲,,,,,,,"Problems with education essentially require the patient's expression of concern about them, with agreement about the existence of the problem and desire for help. Whatever the objective education status, patients can consider this as a problem. Labelling these problems requires acknowledgement of absolute differences in education, as well as the individual's perception.",教育问题本质上需要患者对其表达关注，双方需就问题的存在达成一致，并希望得到帮助。无论客观的教育状况如何，患者都可以将此视为一个问题。标记这些问题需要承认绝对的教育差异以及个人的感知。,Z55.0; Z55.1; Z55.2; Z55.3; Z55.4; Z55.8; Z55.9
Z08,symptom,Z.1,Social welfare problem,社会福利问题,Social welfare problem,社会福利问题,,,,,,,,,"Problems with social welfare essentially require the patient's expression of concern about them, with agreement about the existence of the problem and desire for help. Whatever the objective social welfare situation, patients can consider this as a problem. Labelling these problems requires acknowledgement of absolute differences in social welfare, as well as the individual's perception.",社会福利问题本质上需要患者表达对他们关注的问题，达成问题存在以及寻求帮助的共识。无论客观的社会福利状况如何，患者都可以将这些问题视为问题。标识这些问题是承认绝对的社会福利差异以及个人感知的必要性。,Z59.7
Z09,symptom,Z.1,Legal problem,法律问题,Legal problem,法律问题,,,,,,,,,"Problems with legal issues essentially require the patient's expression of concern about them, with agreement about the existence of the problem and desire for help. Whatever the objective legal issues, patients can consider these as a problem. Labelling these problems requires acknowledgement of absolute differences in legal issues as well as the individual's perception.",与法律问题有关的问题本质上需要患者对此表达关注，达成对存在问题的认识以及寻求帮助的意愿。无论客观上的法律问题是什么，患者都可以将其视为一个问题。将这些问题定性需要承认法律问题中的绝对差异以及个人的感知。,Z65.0; Z65.1; Z65.2; Z65.3
Z10,symptom,Z.1,Health care system problem,医疗卫生系统问题,Health care system problem,医疗卫生系统问题,,,,,,,,,"Problems with the health care system essentially require the patient's expression of concern about them, with agreement about the existence of the problem and desire for help. Whatever the objective health care system, patients can consider this as a problem. Labelling these problems requires acknowledgement of absolute differences in the health care system as well as the individual's perception.",医疗系统中存在的问题本质上需要患者对他们表达关注，包括对问题存在的认同以及寻求帮助的意愿。无论客观上的医疗体系如何，患者都可以将其视为一个问题。标识这些问题需要承认医疗体系中的绝对差异以及个人的感知。,Z64.4; Z75.0; Z75.1; Z75.2; Z75.3; Z75.4; Z75.5; Z75.8; Z75.9
Z11,symptom,Z.1,Compliance/being ill problem,依从性/患病问题,Compliance/being ill problem,依从性/患病问题,poor compliance,较差的依从性,,,,,,,The diagnosis of social problems arising due to being ill requires the patient's agreement on the existence of the problem and desire for help.,由于患病而产生的社会问题的诊断需要患者承认问题的存在并有寻求帮助的愿望。,Z75.0; Z75.1; Z75.2; Z75.3; Z75.4; Z75.5; Z75.8; Z75.9
Z12,symptom,Z.1,Relationship problem with partner,伴侣关系问题,Relationship problem with partner,伴侣关系问题,emotional abuse,情感虐待,physical abuse by partner ,伴侣的身体虐待,,,,,The diagnosis of problems in the relationship between family partners requires the patient's agreement on the existence of the problem and desire for help.,家庭伴侣关系问题的诊断需要患者承认存在问题并希望得到帮助。,T74.0; T74.3; Z63.0
Z13,symptom,Z.1,Partner's behaviour problem,伴侣的行为问题,Partner's behaviour problem,伴侣的行为问题,infidelity; physical abuse,不忠；身体虐待,victim of physical abuse ,身体虐待受害者,,,,,The diagnosis of problems arising from the behaviour of a family partner requires the patient's agreement on the existence of the problem and desire for help.,家庭伴侣行为问题的诊断需要患者承认存在问题并愿意寻求帮助。,Z63.0
Z14,symptom,Z.1,Partner illness problem,伴侣健康问题,Partner illness problem,伴侣健康问题,,,,,,,,,The diagnosis of problems arising from one or both family partners being ill requires the patient's agreement on the existence of the problem and desire for help.,家庭成员患病导致的问题的诊断需要患者承认问题的存在并希望得到帮助。,Z63.6
Z15,symptom,Z.1,Loss/death of partner problem,伴侣丧失问题,Loss/death of partner problem,伴侣丧失问题,bereavement; divorce; separation,哀伤；离婚；分离,,,,,,,The diagnosis of problems arising from the loss or death of a family partner requires the patient's agreement on the existence of the problem and desire for help.,家庭伴侣丧失或死亡引起的问题的诊断需要患者认同问题的存在并希望得到帮助。,Z63.4; Z63.5
Z16,symptom,Z.1,Relationship problem with child,与子女的关系问题,Relationship problem with child,与子女的关系问题,child abuse (emotional),儿童虐待（情感）,physical abuse ,身体虐待,,,,,The diagnosis of problems in the relationship with a child requires the patient's agreement on the existence of the problem and desire for help.,儿童关系问题的诊断需要患者认同问题的存在并有寻求帮助的愿望。,T74.0; T74.3; Z61.0; Z61.1; Z61.2; Z61.3; Z61.4; Z61.5; Z61.6; Z61.7; Z61.8; Z61.9; Z62.0; Z62.1; Z62.2; Z62.3; Z62.4; Z62.5; Z62.6; Z62.8; Z62.9; Z63.8
Z18,symptom,Z.1,Illness problem with child,儿童疾病问题,Illness problem with child,儿童疾病问题,,,,,,,,,The diagnosis of problems arising due to a child being ill requires the patient's agreement on the existence of the problem and desire for help.,儿童因病引起的问题的诊断需要患者承认问题的存在并希望得到帮助。,Z63.6
Z19,symptom,Z.1,Loss/death of child problem,儿童丧失/死亡问题,Loss/death of child problem,儿童丧失/死亡问题,,,,,,,,,The diagnosis of problems arising from the loss or death of a child in the family requires the patient's agreement on the existence of the problem and desire for help.,家庭中由于孩子丢失或死亡而产生的问题的诊断需要患者认同问题的存在并希望得到帮助。,Z63.4
Z20,symptom,Z.1,Relationship problem parent/family member,家庭关系问题,Relationship problem parent/fam memb,家庭成员关系问题,relationship problem with parent/adult sibling/other family member,与父母/成年兄弟姐妹/其他家庭成员的关系问题,relationship problem with partner ,伴侣关系问题,,,,,The diagnosis of problems in the relationship between family members requires the patient's agreement on the existence of the problem and desire for help.,家庭成员关系问题的诊断需要患者认同问题的存在并有求助的愿望。,T74.0; Z63.1; Z63.8
Z21,symptom,Z.1,Behaviour problem parent/family member,行为问题（家长/家庭成员）,Behaviour problem parent/fam memb,行为问题父母/家庭成员,,,symptom/complaint behaviour of child ,儿童的症状/主诉行为,,,,,The diagnosis of problems arising from the behaviour of a family member requires the patient's agreement on the existence of the problem and desire for help.,家庭成员行为问题的诊断需要患者承认存在问题并希望获得帮助。,Z63.1; Z63.9
Z22,symptom,Z.1,Illness problem parent/family member,疾病相关家庭问题,Illness problem parent/family memb,疾病相关家庭成员问题,,,problem with partner being ill ,_partner患病的问题_,,,,,The diagnosis of problems arising from the illness of a family member requires the patient's agreement on the existence of the problem and desire for help.,家庭成员疾病引起的问题的诊断需要患者承认问题的存在并希望得到帮助。,Z63.6; Z63.7
Z23,symptom,Z.1,Loss/death of parent/family member problem,亲属去世问题,Loss/death parent/fam memb problem,亲属/家庭成员丧失问题,,,loss of partner ,伴侣丧失,,,,,The diagnosis of problems arising from the loss or death of a family member requires the patient's agreement on the existence of the problem and desire for help.,家庭成员丧失或死亡引起的问题的诊断需要患者认同问题的存在并希望得到帮助。,Z63.4
Z24,symptom,Z.1,Relationship problem friend,人际关系问题-朋友相关,Relationship problem friend,人际关系问题-朋友相关,,,relationship problem with family member ,与家庭成员的关系问题,,,,,The diagnosis of problems in the relationship with friends requires the patient's agreement on the existence of the problem and desire for help.,朋友关系问题的诊断需要患者承认存在问题并有求助的愿望。,Z63.9
Z25,symptom,Z.1,Assault/harmful event problem,暴力/有害事件问题,Assault/harmful event problem,暴力/有害事件问题,victim of physical abuse; victim of rape; victim of sexual attack,身体虐待受害者；强奸受害者；性侵犯受害者,partner emotional abuse ,伴侣情感虐待,,,,,The diagnosis of social problems arising from assaults and other harmful events requires the patient's agreement on the existence of the problem and desire for help.,社交问题的诊断源于袭击和其他有害事件，需要患者承认问题的存在并愿意寻求帮助。,T74.1; T74.2; T74.8; T74.9; Z65.4; Z65.5
Z27,symptom,Z.1,Fear of a social problem,社交问题恐惧症,Fear of a social problem,社交问题恐惧症,concern about/fear of having a social problem,社交问题的担忧/恐惧,"if the patient has a social problem, code the problem",如果患者有社会问题，编码该问题,fear of a social problem in a patient without the problem,无相应社会问题的患者对社会问题的恐惧,,,,,Z71.1
Z28,symptom,Z.1,Limited  function/disability (Z),功能有限/残疾 (Z),Limited function/disability (Z),有限功能/残疾 (Z),,,,,"limitation of function/disability caused by social problems, including isolation/living alone/loneliness",由社会问题引起的功能受限/残疾，包括隔离/独居/孤独感,,,The COOP/WONCA Charts are suitable for documenting the patient's functional status (see Chapter 8).,COOP/WONCA图表适合记录患者的功能状态（见第八章）。,Z73.4; Z73.6
Z29,symptom,Z.1,Social problem NOS,社会问题 NOS,Social problem NOS,社会问题 NOS,environmental problems; malingering,环境问题；诈病,,,,,,,,,Z58.0; Z58.1; Z58.2; Z58.3; Z58.4; Z58.5; Z58.7; Z58.8; Z58.9; Z63.2; Z63.3; Z63.7; Z63.8; Z63.9; Z64.1; Z65.8; Z65.9; Z72.6; Z72.8; Z72.9; Z73.5; Z73.8; Z73.9; Z76.5
