asset_id,asset_path,asset_class,risk_level,clinical_relevance,clinical_logic,historical_e01_seed,board_scope,authority_class,file_disposition,runtime_disposition,owner_role,reviewer_roles,evidence_pointer,runtime_consumer_status,replacement_status,decommission_status,decision_basis,board_decision_status,notes
BOUND-001,contracts/v1,NEW_A5_TARGET,P3,LOW,NO,NO,JUSTIFIED_BOUNDARY_ROW,NEW_A5_BOUNDARY,KEEP_READ_ONLY,NOT_LEGACY_RETENTION_SUBJECT,contracts,architecture|governance-boundary,docs/refactoring/plans/phase-a/a6-5/a6-5-legacy-asset-inventory.csv;docs/refactoring/plans/phase-a/a6-5/a6-5-legacy-clinical-non-adoption-strategy.md;docs/refactoring/plans/phase-a/a6-5/a6-5-e01-disposition-board.csv,NOT_RUNTIME_ASSET,NEW_A5_CONTRACTS_IN_PLACE,NOT_APPLICABLE_NEW_BOUNDARY,BOUNDARY_PROTECTION;NOT_LEGACY_CLINICAL,BOUNDARY_RECORDED,E01 board recorded from inventory metadata only; clinical body not read; physical deletion not authorized; E02 not executed. Not a legacy clinical retention subject.
BOUND-002,capabilities/adult_respiratory_v1,NEW_A6_PACKAGE,P3,LOW,NO,NO,JUSTIFIED_BOUNDARY_ROW,NEW_A6_BOUNDARY,KEEP_READ_ONLY,NOT_LEGACY_RETENTION_SUBJECT,architecture,architecture|governance-boundary,docs/refactoring/plans/phase-a/a6-5/a6-5-legacy-asset-inventory.csv;docs/refactoring/plans/phase-a/a6-5/a6-5-legacy-clinical-non-adoption-strategy.md;docs/refactoring/plans/phase-a/a6-5/a6-5-e01-disposition-board.csv,NOT_RUNTIME_ASSET,NEW_A6_PACKAGE_IN_PLACE,NOT_APPLICABLE_NEW_BOUNDARY,BOUNDARY_PROTECTION;NOT_LEGACY_CLINICAL,BOUNDARY_RECORDED,E01 board recorded from inventory metadata only; clinical body not read; physical deletion not authorized; E02 not executed. Not a legacy clinical retention subject.
CLIN-001,clinical-parsing-service/data/vocabularies/symptom_normalization.csv,LEGACY_CLINICAL,P1,HIGH,YES,NO,P0_P1+CLINICAL_LOGIC+HIGH_CLINICAL_RELEVANCE,LEGACY_CLINICAL,KEEP_READ_ONLY,REJECT_FOR_NEW_RUNTIME,governance,governance-boundary|legal,docs/refactoring/plans/phase-a/a6-5/a6-5-legacy-asset-inventory.csv;docs/refactoring/plans/phase-a/a6-5/a6-5-legacy-clinical-non-adoption-strategy.md;docs/refactoring/plans/phase-a/a6-5/a6-5-e01-disposition-board.csv;docs/refactoring/evidence/phase-a/a6-5/a6-5-b-governance-evidence.csv,CONFIRMED_CONSUMER,FUTURE_REBUILD_REQUIRED,NOT_ELIGIBLE_CONSUMER_PRESENT,A6.5-NONADOPT-001;INVENTORY_METADATA;NO_CLINICAL_BODY_READ,BOARD_RECORDED,E01 board recorded from inventory metadata only; clinical body not read; physical deletion not authorized; E02 not executed.
CLIN-002,clinical-parsing-service/data/vocabularies/disease_normalization.csv,LEGACY_CLINICAL,P1,HIGH,YES,NO,P0_P1+CLINICAL_LOGIC+HIGH_CLINICAL_RELEVANCE,LEGACY_CLINICAL,KEEP_READ_ONLY,REJECT_FOR_NEW_RUNTIME,governance,governance-boundary|legal,docs/refactoring/plans/phase-a/a6-5/a6-5-legacy-asset-inventory.csv;docs/refactoring/plans/phase-a/a6-5/a6-5-legacy-clinical-non-adoption-strategy.md;docs/refactoring/plans/phase-a/a6-5/a6-5-e01-disposition-board.csv;docs/refactoring/evidence/phase-a/a6-5/a6-5-b-governance-evidence.csv,CONFIRMED_CONSUMER,FUTURE_REBUILD_REQUIRED,NOT_ELIGIBLE_CONSUMER_PRESENT,A6.5-NONADOPT-001;INVENTORY_METADATA;NO_CLINICAL_BODY_READ,BOARD_RECORDED,E01 board recorded from inventory metadata only; clinical body not read; physical deletion not authorized; E02 not executed.
CLIN-003,clinical-parsing-service/data/vocabularies/medication_normalization.csv,LEGACY_CLINICAL,P1,HIGH,YES,NO,P0_P1+CLINICAL_LOGIC+HIGH_CLINICAL_RELEVANCE,LEGACY_CLINICAL,KEEP_READ_ONLY,REJECT_FOR_NEW_RUNTIME,governance,governance-boundary|legal,docs/refactoring/plans/phase-a/a6-5/a6-5-legacy-asset-inventory.csv;docs/refactoring/plans/phase-a/a6-5/a6-5-legacy-clinical-non-adoption-strategy.md;docs/refactoring/plans/phase-a/a6-5/a6-5-e01-disposition-board.csv;docs/refactoring/evidence/phase-a/a6-5/a6-5-b-governance-evidence.csv,CONFIRMED_CONSUMER,FUTURE_REBUILD_REQUIRED,NOT_ELIGIBLE_CONSUMER_PRESENT,A6.5-NONADOPT-001;INVENTORY_METADATA;NO_CLINICAL_BODY_READ,BOARD_RECORDED,E01 board recorded from inventory metadata only; clinical body not read; physical deletion not authorized; E02 not executed.
CLIN-004,clinical-parsing-service/data/vocabularies/allergy_normalization.csv,LEGACY_CLINICAL,P1,HIGH,YES,NO,P0_P1+CLINICAL_LOGIC+HIGH_CLINICAL_RELEVANCE,LEGACY_CLINICAL,KEEP_READ_ONLY,REJECT_FOR_NEW_RUNTIME,governance,governance-boundary|legal,docs/refactoring/plans/phase-a/a6-5/a6-5-legacy-asset-inventory.csv;docs/refactoring/plans/phase-a/a6-5/a6-5-legacy-clinical-non-adoption-strategy.md;docs/refactoring/plans/phase-a/a6-5/a6-5-e01-disposition-board.csv;docs/refactoring/evidence/phase-a/a6-5/a6-5-b-governance-evidence.csv,CONFIRMED_CONSUMER,FUTURE_REBUILD_REQUIRED,NOT_ELIGIBLE_CONSUMER_PRESENT,A6.5-NONADOPT-001;INVENTORY_METADATA;NO_CLINICAL_BODY_READ,BOARD_RECORDED,E01 board recorded from inventory metadata only; clinical body not read; physical deletion not authorized; E02 not executed.
CLIN-005,clinical-parsing-service/data/vocabularies/examination_normalization.csv,LEGACY_CLINICAL,P1,HIGH,YES,NO,P0_P1+CLINICAL_LOGIC+HIGH_CLINICAL_RELEVANCE,LEGACY_CLINICAL,KEEP_READ_ONLY,REJECT_FOR_NEW_RUNTIME,governance,governance-boundary|legal,docs/refactoring/plans/phase-a/a6-5/a6-5-legacy-asset-inventory.csv;docs/refactoring/plans/phase-a/a6-5/a6-5-legacy-clinical-non-adoption-strategy.md;docs/refactoring/plans/phase-a/a6-5/a6-5-e01-disposition-board.csv;docs/refactoring/evidence/phase-a/a6-5/a6-5-b-governance-evidence.csv,CONFIRMED_CONSUMER,FUTURE_REBUILD_REQUIRED,NOT_ELIGIBLE_CONSUMER_PRESENT,A6.5-NONADOPT-001;INVENTORY_METADATA;NO_CLINICAL_BODY_READ,BOARD_RECORDED,E01 board recorded from inventory metadata only; clinical body not read; physical deletion not authorized; E02 not executed.
CLIN-006,clinical-parsing-service/data/vocabularies/indicator_normalization.csv,LEGACY_CLINICAL,P1,HIGH,YES,NO,P0_P1+CLINICAL_LOGIC+HIGH_CLINICAL_RELEVANCE,LEGACY_CLINICAL,KEEP_READ_ONLY,REJECT_FOR_NEW_RUNTIME,governance,governance-boundary|legal,docs/refactoring/plans/phase-a/a6-5/a6-5-legacy-asset-inventory.csv;docs/refactoring/plans/phase-a/a6-5/a6-5-legacy-clinical-non-adoption-strategy.md;docs/refactoring/plans/phase-a/a6-5/a6-5-e01-disposition-board.csv;docs/refactoring/evidence/phase-a/a6-5/a6-5-b-governance-evidence.csv,CONFIRMED_CONSUMER,FUTURE_REBUILD_REQUIRED,NOT_ELIGIBLE_CONSUMER_PRESENT,A6.5-NONADOPT-001;INVENTORY_METADATA;NO_CLINICAL_BODY_READ,BOARD_RECORDED,E01 board recorded from inventory metadata only; clinical body not read; physical deletion not authorized; E02 not executed.
CLIN-007,clinical-parsing-service/data/vocabularies/ambiguity_rules.json,LEGACY_CLINICAL,P0,HIGH,YES,YES,P0_P1+CLINICAL_LOGIC+HIGH_CLINICAL_RELEVANCE+HISTORICAL_SEED,LEGACY_CLINICAL,KEEP_READ_ONLY,REJECT_FOR_NEW_RUNTIME,governance,governance-boundary|legal,docs/refactoring/plans/phase-a/a6-5/a6-5-legacy-asset-inventory.csv;docs/refactoring/plans/phase-a/a6-5/a6-5-legacy-clinical-non-adoption-strategy.md;docs/refactoring/plans/phase-a/a6-5/a6-5-e01-disposition-board.csv;docs/refactoring/evidence/phase-a/a6-5/a6-5-b-governance-evidence.csv,CONFIRMED_CONSUMER,FUTURE_REBUILD_REQUIRED,NOT_ELIGIBLE_CONSUMER_PRESENT,A6.5-NONADOPT-001;INVENTORY_METADATA;NO_CLINICAL_BODY_READ,BOARD_RECORDED,E01 board recorded from inventory metadata only; clinical body not read; physical deletion not authorized; E02 not executed.
CLIN-008,health-state-assessment-service/data/健康管理路径规则/健康管理路径规则.yaml,LEGACY_CLINICAL,P0,HIGH,YES,YES,P0_P1+CLINICAL_LOGIC+HIGH_CLINICAL_RELEVANCE+HISTORICAL_SEED,LEGACY_CLINICAL,KEEP_READ_ONLY,REJECT_FOR_NEW_RUNTIME,governance,governance-boundary|legal,docs/refactoring/plans/phase-a/a6-5/a6-5-legacy-asset-inventory.csv;docs/refactoring/plans/phase-a/a6-5/a6-5-legacy-clinical-non-adoption-strategy.md;docs/refactoring/plans/phase-a/a6-5/a6-5-e01-disposition-board.csv;docs/refactoring/evidence/phase-a/a6-5/a6-5-b-governance-evidence.csv,CONFIRMED_CONSUMER,FUTURE_REBUILD_REQUIRED,NOT_ELIGIBLE_CONSUMER_PRESENT,A6.5-NONADOPT-001;INVENTORY_METADATA;NO_CLINICAL_BODY_READ,BOARD_RECORDED,E01 board recorded from inventory metadata only; clinical body not read; physical deletion not authorized; E02 not executed.
CLIN-009,health-state-assessment-service/data/入口判定规则/入口判定与工作态切换规则.yaml,LEGACY_CLINICAL,P0,HIGH,YES,YES,P0_P1+CLINICAL_LOGIC+HIGH_CLINICAL_RELEVANCE+HISTORICAL_SEED,LEGACY_CLINICAL,KEEP_READ_ONLY,REJECT_FOR_NEW_RUNTIME,governance,governance-boundary|legal,docs/refactoring/plans/phase-a/a6-5/a6-5-legacy-asset-inventory.csv;docs/refactoring/plans/phase-a/a6-5/a6-5-legacy-clinical-non-adoption-strategy.md;docs/refactoring/plans/phase-a/a6-5/a6-5-e01-disposition-board.csv;docs/refactoring/evidence/phase-a/a6-5/a6-5-b-governance-evidence.csv,CONFIRMED_CONSUMER,FUTURE_REBUILD_REQUIRED,NOT_ELIGIBLE_CONSUMER_PRESENT,A6.5-NONADOPT-001;INVENTORY_METADATA;NO_CLINICAL_BODY_READ,BOARD_RECORDED,E01 board recorded from inventory metadata only; clinical body not read; physical deletion not authorized; E02 not executed.
CLIN-010,health-state-assessment-service/data/入口判定规则/入口角度统一转换规则.yaml,LEGACY_CLINICAL,P0,HIGH,YES,YES,P0_P1+CLINICAL_LOGIC+HIGH_CLINICAL_RELEVANCE+HISTORICAL_SEED,LEGACY_CLINICAL,KEEP_READ_ONLY,REJECT_FOR_NEW_RUNTIME,governance,governance-boundary|legal,docs/refactoring/plans/phase-a/a6-5/a6-5-legacy-asset-inventory.csv;docs/refactoring/plans/phase-a/a6-5/a6-5-legacy-clinical-non-adoption-strategy.md;docs/refactoring/plans/phase-a/a6-5/a6-5-e01-disposition-board.csv;docs/refactoring/evidence/phase-a/a6-5/a6-5-b-governance-evidence.csv,CONFIRMED_CONSUMER,FUTURE_REBUILD_REQUIRED,NOT_ELIGIBLE_CONSUMER_PRESENT,A6.5-NONADOPT-001;INVENTORY_METADATA;NO_CLINICAL_BODY_READ,BOARD_RECORDED,E01 board recorded from inventory metadata only; clinical body not read; physical deletion not authorized; E02 not executed.
CLIN-020,health-state-assessment-service/app/rules/red_flag_rules.py,LEGACY_CLINICAL,P0,HIGH,YES,YES,P0_P1+CLINICAL_LOGIC+HIGH_CLINICAL_RELEVANCE+HISTORICAL_SEED,LEGACY_CLINICAL,QUARANTINE,REJECT_FOR_NEW_RUNTIME,governance,governance-boundary|legal,docs/refactoring/plans/phase-a/a6-5/a6-5-legacy-asset-inventory.csv;docs/refactoring/plans/phase-a/a6-5/a6-5-legacy-clinical-non-adoption-strategy.md;docs/refactoring/plans/phase-a/a6-5/a6-5-e01-disposition-board.csv;docs/refactoring/evidence/phase-a/a6-5/a6-5-b-governance-evidence.csv,CONFIRMED_CONSUMER,FUTURE_REBUILD_REQUIRED,NOT_ELIGIBLE_CONSUMER_PRESENT,A6.5-NONADOPT-001;INVENTORY_METADATA;NO_CLINICAL_BODY_READ,BOARD_RECORDED,E01 board recorded from inventory metadata only; clinical body not read; physical deletion not authorized; E02 not executed. Existing CLIN quarantine retained.
CLIN-021,health-state-assessment-service/app/rules/risk_screening_rules.py,LEGACY_CLINICAL,P0,HIGH,YES,YES,P0_P1+CLINICAL_LOGIC+HIGH_CLINICAL_RELEVANCE+HISTORICAL_SEED,LEGACY_CLINICAL,QUARANTINE,REJECT_FOR_NEW_RUNTIME,governance,governance-boundary|legal,docs/refactoring/plans/phase-a/a6-5/a6-5-legacy-asset-inventory.csv;docs/refactoring/plans/phase-a/a6-5/a6-5-legacy-clinical-non-adoption-strategy.md;docs/refactoring/plans/phase-a/a6-5/a6-5-e01-disposition-board.csv;docs/refactoring/evidence/phase-a/a6-5/a6-5-b-governance-evidence.csv,CONFIRMED_CONSUMER,FUTURE_REBUILD_REQUIRED,NOT_ELIGIBLE_CONSUMER_PRESENT,A6.5-NONADOPT-001;INVENTORY_METADATA;NO_CLINICAL_BODY_READ,BOARD_RECORDED,E01 board recorded from inventory metadata only; clinical body not read; physical deletion not authorized; E02 not executed. Existing CLIN quarantine retained.
CLIN-022,health-state-assessment-service/app/rules/severity_rules.py,LEGACY_CLINICAL,P0,HIGH,YES,YES,P0_P1+CLINICAL_LOGIC+HIGH_CLINICAL_RELEVANCE+HISTORICAL_SEED,LEGACY_CLINICAL,QUARANTINE,REJECT_FOR_NEW_RUNTIME,governance,governance-boundary|legal,docs/refactoring/plans/phase-a/a6-5/a6-5-legacy-asset-inventory.csv;docs/refactoring/plans/phase-a/a6-5/a6-5-legacy-clinical-non-adoption-strategy.md;docs/refactoring/plans/phase-a/a6-5/a6-5-e01-disposition-board.csv;docs/refactoring/evidence/phase-a/a6-5/a6-5-b-governance-evidence.csv,CONFIRMED_CONSUMER,FUTURE_REBUILD_REQUIRED,NOT_ELIGIBLE_CONSUMER_PRESENT,A6.5-NONADOPT-001;INVENTORY_METADATA;NO_CLINICAL_BODY_READ,BOARD_RECORDED,E01 board recorded from inventory metadata only; clinical body not read; physical deletion not authorized; E02 not executed. Existing CLIN quarantine retained.
CLIN-023,health-state-assessment-service/app/rules/work_mode_rules.py,LEGACY_CLINICAL,P0,HIGH,YES,NO,P0_P1+CLINICAL_LOGIC+HIGH_CLINICAL_RELEVANCE,LEGACY_CLINICAL,KEEP_READ_ONLY,REJECT_FOR_NEW_RUNTIME,governance,governance-boundary|legal,docs/refactoring/plans/phase-a/a6-5/a6-5-legacy-asset-inventory.csv;docs/refactoring/plans/phase-a/a6-5/a6-5-legacy-clinical-non-adoption-strategy.md;docs/refactoring/plans/phase-a/a6-5/a6-5-e01-disposition-board.csv;docs/refactoring/evidence/phase-a/a6-5/a6-5-b-governance-evidence.csv,CONFIRMED_CONSUMER,FUTURE_REBUILD_REQUIRED,NOT_ELIGIBLE_CONSUMER_PRESENT,A6.5-NONADOPT-001;INVENTORY_METADATA;NO_CLINICAL_BODY_READ,BOARD_RECORDED,E01 board recorded from inventory metadata only; clinical body not read; physical deletion not authorized; E02 not executed.
CLIN-024,health-state-assessment-service/app/rules/wellness_plan_rules.py,LEGACY_CLINICAL,P0,HIGH,YES,NO,P0_P1+CLINICAL_LOGIC+HIGH_CLINICAL_RELEVANCE,LEGACY_CLINICAL,KEEP_READ_ONLY,REJECT_FOR_NEW_RUNTIME,governance,governance-boundary|legal,docs/refactoring/plans/phase-a/a6-5/a6-5-legacy-asset-inventory.csv;docs/refactoring/plans/phase-a/a6-5/a6-5-legacy-clinical-non-adoption-strategy.md;docs/refactoring/plans/phase-a/a6-5/a6-5-e01-disposition-board.csv;docs/refactoring/evidence/phase-a/a6-5/a6-5-b-governance-evidence.csv,CONFIRMED_CONSUMER,FUTURE_REBUILD_REQUIRED,NOT_ELIGIBLE_CONSUMER_PRESENT,A6.5-NONADOPT-001;INVENTORY_METADATA;NO_CLINICAL_BODY_READ,BOARD_RECORDED,E01 board recorded from inventory metadata only; clinical body not read; physical deletion not authorized; E02 not executed.
CLIN-025,risk-assessment-service/app/services/triage_engine.py,LEGACY_CLINICAL,P0,HIGH,YES,YES,P0_P1+CLINICAL_LOGIC+HIGH_CLINICAL_RELEVANCE+HISTORICAL_SEED,LEGACY_CLINICAL,QUARANTINE,REJECT_FOR_NEW_RUNTIME,governance,governance-boundary|legal,docs/refactoring/plans/phase-a/a6-5/a6-5-legacy-asset-inventory.csv;docs/refactoring/plans/phase-a/a6-5/a6-5-legacy-clinical-non-adoption-strategy.md;docs/refactoring/plans/phase-a/a6-5/a6-5-e01-disposition-board.csv;docs/refactoring/evidence/phase-a/a6-5/a6-5-b-governance-evidence.csv,CONFIRMED_CONSUMER,FUTURE_REBUILD_REQUIRED,NOT_ELIGIBLE_CONSUMER_PRESENT,A6.5-NONADOPT-001;INVENTORY_METADATA;NO_CLINICAL_BODY_READ,BOARD_RECORDED,E01 board recorded from inventory metadata only; clinical body not read; physical deletion not authorized; E02 not executed. Existing CLIN quarantine retained.
CLIN-026,risk-assessment-service/app/services/upgrade_rule_engine.py,LEGACY_CLINICAL,P0,HIGH,YES,YES,P0_P1+CLINICAL_LOGIC+HIGH_CLINICAL_RELEVANCE+HISTORICAL_SEED,LEGACY_CLINICAL,QUARANTINE,REJECT_FOR_NEW_RUNTIME,governance,governance-boundary|legal,docs/refactoring/plans/phase-a/a6-5/a6-5-legacy-asset-inventory.csv;docs/refactoring/plans/phase-a/a6-5/a6-5-legacy-clinical-non-adoption-strategy.md;docs/refactoring/plans/phase-a/a6-5/a6-5-e01-disposition-board.csv;docs/refactoring/evidence/phase-a/a6-5/a6-5-b-governance-evidence.csv,CONFIRMED_CONSUMER,FUTURE_REBUILD_REQUIRED,NOT_ELIGIBLE_CONSUMER_PRESENT,A6.5-NONADOPT-001;INVENTORY_METADATA;NO_CLINICAL_BODY_READ,BOARD_RECORDED,E01 board recorded from inventory metadata only; clinical body not read; physical deletion not authorized; E02 not executed. Existing CLIN quarantine retained.
CLIN-027,dialog-service/app/identifiers/information_gap_identifier.py,LEGACY_CLINICAL,P0,HIGH,YES,NO,P0_P1+CLINICAL_LOGIC+HIGH_CLINICAL_RELEVANCE,LEGACY_CLINICAL,KEEP_READ_ONLY,REJECT_FOR_NEW_RUNTIME,governance,governance-boundary|legal,docs/refactoring/plans/phase-a/a6-5/a6-5-legacy-asset-inventory.csv;docs/refactoring/plans/phase-a/a6-5/a6-5-legacy-clinical-non-adoption-strategy.md;docs/refactoring/plans/phase-a/a6-5/a6-5-e01-disposition-board.csv;docs/refactoring/evidence/phase-a/a6-5/a6-5-b-governance-evidence.csv,CONFIRMED_CONSUMER,FUTURE_REBUILD_REQUIRED,NOT_ELIGIBLE_CONSUMER_PRESENT,A6.5-NONADOPT-001;INVENTORY_METADATA;NO_CLINICAL_BODY_READ,BOARD_RECORDED,E01 board recorded from inventory metadata only; clinical body not read; physical deletion not authorized; E02 not executed.
CLIN-028,dialog-service/app/core/nlg.py,LEGACY_CLINICAL,P0,HIGH,YES,NO,P0_P1+CLINICAL_LOGIC+HIGH_CLINICAL_RELEVANCE,LEGACY_CLINICAL,KEEP_READ_ONLY,REJECT_FOR_NEW_RUNTIME,governance,governance-boundary|legal,docs/refactoring/plans/phase-a/a6-5/a6-5-legacy-asset-inventory.csv;docs/refactoring/plans/phase-a/a6-5/a6-5-legacy-clinical-non-adoption-strategy.md;docs/refactoring/plans/phase-a/a6-5/a6-5-e01-disposition-board.csv;docs/refactoring/evidence/phase-a/a6-5/a6-5-b-governance-evidence.csv,CONFIRMED_CONSUMER,FUTURE_REBUILD_REQUIRED,NOT_ELIGIBLE_CONSUMER_PRESENT,A6.5-NONADOPT-001;INVENTORY_METADATA;NO_CLINICAL_BODY_READ,BOARD_RECORDED,E01 board recorded from inventory metadata only; clinical body not read; physical deletion not authorized; E02 not executed.
CLIN-029,diagnosis-engine-service/data/问题清单/结构化问题清单模板.yaml,LEGACY_CLINICAL,P0,HIGH,YES,NO,P0_P1+CLINICAL_LOGIC+HIGH_CLINICAL_RELEVANCE,LEGACY_CLINICAL,KEEP_READ_ONLY,REJECT_FOR_NEW_RUNTIME,governance,governance-boundary|legal,docs/refactoring/plans/phase-a/a6-5/a6-5-legacy-asset-inventory.csv;docs/refactoring/plans/phase-a/a6-5/a6-5-legacy-clinical-non-adoption-strategy.md;docs/refactoring/plans/phase-a/a6-5/a6-5-e01-disposition-board.csv;docs/refactoring/evidence/phase-a/a6-5/a6-5-b-governance-evidence.csv,CONFIRMED_CONSUMER,FUTURE_REBUILD_REQUIRED,NOT_ELIGIBLE_CONSUMER_PRESENT,A6.5-NONADOPT-001;INVENTORY_METADATA;NO_CLINICAL_BODY_READ,BOARD_RECORDED,E01 board recorded from inventory metadata only; clinical body not read; physical deletion not authorized; E02 not executed.
CTR-001,diagnosis-service/src/main/java/com/aidoctor/diagnosis/dto,NON_CLINICAL_RETAINED,P1,MED,NO,NO,P0_P1,NON_CLINICAL_RETAINED,MAP,TECHNICAL_PATH_PRESERVED,contracts,contracts|architecture,docs/refactoring/plans/phase-a/a6-5/a6-5-legacy-asset-inventory.csv;docs/refactoring/plans/phase-a/a6-5/a6-5-legacy-clinical-non-adoption-strategy.md;docs/refactoring/plans/phase-a/a6-5/a6-5-e01-disposition-board.csv;docs/refactoring/evidence/phase-a/a6-5/legacy-eval-asset-inventory.csv,CONFIRMED_CONSUMER,EXISTING_TECHNICAL_PATH,NOT_ELIGIBLE_CONSUMER_PRESENT,EXISTING_TECHNICAL_DISPOSITION_CONFIRMED;NON_ADOPTION_DOES_NOT_APPLY,BOARD_RECORDED,E01 board recorded from inventory metadata only; clinical body not read; physical deletion not authorized; E02 not executed.
CTR-002,dialog-service/app/models,NON_CLINICAL_RETAINED,P1,MED,NO,NO,P0_P1,NON_CLINICAL_RETAINED,MAP,TECHNICAL_PATH_PRESERVED,contracts,contracts|architecture,docs/refactoring/plans/phase-a/a6-5/a6-5-legacy-asset-inventory.csv;docs/refactoring/plans/phase-a/a6-5/a6-5-legacy-clinical-non-adoption-strategy.md;docs/refactoring/plans/phase-a/a6-5/a6-5-e01-disposition-board.csv;docs/refactoring/evidence/phase-a/a6-5/legacy-eval-asset-inventory.csv,CONFIRMED_CONSUMER,EXISTING_TECHNICAL_PATH,NOT_ELIGIBLE_CONSUMER_PRESENT,EXISTING_TECHNICAL_DISPOSITION_CONFIRMED;NON_ADOPTION_DOES_NOT_APPLY,BOARD_RECORDED,E01 board recorded from inventory metadata only; clinical body not read; physical deletion not authorized; E02 not executed.
CTR-003,explanation-service/app/models,NON_CLINICAL_RETAINED,P1,MED,NO,NO,P0_P1,NON_CLINICAL_RETAINED,MAP,TECHNICAL_PATH_PRESERVED,contracts,contracts|architecture,docs/refactoring/plans/phase-a/a6-5/a6-5-legacy-asset-inventory.csv;docs/refactoring/plans/phase-a/a6-5/a6-5-legacy-clinical-non-adoption-strategy.md;docs/refactoring/plans/phase-a/a6-5/a6-5-e01-disposition-board.csv;docs/refactoring/evidence/phase-a/a6-5/legacy-eval-asset-inventory.csv,CONFIRMED_CONSUMER,EXISTING_TECHNICAL_PATH,NOT_ELIGIBLE_CONSUMER_PRESENT,EXISTING_TECHNICAL_DISPOSITION_CONFIRMED;NON_ADOPTION_DOES_NOT_APPLY,BOARD_RECORDED,E01 board recorded from inventory metadata only; clinical body not read; physical deletion not authorized; E02 not executed.
CTR-004,clinical-parsing-service/app/models,NON_CLINICAL_RETAINED,P1,MED,NO,NO,P0_P1,NON_CLINICAL_RETAINED,MAP,TECHNICAL_PATH_PRESERVED,contracts,contracts|architecture,docs/refactoring/plans/phase-a/a6-5/a6-5-legacy-asset-inventory.csv;docs/refactoring/plans/phase-a/a6-5/a6-5-legacy-clinical-non-adoption-strategy.md;docs/refactoring/plans/phase-a/a6-5/a6-5-e01-disposition-board.csv;docs/refactoring/evidence/phase-a/a6-5/legacy-eval-asset-inventory.csv,CONFIRMED_CONSUMER,EXISTING_TECHNICAL_PATH,NOT_ELIGIBLE_CONSUMER_PRESENT,EXISTING_TECHNICAL_DISPOSITION_CONFIRMED;NON_ADOPTION_DOES_NOT_APPLY,BOARD_RECORDED,E01 board recorded from inventory metadata only; clinical body not read; physical deletion not authorized; E02 not executed.
CTR-005,frontend/src/types/diagnosis.ts,NON_CLINICAL_RETAINED,P1,MED,NO,NO,P0_P1,NON_CLINICAL_RETAINED,MAP,TECHNICAL_PATH_PRESERVED,contracts,contracts|architecture,docs/refactoring/plans/phase-a/a6-5/a6-5-legacy-asset-inventory.csv;docs/refactoring/plans/phase-a/a6-5/a6-5-legacy-clinical-non-adoption-strategy.md;docs/refactoring/plans/phase-a/a6-5/a6-5-e01-disposition-board.csv;docs/refactoring/evidence/phase-a/a6-5/legacy-eval-asset-inventory.csv,CONFIRMED_CONSUMER,EXISTING_TECHNICAL_PATH,NOT_ELIGIBLE_CONSUMER_PRESENT,EXISTING_TECHNICAL_DISPOSITION_CONFIRMED;NON_ADOPTION_DOES_NOT_APPLY,BOARD_RECORDED,E01 board recorded from inventory metadata only; clinical body not read; physical deletion not authorized; E02 not executed.
CTR-006,frontend/src/services/diagnosisApi.ts,NON_CLINICAL_RETAINED,P1,MED,NO,NO,P0_P1,NON_CLINICAL_RETAINED,MAP,TECHNICAL_PATH_PRESERVED,contracts,contracts|architecture,docs/refactoring/plans/phase-a/a6-5/a6-5-legacy-asset-inventory.csv;docs/refactoring/plans/phase-a/a6-5/a6-5-legacy-clinical-non-adoption-strategy.md;docs/refactoring/plans/phase-a/a6-5/a6-5-e01-disposition-board.csv;docs/refactoring/evidence/phase-a/a6-5/legacy-eval-asset-inventory.csv,CONFIRMED_CONSUMER,EXISTING_TECHNICAL_PATH,NOT_ELIGIBLE_CONSUMER_PRESENT,EXISTING_TECHNICAL_DISPOSITION_CONFIRMED;NON_ADOPTION_DOES_NOT_APPLY,BOARD_RECORDED,E01 board recorded from inventory metadata only; clinical body not read; physical deletion not authorized; E02 not executed.
CTR-007,frontend-admin/src/types/trace.ts,NON_CLINICAL_RETAINED,P1,MED,NO,NO,P0_P1,NON_CLINICAL_RETAINED,MAP,TECHNICAL_PATH_PRESERVED,contracts,contracts|architecture,docs/refactoring/plans/phase-a/a6-5/a6-5-legacy-asset-inventory.csv;docs/refactoring/plans/phase-a/a6-5/a6-5-legacy-clinical-non-adoption-strategy.md;docs/refactoring/plans/phase-a/a6-5/a6-5-e01-disposition-board.csv;docs/refactoring/evidence/phase-a/a6-5/legacy-eval-asset-inventory.csv,CONFIRMED_CONSUMER,EXISTING_TECHNICAL_PATH,NOT_ELIGIBLE_CONSUMER_PRESENT,EXISTING_TECHNICAL_DISPOSITION_CONFIRMED;NON_ADOPTION_DOES_NOT_APPLY,BOARD_RECORDED,E01 board recorded from inventory metadata only; clinical body not read; physical deletion not authorized; E02 not executed.
CTR-008,frontend-admin/src/services/traceApi.ts,NON_CLINICAL_RETAINED,P1,MED,NO,NO,P0_P1,NON_CLINICAL_RETAINED,MAP,TECHNICAL_PATH_PRESERVED,contracts,contracts|architecture,docs/refactoring/plans/phase-a/a6-5/a6-5-legacy-asset-inventory.csv;docs/refactoring/plans/phase-a/a6-5/a6-5-legacy-clinical-non-adoption-strategy.md;docs/refactoring/plans/phase-a/a6-5/a6-5-e01-disposition-board.csv;docs/refactoring/evidence/phase-a/a6-5/legacy-eval-asset-inventory.csv,CONFIRMED_CONSUMER,EXISTING_TECHNICAL_PATH,NOT_ELIGIBLE_CONSUMER_PRESENT,EXISTING_TECHNICAL_DISPOSITION_CONFIRMED;NON_ADOPTION_DOES_NOT_APPLY,BOARD_RECORDED,E01 board recorded from inventory metadata only; clinical body not read; physical deletion not authorized; E02 not executed.
CTR-009,docs/refactoring/evidence/phase-a/a2/python-cdp-access-inventory.csv,NON_CLINICAL_RETAINED,P1,MED,NO,NO,P0_P1,NON_CLINICAL_RETAINED,MAP,TECHNICAL_PATH_PRESERVED,contracts,contracts|architecture,docs/refactoring/plans/phase-a/a6-5/a6-5-legacy-asset-inventory.csv;docs/refactoring/plans/phase-a/a6-5/a6-5-legacy-clinical-non-adoption-strategy.md;docs/refactoring/plans/phase-a/a6-5/a6-5-e01-disposition-board.csv;docs/refactoring/evidence/phase-a/a6-5/legacy-eval-asset-inventory.csv,EVIDENCE_ONLY,EXISTING_TECHNICAL_PATH,DEFERRED_SEPARATE_AUTHORIZATION,EXISTING_TECHNICAL_DISPOSITION_CONFIRMED;NON_ADOPTION_DOES_NOT_APPLY,BOARD_RECORDED,E01 board recorded from inventory metadata only; clinical body not read; physical deletion not authorized; E02 not executed.
DATA-DR002,DRKnows-main/LICENSE,RESEARCH_ASSET,P0,MED,NO,NO,P0_P1,RESEARCH_ONLY,ARCHIVE,TECHNICAL_PATH_PRESERVED,legal,legal|evaluation,docs/refactoring/plans/phase-a/a6-5/a6-5-legacy-asset-inventory.csv;docs/refactoring/plans/phase-a/a6-5/a6-5-legacy-clinical-non-adoption-strategy.md;docs/refactoring/plans/phase-a/a6-5/a6-5-e01-disposition-board.csv,EVIDENCE_ONLY,EXISTING_TECHNICAL_PATH,DEFERRED_SEPARATE_AUTHORIZATION,EXISTING_TECHNICAL_DISPOSITION_CONFIRMED;NON_ADOPTION_DOES_NOT_APPLY,BOARD_RECORDED,E01 board recorded from inventory metadata only; clinical body not read; physical deletion not authorized; E02 not executed.
DATA-EV001,docs/AI医生/项目文档/12.性能与评估/评估验证体系.md [static_case_eval_suite MISSING_DATASET],EVIDENCE_OR_EVAL,P1,HIGH,NO,NO,P0_P1+HIGH_CLINICAL_RELEVANCE,EVIDENCE_ONLY,KEEP_READ_ONLY,TECHNICAL_PATH_PRESERVED,evaluation,evaluation|architecture,docs/refactoring/plans/phase-a/a6-5/a6-5-legacy-asset-inventory.csv;docs/refactoring/plans/phase-a/a6-5/a6-5-legacy-clinical-non-adoption-strategy.md;docs/refactoring/plans/phase-a/a6-5/a6-5-e01-disposition-board.csv;docs/refactoring/evidence/phase-a/a6-5/legacy-eval-asset-inventory.csv,MAY_STILL_EXIST,EXISTING_TECHNICAL_PATH,NOT_ELIGIBLE_CONSUMER_PRESENT,D01_OR_INVENTORY_EVIDENCE;NO_FALSE_SUITE_EXISTENCE,INCONCLUSIVE_FOR_DECOMMISSION,E01 board recorded from inventory metadata only; clinical body not read; physical deletion not authorized; E02 not executed.
DATA-EV002,docs/AI医生/项目文档/12.性能与评估/评估验证体系.md [interactive_interview_eval_suite MISSING_DATASET],EVIDENCE_OR_EVAL,P1,HIGH,NO,NO,P0_P1+HIGH_CLINICAL_RELEVANCE,EVIDENCE_ONLY,KEEP_READ_ONLY,TECHNICAL_PATH_PRESERVED,evaluation,evaluation|architecture,docs/refactoring/plans/phase-a/a6-5/a6-5-legacy-asset-inventory.csv;docs/refactoring/plans/phase-a/a6-5/a6-5-legacy-clinical-non-adoption-strategy.md;docs/refactoring/plans/phase-a/a6-5/a6-5-e01-disposition-board.csv;docs/refactoring/evidence/phase-a/a6-5/legacy-eval-asset-inventory.csv,MAY_STILL_EXIST,EXISTING_TECHNICAL_PATH,NOT_ELIGIBLE_CONSUMER_PRESENT,D01_OR_INVENTORY_EVIDENCE;NO_FALSE_SUITE_EXISTENCE,INCONCLUSIVE_FOR_DECOMMISSION,E01 board recorded from inventory metadata only; clinical body not read; physical deletion not authorized; E02 not executed.
DATA-EV003,docs/AI医生/项目文档/12.性能与评估/评估验证体系.md [trajectory_replay_eval_suite MISSING_DATASET],EVIDENCE_OR_EVAL,P1,HIGH,NO,NO,P0_P1+HIGH_CLINICAL_RELEVANCE,EVIDENCE_ONLY,KEEP_READ_ONLY,TECHNICAL_PATH_PRESERVED,evaluation,evaluation|architecture,docs/refactoring/plans/phase-a/a6-5/a6-5-legacy-asset-inventory.csv;docs/refactoring/plans/phase-a/a6-5/a6-5-legacy-clinical-non-adoption-strategy.md;docs/refactoring/plans/phase-a/a6-5/a6-5-e01-disposition-board.csv;docs/refactoring/evidence/phase-a/a6-5/legacy-eval-asset-inventory.csv,MAY_STILL_EXIST,EXISTING_TECHNICAL_PATH,NOT_ELIGIBLE_CONSUMER_PRESENT,D01_OR_INVENTORY_EVIDENCE;NO_FALSE_SUITE_EXISTENCE,INCONCLUSIVE_FOR_DECOMMISSION,E01 board recorded from inventory metadata only; clinical body not read; physical deletion not authorized; E02 not executed.
DATA-K001,docs/AI医生/知识内容提取/源数据/hp-zh.babelon.tsv,MEDICAL_SOURCE,P0,HIGH,UNKNOWN,YES,P0_P1+HIGH_CLINICAL_RELEVANCE+HISTORICAL_SEED,QUARANTINED_MEDICAL_SOURCE,QUARANTINE,NOT_AUTHORITY,legal,legal|governance,docs/refactoring/plans/phase-a/a6-5/a6-5-legacy-asset-inventory.csv;docs/refactoring/plans/phase-a/a6-5/a6-5-legacy-clinical-non-adoption-strategy.md;docs/refactoring/plans/phase-a/a6-5/a6-5-e01-disposition-board.csv;docs/refactoring/evidence/phase-a/a6-5/a6-5-b-governance-evidence.csv,CONFIRMED_CONSUMER,FUTURE_REBUILD_REQUIRED,NOT_ELIGIBLE_CONSUMER_PRESENT,A6.5-NONADOPT-001;B02_FAIL_CLOSED;NOT_APPROVED_MEDICAL_SOURCE,BOARD_RECORDED,E01 board recorded from inventory metadata only; clinical body not read; physical deletion not authorized; E02 not executed. Medical-source quarantine retained; NOT_APPROVED_MEDICAL_SOURCE.
DATA-K002,docs/AI医生/知识内容提取/源数据/hp-zh.synonyms.tsv,MEDICAL_SOURCE,P0,HIGH,UNKNOWN,YES,P0_P1+HIGH_CLINICAL_RELEVANCE+HISTORICAL_SEED,QUARANTINED_MEDICAL_SOURCE,QUARANTINE,NOT_AUTHORITY,legal,legal|governance,docs/refactoring/plans/phase-a/a6-5/a6-5-legacy-asset-inventory.csv;docs/refactoring/plans/phase-a/a6-5/a6-5-legacy-clinical-non-adoption-strategy.md;docs/refactoring/plans/phase-a/a6-5/a6-5-e01-disposition-board.csv;docs/refactoring/evidence/phase-a/a6-5/a6-5-b-governance-evidence.csv,CONFIRMED_CONSUMER,FUTURE_REBUILD_REQUIRED,NOT_ELIGIBLE_CONSUMER_PRESENT,A6.5-NONADOPT-001;B02_FAIL_CLOSED;NOT_APPROVED_MEDICAL_SOURCE,BOARD_RECORDED,E01 board recorded from inventory metadata only; clinical body not read; physical deletion not authorized; E02 not executed. Medical-source quarantine retained; NOT_APPROVED_MEDICAL_SOURCE.
DATA-K003,docs/AI医生/知识内容提取/源数据/ICPC-2e-v7.0/ICPC-2e-v7.0.xml,MEDICAL_SOURCE,P0,HIGH,UNKNOWN,YES,P0_P1+HIGH_CLINICAL_RELEVANCE+HISTORICAL_SEED,QUARANTINED_MEDICAL_SOURCE,QUARANTINE,NOT_AUTHORITY,legal,legal|governance,docs/refactoring/plans/phase-a/a6-5/a6-5-legacy-asset-inventory.csv;docs/refactoring/plans/phase-a/a6-5/a6-5-legacy-clinical-non-adoption-strategy.md;docs/refactoring/plans/phase-a/a6-5/a6-5-e01-disposition-board.csv;docs/refactoring/evidence/phase-a/a6-5/a6-5-b-governance-evidence.csv,CONFIRMED_CONSUMER,FUTURE_REBUILD_REQUIRED,NOT_ELIGIBLE_CONSUMER_PRESENT,A6.5-NONADOPT-001;B02_FAIL_CLOSED;NOT_APPROVED_MEDICAL_SOURCE,BOARD_RECORDED,E01 board recorded from inventory metadata only; clinical body not read; physical deletion not authorized; E02 not executed. Medical-source quarantine retained; NOT_APPROVED_MEDICAL_SOURCE.
DATA-K004,docs/AI医生/知识内容提取/源数据/UMLS数据集和关系类型详细说明.md,MEDICAL_SOURCE,P0,HIGH,UNKNOWN,YES,P0_P1+HIGH_CLINICAL_RELEVANCE+HISTORICAL_SEED,QUARANTINED_MEDICAL_SOURCE,QUARANTINE,NOT_AUTHORITY,legal,legal|governance,docs/refactoring/plans/phase-a/a6-5/a6-5-legacy-asset-inventory.csv;docs/refactoring/plans/phase-a/a6-5/a6-5-legacy-clinical-non-adoption-strategy.md;docs/refactoring/plans/phase-a/a6-5/a6-5-e01-disposition-board.csv;docs/refactoring/evidence/phase-a/a6-5/a6-5-b-governance-evidence.csv,CONFIRMED_CONSUMER,FUTURE_REBUILD_REQUIRED,NOT_ELIGIBLE_CONSUMER_PRESENT,A6.5-NONADOPT-001;B02_FAIL_CLOSED;NOT_APPROVED_MEDICAL_SOURCE,BOARD_RECORDED,E01 board recorded from inventory metadata only; clinical body not read; physical deletion not authorized; E02 not executed. Medical-source quarantine retained; NOT_APPROVED_MEDICAL_SOURCE.
DATA-K005,docs/AI医生/知识内容提取/源数据/归档/icd10cm-table and index-2026/icd10cm-drug-2026.xml,MEDICAL_SOURCE,P0,HIGH,UNKNOWN,YES,P0_P1+HIGH_CLINICAL_RELEVANCE+HISTORICAL_SEED,QUARANTINED_MEDICAL_SOURCE,QUARANTINE,NOT_AUTHORITY,legal,legal|governance,docs/refactoring/plans/phase-a/a6-5/a6-5-legacy-asset-inventory.csv;docs/refactoring/plans/phase-a/a6-5/a6-5-legacy-clinical-non-adoption-strategy.md;docs/refactoring/plans/phase-a/a6-5/a6-5-e01-disposition-board.csv;docs/refactoring/evidence/phase-a/a6-5/a6-5-b-governance-evidence.csv,CONFIRMED_CONSUMER,FUTURE_REBUILD_REQUIRED,NOT_ELIGIBLE_CONSUMER_PRESENT,A6.5-NONADOPT-001;B02_FAIL_CLOSED;NOT_APPROVED_MEDICAL_SOURCE,BOARD_RECORDED,E01 board recorded from inventory metadata only; clinical body not read; physical deletion not authorized; E02 not executed. Medical-source quarantine retained; NOT_APPROVED_MEDICAL_SOURCE.
DATA-K006,docs/AI医生/知识内容提取/源数据/归档/icd10cm-table and index-2026/icd10cm-eindex-2026.xml,MEDICAL_SOURCE,P0,HIGH,UNKNOWN,YES,P0_P1+HIGH_CLINICAL_RELEVANCE+HISTORICAL_SEED,QUARANTINED_MEDICAL_SOURCE,QUARANTINE,NOT_AUTHORITY,legal,legal|governance,docs/refactoring/plans/phase-a/a6-5/a6-5-legacy-asset-inventory.csv;docs/refactoring/plans/phase-a/a6-5/a6-5-legacy-clinical-non-adoption-strategy.md;docs/refactoring/plans/phase-a/a6-5/a6-5-e01-disposition-board.csv;docs/refactoring/evidence/phase-a/a6-5/a6-5-b-governance-evidence.csv,CONFIRMED_CONSUMER,FUTURE_REBUILD_REQUIRED,NOT_ELIGIBLE_CONSUMER_PRESENT,A6.5-NONADOPT-001;B02_FAIL_CLOSED;NOT_APPROVED_MEDICAL_SOURCE,BOARD_RECORDED,E01 board recorded from inventory metadata only; clinical body not read; physical deletion not authorized; E02 not executed. Medical-source quarantine retained; NOT_APPROVED_MEDICAL_SOURCE.
DATA-K007,docs/AI医生/知识内容提取/源数据/归档/icd10cm-table and index-2026/icd10cm-index-2026.xml,MEDICAL_SOURCE,P0,HIGH,UNKNOWN,YES,P0_P1+HIGH_CLINICAL_RELEVANCE+HISTORICAL_SEED,QUARANTINED_MEDICAL_SOURCE,QUARANTINE,NOT_AUTHORITY,legal,legal|governance,docs/refactoring/plans/phase-a/a6-5/a6-5-legacy-asset-inventory.csv;docs/refactoring/plans/phase-a/a6-5/a6-5-legacy-clinical-non-adoption-strategy.md;docs/refactoring/plans/phase-a/a6-5/a6-5-e01-disposition-board.csv;docs/refactoring/evidence/phase-a/a6-5/a6-5-b-governance-evidence.csv,CONFIRMED_CONSUMER,FUTURE_REBUILD_REQUIRED,NOT_ELIGIBLE_CONSUMER_PRESENT,A6.5-NONADOPT-001;B02_FAIL_CLOSED;NOT_APPROVED_MEDICAL_SOURCE,BOARD_RECORDED,E01 board recorded from inventory metadata only; clinical body not read; physical deletion not authorized; E02 not executed. Medical-source quarantine retained; NOT_APPROVED_MEDICAL_SOURCE.
DATA-K008,docs/AI医生/知识内容提取/源数据/归档/icd10cm-table and index-2026/icd10cm-neoplasm-2026.xml,MEDICAL_SOURCE,P0,HIGH,UNKNOWN,YES,P0_P1+HIGH_CLINICAL_RELEVANCE+HISTORICAL_SEED,QUARANTINED_MEDICAL_SOURCE,QUARANTINE,NOT_AUTHORITY,legal,legal|governance,docs/refactoring/plans/phase-a/a6-5/a6-5-legacy-asset-inventory.csv;docs/refactoring/plans/phase-a/a6-5/a6-5-legacy-clinical-non-adoption-strategy.md;docs/refactoring/plans/phase-a/a6-5/a6-5-e01-disposition-board.csv;docs/refactoring/evidence/phase-a/a6-5/a6-5-b-governance-evidence.csv,CONFIRMED_CONSUMER,FUTURE_REBUILD_REQUIRED,NOT_ELIGIBLE_CONSUMER_PRESENT,A6.5-NONADOPT-001;B02_FAIL_CLOSED;NOT_APPROVED_MEDICAL_SOURCE,BOARD_RECORDED,E01 board recorded from inventory metadata only; clinical body not read; physical deletion not authorized; E02 not executed. Medical-source quarantine retained; NOT_APPROVED_MEDICAL_SOURCE.
DATA-K009,docs/AI医生/知识内容提取/源数据/归档/icd10cm-table and index-2026/icd10cm-tabular-2026.xml,MEDICAL_SOURCE,P0,HIGH,UNKNOWN,YES,P0_P1+HIGH_CLINICAL_RELEVANCE+HISTORICAL_SEED,QUARANTINED_MEDICAL_SOURCE,QUARANTINE,NOT_AUTHORITY,legal,legal|governance,docs/refactoring/plans/phase-a/a6-5/a6-5-legacy-asset-inventory.csv;docs/refactoring/plans/phase-a/a6-5/a6-5-legacy-clinical-non-adoption-strategy.md;docs/refactoring/plans/phase-a/a6-5/a6-5-e01-disposition-board.csv;docs/refactoring/evidence/phase-a/a6-5/a6-5-b-governance-evidence.csv,CONFIRMED_CONSUMER,FUTURE_REBUILD_REQUIRED,NOT_ELIGIBLE_CONSUMER_PRESENT,A6.5-NONADOPT-001;B02_FAIL_CLOSED;NOT_APPROVED_MEDICAL_SOURCE,BOARD_RECORDED,E01 board recorded from inventory metadata only; clinical body not read; physical deletion not authorized; E02 not executed. Medical-source quarantine retained; NOT_APPROVED_MEDICAL_SOURCE.
DATA-K010,docs/AI医生/知识内容提取/提取结果/hpo/hpo_chinese_mapping.csv,MEDICAL_SOURCE,P0,HIGH,UNKNOWN,YES,P0_P1+HIGH_CLINICAL_RELEVANCE+HISTORICAL_SEED,QUARANTINED_MEDICAL_SOURCE,QUARANTINE,NOT_AUTHORITY,legal,legal|governance,docs/refactoring/plans/phase-a/a6-5/a6-5-legacy-asset-inventory.csv;docs/refactoring/plans/phase-a/a6-5/a6-5-legacy-clinical-non-adoption-strategy.md;docs/refactoring/plans/phase-a/a6-5/a6-5-e01-disposition-board.csv;docs/refactoring/evidence/phase-a/a6-5/a6-5-b-governance-evidence.csv,CONFIRMED_CONSUMER,FUTURE_REBUILD_REQUIRED,NOT_ELIGIBLE_CONSUMER_PRESENT,A6.5-NONADOPT-001;B02_FAIL_CLOSED;NOT_APPROVED_MEDICAL_SOURCE,BOARD_RECORDED,E01 board recorded from inventory metadata only; clinical body not read; physical deletion not authorized; E02 not executed. Medical-source quarantine retained; NOT_APPROVED_MEDICAL_SOURCE.
DATA-K011,docs/AI医生/知识内容提取/提取结果/hpo/hpo_data.csv,MEDICAL_SOURCE,P0,HIGH,UNKNOWN,NO,P0_P1+HIGH_CLINICAL_RELEVANCE,QUARANTINED_MEDICAL_SOURCE,QUARANTINE,NOT_AUTHORITY,legal,legal|governance,docs/refactoring/plans/phase-a/a6-5/a6-5-legacy-asset-inventory.csv;docs/refactoring/plans/phase-a/a6-5/a6-5-legacy-clinical-non-adoption-strategy.md;docs/refactoring/plans/phase-a/a6-5/a6-5-e01-disposition-board.csv;docs/refactoring/evidence/phase-a/a6-5/a6-5-b-governance-evidence.csv,CONFIRMED_CONSUMER,FUTURE_REBUILD_REQUIRED,NOT_ELIGIBLE_CONSUMER_PRESENT,A6.5-NONADOPT-001;B02_FAIL_CLOSED;NOT_APPROVED_MEDICAL_SOURCE,BOARD_RECORDED,E01 board recorded from inventory metadata only; clinical body not read; physical deletion not authorized; E02 not executed. Medical-source quarantine retained; NOT_APPROVED_MEDICAL_SOURCE.
DATA-K012,docs/AI医生/知识内容提取/提取结果/hpo/hpo_data.json,MEDICAL_SOURCE,P0,HIGH,UNKNOWN,NO,P0_P1+HIGH_CLINICAL_RELEVANCE,QUARANTINED_MEDICAL_SOURCE,QUARANTINE,NOT_AUTHORITY,legal,legal|governance,docs/refactoring/plans/phase-a/a6-5/a6-5-legacy-asset-inventory.csv;docs/refactoring/plans/phase-a/a6-5/a6-5-legacy-clinical-non-adoption-strategy.md;docs/refactoring/plans/phase-a/a6-5/a6-5-e01-disposition-board.csv;docs/refactoring/evidence/phase-a/a6-5/a6-5-b-governance-evidence.csv,CONFIRMED_CONSUMER,FUTURE_REBUILD_REQUIRED,NOT_ELIGIBLE_CONSUMER_PRESENT,A6.5-NONADOPT-001;B02_FAIL_CLOSED;NOT_APPROVED_MEDICAL_SOURCE,BOARD_RECORDED,E01 board recorded from inventory metadata only; clinical body not read; physical deletion not authorized; E02 not executed. Medical-source quarantine retained; NOT_APPROVED_MEDICAL_SOURCE.
DATA-K013,docs/AI医生/知识内容提取/提取结果/hpo/hpo_data_with_chinese.csv,MEDICAL_SOURCE,P0,HIGH,UNKNOWN,NO,P0_P1+HIGH_CLINICAL_RELEVANCE,QUARANTINED_MEDICAL_SOURCE,QUARANTINE,NOT_AUTHORITY,legal,legal|governance,docs/refactoring/plans/phase-a/a6-5/a6-5-legacy-asset-inventory.csv;docs/refactoring/plans/phase-a/a6-5/a6-5-legacy-clinical-non-adoption-strategy.md;docs/refactoring/plans/phase-a/a6-5/a6-5-e01-disposition-board.csv;docs/refactoring/evidence/phase-a/a6-5/a6-5-b-governance-evidence.csv,CONFIRMED_CONSUMER,FUTURE_REBUILD_REQUIRED,NOT_ELIGIBLE_CONSUMER_PRESENT,A6.5-NONADOPT-001;B02_FAIL_CLOSED;NOT_APPROVED_MEDICAL_SOURCE,BOARD_RECORDED,E01 board recorded from inventory metadata only; clinical body not read; physical deletion not authorized; E02 not executed. Medical-source quarantine retained; NOT_APPROVED_MEDICAL_SOURCE.
DATA-K014,docs/AI医生/知识内容提取/提取结果/hpo/hpo_data_示例_前1000条.csv,MEDICAL_SOURCE,P0,HIGH,UNKNOWN,NO,P0_P1+HIGH_CLINICAL_RELEVANCE,QUARANTINED_MEDICAL_SOURCE,QUARANTINE,NOT_AUTHORITY,legal,legal|governance,docs/refactoring/plans/phase-a/a6-5/a6-5-legacy-asset-inventory.csv;docs/refactoring/plans/phase-a/a6-5/a6-5-legacy-clinical-non-adoption-strategy.md;docs/refactoring/plans/phase-a/a6-5/a6-5-e01-disposition-board.csv;docs/refactoring/evidence/phase-a/a6-5/a6-5-b-governance-evidence.csv,CONFIRMED_CONSUMER,FUTURE_REBUILD_REQUIRED,NOT_ELIGIBLE_CONSUMER_PRESENT,A6.5-NONADOPT-001;B02_FAIL_CLOSED;NOT_APPROVED_MEDICAL_SOURCE,BOARD_RECORDED,E01 board recorded from inventory metadata only; clinical body not read; physical deletion not authorized; E02 not executed. Medical-source quarantine retained; NOT_APPROVED_MEDICAL_SOURCE.
DATA-K015,docs/AI医生/知识内容提取/提取结果/hpo/hpo_translation_template.csv,MEDICAL_SOURCE,P0,HIGH,UNKNOWN,NO,P0_P1+HIGH_CLINICAL_RELEVANCE,QUARANTINED_MEDICAL_SOURCE,QUARANTINE,NOT_AUTHORITY,legal,legal|governance,docs/refactoring/plans/phase-a/a6-5/a6-5-legacy-asset-inventory.csv;docs/refactoring/plans/phase-a/a6-5/a6-5-legacy-clinical-non-adoption-strategy.md;docs/refactoring/plans/phase-a/a6-5/a6-5-e01-disposition-board.csv;docs/refactoring/evidence/phase-a/a6-5/a6-5-b-governance-evidence.csv,CONFIRMED_CONSUMER,FUTURE_REBUILD_REQUIRED,NOT_ELIGIBLE_CONSUMER_PRESENT,A6.5-NONADOPT-001;B02_FAIL_CLOSED;NOT_APPROVED_MEDICAL_SOURCE,BOARD_RECORDED,E01 board recorded from inventory metadata only; clinical body not read; physical deletion not authorized; E02 not executed. Medical-source quarantine retained; NOT_APPROVED_MEDICAL_SOURCE.
DATA-K016,docs/AI医生/知识内容提取/提取结果/hpo/translation_cache.json,MEDICAL_SOURCE,P0,HIGH,UNKNOWN,NO,P0_P1+HIGH_CLINICAL_RELEVANCE,QUARANTINED_MEDICAL_SOURCE,QUARANTINE,NOT_AUTHORITY,legal,legal|governance,docs/refactoring/plans/phase-a/a6-5/a6-5-legacy-asset-inventory.csv;docs/refactoring/plans/phase-a/a6-5/a6-5-legacy-clinical-non-adoption-strategy.md;docs/refactoring/plans/phase-a/a6-5/a6-5-e01-disposition-board.csv;docs/refactoring/evidence/phase-a/a6-5/a6-5-b-governance-evidence.csv,CONFIRMED_CONSUMER,FUTURE_REBUILD_REQUIRED,NOT_ELIGIBLE_CONSUMER_PRESENT,A6.5-NONADOPT-001;B02_FAIL_CLOSED;NOT_APPROVED_MEDICAL_SOURCE,BOARD_RECORDED,E01 board recorded from inventory metadata only; clinical body not read; physical deletion not authorized; E02 not executed. Medical-source quarantine retained; NOT_APPROVED_MEDICAL_SOURCE.
DATA-K017,docs/AI医生/知识内容提取/提取结果/icpc/icpc_xml_chinese.csv,MEDICAL_SOURCE,P0,HIGH,UNKNOWN,NO,P0_P1+HIGH_CLINICAL_RELEVANCE,QUARANTINED_MEDICAL_SOURCE,QUARANTINE,NOT_AUTHORITY,legal,legal|governance,docs/refactoring/plans/phase-a/a6-5/a6-5-legacy-asset-inventory.csv;docs/refactoring/plans/phase-a/a6-5/a6-5-legacy-clinical-non-adoption-strategy.md;docs/refactoring/plans/phase-a/a6-5/a6-5-e01-disposition-board.csv;docs/refactoring/evidence/phase-a/a6-5/a6-5-b-governance-evidence.csv,CONFIRMED_CONSUMER,FUTURE_REBUILD_REQUIRED,NOT_ELIGIBLE_CONSUMER_PRESENT,A6.5-NONADOPT-001;B02_FAIL_CLOSED;NOT_APPROVED_MEDICAL_SOURCE,BOARD_RECORDED,E01 board recorded from inventory metadata only; clinical body not read; physical deletion not authorized; E02 not executed. Medical-source quarantine retained; NOT_APPROVED_MEDICAL_SOURCE.
DATA-K018,docs/AI医生/知识内容提取/提取结果/icpc/icpc_xml_chinese.json,MEDICAL_SOURCE,P0,HIGH,UNKNOWN,NO,P0_P1+HIGH_CLINICAL_RELEVANCE,QUARANTINED_MEDICAL_SOURCE,QUARANTINE,NOT_AUTHORITY,legal,legal|governance,docs/refactoring/plans/phase-a/a6-5/a6-5-legacy-asset-inventory.csv;docs/refactoring/plans/phase-a/a6-5/a6-5-legacy-clinical-non-adoption-strategy.md;docs/refactoring/plans/phase-a/a6-5/a6-5-e01-disposition-board.csv;docs/refactoring/evidence/phase-a/a6-5/a6-5-b-governance-evidence.csv,CONFIRMED_CONSUMER,FUTURE_REBUILD_REQUIRED,NOT_ELIGIBLE_CONSUMER_PRESENT,A6.5-NONADOPT-001;B02_FAIL_CLOSED;NOT_APPROVED_MEDICAL_SOURCE,BOARD_RECORDED,E01 board recorded from inventory metadata only; clinical body not read; physical deletion not authorized; E02 not executed. Medical-source quarantine retained; NOT_APPROVED_MEDICAL_SOURCE.
DATA-K019,docs/AI医生/知识内容提取/提取结果/icpc/translation_cache.json,MEDICAL_SOURCE,P0,HIGH,UNKNOWN,NO,P0_P1+HIGH_CLINICAL_RELEVANCE,QUARANTINED_MEDICAL_SOURCE,QUARANTINE,NOT_AUTHORITY,legal,legal|governance,docs/refactoring/plans/phase-a/a6-5/a6-5-legacy-asset-inventory.csv;docs/refactoring/plans/phase-a/a6-5/a6-5-legacy-clinical-non-adoption-strategy.md;docs/refactoring/plans/phase-a/a6-5/a6-5-e01-disposition-board.csv;docs/refactoring/evidence/phase-a/a6-5/a6-5-b-governance-evidence.csv,CONFIRMED_CONSUMER,FUTURE_REBUILD_REQUIRED,NOT_ELIGIBLE_CONSUMER_PRESENT,A6.5-NONADOPT-001;B02_FAIL_CLOSED;NOT_APPROVED_MEDICAL_SOURCE,BOARD_RECORDED,E01 board recorded from inventory metadata only; clinical body not read; physical deletion not authorized; E02 not executed. Medical-source quarantine retained; NOT_APPROVED_MEDICAL_SOURCE.
DATA-K020,docs/AI医生/知识内容提取/提取结果/归档/icd10/icd10cm_chinese_mapping.csv,MEDICAL_SOURCE,P0,HIGH,UNKNOWN,NO,P0_P1+HIGH_CLINICAL_RELEVANCE,QUARANTINED_MEDICAL_SOURCE,QUARANTINE,NOT_AUTHORITY,legal,legal|governance,docs/refactoring/plans/phase-a/a6-5/a6-5-legacy-asset-inventory.csv;docs/refactoring/plans/phase-a/a6-5/a6-5-legacy-clinical-non-adoption-strategy.md;docs/refactoring/plans/phase-a/a6-5/a6-5-e01-disposition-board.csv;docs/refactoring/evidence/phase-a/a6-5/a6-5-b-governance-evidence.csv,CONFIRMED_CONSUMER,FUTURE_REBUILD_REQUIRED,NOT_ELIGIBLE_CONSUMER_PRESENT,A6.5-NONADOPT-001;B02_FAIL_CLOSED;NOT_APPROVED_MEDICAL_SOURCE,BOARD_RECORDED,E01 board recorded from inventory metadata only; clinical body not read; physical deletion not authorized; E02 not executed. Medical-source quarantine retained; NOT_APPROVED_MEDICAL_SOURCE.
DATA-K021,docs/AI医生/知识内容提取/提取结果/归档/icd10/icd10cm_chinese_mapping.json,MEDICAL_SOURCE,P0,HIGH,UNKNOWN,NO,P0_P1+HIGH_CLINICAL_RELEVANCE,QUARANTINED_MEDICAL_SOURCE,QUARANTINE,NOT_AUTHORITY,legal,legal|governance,docs/refactoring/plans/phase-a/a6-5/a6-5-legacy-asset-inventory.csv;docs/refactoring/plans/phase-a/a6-5/a6-5-legacy-clinical-non-adoption-strategy.md;docs/refactoring/plans/phase-a/a6-5/a6-5-e01-disposition-board.csv;docs/refactoring/evidence/phase-a/a6-5/a6-5-b-governance-evidence.csv,CONFIRMED_CONSUMER,FUTURE_REBUILD_REQUIRED,NOT_ELIGIBLE_CONSUMER_PRESENT,A6.5-NONADOPT-001;B02_FAIL_CLOSED;NOT_APPROVED_MEDICAL_SOURCE,BOARD_RECORDED,E01 board recorded from inventory metadata only; clinical body not read; physical deletion not authorized; E02 not executed. Medical-source quarantine retained; NOT_APPROVED_MEDICAL_SOURCE.
DATA-K022,docs/AI医生/知识内容提取/提取结果/归档/icd10/icd10cm_disease_catalog.csv,MEDICAL_SOURCE,P0,HIGH,UNKNOWN,NO,P0_P1+HIGH_CLINICAL_RELEVANCE,QUARANTINED_MEDICAL_SOURCE,QUARANTINE,NOT_AUTHORITY,legal,legal|governance,docs/refactoring/plans/phase-a/a6-5/a6-5-legacy-asset-inventory.csv;docs/refactoring/plans/phase-a/a6-5/a6-5-legacy-clinical-non-adoption-strategy.md;docs/refactoring/plans/phase-a/a6-5/a6-5-e01-disposition-board.csv;docs/refactoring/evidence/phase-a/a6-5/a6-5-b-governance-evidence.csv,CONFIRMED_CONSUMER,FUTURE_REBUILD_REQUIRED,NOT_ELIGIBLE_CONSUMER_PRESENT,A6.5-NONADOPT-001;B02_FAIL_CLOSED;NOT_APPROVED_MEDICAL_SOURCE,BOARD_RECORDED,E01 board recorded from inventory metadata only; clinical body not read; physical deletion not authorized; E02 not executed. Medical-source quarantine retained; NOT_APPROVED_MEDICAL_SOURCE.
DATA-K023,docs/AI医生/知识内容提取/提取结果/归档/icd10/icd10cm_disease_catalog.json,MEDICAL_SOURCE,P0,HIGH,UNKNOWN,NO,P0_P1+HIGH_CLINICAL_RELEVANCE,QUARANTINED_MEDICAL_SOURCE,QUARANTINE,NOT_AUTHORITY,legal,legal|governance,docs/refactoring/plans/phase-a/a6-5/a6-5-legacy-asset-inventory.csv;docs/refactoring/plans/phase-a/a6-5/a6-5-legacy-clinical-non-adoption-strategy.md;docs/refactoring/plans/phase-a/a6-5/a6-5-e01-disposition-board.csv;docs/refactoring/evidence/phase-a/a6-5/a6-5-b-governance-evidence.csv,CONFIRMED_CONSUMER,FUTURE_REBUILD_REQUIRED,NOT_ELIGIBLE_CONSUMER_PRESENT,A6.5-NONADOPT-001;B02_FAIL_CLOSED;NOT_APPROVED_MEDICAL_SOURCE,BOARD_RECORDED,E01 board recorded from inventory metadata only; clinical body not read; physical deletion not authorized; E02 not executed. Medical-source quarantine retained; NOT_APPROVED_MEDICAL_SOURCE.
DATA-K024,docs/AI医生/知识内容提取/提取结果/归档/icd10/icd10cm_disease_catalog_summary.json,MEDICAL_SOURCE,P0,HIGH,UNKNOWN,NO,P0_P1+HIGH_CLINICAL_RELEVANCE,QUARANTINED_MEDICAL_SOURCE,QUARANTINE,NOT_AUTHORITY,legal,legal|governance,docs/refactoring/plans/phase-a/a6-5/a6-5-legacy-asset-inventory.csv;docs/refactoring/plans/phase-a/a6-5/a6-5-legacy-clinical-non-adoption-strategy.md;docs/refactoring/plans/phase-a/a6-5/a6-5-e01-disposition-board.csv;docs/refactoring/evidence/phase-a/a6-5/a6-5-b-governance-evidence.csv,CONFIRMED_CONSUMER,FUTURE_REBUILD_REQUIRED,NOT_ELIGIBLE_CONSUMER_PRESENT,A6.5-NONADOPT-001;B02_FAIL_CLOSED;NOT_APPROVED_MEDICAL_SOURCE,BOARD_RECORDED,E01 board recorded from inventory metadata only; clinical body not read; physical deletion not authorized; E02 not executed. Medical-source quarantine retained; NOT_APPROVED_MEDICAL_SOURCE.
DATA-K025,docs/AI医生/知识内容提取/提取结果/归档/icd10/icd10cm_disease_catalog_tree.json,MEDICAL_SOURCE,P0,HIGH,UNKNOWN,NO,P0_P1+HIGH_CLINICAL_RELEVANCE,QUARANTINED_MEDICAL_SOURCE,QUARANTINE,NOT_AUTHORITY,legal,legal|governance,docs/refactoring/plans/phase-a/a6-5/a6-5-legacy-asset-inventory.csv;docs/refactoring/plans/phase-a/a6-5/a6-5-legacy-clinical-non-adoption-strategy.md;docs/refactoring/plans/phase-a/a6-5/a6-5-e01-disposition-board.csv;docs/refactoring/evidence/phase-a/a6-5/a6-5-b-governance-evidence.csv,CONFIRMED_CONSUMER,FUTURE_REBUILD_REQUIRED,NOT_ELIGIBLE_CONSUMER_PRESENT,A6.5-NONADOPT-001;B02_FAIL_CLOSED;NOT_APPROVED_MEDICAL_SOURCE,BOARD_RECORDED,E01 board recorded from inventory metadata only; clinical body not read; physical deletion not authorized; E02 not executed. Medical-source quarantine retained; NOT_APPROVED_MEDICAL_SOURCE.
DATA-K026,docs/AI医生/知识内容提取/提取结果/归档/icd10/icd10cm_disease_catalog_zh_en.csv,MEDICAL_SOURCE,P0,HIGH,UNKNOWN,NO,P0_P1+HIGH_CLINICAL_RELEVANCE,QUARANTINED_MEDICAL_SOURCE,QUARANTINE,NOT_AUTHORITY,legal,legal|governance,docs/refactoring/plans/phase-a/a6-5/a6-5-legacy-asset-inventory.csv;docs/refactoring/plans/phase-a/a6-5/a6-5-legacy-clinical-non-adoption-strategy.md;docs/refactoring/plans/phase-a/a6-5/a6-5-e01-disposition-board.csv;docs/refactoring/evidence/phase-a/a6-5/a6-5-b-governance-evidence.csv,CONFIRMED_CONSUMER,FUTURE_REBUILD_REQUIRED,NOT_ELIGIBLE_CONSUMER_PRESENT,A6.5-NONADOPT-001;B02_FAIL_CLOSED;NOT_APPROVED_MEDICAL_SOURCE,BOARD_RECORDED,E01 board recorded from inventory metadata only; clinical body not read; physical deletion not authorized; E02 not executed. Medical-source quarantine retained; NOT_APPROVED_MEDICAL_SOURCE.
DATA-K027,docs/AI医生/知识内容提取/提取结果/贝茨/outline.json,MEDICAL_SOURCE,P0,HIGH,UNKNOWN,NO,P0_P1+HIGH_CLINICAL_RELEVANCE,QUARANTINED_MEDICAL_SOURCE,QUARANTINE,NOT_AUTHORITY,legal,legal|governance,docs/refactoring/plans/phase-a/a6-5/a6-5-legacy-asset-inventory.csv;docs/refactoring/plans/phase-a/a6-5/a6-5-legacy-clinical-non-adoption-strategy.md;docs/refactoring/plans/phase-a/a6-5/a6-5-e01-disposition-board.csv;docs/refactoring/evidence/phase-a/a6-5/a6-5-b-governance-evidence.csv,CONFIRMED_CONSUMER,FUTURE_REBUILD_REQUIRED,NOT_ELIGIBLE_CONSUMER_PRESENT,A6.5-NONADOPT-001;B02_FAIL_CLOSED;NOT_APPROVED_MEDICAL_SOURCE,BOARD_RECORDED,E01 board recorded from inventory metadata only; clinical body not read; physical deletion not authorized; E02 not executed. Medical-source quarantine retained; NOT_APPROVED_MEDICAL_SOURCE.
DATA-K028,docs/AI医生/知识内容提取/提取结果/贝茨/outline_health_history_only.json,MEDICAL_SOURCE,P0,HIGH,UNKNOWN,NO,P0_P1+HIGH_CLINICAL_RELEVANCE,QUARANTINED_MEDICAL_SOURCE,QUARANTINE,NOT_AUTHORITY,legal,legal|governance,docs/refactoring/plans/phase-a/a6-5/a6-5-legacy-asset-inventory.csv;docs/refactoring/plans/phase-a/a6-5/a6-5-legacy-clinical-non-adoption-strategy.md;docs/refactoring/plans/phase-a/a6-5/a6-5-e01-disposition-board.csv;docs/refactoring/evidence/phase-a/a6-5/a6-5-b-governance-evidence.csv,CONFIRMED_CONSUMER,FUTURE_REBUILD_REQUIRED,NOT_ELIGIBLE_CONSUMER_PRESENT,A6.5-NONADOPT-001;B02_FAIL_CLOSED;NOT_APPROVED_MEDICAL_SOURCE,BOARD_RECORDED,E01 board recorded from inventory metadata only; clinical body not read; physical deletion not authorized; E02 not executed. Medical-source quarantine retained; NOT_APPROVED_MEDICAL_SOURCE.
DATA-K029,docs/AI医生/知识内容提取/提取结果/贝茨/outline_with_end.json,MEDICAL_SOURCE,P0,HIGH,UNKNOWN,NO,P0_P1+HIGH_CLINICAL_RELEVANCE,QUARANTINED_MEDICAL_SOURCE,QUARANTINE,NOT_AUTHORITY,legal,legal|governance,docs/refactoring/plans/phase-a/a6-5/a6-5-legacy-asset-inventory.csv;docs/refactoring/plans/phase-a/a6-5/a6-5-legacy-clinical-non-adoption-strategy.md;docs/refactoring/plans/phase-a/a6-5/a6-5-e01-disposition-board.csv;docs/refactoring/evidence/phase-a/a6-5/a6-5-b-governance-evidence.csv,CONFIRMED_CONSUMER,FUTURE_REBUILD_REQUIRED,NOT_ELIGIBLE_CONSUMER_PRESENT,A6.5-NONADOPT-001;B02_FAIL_CLOSED;NOT_APPROVED_MEDICAL_SOURCE,BOARD_RECORDED,E01 board recorded from inventory metadata only; clinical body not read; physical deletion not authorized; E02 not executed. Medical-source quarantine retained; NOT_APPROVED_MEDICAL_SOURCE.
DATA-K030,docs/AI医生/知识内容提取/提取结果/贝茨/《贝茨体格检查和病史采集指南》目录结构表（中英对照 + 页码）.md,MEDICAL_SOURCE,P0,HIGH,UNKNOWN,NO,P0_P1+HIGH_CLINICAL_RELEVANCE,QUARANTINED_MEDICAL_SOURCE,QUARANTINE,NOT_AUTHORITY,legal,legal|governance,docs/refactoring/plans/phase-a/a6-5/a6-5-legacy-asset-inventory.csv;docs/refactoring/plans/phase-a/a6-5/a6-5-legacy-clinical-non-adoption-strategy.md;docs/refactoring/plans/phase-a/a6-5/a6-5-e01-disposition-board.csv;docs/refactoring/evidence/phase-a/a6-5/a6-5-b-governance-evidence.csv,CONFIRMED_CONSUMER,FUTURE_REBUILD_REQUIRED,NOT_ELIGIBLE_CONSUMER_PRESENT,A6.5-NONADOPT-001;B02_FAIL_CLOSED;NOT_APPROVED_MEDICAL_SOURCE,BOARD_RECORDED,E01 board recorded from inventory metadata only; clinical body not read; physical deletion not authorized; E02 not executed. Medical-source quarantine retained; NOT_APPROVED_MEDICAL_SOURCE.
DATA-K031,docs/AI医生/知识内容提取/提取结果/贝茨/《贝茨体格检查和病史采集指南》目录结构表（中英对照）.md,MEDICAL_SOURCE,P0,HIGH,UNKNOWN,NO,P0_P1+HIGH_CLINICAL_RELEVANCE,QUARANTINED_MEDICAL_SOURCE,QUARANTINE,NOT_AUTHORITY,legal,legal|governance,docs/refactoring/plans/phase-a/a6-5/a6-5-legacy-asset-inventory.csv;docs/refactoring/plans/phase-a/a6-5/a6-5-legacy-clinical-non-adoption-strategy.md;docs/refactoring/plans/phase-a/a6-5/a6-5-e01-disposition-board.csv;docs/refactoring/evidence/phase-a/a6-5/a6-5-b-governance-evidence.csv,CONFIRMED_CONSUMER,FUTURE_REBUILD_REQUIRED,NOT_ELIGIBLE_CONSUMER_PRESENT,A6.5-NONADOPT-001;B02_FAIL_CLOSED;NOT_APPROVED_MEDICAL_SOURCE,BOARD_RECORDED,E01 board recorded from inventory metadata only; clinical body not read; physical deletion not authorized; E02 not executed. Medical-source quarantine retained; NOT_APPROVED_MEDICAL_SOURCE.
DATA-KG001,knowledge-management-service/app/services/schema_service.py,LEGACY_CLINICAL_KG,P1,HIGH,YES,NO,P0_P1+CLINICAL_LOGIC+HIGH_CLINICAL_RELEVANCE,LEGACY_CLINICAL,KEEP_READ_ONLY,REJECT_FOR_NEW_RUNTIME,governance,governance-boundary|legal,docs/refactoring/plans/phase-a/a6-5/a6-5-legacy-asset-inventory.csv;docs/refactoring/plans/phase-a/a6-5/a6-5-legacy-clinical-non-adoption-strategy.md;docs/refactoring/plans/phase-a/a6-5/a6-5-e01-disposition-board.csv;docs/refactoring/evidence/phase-a/a6-5/a6-5-b-governance-evidence.csv,CONFIRMED_CONSUMER,FUTURE_REBUILD_REQUIRED,NOT_ELIGIBLE_CONSUMER_PRESENT,A6.5-NONADOPT-001;INVENTORY_METADATA;NO_CLINICAL_BODY_READ,BOARD_RECORDED,E01 board recorded from inventory metadata only; clinical body not read; physical deletion not authorized; E02 not executed.
DATA-KG002,knowledge-management-service/app/utils/neo4j_client.py,LEGACY_CLINICAL_KG,P1,HIGH,YES,NO,P0_P1+CLINICAL_LOGIC+HIGH_CLINICAL_RELEVANCE,LEGACY_CLINICAL,KEEP_READ_ONLY,REJECT_FOR_NEW_RUNTIME,governance,governance-boundary|legal,docs/refactoring/plans/phase-a/a6-5/a6-5-legacy-asset-inventory.csv;docs/refactoring/plans/phase-a/a6-5/a6-5-legacy-clinical-non-adoption-strategy.md;docs/refactoring/plans/phase-a/a6-5/a6-5-e01-disposition-board.csv;docs/refactoring/evidence/phase-a/a6-5/a6-5-b-governance-evidence.csv,CONFIRMED_CONSUMER,FUTURE_REBUILD_REQUIRED,NOT_ELIGIBLE_CONSUMER_PRESENT,A6.5-NONADOPT-001;INVENTORY_METADATA;NO_CLINICAL_BODY_READ,BOARD_RECORDED,E01 board recorded from inventory metadata only; clinical body not read; physical deletion not authorized; E02 not executed.
DATA-KG003,knowledge-management-service/app/services/kg_import_service.py,LEGACY_CLINICAL_KG,P1,HIGH,YES,NO,P0_P1+CLINICAL_LOGIC+HIGH_CLINICAL_RELEVANCE,LEGACY_CLINICAL,KEEP_READ_ONLY,REJECT_FOR_NEW_RUNTIME,governance,governance-boundary|legal,docs/refactoring/plans/phase-a/a6-5/a6-5-legacy-asset-inventory.csv;docs/refactoring/plans/phase-a/a6-5/a6-5-legacy-clinical-non-adoption-strategy.md;docs/refactoring/plans/phase-a/a6-5/a6-5-e01-disposition-board.csv;docs/refactoring/evidence/phase-a/a6-5/a6-5-b-governance-evidence.csv,CONFIRMED_CONSUMER,FUTURE_REBUILD_REQUIRED,NOT_ELIGIBLE_CONSUMER_PRESENT,A6.5-NONADOPT-001;INVENTORY_METADATA;NO_CLINICAL_BODY_READ,BOARD_RECORDED,E01 board recorded from inventory metadata only; clinical body not read; physical deletion not authorized; E02 not executed.
DATA-KG004,diagnosis-engine-service/app/kg-reasoning-engine/path_retriever.py,LEGACY_CLINICAL_KG,P0,HIGH,YES,NO,P0_P1+CLINICAL_LOGIC+HIGH_CLINICAL_RELEVANCE,LEGACY_CLINICAL,KEEP_READ_ONLY,REJECT_FOR_NEW_RUNTIME,governance,governance-boundary|legal,docs/refactoring/plans/phase-a/a6-5/a6-5-legacy-asset-inventory.csv;docs/refactoring/plans/phase-a/a6-5/a6-5-legacy-clinical-non-adoption-strategy.md;docs/refactoring/plans/phase-a/a6-5/a6-5-e01-disposition-board.csv;docs/refactoring/evidence/phase-a/a6-5/a6-5-b-governance-evidence.csv,CONFIRMED_CONSUMER,FUTURE_REBUILD_REQUIRED,NOT_ELIGIBLE_CONSUMER_PRESENT,A6.5-NONADOPT-001;INVENTORY_METADATA;NO_CLINICAL_BODY_READ,BOARD_RECORDED,E01 board recorded from inventory metadata only; clinical body not read; physical deletion not authorized; E02 not executed.
DATA-KG005,diagnosis-engine-service/app/kg-reasoning-engine/path_injector.py,LEGACY_CLINICAL_KG,P0,HIGH,YES,NO,P0_P1+CLINICAL_LOGIC+HIGH_CLINICAL_RELEVANCE,LEGACY_CLINICAL,KEEP_READ_ONLY,REJECT_FOR_NEW_RUNTIME,governance,governance-boundary|legal,docs/refactoring/plans/phase-a/a6-5/a6-5-legacy-asset-inventory.csv;docs/refactoring/plans/phase-a/a6-5/a6-5-legacy-clinical-non-adoption-strategy.md;docs/refactoring/plans/phase-a/a6-5/a6-5-e01-disposition-board.csv;docs/refactoring/evidence/phase-a/a6-5/a6-5-b-governance-evidence.csv,CONFIRMED_CONSUMER,FUTURE_REBUILD_REQUIRED,NOT_ELIGIBLE_CONSUMER_PRESENT,A6.5-NONADOPT-001;INVENTORY_METADATA;NO_CLINICAL_BODY_READ,BOARD_RECORDED,E01 board recorded from inventory metadata only; clinical body not read; physical deletion not authorized; E02 not executed.
DATA-KG006,diagnosis-engine-service/app/kg-reasoning-engine/kg_reasoning_engine.py,LEGACY_CLINICAL_KG,P0,HIGH,YES,NO,P0_P1+CLINICAL_LOGIC+HIGH_CLINICAL_RELEVANCE,LEGACY_CLINICAL,KEEP_READ_ONLY,REJECT_FOR_NEW_RUNTIME,governance,governance-boundary|legal,docs/refactoring/plans/phase-a/a6-5/a6-5-legacy-asset-inventory.csv;docs/refactoring/plans/phase-a/a6-5/a6-5-legacy-clinical-non-adoption-strategy.md;docs/refactoring/plans/phase-a/a6-5/a6-5-e01-disposition-board.csv;docs/refactoring/evidence/phase-a/a6-5/a6-5-b-governance-evidence.csv,CONFIRMED_CONSUMER,FUTURE_REBUILD_REQUIRED,NOT_ELIGIBLE_CONSUMER_PRESENT,A6.5-NONADOPT-001;INVENTORY_METADATA;NO_CLINICAL_BODY_READ,BOARD_RECORDED,E01 board recorded from inventory metadata only; clinical body not read; physical deletion not authorized; E02 not executed.
DOC-012,docs/AI医生/项目文档/11.错误处理与异常/异常场景处理设计.md,NON_CLINICAL_RETAINED,P1,LOW,NO,NO,P0_P1,NON_CLINICAL_RETAINED,MAP,TECHNICAL_PATH_PRESERVED,architecture,architecture|governance-boundary,docs/refactoring/plans/phase-a/a6-5/a6-5-legacy-asset-inventory.csv;docs/refactoring/plans/phase-a/a6-5/a6-5-legacy-clinical-non-adoption-strategy.md;docs/refactoring/plans/phase-a/a6-5/a6-5-e01-disposition-board.csv;docs/refactoring/evidence/phase-a/a6-5/legacy-eval-asset-inventory.csv,MAY_STILL_EXIST,EXISTING_TECHNICAL_PATH,NOT_ELIGIBLE_CONSUMER_PRESENT,EXISTING_TECHNICAL_DISPOSITION_CONFIRMED;NON_ADOPTION_DOES_NOT_APPLY,BOARD_RECORDED,E01 board recorded from inventory metadata only; clinical body not read; physical deletion not authorized; E02 not executed.
DOC-013,docs/AI医生/项目文档/11.错误处理与异常/错误处理策略设计.md,NON_CLINICAL_RETAINED,P1,LOW,NO,NO,P0_P1,NON_CLINICAL_RETAINED,MAP,TECHNICAL_PATH_PRESERVED,architecture,architecture|governance-boundary,docs/refactoring/plans/phase-a/a6-5/a6-5-legacy-asset-inventory.csv;docs/refactoring/plans/phase-a/a6-5/a6-5-legacy-clinical-non-adoption-strategy.md;docs/refactoring/plans/phase-a/a6-5/a6-5-e01-disposition-board.csv;docs/refactoring/evidence/phase-a/a6-5/legacy-eval-asset-inventory.csv,MAY_STILL_EXIST,EXISTING_TECHNICAL_PATH,NOT_ELIGIBLE_CONSUMER_PRESENT,EXISTING_TECHNICAL_DISPOSITION_CONFIRMED;NON_ADOPTION_DOES_NOT_APPLY,BOARD_RECORDED,E01 board recorded from inventory metadata only; clinical body not read; physical deletion not authorized; E02 not executed.
DOC-014,docs/AI医生/项目文档/11.错误处理与异常/错误处理规范.md,NON_CLINICAL_RETAINED,P1,LOW,NO,NO,P0_P1,NON_CLINICAL_RETAINED,MAP,TECHNICAL_PATH_PRESERVED,architecture,architecture|governance-boundary,docs/refactoring/plans/phase-a/a6-5/a6-5-legacy-asset-inventory.csv;docs/refactoring/plans/phase-a/a6-5/a6-5-legacy-clinical-non-adoption-strategy.md;docs/refactoring/plans/phase-a/a6-5/a6-5-e01-disposition-board.csv;docs/refactoring/evidence/phase-a/a6-5/legacy-eval-asset-inventory.csv,MAY_STILL_EXIST,EXISTING_TECHNICAL_PATH,NOT_ELIGIBLE_CONSUMER_PRESENT,EXISTING_TECHNICAL_DISPOSITION_CONFIRMED;NON_ADOPTION_DOES_NOT_APPLY,BOARD_RECORDED,E01 board recorded from inventory metadata only; clinical body not read; physical deletion not authorized; E02 not executed.
DOC-015,docs/AI医生/项目文档/12.性能与评估/复杂度分析.md,NON_CLINICAL_RETAINED,P1,LOW,NO,NO,P0_P1,NON_CLINICAL_RETAINED,MAP,TECHNICAL_PATH_PRESERVED,architecture,architecture|governance-boundary,docs/refactoring/plans/phase-a/a6-5/a6-5-legacy-asset-inventory.csv;docs/refactoring/plans/phase-a/a6-5/a6-5-legacy-clinical-non-adoption-strategy.md;docs/refactoring/plans/phase-a/a6-5/a6-5-e01-disposition-board.csv;docs/refactoring/evidence/phase-a/a6-5/legacy-eval-asset-inventory.csv,MAY_STILL_EXIST,EXISTING_TECHNICAL_PATH,NOT_ELIGIBLE_CONSUMER_PRESENT,EXISTING_TECHNICAL_DISPOSITION_CONFIRMED;NON_ADOPTION_DOES_NOT_APPLY,BOARD_RECORDED,E01 board recorded from inventory metadata only; clinical body not read; physical deletion not authorized; E02 not executed.
DOC-016,docs/AI医生/项目文档/12.性能与评估/性能优化设计.md,NON_CLINICAL_RETAINED,P1,LOW,NO,NO,P0_P1,NON_CLINICAL_RETAINED,MAP,TECHNICAL_PATH_PRESERVED,architecture,architecture|governance-boundary,docs/refactoring/plans/phase-a/a6-5/a6-5-legacy-asset-inventory.csv;docs/refactoring/plans/phase-a/a6-5/a6-5-legacy-clinical-non-adoption-strategy.md;docs/refactoring/plans/phase-a/a6-5/a6-5-e01-disposition-board.csv;docs/refactoring/evidence/phase-a/a6-5/legacy-eval-asset-inventory.csv,MAY_STILL_EXIST,EXISTING_TECHNICAL_PATH,NOT_ELIGIBLE_CONSUMER_PRESENT,EXISTING_TECHNICAL_DISPOSITION_CONFIRMED;NON_ADOPTION_DOES_NOT_APPLY,BOARD_RECORDED,E01 board recorded from inventory metadata only; clinical body not read; physical deletion not authorized; E02 not executed.
DOC-017,docs/AI医生/项目文档/12.性能与评估/评估验证体系.md,NON_CLINICAL_RETAINED,P1,LOW,NO,YES,P0_P1+HISTORICAL_SEED,NON_CLINICAL_RETAINED,MAP,TECHNICAL_PATH_PRESERVED,architecture,architecture|governance-boundary,docs/refactoring/plans/phase-a/a6-5/a6-5-legacy-asset-inventory.csv;docs/refactoring/plans/phase-a/a6-5/a6-5-legacy-clinical-non-adoption-strategy.md;docs/refactoring/plans/phase-a/a6-5/a6-5-e01-disposition-board.csv;docs/refactoring/evidence/phase-a/a6-5/legacy-eval-asset-inventory.csv,MAY_STILL_EXIST,EXISTING_TECHNICAL_PATH,NOT_ELIGIBLE_CONSUMER_PRESENT,EXISTING_TECHNICAL_DISPOSITION_CONFIRMED;NON_ADOPTION_DOES_NOT_APPLY,BOARD_RECORDED,E01 board recorded from inventory metadata only; clinical body not read; physical deletion not authorized; E02 not executed.
DOC-018,docs/AI医生/项目文档/13.技术细节/AOP切面设计思路.md,NON_CLINICAL_RETAINED,P1,LOW,NO,YES,P0_P1+HISTORICAL_SEED,NON_CLINICAL_RETAINED,MAP,TECHNICAL_PATH_PRESERVED,architecture,architecture|governance-boundary,docs/refactoring/plans/phase-a/a6-5/a6-5-legacy-asset-inventory.csv;docs/refactoring/plans/phase-a/a6-5/a6-5-legacy-clinical-non-adoption-strategy.md;docs/refactoring/plans/phase-a/a6-5/a6-5-e01-disposition-board.csv;docs/refactoring/evidence/phase-a/a6-5/legacy-eval-asset-inventory.csv,MAY_STILL_EXIST,EXISTING_TECHNICAL_PATH,NOT_ELIGIBLE_CONSUMER_PRESENT,EXISTING_TECHNICAL_DISPOSITION_CONFIRMED;NON_ADOPTION_DOES_NOT_APPLY,BOARD_RECORDED,E01 board recorded from inventory metadata only; clinical body not read; physical deletion not authorized; E02 not executed.
DOC-019,docs/AI医生/项目文档/13.技术细节/DR.KNOWS路径推理设计.md,LEGACY_CLINICAL_DOC,P1,HIGH,YES,YES,P0_P1+CLINICAL_LOGIC+HIGH_CLINICAL_RELEVANCE+HISTORICAL_SEED,LEGACY_CLINICAL,KEEP_READ_ONLY,REJECT_FOR_NEW_RUNTIME,governance,governance-boundary|legal,docs/refactoring/plans/phase-a/a6-5/a6-5-legacy-asset-inventory.csv;docs/refactoring/plans/phase-a/a6-5/a6-5-legacy-clinical-non-adoption-strategy.md;docs/refactoring/plans/phase-a/a6-5/a6-5-e01-disposition-board.csv;docs/refactoring/evidence/phase-a/a6-5/a6-5-b-governance-evidence.csv,MAY_STILL_EXIST,FUTURE_REBUILD_REQUIRED,NOT_ELIGIBLE_CONSUMER_PRESENT,A6.5-NONADOPT-001;INVENTORY_METADATA;NO_CLINICAL_BODY_READ,BOARD_RECORDED,E01 board recorded from inventory metadata only; clinical body not read; physical deletion not authorized; E02 not executed.
DOC-020,docs/AI医生/项目文档/13.技术细节/LangChain架构开发流程.md,LEGACY_CLINICAL_DOC,P1,MED,YES,NO,P0_P1+CLINICAL_LOGIC,LEGACY_CLINICAL,KEEP_READ_ONLY,REJECT_FOR_NEW_RUNTIME,governance,governance-boundary|legal,docs/refactoring/plans/phase-a/a6-5/a6-5-legacy-asset-inventory.csv;docs/refactoring/plans/phase-a/a6-5/a6-5-legacy-clinical-non-adoption-strategy.md;docs/refactoring/plans/phase-a/a6-5/a6-5-e01-disposition-board.csv;docs/refactoring/evidence/phase-a/a6-5/a6-5-b-governance-evidence.csv,MAY_STILL_EXIST,FUTURE_REBUILD_REQUIRED,NOT_ELIGIBLE_CONSUMER_PRESENT,A6.5-NONADOPT-001;INVENTORY_METADATA;NO_CLINICAL_BODY_READ,BOARD_RECORDED,E01 board recorded from inventory metadata only; clinical body not read; physical deletion not authorized; E02 not executed.
DOC-021,docs/AI医生/项目文档/13.技术细节/路径注入LLM详细说明.md,LEGACY_CLINICAL_DOC,P1,HIGH,YES,YES,P0_P1+CLINICAL_LOGIC+HIGH_CLINICAL_RELEVANCE+HISTORICAL_SEED,LEGACY_CLINICAL,KEEP_READ_ONLY,REJECT_FOR_NEW_RUNTIME,governance,governance-boundary|legal,docs/refactoring/plans/phase-a/a6-5/a6-5-legacy-asset-inventory.csv;docs/refactoring/plans/phase-a/a6-5/a6-5-legacy-clinical-non-adoption-strategy.md;docs/refactoring/plans/phase-a/a6-5/a6-5-e01-disposition-board.csv;docs/refactoring/evidence/phase-a/a6-5/a6-5-b-governance-evidence.csv,MAY_STILL_EXIST,FUTURE_REBUILD_REQUIRED,NOT_ELIGIBLE_CONSUMER_PRESENT,A6.5-NONADOPT-001;INVENTORY_METADATA;NO_CLINICAL_BODY_READ,BOARD_RECORDED,E01 board recorded from inventory metadata only; clinical body not read; physical deletion not authorized; E02 not executed.
DOC-022,docs/AI医生/项目文档/2.架构设计/主Agent架构设计.md,NON_CLINICAL_RETAINED,P1,LOW,NO,YES,P0_P1+HISTORICAL_SEED,NON_CLINICAL_RETAINED,MAP,TECHNICAL_PATH_PRESERVED,architecture,architecture|governance-boundary,docs/refactoring/plans/phase-a/a6-5/a6-5-legacy-asset-inventory.csv;docs/refactoring/plans/phase-a/a6-5/a6-5-legacy-clinical-non-adoption-strategy.md;docs/refactoring/plans/phase-a/a6-5/a6-5-e01-disposition-board.csv;docs/refactoring/evidence/phase-a/a6-5/legacy-eval-asset-inventory.csv,MAY_STILL_EXIST,EXISTING_TECHNICAL_PATH,NOT_ELIGIBLE_CONSUMER_PRESENT,EXISTING_TECHNICAL_DISPOSITION_CONFIRMED;NON_ADOPTION_DOES_NOT_APPLY,BOARD_RECORDED,E01 board recorded from inventory metadata only; clinical body not read; physical deletion not authorized; E02 not executed.
DOC-023,docs/AI医生/项目文档/2.架构设计/双通道推理架构.md,NON_CLINICAL_RETAINED,P1,LOW,NO,YES,P0_P1+HISTORICAL_SEED,NON_CLINICAL_RETAINED,MAP,TECHNICAL_PATH_PRESERVED,architecture,architecture|governance-boundary,docs/refactoring/plans/phase-a/a6-5/a6-5-legacy-asset-inventory.csv;docs/refactoring/plans/phase-a/a6-5/a6-5-legacy-clinical-non-adoption-strategy.md;docs/refactoring/plans/phase-a/a6-5/a6-5-e01-disposition-board.csv;docs/refactoring/evidence/phase-a/a6-5/legacy-eval-asset-inventory.csv,MAY_STILL_EXIST,EXISTING_TECHNICAL_PATH,NOT_ELIGIBLE_CONSUMER_PRESENT,EXISTING_TECHNICAL_DISPOSITION_CONFIRMED;NON_ADOPTION_DOES_NOT_APPLY,BOARD_RECORDED,E01 board recorded from inventory metadata only; clinical body not read; physical deletion not authorized; E02 not executed.
DOC-024,docs/AI医生/项目文档/2.架构设计/工具系统架构.md,NON_CLINICAL_RETAINED,P1,LOW,NO,YES,P0_P1+HISTORICAL_SEED,NON_CLINICAL_RETAINED,MAP,TECHNICAL_PATH_PRESERVED,architecture,architecture|governance-boundary,docs/refactoring/plans/phase-a/a6-5/a6-5-legacy-asset-inventory.csv;docs/refactoring/plans/phase-a/a6-5/a6-5-legacy-clinical-non-adoption-strategy.md;docs/refactoring/plans/phase-a/a6-5/a6-5-e01-disposition-board.csv;docs/refactoring/evidence/phase-a/a6-5/legacy-eval-asset-inventory.csv,MAY_STILL_EXIST,EXISTING_TECHNICAL_PATH,NOT_ELIGIBLE_CONSUMER_PRESENT,EXISTING_TECHNICAL_DISPOSITION_CONFIRMED;NON_ADOPTION_DOES_NOT_APPLY,BOARD_RECORDED,E01 board recorded from inventory metadata only; clinical body not read; physical deletion not authorized; E02 not executed.
DOC-025,docs/AI医生/项目文档/3.业务功能设计/临床诊疗态流程设计.md,LEGACY_CLINICAL_DOC,P1,HIGH,YES,YES,P0_P1+CLINICAL_LOGIC+HIGH_CLINICAL_RELEVANCE+HISTORICAL_SEED,LEGACY_CLINICAL,KEEP_READ_ONLY,REJECT_FOR_NEW_RUNTIME,governance,governance-boundary|legal,docs/refactoring/plans/phase-a/a6-5/a6-5-legacy-asset-inventory.csv;docs/refactoring/plans/phase-a/a6-5/a6-5-legacy-clinical-non-adoption-strategy.md;docs/refactoring/plans/phase-a/a6-5/a6-5-e01-disposition-board.csv;docs/refactoring/evidence/phase-a/a6-5/a6-5-b-governance-evidence.csv,MAY_STILL_EXIST,FUTURE_REBUILD_REQUIRED,NOT_ELIGIBLE_CONSUMER_PRESENT,A6.5-NONADOPT-001;INVENTORY_METADATA;NO_CLINICAL_BODY_READ,BOARD_RECORDED,E01 board recorded from inventory metadata only; clinical body not read; physical deletion not authorized; E02 not executed.
DOC-026,docs/AI医生/项目文档/3.业务功能设计/健康管理态流程设计.md,LEGACY_CLINICAL_DOC,P1,MED,YES,NO,P0_P1+CLINICAL_LOGIC,LEGACY_CLINICAL,KEEP_READ_ONLY,REJECT_FOR_NEW_RUNTIME,governance,governance-boundary|legal,docs/refactoring/plans/phase-a/a6-5/a6-5-legacy-asset-inventory.csv;docs/refactoring/plans/phase-a/a6-5/a6-5-legacy-clinical-non-adoption-strategy.md;docs/refactoring/plans/phase-a/a6-5/a6-5-e01-disposition-board.csv;docs/refactoring/evidence/phase-a/a6-5/a6-5-b-governance-evidence.csv,MAY_STILL_EXIST,FUTURE_REBUILD_REQUIRED,NOT_ELIGIBLE_CONSUMER_PRESENT,A6.5-NONADOPT-001;INVENTORY_METADATA;NO_CLINICAL_BODY_READ,BOARD_RECORDED,E01 board recorded from inventory metadata only; clinical body not read; physical deletion not authorized; E02 not executed.
DOC-027,docs/AI医生/项目文档/3.业务功能设计/入口判定流程设计.md,LEGACY_CLINICAL_DOC,P1,HIGH,YES,YES,P0_P1+CLINICAL_LOGIC+HIGH_CLINICAL_RELEVANCE+HISTORICAL_SEED,LEGACY_CLINICAL,KEEP_READ_ONLY,REJECT_FOR_NEW_RUNTIME,governance,governance-boundary|legal,docs/refactoring/plans/phase-a/a6-5/a6-5-legacy-asset-inventory.csv;docs/refactoring/plans/phase-a/a6-5/a6-5-legacy-clinical-non-adoption-strategy.md;docs/refactoring/plans/phase-a/a6-5/a6-5-e01-disposition-board.csv;docs/refactoring/evidence/phase-a/a6-5/a6-5-b-governance-evidence.csv,MAY_STILL_EXIST,FUTURE_REBUILD_REQUIRED,NOT_ELIGIBLE_CONSUMER_PRESENT,A6.5-NONADOPT-001;INVENTORY_METADATA;NO_CLINICAL_BODY_READ,BOARD_RECORDED,E01 board recorded from inventory metadata only; clinical body not read; physical deletion not authorized; E02 not executed.
DOC-028,docs/AI医生/项目文档/3.业务功能设计/终点结论包设计.md,LEGACY_CLINICAL_DOC,P1,HIGH,YES,YES,P0_P1+CLINICAL_LOGIC+HIGH_CLINICAL_RELEVANCE+HISTORICAL_SEED,LEGACY_CLINICAL,KEEP_READ_ONLY,REJECT_FOR_NEW_RUNTIME,governance,governance-boundary|legal,docs/refactoring/plans/phase-a/a6-5/a6-5-legacy-asset-inventory.csv;docs/refactoring/plans/phase-a/a6-5/a6-5-legacy-clinical-non-adoption-strategy.md;docs/refactoring/plans/phase-a/a6-5/a6-5-e01-disposition-board.csv;docs/refactoring/evidence/phase-a/a6-5/a6-5-b-governance-evidence.csv,MAY_STILL_EXIST,FUTURE_REBUILD_REQUIRED,NOT_ELIGIBLE_CONSUMER_PRESENT,A6.5-NONADOPT-001;INVENTORY_METADATA;NO_CLINICAL_BODY_READ,BOARD_RECORDED,E01 board recorded from inventory metadata only; clinical body not read; physical deletion not authorized; E02 not executed.
DOC-029,docs/AI医生/项目文档/4.工具设计/工具业务逻辑设计.md,NON_CLINICAL_RETAINED,P1,LOW,NO,NO,P0_P1,NON_CLINICAL_RETAINED,MAP,TECHNICAL_PATH_PRESERVED,architecture,architecture|governance-boundary,docs/refactoring/plans/phase-a/a6-5/a6-5-legacy-asset-inventory.csv;docs/refactoring/plans/phase-a/a6-5/a6-5-legacy-clinical-non-adoption-strategy.md;docs/refactoring/plans/phase-a/a6-5/a6-5-e01-disposition-board.csv;docs/refactoring/evidence/phase-a/a6-5/legacy-eval-asset-inventory.csv,MAY_STILL_EXIST,EXISTING_TECHNICAL_PATH,NOT_ELIGIBLE_CONSUMER_PRESENT,EXISTING_TECHNICAL_DISPOSITION_CONFIRMED;NON_ADOPTION_DOES_NOT_APPLY,BOARD_RECORDED,E01 board recorded from inventory metadata only; clinical body not read; physical deletion not authorized; E02 not executed.
DOC-030,docs/AI医生/项目文档/4.工具设计/工具技术实现.md,NON_CLINICAL_RETAINED,P1,LOW,NO,NO,P0_P1,NON_CLINICAL_RETAINED,MAP,TECHNICAL_PATH_PRESERVED,architecture,architecture|governance-boundary,docs/refactoring/plans/phase-a/a6-5/a6-5-legacy-asset-inventory.csv;docs/refactoring/plans/phase-a/a6-5/a6-5-legacy-clinical-non-adoption-strategy.md;docs/refactoring/plans/phase-a/a6-5/a6-5-e01-disposition-board.csv;docs/refactoring/evidence/phase-a/a6-5/legacy-eval-asset-inventory.csv,MAY_STILL_EXIST,EXISTING_TECHNICAL_PATH,NOT_ELIGIBLE_CONSUMER_PRESENT,EXISTING_TECHNICAL_DISPOSITION_CONFIRMED;NON_ADOPTION_DOES_NOT_APPLY,BOARD_RECORDED,E01 board recorded from inventory metadata only; clinical body not read; physical deletion not authorized; E02 not executed.
DOC-031,docs/AI医生/项目文档/4.工具设计/工具接口规范.md,NON_CLINICAL_RETAINED,P1,LOW,NO,YES,P0_P1+HISTORICAL_SEED,NON_CLINICAL_RETAINED,MAP,TECHNICAL_PATH_PRESERVED,architecture,architecture|governance-boundary,docs/refactoring/plans/phase-a/a6-5/a6-5-legacy-asset-inventory.csv;docs/refactoring/plans/phase-a/a6-5/a6-5-legacy-clinical-non-adoption-strategy.md;docs/refactoring/plans/phase-a/a6-5/a6-5-e01-disposition-board.csv;docs/refactoring/evidence/phase-a/a6-5/legacy-eval-asset-inventory.csv,MAY_STILL_EXIST,EXISTING_TECHNICAL_PATH,NOT_ELIGIBLE_CONSUMER_PRESENT,EXISTING_TECHNICAL_DISPOSITION_CONFIRMED;NON_ADOPTION_DOES_NOT_APPLY,BOARD_RECORDED,E01 board recorded from inventory metadata only; clinical body not read; physical deletion not authorized; E02 not executed.
DOC-032,docs/AI医生/项目文档/5.主agent设计/主Agent业务逻辑设计.md,NON_CLINICAL_RETAINED,P1,LOW,NO,NO,P0_P1,NON_CLINICAL_RETAINED,MAP,TECHNICAL_PATH_PRESERVED,architecture,architecture|governance-boundary,docs/refactoring/plans/phase-a/a6-5/a6-5-legacy-asset-inventory.csv;docs/refactoring/plans/phase-a/a6-5/a6-5-legacy-clinical-non-adoption-strategy.md;docs/refactoring/plans/phase-a/a6-5/a6-5-e01-disposition-board.csv;docs/refactoring/evidence/phase-a/a6-5/legacy-eval-asset-inventory.csv,MAY_STILL_EXIST,EXISTING_TECHNICAL_PATH,NOT_ELIGIBLE_CONSUMER_PRESENT,EXISTING_TECHNICAL_DISPOSITION_CONFIRMED;NON_ADOPTION_DOES_NOT_APPLY,BOARD_RECORDED,E01 board recorded from inventory metadata only; clinical body not read; physical deletion not authorized; E02 not executed.
DOC-033,docs/AI医生/项目文档/5.主agent设计/主Agent技术实现.md,NON_CLINICAL_RETAINED,P1,LOW,NO,NO,P0_P1,NON_CLINICAL_RETAINED,MAP,TECHNICAL_PATH_PRESERVED,architecture,architecture|governance-boundary,docs/refactoring/plans/phase-a/a6-5/a6-5-legacy-asset-inventory.csv;docs/refactoring/plans/phase-a/a6-5/a6-5-legacy-clinical-non-adoption-strategy.md;docs/refactoring/plans/phase-a/a6-5/a6-5-e01-disposition-board.csv;docs/refactoring/evidence/phase-a/a6-5/legacy-eval-asset-inventory.csv,MAY_STILL_EXIST,EXISTING_TECHNICAL_PATH,NOT_ELIGIBLE_CONSUMER_PRESENT,EXISTING_TECHNICAL_DISPOSITION_CONFIRMED;NON_ADOPTION_DOES_NOT_APPLY,BOARD_RECORDED,E01 board recorded from inventory metadata only; clinical body not read; physical deletion not authorized; E02 not executed.
DOC-034,docs/AI医生/项目文档/5.主agent设计/主Agent核心算法设计.md,NON_CLINICAL_RETAINED,P1,LOW,NO,NO,P0_P1,NON_CLINICAL_RETAINED,MAP,TECHNICAL_PATH_PRESERVED,architecture,architecture|governance-boundary,docs/refactoring/plans/phase-a/a6-5/a6-5-legacy-asset-inventory.csv;docs/refactoring/plans/phase-a/a6-5/a6-5-legacy-clinical-non-adoption-strategy.md;docs/refactoring/plans/phase-a/a6-5/a6-5-e01-disposition-board.csv;docs/refactoring/evidence/phase-a/a6-5/legacy-eval-asset-inventory.csv,MAY_STILL_EXIST,EXISTING_TECHNICAL_PATH,NOT_ELIGIBLE_CONSUMER_PRESENT,EXISTING_TECHNICAL_DISPOSITION_CONFIRMED;NON_ADOPTION_DOES_NOT_APPLY,BOARD_RECORDED,E01 board recorded from inventory metadata only; clinical body not read; physical deletion not authorized; E02 not executed.
DOC-035,docs/AI医生/项目文档/5.主agent设计/主Agent运行循环设计.md,NON_CLINICAL_RETAINED,P1,LOW,NO,YES,P0_P1+HISTORICAL_SEED,NON_CLINICAL_RETAINED,MAP,TECHNICAL_PATH_PRESERVED,architecture,architecture|governance-boundary,docs/refactoring/plans/phase-a/a6-5/a6-5-legacy-asset-inventory.csv;docs/refactoring/plans/phase-a/a6-5/a6-5-legacy-clinical-non-adoption-strategy.md;docs/refactoring/plans/phase-a/a6-5/a6-5-e01-disposition-board.csv;docs/refactoring/evidence/phase-a/a6-5/legacy-eval-asset-inventory.csv,MAY_STILL_EXIST,EXISTING_TECHNICAL_PATH,NOT_ELIGIBLE_CONSUMER_PRESENT,EXISTING_TECHNICAL_DISPOSITION_CONFIRMED;NON_ADOPTION_DOES_NOT_APPLY,BOARD_RECORDED,E01 board recorded from inventory metadata only; clinical body not read; physical deletion not authorized; E02 not executed.
DOC-036,docs/AI医生/项目文档/6.数据模型设计/AgentState数据结构设计.md,NON_CLINICAL_RETAINED,P1,LOW,NO,YES,P0_P1+HISTORICAL_SEED,NON_CLINICAL_RETAINED,MAP,TECHNICAL_PATH_PRESERVED,architecture,architecture|governance-boundary,docs/refactoring/plans/phase-a/a6-5/a6-5-legacy-asset-inventory.csv;docs/refactoring/plans/phase-a/a6-5/a6-5-legacy-clinical-non-adoption-strategy.md;docs/refactoring/plans/phase-a/a6-5/a6-5-e01-disposition-board.csv;docs/refactoring/evidence/phase-a/a6-5/legacy-eval-asset-inventory.csv,MAY_STILL_EXIST,EXISTING_TECHNICAL_PATH,NOT_ELIGIBLE_CONSUMER_PRESENT,EXISTING_TECHNICAL_DISPOSITION_CONFIRMED;NON_ADOPTION_DOES_NOT_APPLY,BOARD_RECORDED,E01 board recorded from inventory metadata only; clinical body not read; physical deletion not authorized; E02 not executed.
DOC-037,docs/AI医生/项目文档/6.数据模型设计/AuditTrail数据结构设计.md,NON_CLINICAL_RETAINED,P1,LOW,NO,YES,P0_P1+HISTORICAL_SEED,NON_CLINICAL_RETAINED,MAP,TECHNICAL_PATH_PRESERVED,architecture,architecture|governance-boundary,docs/refactoring/plans/phase-a/a6-5/a6-5-legacy-asset-inventory.csv;docs/refactoring/plans/phase-a/a6-5/a6-5-legacy-clinical-non-adoption-strategy.md;docs/refactoring/plans/phase-a/a6-5/a6-5-e01-disposition-board.csv;docs/refactoring/evidence/phase-a/a6-5/legacy-eval-asset-inventory.csv,MAY_STILL_EXIST,EXISTING_TECHNICAL_PATH,NOT_ELIGIBLE_CONSUMER_PRESENT,EXISTING_TECHNICAL_DISPOSITION_CONFIRMED;NON_ADOPTION_DOES_NOT_APPLY,BOARD_RECORDED,E01 board recorded from inventory metadata only; clinical body not read; physical deletion not authorized; E02 not executed.
DOC-038,docs/AI医生/项目文档/6.数据模型设计/CDP数据结构设计.md,NON_CLINICAL_RETAINED,P1,LOW,NO,YES,P0_P1+HISTORICAL_SEED,NON_CLINICAL_RETAINED,MAP,TECHNICAL_PATH_PRESERVED,architecture,architecture|governance-boundary,docs/refactoring/plans/phase-a/a6-5/a6-5-legacy-asset-inventory.csv;docs/refactoring/plans/phase-a/a6-5/a6-5-legacy-clinical-non-adoption-strategy.md;docs/refactoring/plans/phase-a/a6-5/a6-5-e01-disposition-board.csv;docs/refactoring/evidence/phase-a/a6-5/legacy-eval-asset-inventory.csv,MAY_STILL_EXIST,EXISTING_TECHNICAL_PATH,NOT_ELIGIBLE_CONSUMER_PRESENT,EXISTING_TECHNICAL_DISPOSITION_CONFIRMED;NON_ADOPTION_DOES_NOT_APPLY,BOARD_RECORDED,E01 board recorded from inventory metadata only; clinical body not read; physical deletion not authorized; E02 not executed.
DOC-039,docs/AI医生/项目文档/6.数据模型设计/实体类与DTO设计.md,NON_CLINICAL_RETAINED,P1,LOW,NO,NO,P0_P1,NON_CLINICAL_RETAINED,MAP,TECHNICAL_PATH_PRESERVED,architecture,architecture|governance-boundary,docs/refactoring/plans/phase-a/a6-5/a6-5-legacy-asset-inventory.csv;docs/refactoring/plans/phase-a/a6-5/a6-5-legacy-clinical-non-adoption-strategy.md;docs/refactoring/plans/phase-a/a6-5/a6-5-e01-disposition-board.csv;docs/refactoring/evidence/phase-a/a6-5/legacy-eval-asset-inventory.csv,MAY_STILL_EXIST,EXISTING_TECHNICAL_PATH,NOT_ELIGIBLE_CONSUMER_PRESENT,EXISTING_TECHNICAL_DISPOSITION_CONFIRMED;NON_ADOPTION_DOES_NOT_APPLY,BOARD_RECORDED,E01 board recorded from inventory metadata only; clinical body not read; physical deletion not authorized; E02 not executed.
DOC-043,docs/AI医生/项目文档/8.前端设计/入口设计规范.md,LEGACY_CLINICAL_DOC,P2,HIGH,YES,NO,CLINICAL_LOGIC+HIGH_CLINICAL_RELEVANCE,LEGACY_CLINICAL,KEEP_READ_ONLY,REJECT_FOR_NEW_RUNTIME,governance,governance-boundary|legal,docs/refactoring/plans/phase-a/a6-5/a6-5-legacy-asset-inventory.csv;docs/refactoring/plans/phase-a/a6-5/a6-5-legacy-clinical-non-adoption-strategy.md;docs/refactoring/plans/phase-a/a6-5/a6-5-e01-disposition-board.csv;docs/refactoring/evidence/phase-a/a6-5/a6-5-b-governance-evidence.csv,MAY_STILL_EXIST,FUTURE_REBUILD_REQUIRED,NOT_ELIGIBLE_CONSUMER_PRESENT,A6.5-NONADOPT-001;INVENTORY_METADATA;NO_CLINICAL_BODY_READ,BOARD_RECORDED,E01 board recorded from inventory metadata only; clinical body not read; physical deletion not authorized; E02 not executed.
DOC-045,docs/AI医生/项目文档/8.前端设计/用户交互流程设计.md,LEGACY_CLINICAL_DOC,P2,MED,YES,NO,CLINICAL_LOGIC,LEGACY_CLINICAL,KEEP_READ_ONLY,REJECT_FOR_NEW_RUNTIME,governance,governance-boundary|legal,docs/refactoring/plans/phase-a/a6-5/a6-5-legacy-asset-inventory.csv;docs/refactoring/plans/phase-a/a6-5/a6-5-legacy-clinical-non-adoption-strategy.md;docs/refactoring/plans/phase-a/a6-5/a6-5-e01-disposition-board.csv;docs/refactoring/evidence/phase-a/a6-5/a6-5-b-governance-evidence.csv,MAY_STILL_EXIST,FUTURE_REBUILD_REQUIRED,NOT_ELIGIBLE_CONSUMER_PRESENT,A6.5-NONADOPT-001;INVENTORY_METADATA;NO_CLINICAL_BODY_READ,BOARD_RECORDED,E01 board recorded from inventory metadata only; clinical body not read; physical deletion not authorized; E02 not executed.
DOC-046,docs/AI医生/项目文档/9.知识演化设计/知识演化与知识维护-完整设计方案.md,LEGACY_CLINICAL_DOC,P1,HIGH,YES,NO,P0_P1+CLINICAL_LOGIC+HIGH_CLINICAL_RELEVANCE,LEGACY_CLINICAL,KEEP_READ_ONLY,REJECT_FOR_NEW_RUNTIME,governance,governance-boundary|legal,docs/refactoring/plans/phase-a/a6-5/a6-5-legacy-asset-inventory.csv;docs/refactoring/plans/phase-a/a6-5/a6-5-legacy-clinical-non-adoption-strategy.md;docs/refactoring/plans/phase-a/a6-5/a6-5-e01-disposition-board.csv;docs/refactoring/evidence/phase-a/a6-5/a6-5-b-governance-evidence.csv,MAY_STILL_EXIST,FUTURE_REBUILD_REQUIRED,NOT_ELIGIBLE_CONSUMER_PRESENT,A6.5-NONADOPT-001;INVENTORY_METADATA;NO_CLINICAL_BODY_READ,BOARD_RECORDED,E01 board recorded from inventory metadata only; clinical body not read; physical deletion not authorized; E02 not executed.
DOC-047,docs/AI医生/项目文档/9.知识演化设计/知识演化业务逻辑.md,LEGACY_CLINICAL_DOC,P1,HIGH,YES,NO,P0_P1+CLINICAL_LOGIC+HIGH_CLINICAL_RELEVANCE,LEGACY_CLINICAL,KEEP_READ_ONLY,REJECT_FOR_NEW_RUNTIME,governance,governance-boundary|legal,docs/refactoring/plans/phase-a/a6-5/a6-5-legacy-asset-inventory.csv;docs/refactoring/plans/phase-a/a6-5/a6-5-legacy-clinical-non-adoption-strategy.md;docs/refactoring/plans/phase-a/a6-5/a6-5-e01-disposition-board.csv;docs/refactoring/evidence/phase-a/a6-5/a6-5-b-governance-evidence.csv,MAY_STILL_EXIST,FUTURE_REBUILD_REQUIRED,NOT_ELIGIBLE_CONSUMER_PRESENT,A6.5-NONADOPT-001;INVENTORY_METADATA;NO_CLINICAL_BODY_READ,BOARD_RECORDED,E01 board recorded from inventory metadata only; clinical body not read; physical deletion not authorized; E02 not executed.
DOC-048,docs/AI医生/项目文档/9.知识演化设计/知识演化技术实现.md,LEGACY_CLINICAL_DOC,P1,HIGH,YES,NO,P0_P1+CLINICAL_LOGIC+HIGH_CLINICAL_RELEVANCE,LEGACY_CLINICAL,KEEP_READ_ONLY,REJECT_FOR_NEW_RUNTIME,governance,governance-boundary|legal,docs/refactoring/plans/phase-a/a6-5/a6-5-legacy-asset-inventory.csv;docs/refactoring/plans/phase-a/a6-5/a6-5-legacy-clinical-non-adoption-strategy.md;docs/refactoring/plans/phase-a/a6-5/a6-5-e01-disposition-board.csv;docs/refactoring/evidence/phase-a/a6-5/a6-5-b-governance-evidence.csv,MAY_STILL_EXIST,FUTURE_REBUILD_REQUIRED,NOT_ELIGIBLE_CONSUMER_PRESENT,A6.5-NONADOPT-001;INVENTORY_METADATA;NO_CLINICAL_BODY_READ,BOARD_RECORDED,E01 board recorded from inventory metadata only; clinical body not read; physical deletion not authorized; E02 not executed.
DOC-049,docs/AI医生/项目文档/9.知识演化设计/知识演化架构设计.md,LEGACY_CLINICAL_DOC,P1,HIGH,YES,YES,P0_P1+CLINICAL_LOGIC+HIGH_CLINICAL_RELEVANCE+HISTORICAL_SEED,LEGACY_CLINICAL,KEEP_READ_ONLY,REJECT_FOR_NEW_RUNTIME,governance,governance-boundary|legal,docs/refactoring/plans/phase-a/a6-5/a6-5-legacy-asset-inventory.csv;docs/refactoring/plans/phase-a/a6-5/a6-5-legacy-clinical-non-adoption-strategy.md;docs/refactoring/plans/phase-a/a6-5/a6-5-e01-disposition-board.csv;docs/refactoring/evidence/phase-a/a6-5/a6-5-b-governance-evidence.csv,MAY_STILL_EXIST,FUTURE_REBUILD_REQUIRED,NOT_ELIGIBLE_CONSUMER_PRESENT,A6.5-NONADOPT-001;INVENTORY_METADATA;NO_CLINICAL_BODY_READ,BOARD_RECORDED,E01 board recorded from inventory metadata only; clinical body not read; physical deletion not authorized; E02 not executed.
ENG-001,docker-compose.yml,NON_CLINICAL_RETAINED,P1,LOW,NO,NO,P0_P1,NON_CLINICAL_RETAINED,ADAPT,TECHNICAL_PATH_PRESERVED,architecture,architecture|governance-boundary,docs/refactoring/plans/phase-a/a6-5/a6-5-legacy-asset-inventory.csv;docs/refactoring/plans/phase-a/a6-5/a6-5-legacy-clinical-non-adoption-strategy.md;docs/refactoring/plans/phase-a/a6-5/a6-5-e01-disposition-board.csv;docs/refactoring/evidence/phase-a/a6-5/legacy-eval-asset-inventory.csv,MAY_STILL_EXIST,EXISTING_TECHNICAL_PATH,NOT_ELIGIBLE_CONSUMER_PRESENT,EXISTING_TECHNICAL_DISPOSITION_CONFIRMED;NON_ADOPTION_DOES_NOT_APPLY,BOARD_RECORDED,E01 board recorded from inventory metadata only; clinical body not read; physical deletion not authorized; E02 not executed.
ENG-002,monitoring/docker-compose.yml,NON_CLINICAL_RETAINED,P1,LOW,NO,NO,P0_P1,NON_CLINICAL_RETAINED,ADAPT,TECHNICAL_PATH_PRESERVED,architecture,architecture|governance-boundary,docs/refactoring/plans/phase-a/a6-5/a6-5-legacy-asset-inventory.csv;docs/refactoring/plans/phase-a/a6-5/a6-5-legacy-clinical-non-adoption-strategy.md;docs/refactoring/plans/phase-a/a6-5/a6-5-e01-disposition-board.csv;docs/refactoring/evidence/phase-a/a6-5/legacy-eval-asset-inventory.csv,MAY_STILL_EXIST,EXISTING_TECHNICAL_PATH,NOT_ELIGIBLE_CONSUMER_PRESENT,EXISTING_TECHNICAL_DISPOSITION_CONFIRMED;NON_ADOPTION_DOES_NOT_APPLY,BOARD_RECORDED,E01 board recorded from inventory metadata only; clinical body not read; physical deletion not authorized; E02 not executed.
ENG-006,common/aidoctor_trace/trace_decorator.py,NON_CLINICAL_RETAINED,P0,LOW,NO,NO,P0_P1,NON_CLINICAL_RETAINED,ADAPT,TECHNICAL_PATH_PRESERVED,security,security|architecture,docs/refactoring/plans/phase-a/a6-5/a6-5-legacy-asset-inventory.csv;docs/refactoring/plans/phase-a/a6-5/a6-5-legacy-clinical-non-adoption-strategy.md;docs/refactoring/plans/phase-a/a6-5/a6-5-e01-disposition-board.csv;docs/refactoring/evidence/phase-a/a6-5/legacy-eval-asset-inventory.csv,MAY_STILL_EXIST,EXISTING_TECHNICAL_PATH,NOT_ELIGIBLE_CONSUMER_PRESENT,EXISTING_TECHNICAL_DISPOSITION_CONFIRMED;NON_ADOPTION_DOES_NOT_APPLY,BOARD_RECORDED,E01 board recorded from inventory metadata only; clinical body not read; physical deletion not authorized; E02 not executed.
ENG-007,common/aidoctor_logger/logger.py,NON_CLINICAL_RETAINED,P0,LOW,NO,NO,P0_P1,NON_CLINICAL_RETAINED,ADAPT,TECHNICAL_PATH_PRESERVED,security,security|architecture,docs/refactoring/plans/phase-a/a6-5/a6-5-legacy-asset-inventory.csv;docs/refactoring/plans/phase-a/a6-5/a6-5-legacy-clinical-non-adoption-strategy.md;docs/refactoring/plans/phase-a/a6-5/a6-5-e01-disposition-board.csv;docs/refactoring/evidence/phase-a/a6-5/legacy-eval-asset-inventory.csv,MAY_STILL_EXIST,EXISTING_TECHNICAL_PATH,NOT_ELIGIBLE_CONSUMER_PRESENT,EXISTING_TECHNICAL_DISPOSITION_CONFIRMED;NON_ADOPTION_DOES_NOT_APPLY,BOARD_RECORDED,E01 board recorded from inventory metadata only; clinical body not read; physical deletion not authorized; E02 not executed.
MODEL-001,common/aidoctor_llm/llm_client.py,NON_CLINICAL_RETAINED,P1,MED,NO,NO,P0_P1,NON_CLINICAL_RETAINED,MAP,TECHNICAL_PATH_PRESERVED,architecture,architecture|governance-boundary,docs/refactoring/plans/phase-a/a6-5/a6-5-legacy-asset-inventory.csv;docs/refactoring/plans/phase-a/a6-5/a6-5-legacy-clinical-non-adoption-strategy.md;docs/refactoring/plans/phase-a/a6-5/a6-5-e01-disposition-board.csv;docs/refactoring/evidence/phase-a/a6-5/legacy-eval-asset-inventory.csv,CONFIRMED_CONSUMER,EXISTING_TECHNICAL_PATH,NOT_ELIGIBLE_CONSUMER_PRESENT,EXISTING_TECHNICAL_DISPOSITION_CONFIRMED;NON_ADOPTION_DOES_NOT_APPLY,BOARD_RECORDED,E01 board recorded from inventory metadata only; clinical body not read; physical deletion not authorized; E02 not executed.
MODEL-002,common/aidoctor_llm/config.py,NON_CLINICAL_RETAINED,P1,MED,NO,NO,P0_P1,NON_CLINICAL_RETAINED,MAP,TECHNICAL_PATH_PRESERVED,architecture,architecture|governance-boundary,docs/refactoring/plans/phase-a/a6-5/a6-5-legacy-asset-inventory.csv;docs/refactoring/plans/phase-a/a6-5/a6-5-legacy-clinical-non-adoption-strategy.md;docs/refactoring/plans/phase-a/a6-5/a6-5-e01-disposition-board.csv;docs/refactoring/evidence/phase-a/a6-5/legacy-eval-asset-inventory.csv,CONFIRMED_CONSUMER,EXISTING_TECHNICAL_PATH,NOT_ELIGIBLE_CONSUMER_PRESENT,EXISTING_TECHNICAL_DISPOSITION_CONFIRMED;NON_ADOPTION_DOES_NOT_APPLY,BOARD_RECORDED,E01 board recorded from inventory metadata only; clinical body not read; physical deletion not authorized; E02 not executed.
MODEL-003,diagnosis-engine-service/app/config/settings.py,NON_CLINICAL_RETAINED,P1,MED,NO,NO,P0_P1,NON_CLINICAL_RETAINED,MAP,TECHNICAL_PATH_PRESERVED,architecture,architecture|governance-boundary,docs/refactoring/plans/phase-a/a6-5/a6-5-legacy-asset-inventory.csv;docs/refactoring/plans/phase-a/a6-5/a6-5-legacy-clinical-non-adoption-strategy.md;docs/refactoring/plans/phase-a/a6-5/a6-5-e01-disposition-board.csv;docs/refactoring/evidence/phase-a/a6-5/legacy-eval-asset-inventory.csv,CONFIRMED_CONSUMER,EXISTING_TECHNICAL_PATH,NOT_ELIGIBLE_CONSUMER_PRESENT,EXISTING_TECHNICAL_DISPOSITION_CONFIRMED;NON_ADOPTION_DOES_NOT_APPLY,BOARD_RECORDED,E01 board recorded from inventory metadata only; clinical body not read; physical deletion not authorized; E02 not executed.
MODEL-004,diagnosis-engine-service/app/engines/llm_engine.py,NON_CLINICAL_RETAINED,P1,MED,NO,NO,P0_P1,NON_CLINICAL_RETAINED,MAP,TECHNICAL_PATH_PRESERVED,architecture,architecture|governance-boundary,docs/refactoring/plans/phase-a/a6-5/a6-5-legacy-asset-inventory.csv;docs/refactoring/plans/phase-a/a6-5/a6-5-legacy-clinical-non-adoption-strategy.md;docs/refactoring/plans/phase-a/a6-5/a6-5-e01-disposition-board.csv;docs/refactoring/evidence/phase-a/a6-5/legacy-eval-asset-inventory.csv,CONFIRMED_CONSUMER,EXISTING_TECHNICAL_PATH,NOT_ELIGIBLE_CONSUMER_PRESENT,EXISTING_TECHNICAL_DISPOSITION_CONFIRMED;NON_ADOPTION_DOES_NOT_APPLY,BOARD_RECORDED,E01 board recorded from inventory metadata only; clinical body not read; physical deletion not authorized; E02 not executed.
MODEL-005,diagnosis-engine-service/app/multi-engine-fusion/llm_engine.py,NON_CLINICAL_RETAINED,P1,MED,NO,NO,P0_P1,NON_CLINICAL_RETAINED,MAP,TECHNICAL_PATH_PRESERVED,architecture,architecture|governance-boundary,docs/refactoring/plans/phase-a/a6-5/a6-5-legacy-asset-inventory.csv;docs/refactoring/plans/phase-a/a6-5/a6-5-legacy-clinical-non-adoption-strategy.md;docs/refactoring/plans/phase-a/a6-5/a6-5-e01-disposition-board.csv;docs/refactoring/evidence/phase-a/a6-5/legacy-eval-asset-inventory.csv,CONFIRMED_CONSUMER,EXISTING_TECHNICAL_PATH,NOT_ELIGIBLE_CONSUMER_PRESENT,EXISTING_TECHNICAL_DISPOSITION_CONFIRMED;NON_ADOPTION_DOES_NOT_APPLY,BOARD_RECORDED,E01 board recorded from inventory metadata only; clinical body not read; physical deletion not authorized; E02 not executed.
MODEL-006,health-state-assessment-service/app/services/nlu/ner_model.py,NON_CLINICAL_RETAINED,P1,MED,NO,NO,P0_P1,NON_CLINICAL_RETAINED,MAP,TECHNICAL_PATH_PRESERVED,architecture,architecture|governance-boundary,docs/refactoring/plans/phase-a/a6-5/a6-5-legacy-asset-inventory.csv;docs/refactoring/plans/phase-a/a6-5/a6-5-legacy-clinical-non-adoption-strategy.md;docs/refactoring/plans/phase-a/a6-5/a6-5-e01-disposition-board.csv;docs/refactoring/evidence/phase-a/a6-5/legacy-eval-asset-inventory.csv,CONFIRMED_CONSUMER,EXISTING_TECHNICAL_PATH,NOT_ELIGIBLE_CONSUMER_PRESENT,EXISTING_TECHNICAL_DISPOSITION_CONFIRMED;NON_ADOPTION_DOES_NOT_APPLY,BOARD_RECORDED,E01 board recorded from inventory metadata only; clinical body not read; physical deletion not authorized; E02 not executed.
MODEL-007,ocr-service/app/services/ocr_service.py,NON_CLINICAL_RETAINED,P1,MED,NO,NO,P0_P1,NON_CLINICAL_RETAINED,MAP,TECHNICAL_PATH_PRESERVED,architecture,architecture|governance-boundary,docs/refactoring/plans/phase-a/a6-5/a6-5-legacy-asset-inventory.csv;docs/refactoring/plans/phase-a/a6-5/a6-5-legacy-clinical-non-adoption-strategy.md;docs/refactoring/plans/phase-a/a6-5/a6-5-e01-disposition-board.csv;docs/refactoring/evidence/phase-a/a6-5/legacy-eval-asset-inventory.csv,CONFIRMED_CONSUMER,EXISTING_TECHNICAL_PATH,NOT_ELIGIBLE_CONSUMER_PRESENT,EXISTING_TECHNICAL_DISPOSITION_CONFIRMED;NON_ADOPTION_DOES_NOT_APPLY,BOARD_RECORDED,E01 board recorded from inventory metadata only; clinical body not read; physical deletion not authorized; E02 not executed.
MODEL-008,DRKnows-main/generate_CUI_embedding.py,NON_CLINICAL_RETAINED,P1,MED,NO,NO,P0_P1,NON_CLINICAL_RETAINED,MAP,TECHNICAL_PATH_PRESERVED,architecture,architecture|governance-boundary,docs/refactoring/plans/phase-a/a6-5/a6-5-legacy-asset-inventory.csv;docs/refactoring/plans/phase-a/a6-5/a6-5-legacy-clinical-non-adoption-strategy.md;docs/refactoring/plans/phase-a/a6-5/a6-5-e01-disposition-board.csv;docs/refactoring/evidence/phase-a/a6-5/legacy-eval-asset-inventory.csv,EVIDENCE_ONLY,EXISTING_TECHNICAL_PATH,DEFERRED_SEPARATE_AUTHORIZATION,EXISTING_TECHNICAL_DISPOSITION_CONFIRMED;NON_ADOPTION_DOES_NOT_APPLY,BOARD_RECORDED,E01 board recorded from inventory metadata only; clinical body not read; physical deletion not authorized; E02 not executed.
MODEL-009,docker-compose.yml,NON_CLINICAL_RETAINED,P1,MED,NO,NO,P0_P1,NON_CLINICAL_RETAINED,MAP,TECHNICAL_PATH_PRESERVED,architecture,architecture|governance-boundary,docs/refactoring/plans/phase-a/a6-5/a6-5-legacy-asset-inventory.csv;docs/refactoring/plans/phase-a/a6-5/a6-5-legacy-clinical-non-adoption-strategy.md;docs/refactoring/plans/phase-a/a6-5/a6-5-e01-disposition-board.csv;docs/refactoring/evidence/phase-a/a6-5/legacy-eval-asset-inventory.csv,MAY_STILL_EXIST,EXISTING_TECHNICAL_PATH,NOT_ELIGIBLE_CONSUMER_PRESENT,EXISTING_TECHNICAL_DISPOSITION_CONFIRMED;NON_ADOPTION_DOES_NOT_APPLY,BOARD_RECORDED,E01 board recorded from inventory metadata only; clinical body not read; physical deletion not authorized; E02 not executed.
PHI-001,diagnosis-service runtime DB entities CDP/DiagnosisRecord/etc,PHI_CAPABLE_PATH,P0,HIGH,NO,NO,P0_P1+HIGH_CLINICAL_RELEVANCE,QUARANTINED_PHI,QUARANTINE,NOT_AUTHORITY,security,security|privacy,docs/refactoring/plans/phase-a/a6-5/a6-5-legacy-asset-inventory.csv;docs/refactoring/plans/phase-a/a6-5/a6-5-legacy-clinical-non-adoption-strategy.md;docs/refactoring/plans/phase-a/a6-5/a6-5-e01-disposition-board.csv;docs/refactoring/evidence/phase-a/a6-5/a6-5-b-governance-evidence.csv,MAY_STILL_EXIST,GOVERNANCE_PATH_ONLY,NOT_ELIGIBLE_CONSUMER_PRESENT,EXISTING_QUARANTINE;PATH_LEVEL_ONLY;NO_PHI_CONTENT_READ,BOARD_RECORDED,E01 board recorded from inventory metadata only; clinical body not read; physical deletion not authorized; E02 not executed. PHI path-level quarantine retained; no content inspection.
PHI-002,examination-service uploads/reports/{userId}/,PHI_CAPABLE_PATH,P0,HIGH,NO,NO,P0_P1+HIGH_CLINICAL_RELEVANCE,QUARANTINED_PHI,QUARANTINE,NOT_AUTHORITY,security,security|privacy,docs/refactoring/plans/phase-a/a6-5/a6-5-legacy-asset-inventory.csv;docs/refactoring/plans/phase-a/a6-5/a6-5-legacy-clinical-non-adoption-strategy.md;docs/refactoring/plans/phase-a/a6-5/a6-5-e01-disposition-board.csv;docs/refactoring/evidence/phase-a/a6-5/a6-5-b-governance-evidence.csv,MAY_STILL_EXIST,GOVERNANCE_PATH_ONLY,NOT_ELIGIBLE_CONSUMER_PRESENT,EXISTING_QUARANTINE;PATH_LEVEL_ONLY;NO_PHI_CONTENT_READ,BOARD_RECORDED,E01 board recorded from inventory metadata only; clinical body not read; physical deletion not authorized; E02 not executed. PHI path-level quarantine retained; no content inspection.
PHI-003,dialog-service Redis key dialog:context:{cdp_id},PHI_CAPABLE_PATH,P0,HIGH,NO,NO,P0_P1+HIGH_CLINICAL_RELEVANCE,QUARANTINED_PHI,QUARANTINE,NOT_AUTHORITY,security,security|privacy,docs/refactoring/plans/phase-a/a6-5/a6-5-legacy-asset-inventory.csv;docs/refactoring/plans/phase-a/a6-5/a6-5-legacy-clinical-non-adoption-strategy.md;docs/refactoring/plans/phase-a/a6-5/a6-5-e01-disposition-board.csv;docs/refactoring/evidence/phase-a/a6-5/a6-5-b-governance-evidence.csv,MAY_STILL_EXIST,GOVERNANCE_PATH_ONLY,NOT_ELIGIBLE_CONSUMER_PRESENT,EXISTING_QUARANTINE;PATH_LEVEL_ONLY;NO_PHI_CONTENT_READ,BOARD_RECORDED,E01 board recorded from inventory metadata only; clinical body not read; physical deletion not authorized; E02 not executed. PHI path-level quarantine retained; no content inspection.
PHI-004,ocr-service input/output buffers,PHI_CAPABLE_PATH,P0,HIGH,NO,NO,P0_P1+HIGH_CLINICAL_RELEVANCE,QUARANTINED_PHI,QUARANTINE,NOT_AUTHORITY,security,security|privacy,docs/refactoring/plans/phase-a/a6-5/a6-5-legacy-asset-inventory.csv;docs/refactoring/plans/phase-a/a6-5/a6-5-legacy-clinical-non-adoption-strategy.md;docs/refactoring/plans/phase-a/a6-5/a6-5-e01-disposition-board.csv;docs/refactoring/evidence/phase-a/a6-5/a6-5-b-governance-evidence.csv,MAY_STILL_EXIST,GOVERNANCE_PATH_ONLY,NOT_ELIGIBLE_CONSUMER_PRESENT,EXISTING_QUARANTINE;PATH_LEVEL_ONLY;NO_PHI_CONTENT_READ,BOARD_RECORDED,E01 board recorded from inventory metadata only; clinical body not read; physical deletion not authorized; E02 not executed. PHI path-level quarantine retained; no content inspection.
PHI-005,execution-trace-service ExecutionTrace store,PHI_CAPABLE_PATH,P0,HIGH,NO,NO,P0_P1+HIGH_CLINICAL_RELEVANCE,QUARANTINED_PHI,QUARANTINE,NOT_AUTHORITY,security,security|privacy,docs/refactoring/plans/phase-a/a6-5/a6-5-legacy-asset-inventory.csv;docs/refactoring/plans/phase-a/a6-5/a6-5-legacy-clinical-non-adoption-strategy.md;docs/refactoring/plans/phase-a/a6-5/a6-5-e01-disposition-board.csv;docs/refactoring/evidence/phase-a/a6-5/a6-5-b-governance-evidence.csv,MAY_STILL_EXIST,GOVERNANCE_PATH_ONLY,NOT_ELIGIBLE_CONSUMER_PRESENT,EXISTING_QUARANTINE;PATH_LEVEL_ONLY;NO_PHI_CONTENT_READ,BOARD_RECORDED,E01 board recorded from inventory metadata only; clinical body not read; physical deletion not authorized; E02 not executed. PHI path-level quarantine retained; no content inspection.
PHI-006,frontend/src/components/cdp-visualization/,PHI_CAPABLE_PATH,P0,HIGH,NO,NO,P0_P1+HIGH_CLINICAL_RELEVANCE,QUARANTINED_PHI,QUARANTINE,NOT_AUTHORITY,security,security|privacy,docs/refactoring/plans/phase-a/a6-5/a6-5-legacy-asset-inventory.csv;docs/refactoring/plans/phase-a/a6-5/a6-5-legacy-clinical-non-adoption-strategy.md;docs/refactoring/plans/phase-a/a6-5/a6-5-e01-disposition-board.csv;docs/refactoring/evidence/phase-a/a6-5/a6-5-b-governance-evidence.csv,MAY_STILL_EXIST,GOVERNANCE_PATH_ONLY,NOT_ELIGIBLE_CONSUMER_PRESENT,EXISTING_QUARANTINE;PATH_LEVEL_ONLY;NO_PHI_CONTENT_READ,BOARD_RECORDED,E01 board recorded from inventory metadata only; clinical body not read; physical deletion not authorized; E02 not executed. PHI path-level quarantine retained; no content inspection.
PROMPT-001,common/aidoctor_llm/prompt_manager.py,LEGACY_CLINICAL_PROMPT,P0,HIGH,YES,YES,P0_P1+CLINICAL_LOGIC+HIGH_CLINICAL_RELEVANCE+HISTORICAL_SEED,LEGACY_CLINICAL,KEEP_READ_ONLY,REJECT_FOR_NEW_RUNTIME,governance,governance-boundary|legal,docs/refactoring/plans/phase-a/a6-5/a6-5-legacy-asset-inventory.csv;docs/refactoring/plans/phase-a/a6-5/a6-5-legacy-clinical-non-adoption-strategy.md;docs/refactoring/plans/phase-a/a6-5/a6-5-e01-disposition-board.csv;docs/refactoring/evidence/phase-a/a6-5/a6-5-b-governance-evidence.csv,CONFIRMED_CONSUMER,FUTURE_REBUILD_REQUIRED,NOT_ELIGIBLE_CONSUMER_PRESENT,A6.5-NONADOPT-001;INVENTORY_METADATA;NO_CLINICAL_BODY_READ,BOARD_RECORDED,E01 board recorded from inventory metadata only; clinical body not read; physical deletion not authorized; E02 not executed.
PROMPT-002,diagnosis-engine-service/app/utils/prompt_templates.py,LEGACY_CLINICAL_PROMPT,P0,HIGH,YES,YES,P0_P1+CLINICAL_LOGIC+HIGH_CLINICAL_RELEVANCE+HISTORICAL_SEED,LEGACY_CLINICAL,KEEP_READ_ONLY,REJECT_FOR_NEW_RUNTIME,governance,governance-boundary|legal,docs/refactoring/plans/phase-a/a6-5/a6-5-legacy-asset-inventory.csv;docs/refactoring/plans/phase-a/a6-5/a6-5-legacy-clinical-non-adoption-strategy.md;docs/refactoring/plans/phase-a/a6-5/a6-5-e01-disposition-board.csv;docs/refactoring/evidence/phase-a/a6-5/a6-5-b-governance-evidence.csv,CONFIRMED_CONSUMER,FUTURE_REBUILD_REQUIRED,NOT_ELIGIBLE_CONSUMER_PRESENT,A6.5-NONADOPT-001;INVENTORY_METADATA;NO_CLINICAL_BODY_READ,BOARD_RECORDED,E01 board recorded from inventory metadata only; clinical body not read; physical deletion not authorized; E02 not executed.
PROMPT-003,diagnosis-engine-service/app/config/prompt_templates/diagnosis_reasoning.jinja2,LEGACY_CLINICAL_PROMPT,P0,HIGH,YES,YES,P0_P1+CLINICAL_LOGIC+HIGH_CLINICAL_RELEVANCE+HISTORICAL_SEED,LEGACY_CLINICAL,KEEP_READ_ONLY,REJECT_FOR_NEW_RUNTIME,governance,governance-boundary|legal,docs/refactoring/plans/phase-a/a6-5/a6-5-legacy-asset-inventory.csv;docs/refactoring/plans/phase-a/a6-5/a6-5-legacy-clinical-non-adoption-strategy.md;docs/refactoring/plans/phase-a/a6-5/a6-5-e01-disposition-board.csv;docs/refactoring/evidence/phase-a/a6-5/a6-5-b-governance-evidence.csv,CONFIRMED_CONSUMER,FUTURE_REBUILD_REQUIRED,NOT_ELIGIBLE_CONSUMER_PRESENT,A6.5-NONADOPT-001;INVENTORY_METADATA;NO_CLINICAL_BODY_READ,BOARD_RECORDED,E01 board recorded from inventory metadata only; clinical body not read; physical deletion not authorized; E02 not executed.
PROMPT-004,diagnosis-engine-service/app/config/prompt_templates/path_injection.jinja2,LEGACY_CLINICAL_PROMPT,P0,HIGH,YES,YES,P0_P1+CLINICAL_LOGIC+HIGH_CLINICAL_RELEVANCE+HISTORICAL_SEED,LEGACY_CLINICAL,KEEP_READ_ONLY,REJECT_FOR_NEW_RUNTIME,governance,governance-boundary|legal,docs/refactoring/plans/phase-a/a6-5/a6-5-legacy-asset-inventory.csv;docs/refactoring/plans/phase-a/a6-5/a6-5-legacy-clinical-non-adoption-strategy.md;docs/refactoring/plans/phase-a/a6-5/a6-5-e01-disposition-board.csv;docs/refactoring/evidence/phase-a/a6-5/a6-5-b-governance-evidence.csv,CONFIRMED_CONSUMER,FUTURE_REBUILD_REQUIRED,NOT_ELIGIBLE_CONSUMER_PRESENT,A6.5-NONADOPT-001;INVENTORY_METADATA;NO_CLINICAL_BODY_READ,BOARD_RECORDED,E01 board recorded from inventory metadata only; clinical body not read; physical deletion not authorized; E02 not executed.
PROMPT-005,diagnosis-engine-service/app/config/prompt_templates/question_generation.jinja2,LEGACY_CLINICAL_PROMPT,P1,MED,YES,NO,P0_P1+CLINICAL_LOGIC,LEGACY_CLINICAL,KEEP_READ_ONLY,REJECT_FOR_NEW_RUNTIME,governance,governance-boundary|legal,docs/refactoring/plans/phase-a/a6-5/a6-5-legacy-asset-inventory.csv;docs/refactoring/plans/phase-a/a6-5/a6-5-legacy-clinical-non-adoption-strategy.md;docs/refactoring/plans/phase-a/a6-5/a6-5-e01-disposition-board.csv;docs/refactoring/evidence/phase-a/a6-5/a6-5-b-governance-evidence.csv,CONFIRMED_CONSUMER,FUTURE_REBUILD_REQUIRED,NOT_ELIGIBLE_CONSUMER_PRESENT,A6.5-NONADOPT-001;INVENTORY_METADATA;NO_CLINICAL_BODY_READ,BOARD_RECORDED,E01 board recorded from inventory metadata only; clinical body not read; physical deletion not authorized; E02 not executed.
PROMPT-006,diagnosis-engine-service/app/config/prompt_templates/explanation_generation.jinja2,LEGACY_CLINICAL_PROMPT,P1,MED,YES,NO,P0_P1+CLINICAL_LOGIC,LEGACY_CLINICAL,KEEP_READ_ONLY,REJECT_FOR_NEW_RUNTIME,governance,governance-boundary|legal,docs/refactoring/plans/phase-a/a6-5/a6-5-legacy-asset-inventory.csv;docs/refactoring/plans/phase-a/a6-5/a6-5-legacy-clinical-non-adoption-strategy.md;docs/refactoring/plans/phase-a/a6-5/a6-5-e01-disposition-board.csv;docs/refactoring/evidence/phase-a/a6-5/a6-5-b-governance-evidence.csv,CONFIRMED_CONSUMER,FUTURE_REBUILD_REQUIRED,NOT_ELIGIBLE_CONSUMER_PRESENT,A6.5-NONADOPT-001;INVENTORY_METADATA;NO_CLINICAL_BODY_READ,BOARD_RECORDED,E01 board recorded from inventory metadata only; clinical body not read; physical deletion not authorized; E02 not executed.
PROMPT-007,diagnosis-engine-service/app/config/prompt_templates/templates.yaml,LEGACY_CLINICAL_PROMPT,P1,MED,YES,NO,P0_P1+CLINICAL_LOGIC,LEGACY_CLINICAL,KEEP_READ_ONLY,REJECT_FOR_NEW_RUNTIME,governance,governance-boundary|legal,docs/refactoring/plans/phase-a/a6-5/a6-5-legacy-asset-inventory.csv;docs/refactoring/plans/phase-a/a6-5/a6-5-legacy-clinical-non-adoption-strategy.md;docs/refactoring/plans/phase-a/a6-5/a6-5-e01-disposition-board.csv;docs/refactoring/evidence/phase-a/a6-5/a6-5-b-governance-evidence.csv,CONFIRMED_CONSUMER,FUTURE_REBUILD_REQUIRED,NOT_ELIGIBLE_CONSUMER_PRESENT,A6.5-NONADOPT-001;INVENTORY_METADATA;NO_CLINICAL_BODY_READ,BOARD_RECORDED,E01 board recorded from inventory metadata only; clinical body not read; physical deletion not authorized; E02 not executed.
PROMPT-008,health-state-assessment-service/app/services/nlu/prompt_manager.py,LEGACY_CLINICAL_PROMPT,P0,HIGH,YES,YES,P0_P1+CLINICAL_LOGIC+HIGH_CLINICAL_RELEVANCE+HISTORICAL_SEED,LEGACY_CLINICAL,KEEP_READ_ONLY,REJECT_FOR_NEW_RUNTIME,governance,governance-boundary|legal,docs/refactoring/plans/phase-a/a6-5/a6-5-legacy-asset-inventory.csv;docs/refactoring/plans/phase-a/a6-5/a6-5-legacy-clinical-non-adoption-strategy.md;docs/refactoring/plans/phase-a/a6-5/a6-5-e01-disposition-board.csv;docs/refactoring/evidence/phase-a/a6-5/a6-5-b-governance-evidence.csv,CONFIRMED_CONSUMER,FUTURE_REBUILD_REQUIRED,NOT_ELIGIBLE_CONSUMER_PRESENT,A6.5-NONADOPT-001;INVENTORY_METADATA;NO_CLINICAL_BODY_READ,BOARD_RECORDED,E01 board recorded from inventory metadata only; clinical body not read; physical deletion not authorized; E02 not executed.
PROMPT-009,dialog-service/app/utils/prompt_manager.py,LEGACY_CLINICAL_PROMPT,P1,MED,YES,NO,P0_P1+CLINICAL_LOGIC,LEGACY_CLINICAL,KEEP_READ_ONLY,REJECT_FOR_NEW_RUNTIME,governance,governance-boundary|legal,docs/refactoring/plans/phase-a/a6-5/a6-5-legacy-asset-inventory.csv;docs/refactoring/plans/phase-a/a6-5/a6-5-legacy-clinical-non-adoption-strategy.md;docs/refactoring/plans/phase-a/a6-5/a6-5-e01-disposition-board.csv;docs/refactoring/evidence/phase-a/a6-5/a6-5-b-governance-evidence.csv,CONFIRMED_CONSUMER,FUTURE_REBUILD_REQUIRED,NOT_ELIGIBLE_CONSUMER_PRESENT,A6.5-NONADOPT-001;INVENTORY_METADATA;NO_CLINICAL_BODY_READ,BOARD_RECORDED,E01 board recorded from inventory metadata only; clinical body not read; physical deletion not authorized; E02 not executed.
PROMPT-010,dialog-service/app/core/nlu.py,LEGACY_CLINICAL_PROMPT,P1,MED,YES,NO,P0_P1+CLINICAL_LOGIC,LEGACY_CLINICAL,KEEP_READ_ONLY,REJECT_FOR_NEW_RUNTIME,governance,governance-boundary|legal,docs/refactoring/plans/phase-a/a6-5/a6-5-legacy-asset-inventory.csv;docs/refactoring/plans/phase-a/a6-5/a6-5-legacy-clinical-non-adoption-strategy.md;docs/refactoring/plans/phase-a/a6-5/a6-5-e01-disposition-board.csv;docs/refactoring/evidence/phase-a/a6-5/a6-5-b-governance-evidence.csv,CONFIRMED_CONSUMER,FUTURE_REBUILD_REQUIRED,NOT_ELIGIBLE_CONSUMER_PRESENT,A6.5-NONADOPT-001;INVENTORY_METADATA;NO_CLINICAL_BODY_READ,BOARD_RECORDED,E01 board recorded from inventory metadata only; clinical body not read; physical deletion not authorized; E02 not executed.
PROMPT-011,explanation-service/app/builders/explanation_generator.py,LEGACY_CLINICAL_PROMPT,P1,MED,YES,NO,P0_P1+CLINICAL_LOGIC,LEGACY_CLINICAL,KEEP_READ_ONLY,REJECT_FOR_NEW_RUNTIME,governance,governance-boundary|legal,docs/refactoring/plans/phase-a/a6-5/a6-5-legacy-asset-inventory.csv;docs/refactoring/plans/phase-a/a6-5/a6-5-legacy-clinical-non-adoption-strategy.md;docs/refactoring/plans/phase-a/a6-5/a6-5-e01-disposition-board.csv;docs/refactoring/evidence/phase-a/a6-5/a6-5-b-governance-evidence.csv,CONFIRMED_CONSUMER,FUTURE_REBUILD_REQUIRED,NOT_ELIGIBLE_CONSUMER_PRESENT,A6.5-NONADOPT-001;INVENTORY_METADATA;NO_CLINICAL_BODY_READ,BOARD_RECORDED,E01 board recorded from inventory metadata only; clinical body not read; physical deletion not authorized; E02 not executed.
WF-001,diagnosis-service/src/main/java/com/aidoctor/diagnosis/service/orchestration/DiagnosisWorkflowOrchestrator.java,NON_CLINICAL_RETAINED,P0,MED,NO,NO,P0_P1,NON_CLINICAL_RETAINED,ADAPT,TECHNICAL_PATH_PRESERVED,architecture,architecture|governance-boundary,docs/refactoring/plans/phase-a/a6-5/a6-5-legacy-asset-inventory.csv;docs/refactoring/plans/phase-a/a6-5/a6-5-legacy-clinical-non-adoption-strategy.md;docs/refactoring/plans/phase-a/a6-5/a6-5-e01-disposition-board.csv;docs/refactoring/evidence/phase-a/a6-5/legacy-eval-asset-inventory.csv,CONFIRMED_CONSUMER,EXISTING_TECHNICAL_PATH,NOT_ELIGIBLE_CONSUMER_PRESENT,EXISTING_TECHNICAL_DISPOSITION_CONFIRMED;NON_ADOPTION_DOES_NOT_APPLY,BOARD_RECORDED,E01 board recorded from inventory metadata only; clinical body not read; physical deletion not authorized; E02 not executed.
WF-002,diagnosis-service/src/main/java/com/aidoctor/diagnosis/agent/AgentLoop.java,NON_CLINICAL_RETAINED,P0,MED,NO,NO,P0_P1,NON_CLINICAL_RETAINED,ADAPT,TECHNICAL_PATH_PRESERVED,architecture,architecture|governance-boundary,docs/refactoring/plans/phase-a/a6-5/a6-5-legacy-asset-inventory.csv;docs/refactoring/plans/phase-a/a6-5/a6-5-legacy-clinical-non-adoption-strategy.md;docs/refactoring/plans/phase-a/a6-5/a6-5-e01-disposition-board.csv;docs/refactoring/evidence/phase-a/a6-5/legacy-eval-asset-inventory.csv,CONFIRMED_CONSUMER,EXISTING_TECHNICAL_PATH,NOT_ELIGIBLE_CONSUMER_PRESENT,EXISTING_TECHNICAL_DISPOSITION_CONFIRMED;NON_ADOPTION_DOES_NOT_APPLY,BOARD_RECORDED,E01 board recorded from inventory metadata only; clinical body not read; physical deletion not authorized; E02 not executed.
WF-003,diagnosis-service/src/main/java/com/aidoctor/diagnosis/agent/ClinicalAgentBrain.java,NON_CLINICAL_RETAINED,P0,HIGH,NO,NO,P0_P1+HIGH_CLINICAL_RELEVANCE,NON_CLINICAL_RETAINED,ADAPT,REJECT_FOR_NEW_RUNTIME,architecture,architecture|governance-boundary,docs/refactoring/plans/phase-a/a6-5/a6-5-legacy-asset-inventory.csv;docs/refactoring/plans/phase-a/a6-5/a6-5-legacy-clinical-non-adoption-strategy.md;docs/refactoring/plans/phase-a/a6-5/a6-5-e01-disposition-board.csv;docs/refactoring/evidence/phase-a/a6-5/legacy-eval-asset-inventory.csv,CONFIRMED_CONSUMER,TECHNICAL_ADAPT_PRESERVED_CLINICAL_AUTHORITY_REJECTED,NOT_ELIGIBLE_CONSUMER_PRESENT,NON_CLINICAL_ADAPT_PRESERVED;CLINICAL_AUTHORITY_REJECTED,BOARD_RECORDED,E01 board recorded from inventory metadata only; clinical body not read; physical deletion not authorized; E02 not executed.
WF-004,diagnosis-service/src/main/java/com/aidoctor/diagnosis/entity/CDP.java,NON_CLINICAL_RETAINED,P0,MED,NO,NO,P0_P1,NON_CLINICAL_RETAINED,ADAPT,TECHNICAL_PATH_PRESERVED,architecture,architecture|governance-boundary,docs/refactoring/plans/phase-a/a6-5/a6-5-legacy-asset-inventory.csv;docs/refactoring/plans/phase-a/a6-5/a6-5-legacy-clinical-non-adoption-strategy.md;docs/refactoring/plans/phase-a/a6-5/a6-5-e01-disposition-board.csv;docs/refactoring/evidence/phase-a/a6-5/legacy-eval-asset-inventory.csv,CONFIRMED_CONSUMER,EXISTING_TECHNICAL_PATH,NOT_ELIGIBLE_CONSUMER_PRESENT,EXISTING_TECHNICAL_DISPOSITION_CONFIRMED;NON_ADOPTION_DOES_NOT_APPLY,BOARD_RECORDED,E01 board recorded from inventory metadata only; clinical body not read; physical deletion not authorized; E02 not executed.
WF-005,diagnosis-service/src/main/java/com/aidoctor/diagnosis/entity/CDPVersion.java,NON_CLINICAL_RETAINED,P0,MED,NO,NO,P0_P1,NON_CLINICAL_RETAINED,ADAPT,TECHNICAL_PATH_PRESERVED,architecture,architecture|governance-boundary,docs/refactoring/plans/phase-a/a6-5/a6-5-legacy-asset-inventory.csv;docs/refactoring/plans/phase-a/a6-5/a6-5-legacy-clinical-non-adoption-strategy.md;docs/refactoring/plans/phase-a/a6-5/a6-5-e01-disposition-board.csv;docs/refactoring/evidence/phase-a/a6-5/legacy-eval-asset-inventory.csv,CONFIRMED_CONSUMER,EXISTING_TECHNICAL_PATH,NOT_ELIGIBLE_CONSUMER_PRESENT,EXISTING_TECHNICAL_DISPOSITION_CONFIRMED;NON_ADOPTION_DOES_NOT_APPLY,BOARD_RECORDED,E01 board recorded from inventory metadata only; clinical body not read; physical deletion not authorized; E02 not executed.
WF-006,diagnosis-service/src/main/java/com/aidoctor/diagnosis/entity/AgentState.java,NON_CLINICAL_RETAINED,P0,MED,NO,NO,P0_P1,NON_CLINICAL_RETAINED,ADAPT,TECHNICAL_PATH_PRESERVED,architecture,architecture|governance-boundary,docs/refactoring/plans/phase-a/a6-5/a6-5-legacy-asset-inventory.csv;docs/refactoring/plans/phase-a/a6-5/a6-5-legacy-clinical-non-adoption-strategy.md;docs/refactoring/plans/phase-a/a6-5/a6-5-e01-disposition-board.csv;docs/refactoring/evidence/phase-a/a6-5/legacy-eval-asset-inventory.csv,CONFIRMED_CONSUMER,EXISTING_TECHNICAL_PATH,NOT_ELIGIBLE_CONSUMER_PRESENT,EXISTING_TECHNICAL_DISPOSITION_CONFIRMED;NON_ADOPTION_DOES_NOT_APPLY,BOARD_RECORDED,E01 board recorded from inventory metadata only; clinical body not read; physical deletion not authorized; E02 not executed.
WF-007,diagnosis-service/src/main/java/com/aidoctor/diagnosis/entity/AuditTrail.java,NON_CLINICAL_RETAINED,P0,MED,NO,NO,P0_P1,NON_CLINICAL_RETAINED,ADAPT,TECHNICAL_PATH_PRESERVED,architecture,architecture|governance-boundary,docs/refactoring/plans/phase-a/a6-5/a6-5-legacy-asset-inventory.csv;docs/refactoring/plans/phase-a/a6-5/a6-5-legacy-clinical-non-adoption-strategy.md;docs/refactoring/plans/phase-a/a6-5/a6-5-e01-disposition-board.csv;docs/refactoring/evidence/phase-a/a6-5/legacy-eval-asset-inventory.csv,CONFIRMED_CONSUMER,EXISTING_TECHNICAL_PATH,NOT_ELIGIBLE_CONSUMER_PRESENT,EXISTING_TECHNICAL_DISPOSITION_CONFIRMED;NON_ADOPTION_DOES_NOT_APPLY,BOARD_RECORDED,E01 board recorded from inventory metadata only; clinical body not read; physical deletion not authorized; E02 not executed.
WF-008,diagnosis-service/src/main/java/com/aidoctor/diagnosis/service/cdp/CDPManager.java,NON_CLINICAL_RETAINED,P0,MED,NO,NO,P0_P1,NON_CLINICAL_RETAINED,ADAPT,TECHNICAL_PATH_PRESERVED,architecture,architecture|governance-boundary,docs/refactoring/plans/phase-a/a6-5/a6-5-legacy-asset-inventory.csv;docs/refactoring/plans/phase-a/a6-5/a6-5-legacy-clinical-non-adoption-strategy.md;docs/refactoring/plans/phase-a/a6-5/a6-5-e01-disposition-board.csv;docs/refactoring/evidence/phase-a/a6-5/legacy-eval-asset-inventory.csv,CONFIRMED_CONSUMER,EXISTING_TECHNICAL_PATH,NOT_ELIGIBLE_CONSUMER_PRESENT,EXISTING_TECHNICAL_DISPOSITION_CONFIRMED;NON_ADOPTION_DOES_NOT_APPLY,BOARD_RECORDED,E01 board recorded from inventory metadata only; clinical body not read; physical deletion not authorized; E02 not executed.
WF-009,diagnosis-service/src/main/java/com/aidoctor/diagnosis/service/agent_state/AgentStateManager.java,NON_CLINICAL_RETAINED,P0,MED,NO,NO,P0_P1,NON_CLINICAL_RETAINED,ADAPT,TECHNICAL_PATH_PRESERVED,architecture,architecture|governance-boundary,docs/refactoring/plans/phase-a/a6-5/a6-5-legacy-asset-inventory.csv;docs/refactoring/plans/phase-a/a6-5/a6-5-legacy-clinical-non-adoption-strategy.md;docs/refactoring/plans/phase-a/a6-5/a6-5-e01-disposition-board.csv;docs/refactoring/evidence/phase-a/a6-5/legacy-eval-asset-inventory.csv,CONFIRMED_CONSUMER,EXISTING_TECHNICAL_PATH,NOT_ELIGIBLE_CONSUMER_PRESENT,EXISTING_TECHNICAL_DISPOSITION_CONFIRMED;NON_ADOPTION_DOES_NOT_APPLY,BOARD_RECORDED,E01 board recorded from inventory metadata only; clinical body not read; physical deletion not authorized; E02 not executed.
WF-010,diagnosis-service/src/main/java/com/aidoctor/diagnosis/aspect/ExecutionTraceAspect.java,NON_CLINICAL_RETAINED,P0,MED,NO,NO,P0_P1,NON_CLINICAL_RETAINED,ADAPT,TECHNICAL_PATH_PRESERVED,architecture,architecture|governance-boundary,docs/refactoring/plans/phase-a/a6-5/a6-5-legacy-asset-inventory.csv;docs/refactoring/plans/phase-a/a6-5/a6-5-legacy-clinical-non-adoption-strategy.md;docs/refactoring/plans/phase-a/a6-5/a6-5-e01-disposition-board.csv;docs/refactoring/evidence/phase-a/a6-5/legacy-eval-asset-inventory.csv,CONFIRMED_CONSUMER,EXISTING_TECHNICAL_PATH,NOT_ELIGIBLE_CONSUMER_PRESENT,EXISTING_TECHNICAL_DISPOSITION_CONFIRMED;NON_ADOPTION_DOES_NOT_APPLY,BOARD_RECORDED,E01 board recorded from inventory metadata only; clinical body not read; physical deletion not authorized; E02 not executed.
WF-011,diagnosis-service/src/main/java/com/aidoctor/diagnosis/annotation/TraceExecution.java,NON_CLINICAL_RETAINED,P0,MED,NO,NO,P0_P1,NON_CLINICAL_RETAINED,ADAPT,TECHNICAL_PATH_PRESERVED,architecture,architecture|governance-boundary,docs/refactoring/plans/phase-a/a6-5/a6-5-legacy-asset-inventory.csv;docs/refactoring/plans/phase-a/a6-5/a6-5-legacy-clinical-non-adoption-strategy.md;docs/refactoring/plans/phase-a/a6-5/a6-5-e01-disposition-board.csv;docs/refactoring/evidence/phase-a/a6-5/legacy-eval-asset-inventory.csv,CONFIRMED_CONSUMER,EXISTING_TECHNICAL_PATH,NOT_ELIGIBLE_CONSUMER_PRESENT,EXISTING_TECHNICAL_DISPOSITION_CONFIRMED;NON_ADOPTION_DOES_NOT_APPLY,BOARD_RECORDED,E01 board recorded from inventory metadata only; clinical body not read; physical deletion not authorized; E02 not executed.
WF-012,diagnosis-service/src/main/java/com/aidoctor/diagnosis/config/FeignTraceInterceptor.java,NON_CLINICAL_RETAINED,P0,MED,NO,NO,P0_P1,NON_CLINICAL_RETAINED,ADAPT,TECHNICAL_PATH_PRESERVED,architecture,architecture|governance-boundary,docs/refactoring/plans/phase-a/a6-5/a6-5-legacy-asset-inventory.csv;docs/refactoring/plans/phase-a/a6-5/a6-5-legacy-clinical-non-adoption-strategy.md;docs/refactoring/plans/phase-a/a6-5/a6-5-e01-disposition-board.csv;docs/refactoring/evidence/phase-a/a6-5/legacy-eval-asset-inventory.csv,CONFIRMED_CONSUMER,EXISTING_TECHNICAL_PATH,NOT_ELIGIBLE_CONSUMER_PRESENT,EXISTING_TECHNICAL_DISPOSITION_CONFIRMED;NON_ADOPTION_DOES_NOT_APPLY,BOARD_RECORDED,E01 board recorded from inventory metadata only; clinical body not read; physical deletion not authorized; E02 not executed.
WF-013,execution-trace-service/src/main/java/com/aidoctor/trace/entity/ExecutionTrace.java,NON_CLINICAL_RETAINED,P0,MED,NO,NO,P0_P1,NON_CLINICAL_RETAINED,ADAPT,TECHNICAL_PATH_PRESERVED,architecture,architecture|governance-boundary,docs/refactoring/plans/phase-a/a6-5/a6-5-legacy-asset-inventory.csv;docs/refactoring/plans/phase-a/a6-5/a6-5-legacy-clinical-non-adoption-strategy.md;docs/refactoring/plans/phase-a/a6-5/a6-5-e01-disposition-board.csv;docs/refactoring/evidence/phase-a/a6-5/legacy-eval-asset-inventory.csv,CONFIRMED_CONSUMER,EXISTING_TECHNICAL_PATH,NOT_ELIGIBLE_CONSUMER_PRESENT,EXISTING_TECHNICAL_DISPOSITION_CONFIRMED;NON_ADOPTION_DOES_NOT_APPLY,BOARD_RECORDED,E01 board recorded from inventory metadata only; clinical body not read; physical deletion not authorized; E02 not executed.
WF-014,diagnosis-service/src/main/resources/db/migration/V1__create_agent_state_and_audit_trail.sql,NON_CLINICAL_RETAINED,P1,MED,NO,NO,P0_P1,NON_CLINICAL_RETAINED,ADAPT,TECHNICAL_PATH_PRESERVED,architecture,architecture|governance-boundary,docs/refactoring/plans/phase-a/a6-5/a6-5-legacy-asset-inventory.csv;docs/refactoring/plans/phase-a/a6-5/a6-5-legacy-clinical-non-adoption-strategy.md;docs/refactoring/plans/phase-a/a6-5/a6-5-e01-disposition-board.csv;docs/refactoring/evidence/phase-a/a6-5/legacy-eval-asset-inventory.csv,CONFIRMED_CONSUMER,EXISTING_TECHNICAL_PATH,NOT_ELIGIBLE_CONSUMER_PRESENT,EXISTING_TECHNICAL_DISPOSITION_CONFIRMED;NON_ADOPTION_DOES_NOT_APPLY,BOARD_RECORDED,E01 board recorded from inventory metadata only; clinical body not read; physical deletion not authorized; E02 not executed.
WF-015,diagnosis-service/src/main/java/com/aidoctor/diagnosis/dto/tool/ToolContext.java,NON_CLINICAL_RETAINED,P0,MED,NO,NO,P0_P1,NON_CLINICAL_RETAINED,ADAPT,TECHNICAL_PATH_PRESERVED,architecture,architecture|governance-boundary,docs/refactoring/plans/phase-a/a6-5/a6-5-legacy-asset-inventory.csv;docs/refactoring/plans/phase-a/a6-5/a6-5-legacy-clinical-non-adoption-strategy.md;docs/refactoring/plans/phase-a/a6-5/a6-5-e01-disposition-board.csv;docs/refactoring/evidence/phase-a/a6-5/legacy-eval-asset-inventory.csv,CONFIRMED_CONSUMER,EXISTING_TECHNICAL_PATH,NOT_ELIGIBLE_CONSUMER_PRESENT,EXISTING_TECHNICAL_DISPOSITION_CONFIRMED;NON_ADOPTION_DOES_NOT_APPLY,BOARD_RECORDED,E01 board recorded from inventory metadata only; clinical body not read; physical deletion not authorized; E02 not executed.
WF-016,diagnosis-service/src/main/java/com/aidoctor/diagnosis/dto/tool/ToolResult.java,NON_CLINICAL_RETAINED,P0,MED,NO,NO,P0_P1,NON_CLINICAL_RETAINED,ADAPT,TECHNICAL_PATH_PRESERVED,architecture,architecture|governance-boundary,docs/refactoring/plans/phase-a/a6-5/a6-5-legacy-asset-inventory.csv;docs/refactoring/plans/phase-a/a6-5/a6-5-legacy-clinical-non-adoption-strategy.md;docs/refactoring/plans/phase-a/a6-5/a6-5-e01-disposition-board.csv;docs/refactoring/evidence/phase-a/a6-5/legacy-eval-asset-inventory.csv,CONFIRMED_CONSUMER,EXISTING_TECHNICAL_PATH,NOT_ELIGIBLE_CONSUMER_PRESENT,EXISTING_TECHNICAL_DISPOSITION_CONFIRMED;NON_ADOPTION_DOES_NOT_APPLY,BOARD_RECORDED,E01 board recorded from inventory metadata only; clinical body not read; physical deletion not authorized; E02 not executed.
WF-017,diagnosis-service/src/main/java/com/aidoctor/diagnosis/dto/conclusion/ConclusionPackage.java,NON_CLINICAL_RETAINED,P1,HIGH,NO,NO,P0_P1+HIGH_CLINICAL_RELEVANCE,NON_CLINICAL_RETAINED,ADAPT,REJECT_FOR_NEW_RUNTIME,architecture,architecture|governance-boundary,docs/refactoring/plans/phase-a/a6-5/a6-5-legacy-asset-inventory.csv;docs/refactoring/plans/phase-a/a6-5/a6-5-legacy-clinical-non-adoption-strategy.md;docs/refactoring/plans/phase-a/a6-5/a6-5-e01-disposition-board.csv;docs/refactoring/evidence/phase-a/a6-5/legacy-eval-asset-inventory.csv,CONFIRMED_CONSUMER,TECHNICAL_ADAPT_PRESERVED_CLINICAL_AUTHORITY_REJECTED,NOT_ELIGIBLE_CONSUMER_PRESENT,NON_CLINICAL_ADAPT_PRESERVED;CLINICAL_AUTHORITY_REJECTED,BOARD_RECORDED,E01 board recorded from inventory metadata only; clinical body not read; physical deletion not authorized; E02 not executed.
