discovery_id,asset_id,path,risk_level_before,risk_level_after,path_status_before,path_status_after,risk_basis_before,risk_basis_after,phi_path_class,existence_method,reference_method,reference_paths,result,inventory_change,quarantine_status,evidence_reference,notes
DISC-001,DOC-001,docs/AI医生/项目文档/0.文档索引/全局文档索引.md,P2,P2,TRACKED_FILE,TRACKED_FILE,NON_BLOCKING_LEGACY_DEBT,NON_BLOCKING_LEGACY_DEBT,,git_cat-file_-e+git_ls_files,none,,VALIDATED_FOR_DISCOVERY,NONE,,a6-5-a-discovery-results.csv#DISC-001,Path/metadata discovery only; no content inspection
DISC-002,DOC-002,docs/AI医生/项目文档/0.文档索引/按场景索引.md,P2,P2,TRACKED_FILE,TRACKED_FILE,NON_BLOCKING_LEGACY_DEBT,NON_BLOCKING_LEGACY_DEBT,,git_cat-file_-e+git_ls_files,none,,VALIDATED_FOR_DISCOVERY,NONE,,a6-5-a-discovery-results.csv#DISC-002,Path/metadata discovery only; no content inspection
DISC-003,DOC-003,docs/AI医生/项目文档/0.文档索引/按角色索引.md,P2,P2,TRACKED_FILE,TRACKED_FILE,NON_BLOCKING_LEGACY_DEBT,NON_BLOCKING_LEGACY_DEBT,,git_cat-file_-e+git_ls_files,none,,VALIDATED_FOR_DISCOVERY,NONE,,a6-5-a-discovery-results.csv#DISC-003,Path/metadata discovery only; no content inspection
DISC-004,DOC-004,docs/AI医生/项目文档/1.系统概述/AI医生系统 - 系统定位与核心理念.md,P2,P2,TRACKED_FILE,TRACKED_FILE,NON_BLOCKING_LEGACY_DEBT,NON_BLOCKING_LEGACY_DEBT,,git_cat-file_-e+git_ls_files,none,,VALIDATED_FOR_DISCOVERY,NONE,,a6-5-a-discovery-results.csv#DISC-004,Path/metadata discovery only; no content inspection
DISC-005,DOC-005,docs/AI医生/项目文档/1.系统概述/整体架构概述.md,P2,P2,TRACKED_FILE,TRACKED_FILE,NON_BLOCKING_LEGACY_DEBT,NON_BLOCKING_LEGACY_DEBT,,git_cat-file_-e+git_ls_files,none,,VALIDATED_FOR_DISCOVERY,NONE,,a6-5-a-discovery-results.csv#DISC-005,Path/metadata discovery only; no content inspection
DISC-006,DOC-006,docs/AI医生/项目文档/1.系统概述/核心概念与术语.md,P2,P2,TRACKED_FILE,TRACKED_FILE,NON_BLOCKING_LEGACY_DEBT,NON_BLOCKING_LEGACY_DEBT,,git_cat-file_-e+git_ls_files,none,,VALIDATED_FOR_DISCOVERY,NONE,,a6-5-a-discovery-results.csv#DISC-006,Path/metadata discovery only; no content inspection
DISC-007,DOC-007,docs/AI医生/项目文档/1.系统概述/系统定位与核心理念.md,P2,P2,TRACKED_FILE,TRACKED_FILE,NON_BLOCKING_LEGACY_DEBT,NON_BLOCKING_LEGACY_DEBT,,git_cat-file_-e+git_ls_files,none,,VALIDATED_FOR_DISCOVERY,NONE,,a6-5-a-discovery-results.csv#DISC-007,Path/metadata discovery only; no content inspection
DISC-008,DOC-008,docs/AI医生/项目文档/10.实现与部署/技术栈选型.md,P2,P2,TRACKED_FILE,TRACKED_FILE,NON_BLOCKING_LEGACY_DEBT,NON_BLOCKING_LEGACY_DEBT,,git_cat-file_-e+git_ls_files,none,,VALIDATED_FOR_DISCOVERY,NONE,,a6-5-a-discovery-results.csv#DISC-008,Path/metadata discovery only; no content inspection
DISC-009,DOC-009,docs/AI医生/项目文档/10.实现与部署/环境配置指南.md,P2,P2,TRACKED_FILE,TRACKED_FILE,NON_BLOCKING_LEGACY_DEBT,NON_BLOCKING_LEGACY_DEBT,,git_cat-file_-e+git_ls_files,none,,VALIDATED_FOR_DISCOVERY,NONE,,a6-5-a-discovery-results.csv#DISC-009,Path/metadata discovery only; no content inspection
DISC-010,DOC-010,docs/AI医生/项目文档/10.实现与部署/部署架构设计.md,P2,P2,TRACKED_FILE,TRACKED_FILE,NON_BLOCKING_LEGACY_DEBT,NON_BLOCKING_LEGACY_DEBT,,git_cat-file_-e+git_ls_files,none,,VALIDATED_FOR_DISCOVERY,NONE,,a6-5-a-discovery-results.csv#DISC-010,Path/metadata discovery only; no content inspection
DISC-011,DOC-011,docs/AI医生/项目文档/10.实现与部署/项目结构设计.md,P2,P2,TRACKED_FILE,TRACKED_FILE,NON_BLOCKING_LEGACY_DEBT,NON_BLOCKING_LEGACY_DEBT,,git_cat-file_-e+git_ls_files,none,,VALIDATED_FOR_DISCOVERY,NONE,,a6-5-a-discovery-results.csv#DISC-011,Path/metadata discovery only; no content inspection
DISC-012,DOC-012,docs/AI医生/项目文档/11.错误处理与异常/异常场景处理设计.md,P1,P1,TRACKED_FILE,TRACKED_FILE,ARCHITECTURE_GOVERNANCE_BLOCKER,ARCHITECTURE_GOVERNANCE_BLOCKER,,git_cat-file_-e+git_ls_files,git_grep_-l_filename_only,docs/AI医生/项目文档/0.文档索引/全局文档索引.md;docs/AI医生/项目文档/0.文档索引/按场景索引.md;docs/AI医生/项目文档/0.文档索引/按角色索引.md;docs/AI医生/项目文档/11.错误处理与异常/错误处理策略设计.md;docs/AI医生/项目文档/7.接口规范/错误处理规范.md;docs/refactoring/plans/phase-a/a6-5/a6-5-legacy-asset-inventory.csv,VALIDATED_FOR_DISCOVERY,NONE,,a6-5-a-discovery-results.csv#DISC-012,Path/metadata discovery only; no content inspection
DISC-013,DOC-013,docs/AI医生/项目文档/11.错误处理与异常/错误处理策略设计.md,P1,P1,TRACKED_FILE,TRACKED_FILE,ARCHITECTURE_GOVERNANCE_BLOCKER,ARCHITECTURE_GOVERNANCE_BLOCKER,,git_cat-file_-e+git_ls_files,git_grep_-l_filename_only,docs/AI医生/项目文档/0.文档索引/全局文档索引.md;docs/AI医生/项目文档/0.文档索引/按场景索引.md;docs/AI医生/项目文档/0.文档索引/按角色索引.md;docs/AI医生/项目文档/11.错误处理与异常/异常场景处理设计.md;docs/AI医生/项目文档/7.接口规范/错误处理规范.md;docs/refactoring/plans/phase-a/a6-5/a6-5-legacy-asset-inventory.csv,VALIDATED_FOR_DISCOVERY,NONE,,a6-5-a-discovery-results.csv#DISC-013,Path/metadata discovery only; no content inspection
DISC-014,DOC-014,docs/AI医生/项目文档/11.错误处理与异常/错误处理规范.md,P1,P1,TRACKED_FILE,TRACKED_FILE,ARCHITECTURE_GOVERNANCE_BLOCKER,ARCHITECTURE_GOVERNANCE_BLOCKER,,git_cat-file_-e+git_ls_files,git_grep_-l_filename_only,clinical-parsing-service/app/utils/exceptions.py;clinical-parsing-service/app/utils/specific_exceptions.py;clinical-parsing-service/docs/clinical-parsing-service - 服务实现方案.md;diagnosis-engine-service/app/utils/exceptions.py;diagnosis-engine-service/app/utils/specific_exceptions.py;diagnosis-engine-service/docs/diagnosis-engine-service - 服务实现方案.md;diagnosis-service/docs/diagnosis-service - 服务实现方案.md;diagnosis-service/src/main/java/com/aidoctor/diagnosis/constant/ErrorCode.java;diagnosis-service/src/main/java/com/aidoctor/diagnosis/exception/GlobalExceptionHandler.java;dialog-service/app/utils/exceptions.py;dialog-service/app/utils/specific_exceptions.py;dialog-service/docs/dialog-service - 已实现功能清单.md;dialog-service/docs/dialog-service - 服务实现方案.md;docs/AI医生/项目文档/0.文档索引/全局文档索引.md;docs/AI医生/项目文档/0.文档索引/按场景索引.md,VALIDATED_FOR_DISCOVERY,NONE,,a6-5-a-discovery-results.csv#DISC-014,Path/metadata discovery only; no content inspection
DISC-015,DOC-015,docs/AI医生/项目文档/12.性能与评估/复杂度分析.md,P1,P1,TRACKED_FILE,TRACKED_FILE,ARCHITECTURE_GOVERNANCE_BLOCKER,ARCHITECTURE_GOVERNANCE_BLOCKER,,git_cat-file_-e+git_ls_files,git_grep_-l_filename_only,diagnosis-engine-service/docs/diagnosis-engine-service - 服务实现方案.md;docs/AI医生/项目文档/0.文档索引/全局文档索引.md;docs/AI医生/项目文档/0.文档索引/按场景索引.md;docs/AI医生/项目文档/0.文档索引/按角色索引.md;docs/AI医生/项目文档/12.性能与评估/性能优化设计.md;docs/AI医生/项目文档/12.性能与评估/评估验证体系.md;docs/refactoring/plans/phase-a/a6-5/a6-5-legacy-asset-inventory.csv;docs/方案讨论过程文件/AI医生系统-开发流程.md;docs/方案讨论过程文件/功能与技术设计/AI医生系统-技术架构设计-性能与评估.md;docs/方案讨论过程文件/功能与技术设计/AI医生系统-技术架构设计-索引.md;science/科研设想大纲.md;science/科研设想正文.md,VALIDATED_FOR_DISCOVERY,NONE,,a6-5-a-discovery-results.csv#DISC-015,Path/metadata discovery only; no content inspection
DISC-016,DOC-016,docs/AI医生/项目文档/12.性能与评估/性能优化设计.md,P1,P1,TRACKED_FILE,TRACKED_FILE,ARCHITECTURE_GOVERNANCE_BLOCKER,ARCHITECTURE_GOVERNANCE_BLOCKER,,git_cat-file_-e+git_ls_files,git_grep_-l_filename_only,docs/AI医生/项目文档/0.文档索引/全局文档索引.md;docs/AI医生/项目文档/0.文档索引/按场景索引.md;docs/AI医生/项目文档/0.文档索引/按角色索引.md;docs/AI医生/项目文档/12.性能与评估/复杂度分析.md;docs/AI医生/项目文档/12.性能与评估/评估验证体系.md;docs/refactoring/plans/phase-a/a6-5/a6-5-legacy-asset-inventory.csv,VALIDATED_FOR_DISCOVERY,NONE,,a6-5-a-discovery-results.csv#DISC-016,Path/metadata discovery only; no content inspection
DISC-017,DOC-017,docs/AI医生/项目文档/12.性能与评估/评估验证体系.md,P1,P1,TRACKED_FILE,TRACKED_FILE,ARCHITECTURE_GOVERNANCE_BLOCKER,ARCHITECTURE_GOVERNANCE_BLOCKER,,git_cat-file_-e+git_ls_files,git_grep_-l_filename_only,docs/AI医生/项目文档/0.文档索引/全局文档索引.md;docs/AI医生/项目文档/0.文档索引/按场景索引.md;docs/AI医生/项目文档/0.文档索引/按角色索引.md;docs/AI医生/项目文档/12.性能与评估/复杂度分析.md;docs/AI医生/项目文档/12.性能与评估/性能优化设计.md;docs/refactoring/plans/phase-a/a6-5/a6-5-legacy-asset-inventory.csv,VALIDATED_FOR_DISCOVERY,NONE,,a6-5-a-discovery-results.csv#DISC-017,Path/metadata discovery only; no content inspection
DISC-018,DOC-018,docs/AI医生/项目文档/13.技术细节/AOP切面设计思路.md,P1,P1,TRACKED_FILE,TRACKED_FILE,ARCHITECTURE_GOVERNANCE_BLOCKER,ARCHITECTURE_GOVERNANCE_BLOCKER,,git_cat-file_-e+git_ls_files,git_grep_-l_filename_only,docs/AI医生/项目文档/0.文档索引/全局文档索引.md;docs/refactoring/plans/phase-a/a6-5/a6-5-legacy-asset-inventory.csv,VALIDATED_FOR_DISCOVERY,NONE,,a6-5-a-discovery-results.csv#DISC-018,Path/metadata discovery only; no content inspection
DISC-019,DOC-019,docs/AI医生/项目文档/13.技术细节/DR.KNOWS路径推理设计.md,P1,P1,TRACKED_FILE,TRACKED_FILE,ARCHITECTURE_GOVERNANCE_BLOCKER,ARCHITECTURE_GOVERNANCE_BLOCKER,,git_cat-file_-e+git_ls_files,git_grep_-l_filename_only,docs/AI医生/项目文档/0.文档索引/全局文档索引.md;docs/AI医生/项目文档/0.文档索引/按场景索引.md;docs/AI医生/项目文档/0.文档索引/按角色索引.md;docs/AI医生/项目文档/1.系统概述/核心概念与术语.md;docs/AI医生/项目文档/2.架构设计/双通道推理架构.md;docs/refactoring/plans/phase-a/a6-5/a6-5-legacy-asset-inventory.csv,VALIDATED_FOR_DISCOVERY,NONE,QUARANTINED_AT_PATH_LEVEL,a6-5-a-discovery-results.csv#DISC-019,Path/metadata discovery only; no content inspection
DISC-020,DOC-020,docs/AI医生/项目文档/13.技术细节/LangChain架构开发流程.md,P1,P1,TRACKED_FILE,TRACKED_FILE,ARCHITECTURE_GOVERNANCE_BLOCKER,ARCHITECTURE_GOVERNANCE_BLOCKER,,git_cat-file_-e+git_ls_files,git_grep_-l_filename_only,common/aidoctor_llm/README.md;diagnosis-engine-service/README.md;diagnosis-engine-service/docs/diagnosis-engine-service - 已实现功能清单.md;diagnosis-engine-service/docs/diagnosis-engine-service - 服务实现方案.md;dialog-service/README.md;dialog-service/docs/dialog-service - 已实现功能清单.md;dialog-service/docs/dialog-service - 服务实现方案.md;docs/AI医生/项目文档/0.文档索引/全局文档索引.md;docs/AI医生/项目文档/0.文档索引/按场景索引.md;docs/AI医生/项目文档/0.文档索引/按角色索引.md;docs/refactoring/plans/phase-a/a6-5/a6-5-legacy-asset-inventory.csv;explanation-service/docs/explanation-service - 已实现功能清单.md;explanation-service/docs/explanation-service - 服务实现方案.md,VALIDATED_FOR_DISCOVERY,NONE,,a6-5-a-discovery-results.csv#DISC-020,Path/metadata discovery only; no content inspection
DISC-021,DOC-021,docs/AI医生/项目文档/13.技术细节/路径注入LLM详细说明.md,P1,P1,TRACKED_FILE,TRACKED_FILE,ARCHITECTURE_GOVERNANCE_BLOCKER,ARCHITECTURE_GOVERNANCE_BLOCKER,,git_cat-file_-e+git_ls_files,git_grep_-l_filename_only,docs/AI医生/项目文档/0.文档索引/全局文档索引.md;docs/AI医生/项目文档/0.文档索引/按场景索引.md;docs/AI医生/项目文档/0.文档索引/按角色索引.md;docs/AI医生/项目文档/13.技术细节/DR.KNOWS路径推理设计.md;docs/AI医生/项目文档/4.工具设计/工具技术实现.md;docs/refactoring/plans/phase-a/a6-5/a6-5-legacy-asset-inventory.csv,VALIDATED_FOR_DISCOVERY,NONE,,a6-5-a-discovery-results.csv#DISC-021,Path/metadata discovery only; no content inspection
DISC-022,DOC-022,docs/AI医生/项目文档/2.架构设计/主Agent架构设计.md,P1,P1,TRACKED_FILE,TRACKED_FILE,ARCHITECTURE_GOVERNANCE_BLOCKER,ARCHITECTURE_GOVERNANCE_BLOCKER,,git_cat-file_-e+git_ls_files,git_grep_-l_filename_only,diagnosis-service/src/main/java/com/aidoctor/diagnosis/agent/AgentLoop.java;diagnosis-service/src/main/java/com/aidoctor/diagnosis/agent/ClinicalAgentBrain.java;diagnosis-service/src/main/java/com/aidoctor/diagnosis/agent/ToolCaller.java;diagnosis-service/src/main/java/com/aidoctor/diagnosis/dto/tool/ToolContext.java;diagnosis-service/src/main/java/com/aidoctor/diagnosis/dto/tool/ToolResult.java;diagnosis-service/src/main/java/com/aidoctor/diagnosis/entity/AgentState.java;diagnosis-service/src/main/java/com/aidoctor/diagnosis/entity/AuditTrail.java;diagnosis-service/src/main/java/com/aidoctor/diagnosis/service/agent_state/AgentStateManager.java;diagnosis-service/src/main/java/com/aidoctor/diagnosis/service/audit/AuditTrailManager.java;docs/AI医生/项目文档/0.文档索引/全局文档索引.md;docs/AI医生/项目文档/0.文档索引/按场景索引.md;docs/AI医生/项目文档/0.文档索引/按角色索引.md;docs/AI医生/项目文档/1.系统概述/AI医生系统 - 系统定位与核心理念.md;docs/AI医生/项目文档/1.系统概述/整体架构概述.md;docs/AI医生/项目文档/1.系统概述/系统定位与核心理念.md,VALIDATED_FOR_DISCOVERY,NONE,,a6-5-a-discovery-results.csv#DISC-022,Path/metadata discovery only; no content inspection
DISC-023,DOC-023,docs/AI医生/项目文档/2.架构设计/双通道推理架构.md,P1,P1,TRACKED_FILE,TRACKED_FILE,ARCHITECTURE_GOVERNANCE_BLOCKER,ARCHITECTURE_GOVERNANCE_BLOCKER,,git_cat-file_-e+git_ls_files,git_grep_-l_filename_only,clinical-parsing-service/docs/clinical-parsing-service - 服务实现方案.md;diagnosis-engine-service/docs/diagnosis-engine-service - 服务实现方案.md;diagnosis-service/docs/diagnosis-service - 服务实现方案.md;dialog-service/docs/dialog-service - 服务实现方案.md;docs/AI医生/项目文档/0.文档索引/全局文档索引.md;docs/AI医生/项目文档/0.文档索引/按场景索引.md;docs/AI医生/项目文档/0.文档索引/按角色索引.md;docs/AI医生/项目文档/1.系统概述/整体架构概述.md;docs/AI医生/项目文档/1.系统概述/核心概念与术语.md;docs/AI医生/项目文档/1.系统概述/系统定位与核心理念.md;docs/AI医生/项目文档/10.实现与部署/项目结构设计.md;docs/AI医生/项目文档/13.技术细节/LangChain架构开发流程.md;docs/AI医生/项目文档/2.架构设计/主Agent架构设计.md;docs/AI医生/项目文档/2.架构设计/工具系统架构.md,VALIDATED_FOR_DISCOVERY,NONE,,a6-5-a-discovery-results.csv#DISC-023,Path/metadata discovery only; no content inspection
DISC-024,DOC-024,docs/AI医生/项目文档/2.架构设计/工具系统架构.md,P1,P1,TRACKED_FILE,TRACKED_FILE,ARCHITECTURE_GOVERNANCE_BLOCKER,ARCHITECTURE_GOVERNANCE_BLOCKER,,git_cat-file_-e+git_ls_files,git_grep_-l_filename_only,docs/AI医生/项目文档/0.文档索引/全局文档索引.md;docs/AI医生/项目文档/0.文档索引/按场景索引.md;docs/AI医生/项目文档/0.文档索引/按角色索引.md;docs/AI医生/项目文档/1.系统概述/整体架构概述.md;docs/AI医生/项目文档/1.系统概述/系统定位与核心理念.md;docs/AI医生/项目文档/2.架构设计/主Agent架构设计.md;docs/AI医生/项目文档/2.架构设计/双通道推理架构.md;docs/AI医生/项目文档/4.工具设计/工具业务逻辑设计.md;docs/AI医生/项目文档/4.工具设计/工具技术实现.md;docs/AI医生/项目文档/4.工具设计/工具接口规范.md;docs/AI医生/项目文档/5.主agent设计/主Agent业务逻辑设计.md;docs/AI医生/项目文档/5.主agent设计/主Agent技术实现.md;docs/AI医生/项目文档/5.主agent设计/主Agent运行循环设计.md;docs/AI医生/项目文档/7.接口规范/工具调用协议.md,VALIDATED_FOR_DISCOVERY,NONE,,a6-5-a-discovery-results.csv#DISC-024,Path/metadata discovery only; no content inspection
DISC-025,DOC-025,docs/AI医生/项目文档/3.业务功能设计/临床诊疗态流程设计.md,P1,P1,TRACKED_FILE,TRACKED_FILE,ARCHITECTURE_GOVERNANCE_BLOCKER,ARCHITECTURE_GOVERNANCE_BLOCKER,,git_cat-file_-e+git_ls_files,git_grep_-l_filename_only,docs/AI医生/项目文档/0.文档索引/全局文档索引.md;docs/AI医生/项目文档/0.文档索引/按场景索引.md;docs/AI医生/项目文档/0.文档索引/按角色索引.md;docs/AI医生/项目文档/1.系统概述/AI医生系统 - 系统定位与核心理念.md;docs/AI医生/项目文档/1.系统概述/整体架构概述.md;docs/AI医生/项目文档/1.系统概述/核心概念与术语.md;docs/AI医生/项目文档/1.系统概述/系统定位与核心理念.md;docs/AI医生/项目文档/2.架构设计/双通道推理架构.md;docs/AI医生/项目文档/3.业务功能设计/入口判定流程设计.md;docs/AI医生/项目文档/3.业务功能设计/终点结论包设计.md;docs/AI医生/项目文档/4.工具设计/工具业务逻辑设计.md;docs/AI医生/项目文档/5.主agent设计/主Agent业务逻辑设计.md;docs/AI医生/项目文档/5.主agent设计/主Agent运行循环设计.md;docs/refactoring/plans/phase-a/a6-5/a6-5-legacy-asset-inventory.csv,VALIDATED_FOR_DISCOVERY,NONE,,a6-5-a-discovery-results.csv#DISC-025,Path/metadata discovery only; no content inspection
DISC-026,DOC-026,docs/AI医生/项目文档/3.业务功能设计/健康管理态流程设计.md,P1,P1,TRACKED_FILE,TRACKED_FILE,ARCHITECTURE_GOVERNANCE_BLOCKER,ARCHITECTURE_GOVERNANCE_BLOCKER,,git_cat-file_-e+git_ls_files,git_grep_-l_filename_only,docs/AI医生/项目文档/0.文档索引/全局文档索引.md;docs/AI医生/项目文档/0.文档索引/按场景索引.md;docs/AI医生/项目文档/0.文档索引/按角色索引.md;docs/AI医生/项目文档/1.系统概述/AI医生系统 - 系统定位与核心理念.md;docs/AI医生/项目文档/1.系统概述/整体架构概述.md;docs/AI医生/项目文档/1.系统概述/核心概念与术语.md;docs/AI医生/项目文档/1.系统概述/系统定位与核心理念.md;docs/AI医生/项目文档/2.架构设计/双通道推理架构.md;docs/AI医生/项目文档/3.业务功能设计/临床诊疗态流程设计.md;docs/AI医生/项目文档/3.业务功能设计/入口判定流程设计.md;docs/AI医生/项目文档/3.业务功能设计/终点结论包设计.md;docs/AI医生/项目文档/4.工具设计/工具业务逻辑设计.md;docs/AI医生/项目文档/5.主agent设计/主Agent业务逻辑设计.md;docs/refactoring/plans/phase-a/a6-5/a6-5-legacy-asset-inventory.csv,VALIDATED_FOR_DISCOVERY,NONE,,a6-5-a-discovery-results.csv#DISC-026,Path/metadata discovery only; no content inspection
DISC-027,DOC-027,docs/AI医生/项目文档/3.业务功能设计/入口判定流程设计.md,P1,P1,TRACKED_FILE,TRACKED_FILE,ARCHITECTURE_GOVERNANCE_BLOCKER,ARCHITECTURE_GOVERNANCE_BLOCKER,,git_cat-file_-e+git_ls_files,git_grep_-l_filename_only,docs/AI医生/项目文档/0.文档索引/全局文档索引.md;docs/AI医生/项目文档/0.文档索引/按角色索引.md;docs/AI医生/项目文档/1.系统概述/整体架构概述.md;docs/AI医生/项目文档/1.系统概述/核心概念与术语.md;docs/AI医生/项目文档/1.系统概述/系统定位与核心理念.md;docs/AI医生/项目文档/3.业务功能设计/临床诊疗态流程设计.md;docs/AI医生/项目文档/3.业务功能设计/健康管理态流程设计.md;docs/AI医生/项目文档/4.工具设计/工具技术实现.md;docs/AI医生/项目文档/8.前端设计/入口设计规范.md;docs/refactoring/plans/phase-a/a6-5/a6-5-legacy-asset-inventory.csv,VALIDATED_FOR_DISCOVERY,NONE,,a6-5-a-discovery-results.csv#DISC-027,Path/metadata discovery only; no content inspection
DISC-028,DOC-028,docs/AI医生/项目文档/3.业务功能设计/终点结论包设计.md,P1,P1,TRACKED_FILE,TRACKED_FILE,ARCHITECTURE_GOVERNANCE_BLOCKER,ARCHITECTURE_GOVERNANCE_BLOCKER,,git_cat-file_-e+git_ls_files,git_grep_-l_filename_only,docs/AI医生/项目文档/0.文档索引/全局文档索引.md;docs/AI医生/项目文档/0.文档索引/按角色索引.md;docs/AI医生/项目文档/1.系统概述/核心概念与术语.md;docs/AI医生/项目文档/3.业务功能设计/临床诊疗态流程设计.md;docs/refactoring/plans/phase-a/a6-5/a6-5-legacy-asset-inventory.csv,VALIDATED_FOR_DISCOVERY,NONE,,a6-5-a-discovery-results.csv#DISC-028,Path/metadata discovery only; no content inspection
DISC-029,DOC-029,docs/AI医生/项目文档/4.工具设计/工具业务逻辑设计.md,P1,P1,TRACKED_FILE,TRACKED_FILE,ARCHITECTURE_GOVERNANCE_BLOCKER,ARCHITECTURE_GOVERNANCE_BLOCKER,,git_cat-file_-e+git_ls_files,git_grep_-l_filename_only,docs/AI医生/项目文档/0.文档索引/全局文档索引.md;docs/AI医生/项目文档/0.文档索引/按场景索引.md;docs/AI医生/项目文档/0.文档索引/按角色索引.md;docs/AI医生/项目文档/1.系统概述/核心概念与术语.md;docs/AI医生/项目文档/13.技术细节/DR.KNOWS路径推理设计.md;docs/AI医生/项目文档/2.架构设计/工具系统架构.md;docs/AI医生/项目文档/3.业务功能设计/临床诊疗态流程设计.md;docs/AI医生/项目文档/3.业务功能设计/健康管理态流程设计.md;docs/AI医生/项目文档/3.业务功能设计/入口判定流程设计.md;docs/AI医生/项目文档/3.业务功能设计/终点结论包设计.md;docs/AI医生/项目文档/4.工具设计/工具技术实现.md;docs/AI医生/项目文档/4.工具设计/工具接口规范.md;docs/AI医生/项目文档/5.主agent设计/主Agent业务逻辑设计.md;docs/refactoring/plans/phase-a/a6-5/a6-5-legacy-asset-inventory.csv,VALIDATED_FOR_DISCOVERY,NONE,,a6-5-a-discovery-results.csv#DISC-029,Path/metadata discovery only; no content inspection
DISC-030,DOC-030,docs/AI医生/项目文档/4.工具设计/工具技术实现.md,P1,P1,TRACKED_FILE,TRACKED_FILE,ARCHITECTURE_GOVERNANCE_BLOCKER,ARCHITECTURE_GOVERNANCE_BLOCKER,,git_cat-file_-e+git_ls_files,git_grep_-l_filename_only,docs/AI医生/项目文档/0.文档索引/全局文档索引.md;docs/AI医生/项目文档/0.文档索引/按场景索引.md;docs/AI医生/项目文档/0.文档索引/按角色索引.md;docs/AI医生/项目文档/1.系统概述/核心概念与术语.md;docs/AI医生/项目文档/13.技术细节/DR.KNOWS路径推理设计.md;docs/AI医生/项目文档/2.架构设计/双通道推理架构.md;docs/AI医生/项目文档/2.架构设计/工具系统架构.md;docs/AI医生/项目文档/4.工具设计/工具业务逻辑设计.md;docs/AI医生/项目文档/4.工具设计/工具接口规范.md;docs/refactoring/plans/phase-a/a6-5/a6-5-legacy-asset-inventory.csv,VALIDATED_FOR_DISCOVERY,NONE,,a6-5-a-discovery-results.csv#DISC-030,Path/metadata discovery only; no content inspection
DISC-031,DOC-031,docs/AI医生/项目文档/4.工具设计/工具接口规范.md,P1,P1,TRACKED_FILE,TRACKED_FILE,ARCHITECTURE_GOVERNANCE_BLOCKER,ARCHITECTURE_GOVERNANCE_BLOCKER,,git_cat-file_-e+git_ls_files,git_grep_-l_filename_only,docs/AI医生/项目文档/0.文档索引/全局文档索引.md;docs/AI医生/项目文档/0.文档索引/按场景索引.md;docs/AI医生/项目文档/0.文档索引/按角色索引.md;docs/AI医生/项目文档/1.系统概述/核心概念与术语.md;docs/AI医生/项目文档/2.架构设计/工具系统架构.md;docs/AI医生/项目文档/3.业务功能设计/临床诊疗态流程设计.md;docs/AI医生/项目文档/4.工具设计/工具业务逻辑设计.md;docs/AI医生/项目文档/4.工具设计/工具技术实现.md;docs/AI医生/项目文档/5.主agent设计/主Agent业务逻辑设计.md;docs/AI医生/项目文档/6.数据模型设计/CDP数据结构设计.md;docs/AI医生/项目文档/7.接口规范/工具调用协议.md;docs/refactoring/plans/phase-a/a6-5/a6-5-legacy-asset-inventory.csv,VALIDATED_FOR_DISCOVERY,NONE,,a6-5-a-discovery-results.csv#DISC-031,Path/metadata discovery only; no content inspection
DISC-032,DOC-032,docs/AI医生/项目文档/5.主agent设计/主Agent业务逻辑设计.md,P1,P1,TRACKED_FILE,TRACKED_FILE,ARCHITECTURE_GOVERNANCE_BLOCKER,ARCHITECTURE_GOVERNANCE_BLOCKER,,git_cat-file_-e+git_ls_files,git_grep_-l_filename_only,docs/AI医生/项目文档/0.文档索引/全局文档索引.md;docs/AI医生/项目文档/0.文档索引/按场景索引.md;docs/AI医生/项目文档/0.文档索引/按角色索引.md;docs/AI医生/项目文档/2.架构设计/主Agent架构设计.md;docs/AI医生/项目文档/3.业务功能设计/临床诊疗态流程设计.md;docs/AI医生/项目文档/4.工具设计/工具业务逻辑设计.md;docs/AI医生/项目文档/5.主agent设计/主Agent技术实现.md;docs/AI医生/项目文档/5.主agent设计/主Agent运行循环设计.md;docs/refactoring/plans/phase-a/a6-5/a6-5-legacy-asset-inventory.csv,VALIDATED_FOR_DISCOVERY,NONE,,a6-5-a-discovery-results.csv#DISC-032,Path/metadata discovery only; no content inspection
DISC-033,DOC-033,docs/AI医生/项目文档/5.主agent设计/主Agent技术实现.md,P1,P1,TRACKED_FILE,TRACKED_FILE,ARCHITECTURE_GOVERNANCE_BLOCKER,ARCHITECTURE_GOVERNANCE_BLOCKER,,git_cat-file_-e+git_ls_files,git_grep_-l_filename_only,docs/AI医生/项目文档/0.文档索引/全局文档索引.md;docs/AI医生/项目文档/0.文档索引/按场景索引.md;docs/AI医生/项目文档/0.文档索引/按角色索引.md;docs/AI医生/项目文档/2.架构设计/主Agent架构设计.md;docs/AI医生/项目文档/5.主agent设计/主Agent业务逻辑设计.md;docs/AI医生/项目文档/5.主agent设计/主Agent运行循环设计.md;docs/refactoring/plans/phase-a/a6-5/a6-5-legacy-asset-inventory.csv,VALIDATED_FOR_DISCOVERY,NONE,,a6-5-a-discovery-results.csv#DISC-033,Path/metadata discovery only; no content inspection
DISC-034,DOC-034,docs/AI医生/项目文档/5.主agent设计/主Agent核心算法设计.md,P1,P1,TRACKED_FILE,TRACKED_FILE,ARCHITECTURE_GOVERNANCE_BLOCKER,ARCHITECTURE_GOVERNANCE_BLOCKER,,git_cat-file_-e+git_ls_files,git_grep_-l_filename_only,diagnosis-service/src/main/java/com/aidoctor/diagnosis/agent/ConflictResolution.java;diagnosis-service/src/main/java/com/aidoctor/diagnosis/agent/EvidenceFusion.java;diagnosis-service/src/main/java/com/aidoctor/diagnosis/agent/StopConditionEvaluator.java;docs/AI医生/项目文档/0.文档索引/全局文档索引.md;docs/AI医生/项目文档/0.文档索引/按角色索引.md;docs/AI医生/项目文档/1.系统概述/核心概念与术语.md;docs/AI医生/项目文档/5.主agent设计/主Agent业务逻辑设计.md;docs/AI医生/项目文档/5.主agent设计/主Agent技术实现.md;docs/AI医生/项目文档/5.主agent设计/主Agent运行循环设计.md;docs/refactoring/plans/phase-a/a6-5/a6-5-legacy-asset-inventory.csv;docs/方案讨论过程文件/功能与技术设计/AI医生系统-技术架构设计-索引.md;docs/方案讨论过程文件/功能与技术设计/AI医生系统-技术架构设计-错误处理与异常场景设计.md;docs/方案讨论过程文件/项目前置设计/AI医生系统-业务逻辑详细设计.md,VALIDATED_FOR_DISCOVERY,NONE,,a6-5-a-discovery-results.csv#DISC-034,Path/metadata discovery only; no content inspection
DISC-035,DOC-035,docs/AI医生/项目文档/5.主agent设计/主Agent运行循环设计.md,P1,P1,TRACKED_FILE,TRACKED_FILE,ARCHITECTURE_GOVERNANCE_BLOCKER,ARCHITECTURE_GOVERNANCE_BLOCKER,,git_cat-file_-e+git_ls_files,git_grep_-l_filename_only,diagnosis-service/src/main/java/com/aidoctor/diagnosis/agent/AgentLoop.java;diagnosis-service/src/main/java/com/aidoctor/diagnosis/agent/ClinicalAgentBrain.java;diagnosis-service/src/main/java/com/aidoctor/diagnosis/agent/EscalationHandler.java;diagnosis-service/src/main/java/com/aidoctor/diagnosis/agent/RefusalHandler.java;diagnosis-service/src/main/java/com/aidoctor/diagnosis/util/CDPFieldWriter.java;docs/AI医生/项目文档/0.文档索引/全局文档索引.md;docs/AI医生/项目文档/0.文档索引/按场景索引.md;docs/AI医生/项目文档/0.文档索引/按角色索引.md;docs/AI医生/项目文档/1.系统概述/核心概念与术语.md;docs/AI医生/项目文档/2.架构设计/主Agent架构设计.md;docs/AI医生/项目文档/3.业务功能设计/临床诊疗态流程设计.md;docs/AI医生/项目文档/5.主agent设计/主Agent业务逻辑设计.md;docs/AI医生/项目文档/5.主agent设计/主Agent技术实现.md;docs/refactoring/plans/phase-a/a6-5/a6-5-legacy-asset-inventory.csv,VALIDATED_FOR_DISCOVERY,NONE,,a6-5-a-discovery-results.csv#DISC-035,Path/metadata discovery only; no content inspection
DISC-036,DOC-036,docs/AI医生/项目文档/6.数据模型设计/AgentState数据结构设计.md,P1,P1,TRACKED_FILE,TRACKED_FILE,ARCHITECTURE_GOVERNANCE_BLOCKER,ARCHITECTURE_GOVERNANCE_BLOCKER,,git_cat-file_-e+git_ls_files,git_grep_-l_filename_only,diagnosis-service/src/main/java/com/aidoctor/diagnosis/entity/AgentState.java;diagnosis-service/src/main/java/com/aidoctor/diagnosis/repository/AgentStateRepository.java;diagnosis-service/src/main/java/com/aidoctor/diagnosis/service/agent_state/AgentStateManager.java;diagnosis-service/src/main/resources/db/migration/V1__create_agent_state_and_audit_trail.sql;docs/AI医生/项目文档/0.文档索引/全局文档索引.md;docs/AI医生/项目文档/0.文档索引/按场景索引.md;docs/AI医生/项目文档/1.系统概述/核心概念与术语.md;docs/AI医生/项目文档/1.系统概述/系统定位与核心理念.md;docs/AI医生/项目文档/2.架构设计/主Agent架构设计.md;docs/AI医生/项目文档/5.主agent设计/主Agent技术实现.md;docs/AI医生/项目文档/6.数据模型设计/AuditTrail数据结构设计.md;docs/AI医生/项目文档/6.数据模型设计/CDP数据结构设计.md;docs/AI医生/项目文档/6.数据模型设计/实体类与DTO设计.md;docs/refactoring/plans/phase-a/a6-5/a6-5-legacy-asset-inventory.csv,VALIDATED_FOR_DISCOVERY,NONE,,a6-5-a-discovery-results.csv#DISC-036,Path/metadata discovery only; no content inspection
DISC-037,DOC-037,docs/AI医生/项目文档/6.数据模型设计/AuditTrail数据结构设计.md,P1,P1,TRACKED_FILE,TRACKED_FILE,ARCHITECTURE_GOVERNANCE_BLOCKER,ARCHITECTURE_GOVERNANCE_BLOCKER,,git_cat-file_-e+git_ls_files,git_grep_-l_filename_only,diagnosis-service/src/main/java/com/aidoctor/diagnosis/entity/AuditTrail.java;diagnosis-service/src/main/java/com/aidoctor/diagnosis/repository/AuditTrailRepository.java;diagnosis-service/src/main/java/com/aidoctor/diagnosis/service/audit/AuditTrailManager.java;diagnosis-service/src/main/resources/db/migration/V1__create_agent_state_and_audit_trail.sql;docs/AI医生/项目文档/0.文档索引/全局文档索引.md;docs/AI医生/项目文档/1.系统概述/核心概念与术语.md;docs/AI医生/项目文档/1.系统概述/系统定位与核心理念.md;docs/AI医生/项目文档/2.架构设计/主Agent架构设计.md;docs/AI医生/项目文档/6.数据模型设计/AgentState数据结构设计.md;docs/AI医生/项目文档/6.数据模型设计/CDP数据结构设计.md;docs/AI医生/项目文档/6.数据模型设计/实体类与DTO设计.md;docs/AI医生/项目文档/7.接口规范/工具调用协议.md;docs/refactoring/plans/phase-a/a6-5/a6-5-legacy-asset-inventory.csv;docs/方案讨论过程文件/功能与技术设计/AI医生系统-技术架构设计-CDP数据与状态管理.md,VALIDATED_FOR_DISCOVERY,NONE,,a6-5-a-discovery-results.csv#DISC-037,Path/metadata discovery only; no content inspection
DISC-038,DOC-038,docs/AI医生/项目文档/6.数据模型设计/CDP数据结构设计.md,P1,P1,TRACKED_FILE,TRACKED_FILE,ARCHITECTURE_GOVERNANCE_BLOCKER,ARCHITECTURE_GOVERNANCE_BLOCKER,,git_cat-file_-e+git_ls_files,git_grep_-l_filename_only,docs/AI医生/项目文档/0.文档索引/全局文档索引.md;docs/AI医生/项目文档/0.文档索引/按场景索引.md;docs/AI医生/项目文档/1.系统概述/核心概念与术语.md;docs/AI医生/项目文档/1.系统概述/系统定位与核心理念.md;docs/AI医生/项目文档/2.架构设计/主Agent架构设计.md;docs/AI医生/项目文档/5.主agent设计/主Agent技术实现.md;docs/AI医生/项目文档/6.数据模型设计/AgentState数据结构设计.md;docs/AI医生/项目文档/6.数据模型设计/AuditTrail数据结构设计.md;docs/AI医生/项目文档/6.数据模型设计/实体类与DTO设计.md;docs/refactoring/plans/phase-a/a6-5/a6-5-legacy-asset-inventory.csv;docs/方案讨论过程文件/功能与技术设计/AI医生系统-技术架构设计-CDP数据与状态管理.md;docs/方案讨论过程文件/功能与技术设计/AI医生系统-技术架构设计-索引.md,VALIDATED_FOR_DISCOVERY,NONE,,a6-5-a-discovery-results.csv#DISC-038,Path/metadata discovery only; no content inspection
DISC-039,DOC-039,docs/AI医生/项目文档/6.数据模型设计/实体类与DTO设计.md,P1,P1,TRACKED_FILE,TRACKED_FILE,ARCHITECTURE_GOVERNANCE_BLOCKER,ARCHITECTURE_GOVERNANCE_BLOCKER,,git_cat-file_-e+git_ls_files,git_grep_-l_filename_only,docs/AI医生/项目文档/0.文档索引/全局文档索引.md;docs/AI医生/项目文档/0.文档索引/按场景索引.md;docs/AI医生/项目文档/0.文档索引/按角色索引.md;docs/AI医生/项目文档/3.业务功能设计/终点结论包设计.md;docs/AI医生/项目文档/6.数据模型设计/CDP数据结构设计.md;docs/refactoring/plans/phase-a/a6-5/a6-5-legacy-asset-inventory.csv,VALIDATED_FOR_DISCOVERY,NONE,,a6-5-a-discovery-results.csv#DISC-039,Path/metadata discovery only; no content inspection
DISC-040,DOC-040,docs/AI医生/项目文档/7.接口规范/REST API接口规范.md,P2,P2,TRACKED_FILE,TRACKED_FILE,NON_BLOCKING_LEGACY_DEBT,NON_BLOCKING_LEGACY_DEBT,,git_cat-file_-e+git_ls_files,none,,VALIDATED_FOR_DISCOVERY,NONE,,a6-5-a-discovery-results.csv#DISC-040,Path/metadata discovery only; no content inspection
DISC-041,DOC-041,docs/AI医生/项目文档/7.接口规范/工具调用协议.md,P2,P2,TRACKED_FILE,TRACKED_FILE,NON_BLOCKING_LEGACY_DEBT,NON_BLOCKING_LEGACY_DEBT,,git_cat-file_-e+git_ls_files,none,,VALIDATED_FOR_DISCOVERY,NONE,,a6-5-a-discovery-results.csv#DISC-041,Path/metadata discovery only; no content inspection
DISC-042,DOC-042,docs/AI医生/项目文档/7.接口规范/错误处理规范.md,P2,P2,TRACKED_FILE,TRACKED_FILE,NON_BLOCKING_LEGACY_DEBT,NON_BLOCKING_LEGACY_DEBT,,git_cat-file_-e+git_ls_files,none,,VALIDATED_FOR_DISCOVERY,NONE,,a6-5-a-discovery-results.csv#DISC-042,Path/metadata discovery only; no content inspection
DISC-043,DOC-043,docs/AI医生/项目文档/8.前端设计/入口设计规范.md,P2,P2,TRACKED_FILE,TRACKED_FILE,NON_BLOCKING_LEGACY_DEBT,NON_BLOCKING_LEGACY_DEBT,,git_cat-file_-e+git_ls_files,none,,VALIDATED_FOR_DISCOVERY,NONE,,a6-5-a-discovery-results.csv#DISC-043,Path/metadata discovery only; no content inspection
DISC-044,DOC-044,docs/AI医生/项目文档/8.前端设计/前端页面设计.md,P2,P2,TRACKED_FILE,TRACKED_FILE,NON_BLOCKING_LEGACY_DEBT,NON_BLOCKING_LEGACY_DEBT,,git_cat-file_-e+git_ls_files,none,,VALIDATED_FOR_DISCOVERY,NONE,,a6-5-a-discovery-results.csv#DISC-044,Path/metadata discovery only; no content inspection
DISC-045,DOC-045,docs/AI医生/项目文档/8.前端设计/用户交互流程设计.md,P2,P2,TRACKED_FILE,TRACKED_FILE,NON_BLOCKING_LEGACY_DEBT,NON_BLOCKING_LEGACY_DEBT,,git_cat-file_-e+git_ls_files,none,,VALIDATED_FOR_DISCOVERY,NONE,,a6-5-a-discovery-results.csv#DISC-045,Path/metadata discovery only; no content inspection
DISC-046,DOC-046,docs/AI医生/项目文档/9.知识演化设计/知识演化与知识维护-完整设计方案.md,P1,P1,TRACKED_FILE,TRACKED_FILE,ARCHITECTURE_GOVERNANCE_BLOCKER,ARCHITECTURE_GOVERNANCE_BLOCKER,,git_cat-file_-e+git_ls_files,git_grep_-l_filename_only,docs/AI医生/项目文档/0.文档索引/全局文档索引.md;docs/AI医生/项目文档/10.实现与部署/环境配置指南.md;docs/AI医生/项目文档/11.错误处理与异常/错误处理规范.md;docs/AI医生/项目文档/9.知识演化设计/知识演化业务逻辑.md;docs/AI医生/项目文档/9.知识演化设计/知识演化技术实现.md;docs/AI医生/项目文档/9.知识演化设计/知识演化架构设计.md;docs/refactoring/plans/phase-a/a6-5/a6-5-legacy-asset-inventory.csv;docs/方案讨论过程文件/功能与技术设计/AI医生系统-技术架构设计-核心技术组件.md;docs/方案讨论过程文件/功能与技术设计/AI医生系统-技术架构设计-核心架构.md;docs/方案讨论过程文件/功能与技术设计/AI医生系统-技术架构设计-索引.md;docs/方案讨论过程文件/功能与技术设计/AI医生系统-系统功能设计.md;docs/方案讨论过程文件/项目前置设计/AI医生系统-业务逻辑详细设计.md;docs/方案讨论过程文件/项目前置设计/AI医生系统-项目前置设计-索引.md,VALIDATED_FOR_DISCOVERY,NONE,,a6-5-a-discovery-results.csv#DISC-046,Path/metadata discovery only; no content inspection
DISC-047,DOC-047,docs/AI医生/项目文档/9.知识演化设计/知识演化业务逻辑.md,P1,P1,TRACKED_FILE,TRACKED_FILE,ARCHITECTURE_GOVERNANCE_BLOCKER,ARCHITECTURE_GOVERNANCE_BLOCKER,,git_cat-file_-e+git_ls_files,git_grep_-l_filename_only,docs/AI医生/项目文档/0.文档索引/全局文档索引.md;docs/AI医生/项目文档/0.文档索引/按角色索引.md;docs/AI医生/项目文档/9.知识演化设计/知识演化技术实现.md;docs/AI医生/项目文档/9.知识演化设计/知识演化架构设计.md;docs/refactoring/plans/phase-a/a6-5/a6-5-legacy-asset-inventory.csv;docs/方案讨论过程文件/项目前置设计/AI医生系统-业务逻辑详细设计.md;docs/方案讨论过程文件/项目前置设计/AI医生系统-项目前置设计-索引.md,VALIDATED_FOR_DISCOVERY,NONE,,a6-5-a-discovery-results.csv#DISC-047,Path/metadata discovery only; no content inspection
DISC-048,DOC-048,docs/AI医生/项目文档/9.知识演化设计/知识演化技术实现.md,P1,P1,TRACKED_FILE,TRACKED_FILE,ARCHITECTURE_GOVERNANCE_BLOCKER,ARCHITECTURE_GOVERNANCE_BLOCKER,,git_cat-file_-e+git_ls_files,git_grep_-l_filename_only,docs/AI医生/项目文档/0.文档索引/全局文档索引.md;docs/AI医生/项目文档/9.知识演化设计/知识演化业务逻辑.md;docs/AI医生/项目文档/9.知识演化设计/知识演化架构设计.md;docs/refactoring/plans/phase-a/a6-5/a6-5-legacy-asset-inventory.csv,VALIDATED_FOR_DISCOVERY,NONE,,a6-5-a-discovery-results.csv#DISC-048,Path/metadata discovery only; no content inspection
DISC-049,DOC-049,docs/AI医生/项目文档/9.知识演化设计/知识演化架构设计.md,P1,P1,TRACKED_FILE,TRACKED_FILE,ARCHITECTURE_GOVERNANCE_BLOCKER,ARCHITECTURE_GOVERNANCE_BLOCKER,,git_cat-file_-e+git_ls_files,git_grep_-l_filename_only,docs/AI医生/项目文档/0.文档索引/全局文档索引.md;docs/AI医生/项目文档/0.文档索引/按角色索引.md;docs/AI医生/项目文档/1.系统概述/整体架构概述.md;docs/AI医生/项目文档/1.系统概述/核心概念与术语.md;docs/AI医生/项目文档/9.知识演化设计/知识演化业务逻辑.md;docs/AI医生/项目文档/9.知识演化设计/知识演化技术实现.md;docs/refactoring/plans/phase-a/a6-5/a6-5-legacy-asset-inventory.csv,VALIDATED_FOR_DISCOVERY,NONE,,a6-5-a-discovery-results.csv#DISC-049,Path/metadata discovery only; no content inspection
DISC-050,CLIN-001,clinical-parsing-service/data/vocabularies/symptom_normalization.csv,P1,P1,TRACKED_FILE,TRACKED_FILE,CLINICAL_REVIEW_BLOCKER,CLINICAL_REVIEW_BLOCKER,,git_cat-file_-e+git_ls_files,git_grep_-l_filename_only,clinical-parsing-service/README.md;clinical-parsing-service/docs/clinical-parsing-service - 已实现功能清单.md;docs/AI医生/知识内容提取/提取方案/归一化词表获取与构建方法.md;docs/AI医生/知识内容提取/知识库结构设计/使用分析/表格文件使用分析.md;docs/AI医生/知识内容提取/知识库结构设计/结构设计/设计/表格文件结构设计.md;docs/refactoring/evidence/phase-a/a2/python-clinical-asset-inventory.csv;docs/refactoring/evidence/phase-a/a4/data-verified-asset-manifest.csv;docs/refactoring/plans/phase-a/a6-5/a6-5-legacy-asset-inventory.csv,VALIDATED_FOR_DISCOVERY,NONE,,a6-5-a-discovery-results.csv#DISC-050,Path/metadata discovery only; no content inspection
DISC-051,CLIN-002,clinical-parsing-service/data/vocabularies/disease_normalization.csv,P1,P1,TRACKED_FILE,TRACKED_FILE,CLINICAL_REVIEW_BLOCKER,CLINICAL_REVIEW_BLOCKER,,git_cat-file_-e+git_ls_files,git_grep_-l_filename_only,clinical-parsing-service/README.md;clinical-parsing-service/docs/clinical-parsing-service - 已实现功能清单.md;docs/AI医生/知识内容提取/提取方案/归一化词表获取与构建方法.md;docs/AI医生/知识内容提取/知识库结构设计/使用分析/表格文件使用分析.md;docs/AI医生/知识内容提取/知识库结构设计/结构设计/设计/表格文件结构设计.md;docs/refactoring/evidence/phase-a/a2/python-clinical-asset-inventory.csv;docs/refactoring/evidence/phase-a/a4/data-verified-asset-manifest.csv;docs/refactoring/plans/phase-a/a6-5/a6-5-legacy-asset-inventory.csv,VALIDATED_FOR_DISCOVERY,NONE,,a6-5-a-discovery-results.csv#DISC-051,Path/metadata discovery only; no content inspection
DISC-052,CLIN-003,clinical-parsing-service/data/vocabularies/medication_normalization.csv,P1,P1,TRACKED_FILE,TRACKED_FILE,CLINICAL_REVIEW_BLOCKER,CLINICAL_REVIEW_BLOCKER,,git_cat-file_-e+git_ls_files,git_grep_-l_filename_only,clinical-parsing-service/README.md;clinical-parsing-service/docs/clinical-parsing-service - 已实现功能清单.md;docs/AI医生/知识内容提取/提取方案/归一化词表获取与构建方法.md;docs/AI医生/知识内容提取/知识库结构设计/使用分析/表格文件使用分析.md;docs/AI医生/知识内容提取/知识库结构设计/结构设计/设计/表格文件结构设计.md;docs/refactoring/evidence/phase-a/a2/python-clinical-asset-inventory.csv;docs/refactoring/evidence/phase-a/a4/data-verified-asset-manifest.csv;docs/refactoring/plans/phase-a/a6-5/a6-5-legacy-asset-inventory.csv,VALIDATED_FOR_DISCOVERY,NONE,,a6-5-a-discovery-results.csv#DISC-052,Path/metadata discovery only; no content inspection
DISC-053,CLIN-004,clinical-parsing-service/data/vocabularies/allergy_normalization.csv,P1,P1,TRACKED_FILE,TRACKED_FILE,CLINICAL_REVIEW_BLOCKER,CLINICAL_REVIEW_BLOCKER,,git_cat-file_-e+git_ls_files,git_grep_-l_filename_only,clinical-parsing-service/README.md;clinical-parsing-service/docs/clinical-parsing-service - 已实现功能清单.md;docs/AI医生/知识内容提取/提取方案/归一化词表获取与构建方法.md;docs/refactoring/evidence/phase-a/a2/python-clinical-asset-inventory.csv;docs/refactoring/evidence/phase-a/a4/data-verified-asset-manifest.csv;docs/refactoring/plans/phase-a/a6-5/a6-5-legacy-asset-inventory.csv,VALIDATED_FOR_DISCOVERY,NONE,,a6-5-a-discovery-results.csv#DISC-053,Path/metadata discovery only; no content inspection
DISC-054,CLIN-005,clinical-parsing-service/data/vocabularies/examination_normalization.csv,P1,P1,TRACKED_FILE,TRACKED_FILE,CLINICAL_REVIEW_BLOCKER,CLINICAL_REVIEW_BLOCKER,,git_cat-file_-e+git_ls_files,git_grep_-l_filename_only,clinical-parsing-service/README.md;clinical-parsing-service/docs/clinical-parsing-service - 已实现功能清单.md;docs/AI医生/知识内容提取/提取方案/归一化词表获取与构建方法.md;docs/AI医生/知识内容提取/知识库结构设计/使用分析/表格文件使用分析.md;docs/AI医生/知识内容提取/知识库结构设计/结构设计/设计/表格文件结构设计.md;docs/refactoring/evidence/phase-a/a2/python-clinical-asset-inventory.csv;docs/refactoring/evidence/phase-a/a4/data-verified-asset-manifest.csv;docs/refactoring/plans/phase-a/a6-5/a6-5-legacy-asset-inventory.csv,VALIDATED_FOR_DISCOVERY,NONE,,a6-5-a-discovery-results.csv#DISC-054,Path/metadata discovery only; no content inspection
DISC-055,CLIN-006,clinical-parsing-service/data/vocabularies/indicator_normalization.csv,P1,P1,TRACKED_FILE,TRACKED_FILE,CLINICAL_REVIEW_BLOCKER,CLINICAL_REVIEW_BLOCKER,,git_cat-file_-e+git_ls_files,git_grep_-l_filename_only,clinical-parsing-service/README.md;clinical-parsing-service/docs/clinical-parsing-service - 已实现功能清单.md;docs/AI医生/知识内容提取/提取方案/归一化词表获取与构建方法.md;docs/AI医生/知识内容提取/知识库结构设计/使用分析/表格文件使用分析.md;docs/AI医生/知识内容提取/知识库结构设计/结构设计/设计/表格文件结构设计.md;docs/refactoring/evidence/phase-a/a2/python-clinical-asset-inventory.csv;docs/refactoring/evidence/phase-a/a4/data-verified-asset-manifest.csv;docs/refactoring/plans/phase-a/a6-5/a6-5-legacy-asset-inventory.csv,VALIDATED_FOR_DISCOVERY,NONE,,a6-5-a-discovery-results.csv#DISC-055,Path/metadata discovery only; no content inspection
DISC-056,CLIN-007,clinical-parsing-service/data/vocabularies/ambiguity_rules.json,P0,P0,TRACKED_FILE,TRACKED_FILE,CLINICAL_LOGIC_ACTIVE_PATH,CLINICAL_LOGIC_ACTIVE_PATH,,git_cat-file_-e+git_ls_files,git_grep_-l_filename_only,clinical-parsing-service/README.md;clinical-parsing-service/app/services/ambiguity_detector.py;clinical-parsing-service/docs/clinical-parsing-service - 已实现功能清单.md;clinical-parsing-service/docs/clinical-parsing-service - 服务实现方案.md;docs/AI医生/知识内容提取/提取方案/归一化词表获取与构建方法.md;docs/refactoring/evidence/phase-a/a2/python-clinical-asset-inventory.csv;docs/refactoring/evidence/phase-a/a4/data-verified-asset-manifest.csv;docs/refactoring/plans/phase-a/a6-5/a6-5-legacy-asset-inventory.csv,VALIDATED_FOR_DISCOVERY,NONE,,a6-5-a-discovery-results.csv#DISC-056,Path/metadata discovery only; no content inspection
DISC-057,CLIN-008,health-state-assessment-service/data/健康管理路径规则/健康管理路径规则.yaml,P0,P0,TRACKED_FILE,TRACKED_FILE,CLINICAL_LOGIC_ACTIVE_PATH,CLINICAL_LOGIC_ACTIVE_PATH,,git_cat-file_-e+git_ls_files,git_grep_-l_filename_only,docs/AI医生/知识内容提取/提取方案/知识内容AI生成可行性分析.md;docs/AI医生/知识内容提取/知识库结构设计/AI医生系统-映射关系设计规范.md;docs/AI医生/知识内容提取/知识库结构设计/AI医生系统-知识内容需求最终版.md;docs/AI医生/知识内容提取/知识库结构设计/使用分析/配置文件使用分析.md;docs/AI医生/知识内容提取/知识库结构设计/内容组/AI诊断系统资料准备-梳理总结.md;docs/AI医生/知识内容提取/知识库结构设计/知识内容混合存储方案-简化版.md;docs/AI医生/知识内容提取/知识库结构设计/知识内容混合存储方案-详细设计.md;docs/AI医生/知识内容提取/知识库结构设计/结构设计/流程/知识图谱结构设计实际流程.md;docs/AI医生/知识内容提取/知识库结构设计/结构设计/设计/配置文件结构设计.md;docs/refactoring/plans/phase-a/a6-5/a6-5-legacy-asset-inventory.csv;docs/方案讨论过程文件/AI医生系统-整体开发计划.md;docs/方案讨论过程文件/功能设计与知识内容需求匹配度分析.md,VALIDATED_FOR_DISCOVERY,NONE,,a6-5-a-discovery-results.csv#DISC-057,Path/metadata discovery only; no content inspection
DISC-058,CLIN-009,health-state-assessment-service/data/入口判定规则/入口判定与工作态切换规则.yaml,P0,P0,TRACKED_FILE,TRACKED_FILE,CLINICAL_LOGIC_ACTIVE_PATH,CLINICAL_LOGIC_ACTIVE_PATH,,git_cat-file_-e+git_ls_files,git_grep_-l_filename_only,docs/AI医生/知识内容提取/提取方案/知识内容AI生成可行性分析.md;docs/AI医生/知识内容提取/知识库结构设计/AI医生系统-映射关系设计规范.md;docs/AI医生/知识内容提取/知识库结构设计/AI医生系统-知识内容需求最终版.md;docs/AI医生/知识内容提取/知识库结构设计/使用分析/配置文件使用分析.md;docs/AI医生/知识内容提取/知识库结构设计/内容组/AI诊断系统资料准备-梳理总结.md;docs/AI医生/知识内容提取/知识库结构设计/知识内容混合存储方案-简化版.md;docs/AI医生/知识内容提取/知识库结构设计/知识内容混合存储方案-详细设计.md;docs/AI医生/知识内容提取/知识库结构设计/结构设计/流程/知识图谱结构设计实际流程.md;docs/AI医生/知识内容提取/知识库结构设计/结构设计/设计/配置文件结构设计.md;docs/refactoring/plans/phase-a/a6-5/a6-5-legacy-asset-inventory.csv;docs/方案讨论过程文件/AI医生系统-整体开发计划.md;docs/方案讨论过程文件/内容清单/后期需求形式确定/知识内容需求-对照表.md;docs/方案讨论过程文件/功能设计与知识内容需求匹配度分析.md;health-state-assessment-service/data/入口判定规则/入口角度统一转换规则.yaml,VALIDATED_FOR_DISCOVERY,NONE,,a6-5-a-discovery-results.csv#DISC-058,Path/metadata discovery only; no content inspection
DISC-059,CLIN-010,health-state-assessment-service/data/入口判定规则/入口角度统一转换规则.yaml,P0,P0,TRACKED_FILE,TRACKED_FILE,CLINICAL_LOGIC_ACTIVE_PATH,CLINICAL_LOGIC_ACTIVE_PATH,,git_cat-file_-e+git_ls_files,git_grep_-l_filename_only,docs/AI医生/知识内容提取/提取方案/知识内容AI生成可行性分析.md;docs/AI医生/知识内容提取/知识库结构设计/AI医生系统-映射关系设计规范.md;docs/AI医生/知识内容提取/知识库结构设计/AI医生系统-知识内容需求最终版.md;docs/AI医生/知识内容提取/知识库结构设计/使用分析/配置文件使用分析.md;docs/AI医生/知识内容提取/知识库结构设计/知识内容混合存储方案-简化版.md;docs/AI医生/知识内容提取/知识库结构设计/知识内容混合存储方案-详细设计.md;docs/AI医生/知识内容提取/知识库结构设计/结构设计/流程/知识图谱结构设计实际流程.md;docs/AI医生/知识内容提取/知识库结构设计/结构设计/设计/配置文件结构设计.md;docs/refactoring/plans/phase-a/a6-5/a6-5-legacy-asset-inventory.csv;docs/方案讨论过程文件/AI医生系统-整体开发计划.md;docs/方案讨论过程文件/内容清单/后期需求形式确定/知识内容需求-对照表.md,VALIDATED_FOR_DISCOVERY,NONE,,a6-5-a-discovery-results.csv#DISC-059,Path/metadata discovery only; no content inspection
DISC-060,CLIN-020,health-state-assessment-service/app/rules/red_flag_rules.py,P0,P0,TRACKED_FILE,TRACKED_FILE,CLINICAL_LOGIC_ACTIVE_PATH,CLINICAL_LOGIC_ACTIVE_PATH,,git_cat-file_-e+git_ls_files,git_grep_-l_filename_only,docs/AI医生/项目文档/10.实现与部署/项目结构设计.md;docs/refactoring/evidence/phase-a/a2/python-clinical-asset-inventory.csv;docs/refactoring/plans/phase-a/a6-5/a6-5-legacy-asset-inventory.csv;health-state-assessment-service/README.md;health-state-assessment-service/app/detectors/red_flag_detector.py;health-state-assessment-service/app/services/entry_assessment/step4_red_flag_check.py;health-state-assessment-service/docs/health-state-assessment-service - 已实现功能清单.md,VALIDATED_FOR_DISCOVERY,NONE,,a6-5-a-discovery-results.csv#DISC-060,Path/metadata discovery only; no content inspection
DISC-061,CLIN-021,health-state-assessment-service/app/rules/risk_screening_rules.py,P0,P0,TRACKED_FILE,TRACKED_FILE,CLINICAL_LOGIC_ACTIVE_PATH,CLINICAL_LOGIC_ACTIVE_PATH,,git_cat-file_-e+git_ls_files,git_grep_-l_filename_only,docs/AI医生/项目文档/10.实现与部署/项目结构设计.md;docs/refactoring/evidence/phase-a/a2/python-clinical-asset-inventory.csv;docs/refactoring/plans/phase-a/a6-5/a6-5-legacy-asset-inventory.csv;health-state-assessment-service/README.md;health-state-assessment-service/docs/health-state-assessment-service - 已实现功能清单.md,VALIDATED_FOR_DISCOVERY,NONE,,a6-5-a-discovery-results.csv#DISC-061,Path/metadata discovery only; no content inspection
DISC-062,CLIN-022,health-state-assessment-service/app/rules/severity_rules.py,P0,P0,TRACKED_FILE,TRACKED_FILE,CLINICAL_LOGIC_ACTIVE_PATH,CLINICAL_LOGIC_ACTIVE_PATH,,git_cat-file_-e+git_ls_files,git_grep_-l_filename_only,docs/AI医生/项目文档/10.实现与部署/项目结构设计.md;docs/refactoring/evidence/phase-a/a2/python-clinical-asset-inventory.csv;docs/refactoring/plans/phase-a/a6-5/a6-5-legacy-asset-inventory.csv;health-state-assessment-service/README.md;health-state-assessment-service/app/detectors/symptom_severity_detector.py;health-state-assessment-service/docs/health-state-assessment-service - 已实现功能清单.md;risk-assessment-service/app/services/risk_assessment_engine.py,VALIDATED_FOR_DISCOVERY,NONE,,a6-5-a-discovery-results.csv#DISC-062,Path/metadata discovery only; no content inspection
DISC-063,CLIN-023,health-state-assessment-service/app/rules/work_mode_rules.py,P0,P0,TRACKED_FILE,TRACKED_FILE,CLINICAL_LOGIC_ACTIVE_PATH,CLINICAL_LOGIC_ACTIVE_PATH,,git_cat-file_-e+git_ls_files,git_grep_-l_filename_only,docs/AI医生/项目文档/10.实现与部署/项目结构设计.md;docs/refactoring/evidence/phase-a/a2/python-clinical-asset-inventory.csv;docs/refactoring/plans/phase-a/a6-5/a6-5-legacy-asset-inventory.csv;health-state-assessment-service/README.md;health-state-assessment-service/app/services/health_state_assessment.py;health-state-assessment-service/docs/health-state-assessment-service - 已实现功能清单.md;health-state-assessment-service/docs/health-state-assessment-service - 服务实现方案.md,VALIDATED_FOR_DISCOVERY,NONE,,a6-5-a-discovery-results.csv#DISC-063,Path/metadata discovery only; no content inspection
DISC-064,CLIN-024,health-state-assessment-service/app/rules/wellness_plan_rules.py,P0,P0,TRACKED_FILE,TRACKED_FILE,CLINICAL_LOGIC_ACTIVE_PATH,CLINICAL_LOGIC_ACTIVE_PATH,,git_cat-file_-e+git_ls_files,git_grep_-l_filename_only,docs/AI医生/项目文档/10.实现与部署/项目结构设计.md;docs/refactoring/evidence/phase-a/a2/python-clinical-asset-inventory.csv;docs/refactoring/plans/phase-a/a6-5/a6-5-legacy-asset-inventory.csv;health-state-assessment-service/README.md;health-state-assessment-service/docs/health-state-assessment-service - 已实现功能清单.md,VALIDATED_FOR_DISCOVERY,NONE,,a6-5-a-discovery-results.csv#DISC-064,Path/metadata discovery only; no content inspection
DISC-065,CLIN-025,risk-assessment-service/app/services/triage_engine.py,P0,P0,TRACKED_FILE,TRACKED_FILE,CLINICAL_LOGIC_ACTIVE_PATH,CLINICAL_LOGIC_ACTIVE_PATH,,git_cat-file_-e+git_ls_files,git_grep_-l_filename_only,docs/AI医生/项目文档/10.实现与部署/项目结构设计.md;docs/refactoring/evidence/phase-a/a2/python-clinical-asset-inventory.csv;docs/refactoring/plans/phase-a/a6-5/a6-5-legacy-asset-inventory.csv;docs/方案讨论过程文件/AI医生系统-开发流程.md;risk-assessment-service/app/api/routes.py;risk-assessment-service/docs/risk-assessment-service - 已实现功能清单.md,VALIDATED_FOR_DISCOVERY,NONE,,a6-5-a-discovery-results.csv#DISC-065,Path/metadata discovery only; no content inspection
DISC-066,CLIN-026,risk-assessment-service/app/services/upgrade_rule_engine.py,P0,P0,TRACKED_FILE,TRACKED_FILE,CLINICAL_LOGIC_ACTIVE_PATH,CLINICAL_LOGIC_ACTIVE_PATH,,git_cat-file_-e+git_ls_files,git_grep_-l_filename_only,docs/AI医生/项目文档/10.实现与部署/项目结构设计.md;docs/refactoring/evidence/phase-a/a2/python-clinical-asset-inventory.csv;docs/refactoring/plans/phase-a/a6-5/a6-5-legacy-asset-inventory.csv;docs/方案讨论过程文件/AI医生系统-开发流程.md;risk-assessment-service/app/api/routes.py;risk-assessment-service/app/services/risk_assessment_engine.py;risk-assessment-service/docs/risk-assessment-service - 已实现功能清单.md,VALIDATED_FOR_DISCOVERY,NONE,,a6-5-a-discovery-results.csv#DISC-066,Path/metadata discovery only; no content inspection
DISC-067,CLIN-027,dialog-service/app/identifiers/information_gap_identifier.py,P0,P0,TRACKED_FILE,TRACKED_FILE,CLINICAL_LOGIC_ACTIVE_PATH,CLINICAL_LOGIC_ACTIVE_PATH,,git_cat-file_-e+git_ls_files,git_grep_-l_filename_only,dialog-service/README.md;dialog-service/app/identifiers/__init__.py;dialog-service/app/services/dialog_service.py;dialog-service/docs/dialog-service - 已实现功能清单.md;dialog-service/docs/dialog-service - 服务实现方案.md;docs/AI医生/项目文档/10.实现与部署/项目结构设计.md;docs/refactoring/evidence/phase-a/a2/python-clinical-asset-inventory.csv;docs/refactoring/plans/phase-a/a6-5/a6-5-legacy-asset-inventory.csv;docs/方案讨论过程文件/AI医生系统-开发流程.md;docs/方案讨论过程文件/功能与技术设计/AI医生系统-技术架构设计-核心架构.md,VALIDATED_FOR_DISCOVERY,NONE,,a6-5-a-discovery-results.csv#DISC-067,Path/metadata discovery only; no content inspection
DISC-068,CLIN-028,dialog-service/app/core/nlg.py,P0,P0,TRACKED_FILE,TRACKED_FILE,CLINICAL_LOGIC_ACTIVE_PATH,CLINICAL_LOGIC_ACTIVE_PATH,,git_cat-file_-e+git_ls_files,none,,VALIDATED_FOR_DISCOVERY,NONE,,a6-5-a-discovery-results.csv#DISC-068,Path/metadata discovery only; no content inspection
DISC-069,CLIN-029,diagnosis-engine-service/data/问题清单/结构化问题清单模板.yaml,P0,P0,TRACKED_FILE,TRACKED_FILE,CLINICAL_LOGIC_ACTIVE_PATH,CLINICAL_LOGIC_ACTIVE_PATH,,git_cat-file_-e+git_ls_files,git_grep_-l_filename_only,docs/AI医生/知识内容提取/提取方案/知识内容AI生成可行性分析.md;docs/AI医生/知识内容提取/知识库结构设计/AI医生系统-知识内容需求最终版.md;docs/AI医生/知识内容提取/知识库结构设计/使用分析/配置文件使用分析.md;docs/AI医生/知识内容提取/知识库结构设计/内容组/AI诊断系统资料准备-梳理总结.md;docs/AI医生/知识内容提取/知识库结构设计/知识内容与映射关系说明.md;docs/AI医生/知识内容提取/知识库结构设计/知识内容混合存储方案-简化版.md;docs/AI医生/知识内容提取/知识库结构设计/知识内容混合存储方案-详细设计.md;docs/AI医生/知识内容提取/知识库结构设计/结构设计/流程/知识图谱结构设计实际流程.md;docs/AI医生/知识内容提取/知识库结构设计/结构设计/设计/配置文件结构设计.md;docs/refactoring/plans/phase-a/a6-5/a6-5-legacy-asset-inventory.csv;docs/方案讨论过程文件/AI医生系统-整体开发计划.md;docs/方案讨论过程文件/功能设计与知识内容需求匹配度分析.md,VALIDATED_FOR_DISCOVERY,NONE,,a6-5-a-discovery-results.csv#DISC-069,Path/metadata discovery only; no content inspection
DISC-070,PROMPT-001,common/aidoctor_llm/prompt_manager.py,P0,P0,TRACKED_FILE,TRACKED_FILE,CLINICAL_LOGIC_ACTIVE_PATH,CLINICAL_LOGIC_ACTIVE_PATH,,git_cat-file_-e+git_ls_files,git_grep_-l_filename_only,common/aidoctor_llm/__init__.py;dialog-service/README.md;dialog-service/app/core/nlg.py;dialog-service/app/core/nlu.py;dialog-service/docs/dialog-service - 已实现功能清单.md;dialog-service/docs/dialog-service - 服务实现方案.md;docs/AI医生/项目文档/13.技术细节/LangChain架构开发流程.md;docs/refactoring/evidence/phase-a/a2/prompt-inventory.csv;docs/refactoring/plans/phase-a/a6-5/a6-5-legacy-asset-inventory.csv;explanation-service/app/builders/explanation_generator.py;explanation-service/docs/explanation-service - 服务实现方案.md;health-state-assessment-service/app/services/entry_assessment/step2_enhanced/situation_judger.py;health-state-assessment-service/app/services/entry_assessment/step2_enhanced/symptom_concern_identifier.py;health-state-assessment-service/app/services/nlu/README.md;health-state-assessment-service/app/services/nlu/entity_extractor.py,VALIDATED_FOR_DISCOVERY,NONE,,a6-5-a-discovery-results.csv#DISC-070,Path/metadata discovery only; no content inspection
DISC-071,PROMPT-002,diagnosis-engine-service/app/utils/prompt_templates.py,P0,P0,TRACKED_FILE,TRACKED_FILE,CLINICAL_LOGIC_ACTIVE_PATH,CLINICAL_LOGIC_ACTIVE_PATH,,git_cat-file_-e+git_ls_files,git_grep_-l_filename_only,diagnosis-engine-service/README.md;diagnosis-engine-service/app/engines/llm_engine.py;diagnosis-engine-service/app/multi-engine-fusion/llm_engine.py;diagnosis-engine-service/docs/diagnosis-engine-service - 已实现功能清单.md;docs/AI医生/项目文档/10.实现与部署/环境配置指南.md;docs/AI医生/项目文档/13.技术细节/LangChain架构开发流程.md;docs/refactoring/evidence/phase-a/a2/prompt-inventory.csv;docs/refactoring/plans/phase-a/a6-5/a6-5-legacy-asset-inventory.csv;docs/方案讨论过程文件/项目逻辑梳理/AI医生系统-大模型在推理流程中的作用与约束机制.md,VALIDATED_FOR_DISCOVERY,NONE,,a6-5-a-discovery-results.csv#DISC-071,Path/metadata discovery only; no content inspection
DISC-072,PROMPT-003,diagnosis-engine-service/app/config/prompt_templates/diagnosis_reasoning.jinja2,P0,P0,TRACKED_FILE,TRACKED_FILE,CLINICAL_LOGIC_ACTIVE_PATH,CLINICAL_LOGIC_ACTIVE_PATH,,git_cat-file_-e+git_ls_files,git_grep_-l_filename_only,common/aidoctor_llm/README.md;common/aidoctor_llm/prompt_manager.py;diagnosis-engine-service/app/config/prompt_templates/templates.yaml;diagnosis-engine-service/app/engines/llm_engine.py;diagnosis-engine-service/app/multi-engine-fusion/llm_engine.py;diagnosis-engine-service/app/utils/prompt_templates.py;diagnosis-engine-service/docs/diagnosis-engine-service - 已实现功能清单.md;docs/AI医生/项目文档/13.技术细节/LangChain架构开发流程.md;docs/refactoring/evidence/phase-a/a2/model-call-inventory.csv;docs/refactoring/evidence/phase-a/a2/prompt-inventory.csv;docs/refactoring/plans/phase-a/a6-5/a6-5-legacy-asset-inventory.csv;docs/方案讨论过程文件/项目逻辑梳理/AI医生系统-大模型在推理流程中的作用与约束机制.md,VALIDATED_FOR_DISCOVERY,NONE,,a6-5-a-discovery-results.csv#DISC-072,Path/metadata discovery only; no content inspection
DISC-073,PROMPT-004,diagnosis-engine-service/app/config/prompt_templates/path_injection.jinja2,P0,P0,TRACKED_FILE,TRACKED_FILE,CLINICAL_LOGIC_ACTIVE_PATH,CLINICAL_LOGIC_ACTIVE_PATH,,git_cat-file_-e+git_ls_files,git_grep_-l_filename_only,common/aidoctor_llm/prompt_manager.py;diagnosis-engine-service/app/config/prompt_templates/templates.yaml;diagnosis-engine-service/app/utils/prompt_templates.py;docs/refactoring/evidence/phase-a/a2/model-call-inventory.csv;docs/refactoring/evidence/phase-a/a2/prompt-inventory.csv;docs/refactoring/plans/phase-a/a6-5/a6-5-legacy-asset-inventory.csv;docs/方案讨论过程文件/项目逻辑梳理/AI医生系统-大模型在推理流程中的作用与约束机制.md,VALIDATED_FOR_DISCOVERY,NONE,,a6-5-a-discovery-results.csv#DISC-073,Path/metadata discovery only; no content inspection
DISC-074,PROMPT-005,diagnosis-engine-service/app/config/prompt_templates/question_generation.jinja2,P1,P1,TRACKED_FILE,TRACKED_FILE,CLINICAL_REVIEW_BLOCKER,CLINICAL_REVIEW_BLOCKER,,git_cat-file_-e+git_ls_files,git_grep_-l_filename_only,common/aidoctor_llm/README.md;common/aidoctor_llm/prompt_manager.py;diagnosis-engine-service/app/config/prompt_templates/templates.yaml;diagnosis-engine-service/app/utils/prompt_templates.py;dialog-service/README.md;dialog-service/app/api/routes.py;dialog-service/app/core/nlg.py;dialog-service/docs/dialog-service - 已实现功能清单.md;dialog-service/docs/dialog-service - 服务实现方案.md;docs/AI医生/项目文档/13.技术细节/LangChain架构开发流程.md;docs/refactoring/evidence/phase-a/a2/prompt-inventory.csv;docs/refactoring/plans/phase-a/a6-5/a6-5-legacy-asset-inventory.csv;docs/方案讨论过程文件/项目逻辑梳理/AI医生系统-大模型在推理流程中的作用与约束机制.md,VALIDATED_FOR_DISCOVERY,NONE,,a6-5-a-discovery-results.csv#DISC-074,Path/metadata discovery only; no content inspection
DISC-075,PROMPT-006,diagnosis-engine-service/app/config/prompt_templates/explanation_generation.jinja2,P1,P1,TRACKED_FILE,TRACKED_FILE,CLINICAL_REVIEW_BLOCKER,CLINICAL_REVIEW_BLOCKER,,git_cat-file_-e+git_ls_files,git_grep_-l_filename_only,common/aidoctor_llm/README.md;common/aidoctor_llm/prompt_manager.py;diagnosis-engine-service/app/config/prompt_templates/templates.yaml;diagnosis-engine-service/app/utils/prompt_templates.py;docs/AI医生/项目文档/13.技术细节/LangChain架构开发流程.md;docs/refactoring/evidence/phase-a/a2/prompt-inventory.csv;docs/refactoring/plans/phase-a/a6-5/a6-5-legacy-asset-inventory.csv;docs/方案讨论过程文件/项目逻辑梳理/AI医生系统-大模型在推理流程中的作用与约束机制.md;explanation-service/app/api/routes.py;explanation-service/app/builders/explanation_generator.py;explanation-service/docs/explanation-service - 服务实现方案.md,VALIDATED_FOR_DISCOVERY,NONE,,a6-5-a-discovery-results.csv#DISC-075,Path/metadata discovery only; no content inspection
DISC-076,PROMPT-007,diagnosis-engine-service/app/config/prompt_templates/templates.yaml,P1,P1,TRACKED_FILE,TRACKED_FILE,CLINICAL_REVIEW_BLOCKER,CLINICAL_REVIEW_BLOCKER,,git_cat-file_-e+git_ls_files,git_grep_-l_filename_only,common/aidoctor_llm/README.md;common/aidoctor_llm/prompt_manager.py;diagnosis-engine-service/README.md;diagnosis-engine-service/app/engines/llm_engine.py;diagnosis-engine-service/app/multi-engine-fusion/llm_engine.py;diagnosis-engine-service/app/utils/prompt_templates.py;diagnosis-engine-service/docs/diagnosis-engine-service - 已实现功能清单.md;dialog-service/app/core/nlg.py;docs/AI医生/知识内容提取/知识库结构设计/AI医生系统-系统边界与合规定位规范.md;docs/AI医生/项目文档/10.实现与部署/环境配置指南.md;docs/AI医生/项目文档/13.技术细节/LangChain架构开发流程.md;docs/refactoring/evidence/phase-a/a2/prompt-inventory.csv;docs/refactoring/evidence/phase-a/a2/python-clinical-asset-inventory.csv;docs/refactoring/evidence/phase-a/a2/python-dependency-inventory.csv,VALIDATED_FOR_DISCOVERY,NONE,,a6-5-a-discovery-results.csv#DISC-076,Path/metadata discovery only; no content inspection
DISC-077,PROMPT-008,health-state-assessment-service/app/services/nlu/prompt_manager.py,P0,P0,TRACKED_FILE,TRACKED_FILE,CLINICAL_LOGIC_ACTIVE_PATH,CLINICAL_LOGIC_ACTIVE_PATH,,git_cat-file_-e+git_ls_files,git_grep_-l_filename_only,common/aidoctor_llm/__init__.py;dialog-service/README.md;dialog-service/app/core/nlg.py;dialog-service/app/core/nlu.py;dialog-service/docs/dialog-service - 已实现功能清单.md;dialog-service/docs/dialog-service - 服务实现方案.md;docs/AI医生/项目文档/13.技术细节/LangChain架构开发流程.md;docs/refactoring/evidence/phase-a/a2/prompt-inventory.csv;docs/refactoring/plans/phase-a/a6-5/a6-5-legacy-asset-inventory.csv;explanation-service/app/builders/explanation_generator.py;explanation-service/docs/explanation-service - 服务实现方案.md;health-state-assessment-service/app/services/entry_assessment/step2_enhanced/situation_judger.py;health-state-assessment-service/app/services/entry_assessment/step2_enhanced/symptom_concern_identifier.py;health-state-assessment-service/app/services/nlu/README.md;health-state-assessment-service/app/services/nlu/entity_extractor.py,VALIDATED_FOR_DISCOVERY,NONE,,a6-5-a-discovery-results.csv#DISC-077,Path/metadata discovery only; no content inspection
DISC-078,PROMPT-009,dialog-service/app/utils/prompt_manager.py,P1,P1,TRACKED_FILE,TRACKED_FILE,CLINICAL_REVIEW_BLOCKER,CLINICAL_REVIEW_BLOCKER,,git_cat-file_-e+git_ls_files,git_grep_-l_filename_only,common/aidoctor_llm/__init__.py;dialog-service/README.md;dialog-service/app/core/nlg.py;dialog-service/app/core/nlu.py;dialog-service/docs/dialog-service - 已实现功能清单.md;dialog-service/docs/dialog-service - 服务实现方案.md;docs/AI医生/项目文档/13.技术细节/LangChain架构开发流程.md;docs/refactoring/evidence/phase-a/a2/prompt-inventory.csv;docs/refactoring/plans/phase-a/a6-5/a6-5-legacy-asset-inventory.csv;explanation-service/app/builders/explanation_generator.py;explanation-service/docs/explanation-service - 服务实现方案.md;health-state-assessment-service/app/services/entry_assessment/step2_enhanced/situation_judger.py;health-state-assessment-service/app/services/entry_assessment/step2_enhanced/symptom_concern_identifier.py;health-state-assessment-service/app/services/nlu/README.md;health-state-assessment-service/app/services/nlu/entity_extractor.py,VALIDATED_FOR_DISCOVERY,NONE,,a6-5-a-discovery-results.csv#DISC-078,Path/metadata discovery only; no content inspection
DISC-079,PROMPT-010,dialog-service/app/core/nlu.py,P1,P1,TRACKED_FILE,TRACKED_FILE,CLINICAL_REVIEW_BLOCKER,CLINICAL_REVIEW_BLOCKER,,git_cat-file_-e+git_ls_files,none,,VALIDATED_FOR_DISCOVERY,NONE,,a6-5-a-discovery-results.csv#DISC-079,Path/metadata discovery only; no content inspection
DISC-080,PROMPT-011,explanation-service/app/builders/explanation_generator.py,P1,P1,TRACKED_FILE,TRACKED_FILE,CLINICAL_REVIEW_BLOCKER,CLINICAL_REVIEW_BLOCKER,,git_cat-file_-e+git_ls_files,git_grep_-l_filename_only,docs/refactoring/evidence/phase-a/a2/model-call-inventory.csv;docs/refactoring/evidence/phase-a/a2/prompt-inventory.csv;docs/refactoring/plans/phase-a/a6-5/a6-5-legacy-asset-inventory.csv;explanation-service/app/builders/__init__.py;explanation-service/app/services/explanation_service.py;explanation-service/docs/explanation-service - 已实现功能清单.md;explanation-service/docs/explanation-service - 服务实现方案.md,VALIDATED_FOR_DISCOVERY,NONE,,a6-5-a-discovery-results.csv#DISC-080,Path/metadata discovery only; no content inspection
DISC-081,PROMPT-012,docs/refactoring/evidence/phase-a/a2/prompt-inventory.csv,P2,P2,TRACKED_FILE,TRACKED_FILE,ARCHITECTURE_GOVERNANCE_BLOCKER,ARCHITECTURE_GOVERNANCE_BLOCKER,,git_cat-file_-e+git_ls_files,none,,VALIDATED_FOR_DISCOVERY,NONE,,a6-5-a-discovery-results.csv#DISC-081,Path/metadata discovery only; no content inspection
DISC-082,PROMPT-013,docs/AI医生/知识内容提取/提取脚本/merge_hpo_chinese.py,P2,P2,TRACKED_FILE,TRACKED_FILE,ARCHITECTURE_GOVERNANCE_BLOCKER,ARCHITECTURE_GOVERNANCE_BLOCKER,,git_cat-file_-e+git_ls_files,none,,VALIDATED_FOR_DISCOVERY,NONE,,a6-5-a-discovery-results.csv#DISC-082,Path/metadata discovery only; no content inspection
DISC-083,PROMPT-014,docs/AI医生/知识内容提取/提取脚本/parse_and_translate_icpc_xml.py,P2,P2,TRACKED_FILE,TRACKED_FILE,ARCHITECTURE_GOVERNANCE_BLOCKER,ARCHITECTURE_GOVERNANCE_BLOCKER,,git_cat-file_-e+git_ls_files,none,,VALIDATED_FOR_DISCOVERY,NONE,,a6-5-a-discovery-results.csv#DISC-083,Path/metadata discovery only; no content inspection
DISC-084,PROMPT-015,docs/AI医生/知识内容提取/提取脚本/translate_icpc_chinese.py,P2,P2,TRACKED_FILE,TRACKED_FILE,ARCHITECTURE_GOVERNANCE_BLOCKER,ARCHITECTURE_GOVERNANCE_BLOCKER,,git_cat-file_-e+git_ls_files,none,,VALIDATED_FOR_DISCOVERY,NONE,,a6-5-a-discovery-results.csv#DISC-084,Path/metadata discovery only; no content inspection
DISC-085,MODEL-001,common/aidoctor_llm/llm_client.py,P1,P1,TRACKED_FILE,TRACKED_FILE,RUNTIME_COUPLING_BLOCKER,RUNTIME_COUPLING_BLOCKER,,git_cat-file_-e+git_ls_files,git_grep_-l_filename_only,common/aidoctor_llm/README.md;common/aidoctor_llm/__init__.py;diagnosis-engine-service/README.md;diagnosis-engine-service/app/api/routes.py;diagnosis-engine-service/app/engines/fusion_engine.py;diagnosis-engine-service/app/engines/llm_engine.py;diagnosis-engine-service/app/kg-reasoning-engine/path_injector.py;diagnosis-engine-service/app/multi-engine-fusion/llm_engine.py;diagnosis-engine-service/app/utils/dependencies.py;diagnosis-engine-service/docs/diagnosis-engine-service - 已实现功能清单.md;diagnosis-engine-service/docs/diagnosis-engine-service - 服务实现方案.md;dialog-service/README.md;dialog-service/app/core/nlg.py;dialog-service/app/core/nlu.py;dialog-service/docs/dialog-service - 已实现功能清单.md,VALIDATED_FOR_DISCOVERY,NONE,,a6-5-a-discovery-results.csv#DISC-085,Path/metadata discovery only; no content inspection
DISC-086,MODEL-002,common/aidoctor_llm/config.py,P1,P1,TRACKED_FILE,TRACKED_FILE,RUNTIME_COUPLING_BLOCKER,RUNTIME_COUPLING_BLOCKER,,git_cat-file_-e+git_ls_files,git_grep_-l_filename_only,.gitignore;DRKnows-main/LICENSE;Git提交规范.md;capabilities/requirements-test.lock.txt;clinical-parsing-service/README.md;clinical-parsing-service/app/main.py;clinical-parsing-service/app/services/parsing_service.py;clinical-parsing-service/app/utils/cdp_reader.py;clinical-parsing-service/docs/clinical-parsing-service - 已实现功能清单.md;clinical-parsing-service/docs/clinical-parsing-service - 服务实现方案.md;common/aidoctor_llm/README.md;common/aidoctor_llm/__init__.py;common/aidoctor_llm/llm_client.py;common/aidoctor_llm/prompt_manager.py;contracts/v1/requirements-test.lock.txt,VALIDATED_FOR_DISCOVERY,NONE,,a6-5-a-discovery-results.csv#DISC-086,Path/metadata discovery only; no content inspection
DISC-087,MODEL-003,diagnosis-engine-service/app/config/settings.py,P1,P1,TRACKED_FILE,TRACKED_FILE,RUNTIME_COUPLING_BLOCKER,RUNTIME_COUPLING_BLOCKER,,git_cat-file_-e+git_ls_files,git_grep_-l_filename_only,.gitignore;DRKnows-main/readme.md;clinical-parsing-service/README.md;clinical-parsing-service/app/config/settings.py;clinical-parsing-service/app/main.py;clinical-parsing-service/app/services/parsing_service.py;clinical-parsing-service/app/utils/cdp_reader.py;clinical-parsing-service/docs/clinical-parsing-service - 已实现功能清单.md;clinical-parsing-service/docs/clinical-parsing-service - 服务实现方案.md;clinical-parsing-service/requirements.txt;diagnosis-engine-service/README.md;diagnosis-engine-service/app/api/routes.py;diagnosis-engine-service/app/engines/fusion_engine.py;diagnosis-engine-service/app/engines/kg_engine.py,VALIDATED_FOR_DISCOVERY,NONE,,a6-5-a-discovery-results.csv#DISC-087,Path/metadata discovery only; no content inspection
DISC-088,MODEL-004,diagnosis-engine-service/app/engines/llm_engine.py,P1,P1,TRACKED_FILE,TRACKED_FILE,RUNTIME_COUPLING_BLOCKER,RUNTIME_COUPLING_BLOCKER,,git_cat-file_-e+git_ls_files,git_grep_-l_filename_only,diagnosis-engine-service/README.md;diagnosis-engine-service/app/analyzers/evidence_analyzer.py;diagnosis-engine-service/app/api/routes.py;diagnosis-engine-service/app/engines/__init__.py;diagnosis-engine-service/app/engines/fusion_engine.py;diagnosis-engine-service/app/multi-engine-fusion/__init__.py;diagnosis-engine-service/app/multi-engine-fusion/llm_engine.py;diagnosis-engine-service/docs/diagnosis-engine-service - 已实现功能清单.md;diagnosis-engine-service/docs/diagnosis-engine-service - 服务实现方案.md;diagnosis-engine-service/删除清单-统计模型引擎和规则引擎.md;docs/AI医生/Dr.KNOWS/AI医生系统架构设计 - 基于DR.KNOWS的扩展.md;docs/AI医生/项目文档/10.实现与部署/项目结构设计.md;docs/AI医生/项目文档/13.技术细节/LangChain架构开发流程.md;docs/refactoring/evidence/phase-a/a2/model-call-inventory.csv;docs/refactoring/plans/phase-a/a6-5/a6-5-legacy-asset-inventory.csv,VALIDATED_FOR_DISCOVERY,NONE,,a6-5-a-discovery-results.csv#DISC-088,Path/metadata discovery only; no content inspection
DISC-089,MODEL-005,diagnosis-engine-service/app/multi-engine-fusion/llm_engine.py,P1,P1,TRACKED_FILE,TRACKED_FILE,RUNTIME_COUPLING_BLOCKER,RUNTIME_COUPLING_BLOCKER,,git_cat-file_-e+git_ls_files,git_grep_-l_filename_only,diagnosis-engine-service/README.md;diagnosis-engine-service/app/analyzers/evidence_analyzer.py;diagnosis-engine-service/app/api/routes.py;diagnosis-engine-service/app/engines/__init__.py;diagnosis-engine-service/app/engines/fusion_engine.py;diagnosis-engine-service/app/multi-engine-fusion/__init__.py;diagnosis-engine-service/docs/diagnosis-engine-service - 已实现功能清单.md;diagnosis-engine-service/docs/diagnosis-engine-service - 服务实现方案.md;diagnosis-engine-service/删除清单-统计模型引擎和规则引擎.md;docs/AI医生/Dr.KNOWS/AI医生系统架构设计 - 基于DR.KNOWS的扩展.md;docs/AI医生/项目文档/10.实现与部署/项目结构设计.md;docs/AI医生/项目文档/13.技术细节/LangChain架构开发流程.md;docs/refactoring/evidence/phase-a/a2/model-call-inventory.csv;docs/refactoring/plans/phase-a/a6-5/a6-5-legacy-asset-inventory.csv,VALIDATED_FOR_DISCOVERY,NONE,,a6-5-a-discovery-results.csv#DISC-089,Path/metadata discovery only; no content inspection
DISC-090,MODEL-006,health-state-assessment-service/app/services/nlu/ner_model.py,P1,P1,TRACKED_FILE,TRACKED_FILE,RUNTIME_COUPLING_BLOCKER,RUNTIME_COUPLING_BLOCKER,,git_cat-file_-e+git_ls_files,git_grep_-l_filename_only,docs/AI医生/项目文档/13.技术细节/DR.KNOWS路径推理设计.md;docs/AI医生/项目文档/4.工具设计/工具技术实现.md;docs/refactoring/evidence/phase-a/a2/model-call-inventory.csv;docs/refactoring/evidence/phase-a/a2/python-contract-variant-inventory.csv;docs/refactoring/plans/phase-a/a6-5/a6-5-legacy-asset-inventory.csv;docs/方案讨论过程文件/功能与技术设计/AI医生系统-技术架构设计-核心技术组件.md;docs/方案讨论过程文件/系统设计方案/智能诊断系统-技术架构方案.md;docs/方案讨论过程文件/项目逻辑梳理/AI医生系统-主Agent+Tools三层架构关系详细说明.md;health-state-assessment-service/app/config/settings.py;health-state-assessment-service/app/services/nlu/__init__.py;health-state-assessment-service/app/services/nlu/entity_extractor.py;health-state-assessment-service/docs/NLU细化实现方案.md,VALIDATED_FOR_DISCOVERY,NONE,,a6-5-a-discovery-results.csv#DISC-090,Path/metadata discovery only; no content inspection
DISC-091,MODEL-007,ocr-service/app/services/ocr_service.py,P1,P1,TRACKED_FILE,TRACKED_FILE,RUNTIME_COUPLING_BLOCKER,RUNTIME_COUPLING_BLOCKER,,git_cat-file_-e+git_ls_files,git_grep_-l_filename_only,clinical-parsing-service/app/config/settings.py;docs/AI医生/项目文档/10.实现与部署/项目结构设计.md;docs/refactoring/evidence/phase-a/a2/model-call-inventory.csv;docs/refactoring/evidence/phase-a/a2/python-contract-variant-inventory.csv;docs/refactoring/evidence/phase-a/a4/data-access-path-inventory.csv;docs/refactoring/evidence/phase-a/a4/data-lifecycle-governance-inventory.csv;docs/refactoring/evidence/phase-a/a4/data-store-inventory.csv;docs/refactoring/plans/phase-a/a6-5/a6-5-legacy-asset-inventory.csv;ocr-service/app/api/routes.py;ocr-service/docs/ocr-service - 已实现功能清单.md,VALIDATED_FOR_DISCOVERY,NONE,,a6-5-a-discovery-results.csv#DISC-091,Path/metadata discovery only; no content inspection
DISC-092,MODEL-008,DRKnows-main/generate_CUI_embedding.py,P1,P1,TRACKED_FILE,TRACKED_FILE,RUNTIME_COUPLING_BLOCKER,RUNTIME_COUPLING_BLOCKER,,git_cat-file_-e+git_ls_files,git_grep_-l_filename_only,DRKnows-main/readme.md;docs/refactoring/evidence/phase-a/a2/model-call-inventory.csv;docs/refactoring/plans/phase-a/a6-5/a6-5-legacy-asset-inventory.csv,VALIDATED_FOR_DISCOVERY,NONE,QUARANTINED_AT_PATH_LEVEL,a6-5-a-discovery-results.csv#DISC-092,Path/metadata discovery only; no content inspection
DISC-093,MODEL-009,docker-compose.yml,P1,P1,TRACKED_FILE,TRACKED_FILE,RUNTIME_COUPLING_BLOCKER,RUNTIME_COUPLING_BLOCKER,,git_cat-file_-e+git_ls_files,git_grep_-l_filename_only,.gitignore;README.md;docs/AI医生/项目文档/10.实现与部署/环境配置指南.md;docs/AI医生/项目文档/10.实现与部署/部署架构设计.md;docs/AI医生/项目文档/10.实现与部署/项目结构设计.md;docs/refactoring/evidence/phase-a/a3/docker-compose-inventory.csv;docs/refactoring/evidence/phase-a/a3/frontend-docker-baseline.md;docs/refactoring/evidence/phase-a/a4/data-entity-schema-inventory.csv;docs/refactoring/evidence/phase-a/a4/data-lifecycle-governance-inventory.csv;docs/refactoring/evidence/phase-a/a4/data-schema-drift-inventory.csv;docs/refactoring/evidence/phase-a/a4/data-store-inventory.csv;docs/refactoring/plans/phase-a/a6-5/a6-5-legacy-asset-inventory.csv;docs/refactoring/plans/phase-a/a6-5/a6-5-legacy-asset-validation-plan.md;docs/refactoring/代码、数据与设计资产迁移矩阵.md;docs/refactoring/当前系统资产盘点.md,VALIDATED_FOR_DISCOVERY,NONE,,a6-5-a-discovery-results.csv#DISC-093,Path/metadata discovery only; no content inspection
DISC-094,DATA-K001,docs/AI医生/知识内容提取/源数据/hp-zh.babelon.tsv,P0,P0,TRACKED_FILE,TRACKED_FILE,LICENSE_PROVENANCE_BLOCKER,LICENSE_PROVENANCE_BLOCKER,,git_cat-file_-e+git_ls_files,git_grep_-l_filename_only,docs/AI医生/知识内容提取/提取脚本/parse_hp_zh_tsv_from_yuanshuju.py;docs/refactoring/plans/phase-a/a6-5/a6-5-legacy-asset-inventory.csv,VALIDATED_FOR_DISCOVERY,NONE,QUARANTINED_AT_PATH_LEVEL,a6-5-a-discovery-results.csv#DISC-094,Path/metadata discovery only; no content inspection
DISC-095,DATA-K002,docs/AI医生/知识内容提取/源数据/hp-zh.synonyms.tsv,P0,P0,TRACKED_FILE,TRACKED_FILE,LICENSE_PROVENANCE_BLOCKER,LICENSE_PROVENANCE_BLOCKER,,git_cat-file_-e+git_ls_files,git_grep_-l_filename_only,docs/AI医生/知识内容提取/提取脚本/parse_hp_zh_tsv_from_yuanshuju.py;docs/refactoring/plans/phase-a/a6-5/a6-5-legacy-asset-inventory.csv,VALIDATED_FOR_DISCOVERY,NONE,QUARANTINED_AT_PATH_LEVEL,a6-5-a-discovery-results.csv#DISC-095,Path/metadata discovery only; no content inspection
DISC-096,DATA-K003,docs/AI医生/知识内容提取/源数据/ICPC-2e-v7.0/ICPC-2e-v7.0.xml,P0,P0,TRACKED_FILE,TRACKED_FILE,LICENSE_PROVENANCE_BLOCKER,LICENSE_PROVENANCE_BLOCKER,,git_cat-file_-e+git_ls_files,git_grep_-l_filename_only,docs/AI医生/知识内容提取/提取脚本/README_ICPC_XML翻译.md;docs/AI医生/知识内容提取/提取脚本/README_ICPC翻译.md;docs/AI医生/知识内容提取/提取脚本/parse_and_translate_icpc_xml.py;docs/AI医生/知识内容提取/提取脚本/translate_icpc_chinese.py;docs/refactoring/plans/phase-a/a6-5/a6-5-legacy-asset-inventory.csv,VALIDATED_FOR_DISCOVERY,NONE,QUARANTINED_AT_PATH_LEVEL,a6-5-a-discovery-results.csv#DISC-096,Path/metadata discovery only; no content inspection
DISC-097,DATA-K004,docs/AI医生/知识内容提取/源数据/UMLS数据集和关系类型详细说明.md,P0,P0,TRACKED_FILE,TRACKED_FILE,LICENSE_PROVENANCE_BLOCKER,LICENSE_PROVENANCE_BLOCKER,,git_cat-file_-e+git_ls_files,git_grep_-l_filename_only,docs/refactoring/plans/phase-a/a6-5/a6-5-legacy-asset-inventory.csv,VALIDATED_FOR_DISCOVERY,NONE,QUARANTINED_AT_PATH_LEVEL,a6-5-a-discovery-results.csv#DISC-097,Path/metadata discovery only; no content inspection
DISC-098,DATA-K005,docs/AI医生/知识内容提取/源数据/归档/icd10cm-table and index-2026/icd10cm-drug-2026.xml,P0,P0,TRACKED_FILE,TRACKED_FILE,LICENSE_PROVENANCE_BLOCKER,LICENSE_PROVENANCE_BLOCKER,,git_cat-file_-e+git_ls_files,git_grep_-l_filename_only,docs/AI医生/知识内容提取/提取方案/icd内容概述.md;docs/refactoring/plans/phase-a/a6-5/a6-5-legacy-asset-inventory.csv,VALIDATED_FOR_DISCOVERY,NONE,QUARANTINED_AT_PATH_LEVEL,a6-5-a-discovery-results.csv#DISC-098,Path/metadata discovery only; no content inspection
DISC-099,DATA-K006,docs/AI医生/知识内容提取/源数据/归档/icd10cm-table and index-2026/icd10cm-eindex-2026.xml,P0,P0,TRACKED_FILE,TRACKED_FILE,LICENSE_PROVENANCE_BLOCKER,LICENSE_PROVENANCE_BLOCKER,,git_cat-file_-e+git_ls_files,git_grep_-l_filename_only,docs/AI医生/知识内容提取/提取方案/icd内容概述.md;docs/refactoring/plans/phase-a/a6-5/a6-5-legacy-asset-inventory.csv,VALIDATED_FOR_DISCOVERY,NONE,QUARANTINED_AT_PATH_LEVEL,a6-5-a-discovery-results.csv#DISC-099,Path/metadata discovery only; no content inspection
DISC-100,DATA-K007,docs/AI医生/知识内容提取/源数据/归档/icd10cm-table and index-2026/icd10cm-index-2026.xml,P0,P0,TRACKED_FILE,TRACKED_FILE,LICENSE_PROVENANCE_BLOCKER,LICENSE_PROVENANCE_BLOCKER,,git_cat-file_-e+git_ls_files,git_grep_-l_filename_only,docs/AI医生/知识内容提取/提取方案/icd内容概述.md;docs/AI医生/知识内容提取/提取脚本/extract_icd10cm_disease_catalog.py;docs/AI医生/知识内容提取/提取脚本/脚本说明/README_ICD10CM_疾病目录提取.md;docs/refactoring/plans/phase-a/a6-5/a6-5-legacy-asset-inventory.csv,VALIDATED_FOR_DISCOVERY,NONE,QUARANTINED_AT_PATH_LEVEL,a6-5-a-discovery-results.csv#DISC-100,Path/metadata discovery only; no content inspection
DISC-101,DATA-K008,docs/AI医生/知识内容提取/源数据/归档/icd10cm-table and index-2026/icd10cm-neoplasm-2026.xml,P0,P0,TRACKED_FILE,TRACKED_FILE,LICENSE_PROVENANCE_BLOCKER,LICENSE_PROVENANCE_BLOCKER,,git_cat-file_-e+git_ls_files,git_grep_-l_filename_only,docs/AI医生/知识内容提取/提取方案/icd内容概述.md;docs/refactoring/plans/phase-a/a6-5/a6-5-legacy-asset-inventory.csv,VALIDATED_FOR_DISCOVERY,NONE,QUARANTINED_AT_PATH_LEVEL,a6-5-a-discovery-results.csv#DISC-101,Path/metadata discovery only; no content inspection
DISC-102,DATA-K009,docs/AI医生/知识内容提取/源数据/归档/icd10cm-table and index-2026/icd10cm-tabular-2026.xml,P0,P0,TRACKED_FILE,TRACKED_FILE,LICENSE_PROVENANCE_BLOCKER,LICENSE_PROVENANCE_BLOCKER,,git_cat-file_-e+git_ls_files,git_grep_-l_filename_only,docs/AI医生/知识内容提取/提取方案/icd内容概述.md;docs/AI医生/知识内容提取/提取脚本/extract_icd10cm_disease_catalog.py;docs/AI医生/知识内容提取/提取脚本/脚本说明/README_ICD10CM_疾病目录提取.md;docs/refactoring/plans/phase-a/a6-5/a6-5-legacy-asset-inventory.csv,VALIDATED_FOR_DISCOVERY,NONE,QUARANTINED_AT_PATH_LEVEL,a6-5-a-discovery-results.csv#DISC-102,Path/metadata discovery only; no content inspection
DISC-103,DATA-K010,docs/AI医生/知识内容提取/提取结果/hpo/hpo_chinese_mapping.csv,P0,P0,TRACKED_FILE,TRACKED_FILE,LICENSE_PROVENANCE_BLOCKER,LICENSE_PROVENANCE_BLOCKER,,git_cat-file_-e+git_ls_files,git_grep_-l_filename_only,docs/AI医生/知识内容提取/提取方案/HPO中文翻译方案.md;docs/AI医生/知识内容提取/提取脚本/README_AI翻译配置.md;docs/AI医生/知识内容提取/提取脚本/download_hpo_chinese_dict.py;docs/AI医生/知识内容提取/提取脚本/merge_hpo_chinese.py;docs/AI医生/知识内容提取/提取脚本/parse_hp_zh_tsv_from_yuanshuju.py;docs/refactoring/evidence/phase-a/a4/data-verified-asset-manifest.csv;docs/refactoring/plans/phase-a/a6-5/a6-5-legacy-asset-inventory.csv,VALIDATED_FOR_DISCOVERY,NONE,QUARANTINED_AT_PATH_LEVEL,a6-5-a-discovery-results.csv#DISC-103,Path/metadata discovery only; no content inspection
DISC-104,DATA-K011,docs/AI医生/知识内容提取/提取结果/hpo/hpo_data.csv,P0,P0,TRACKED_FILE,TRACKED_FILE,LICENSE_PROVENANCE_BLOCKER,LICENSE_PROVENANCE_BLOCKER,,git_cat-file_-e+git_ls_files,git_grep_-l_filename_only,docs/AI医生/知识内容提取/提取方案/HPO中文翻译方案.md;docs/AI医生/知识内容提取/提取方案/README_HPO数据说明.md;docs/AI医生/知识内容提取/提取脚本/convert_hpo_to_csv.py;docs/AI医生/知识内容提取/提取脚本/extract_hpo_data.py;docs/AI医生/知识内容提取/提取脚本/merge_hpo_chinese.py;docs/AI医生/知识内容提取/提取脚本/脚本说明/README_提取脚本.md;docs/refactoring/evidence/phase-a/a4/data-verified-asset-manifest.csv;docs/refactoring/plans/phase-a/a6-5/a6-5-legacy-asset-inventory.csv,VALIDATED_FOR_DISCOVERY,NONE,QUARANTINED_AT_PATH_LEVEL,a6-5-a-discovery-results.csv#DISC-104,Path/metadata discovery only; no content inspection
DISC-105,DATA-K012,docs/AI医生/知识内容提取/提取结果/hpo/hpo_data.json,P0,P0,TRACKED_FILE,TRACKED_FILE,LICENSE_PROVENANCE_BLOCKER,LICENSE_PROVENANCE_BLOCKER,,git_cat-file_-e+git_ls_files,git_grep_-l_filename_only,docs/AI医生/知识内容提取/提取方案/HPO中文翻译方案.md;docs/AI医生/知识内容提取/提取方案/README_HPO数据说明.md;docs/AI医生/知识内容提取/提取脚本/convert_hpo_to_csv.py;docs/AI医生/知识内容提取/提取脚本/extract_hpo_data.py;docs/AI医生/知识内容提取/提取脚本/merge_hpo_chinese.py;docs/AI医生/知识内容提取/提取脚本/脚本说明/README_提取脚本.md;docs/refactoring/evidence/phase-a/a4/data-verified-asset-manifest.csv;docs/refactoring/plans/phase-a/a6-5/a6-5-legacy-asset-inventory.csv,VALIDATED_FOR_DISCOVERY,NONE,QUARANTINED_AT_PATH_LEVEL,a6-5-a-discovery-results.csv#DISC-105,Path/metadata discovery only; no content inspection
DISC-106,DATA-K013,docs/AI医生/知识内容提取/提取结果/hpo/hpo_data_with_chinese.csv,P0,P0,TRACKED_FILE,TRACKED_FILE,LICENSE_PROVENANCE_BLOCKER,LICENSE_PROVENANCE_BLOCKER,,git_cat-file_-e+git_ls_files,git_grep_-l_filename_only,docs/AI医生/知识内容提取/提取方案/HPO中文翻译方案.md;docs/AI医生/知识内容提取/提取脚本/merge_hpo_chinese.py;docs/refactoring/plans/phase-a/a6-5/a6-5-legacy-asset-inventory.csv,VALIDATED_FOR_DISCOVERY,NONE,QUARANTINED_AT_PATH_LEVEL,a6-5-a-discovery-results.csv#DISC-106,Path/metadata discovery only; no content inspection
DISC-107,DATA-K014,docs/AI医生/知识内容提取/提取结果/hpo/hpo_data_示例_前1000条.csv,P0,P0,TRACKED_FILE,TRACKED_FILE,LICENSE_PROVENANCE_BLOCKER,LICENSE_PROVENANCE_BLOCKER,,git_cat-file_-e+git_ls_files,git_grep_-l_filename_only,docs/AI医生/知识内容提取/提取方案/README_HPO数据说明.md;docs/AI医生/知识内容提取/提取脚本/convert_hpo_to_csv.py;docs/refactoring/plans/phase-a/a6-5/a6-5-legacy-asset-inventory.csv,VALIDATED_FOR_DISCOVERY,NONE,QUARANTINED_AT_PATH_LEVEL,a6-5-a-discovery-results.csv#DISC-107,Path/metadata discovery only; no content inspection
DISC-108,DATA-K015,docs/AI医生/知识内容提取/提取结果/hpo/hpo_translation_template.csv,P0,P0,TRACKED_FILE,TRACKED_FILE,LICENSE_PROVENANCE_BLOCKER,LICENSE_PROVENANCE_BLOCKER,,git_cat-file_-e+git_ls_files,git_grep_-l_filename_only,docs/AI医生/知识内容提取/提取方案/HPO中文翻译方案.md;docs/AI医生/知识内容提取/提取脚本/merge_hpo_chinese.py;docs/refactoring/plans/phase-a/a6-5/a6-5-legacy-asset-inventory.csv,VALIDATED_FOR_DISCOVERY,NONE,QUARANTINED_AT_PATH_LEVEL,a6-5-a-discovery-results.csv#DISC-108,Path/metadata discovery only; no content inspection
DISC-109,DATA-K016,docs/AI医生/知识内容提取/提取结果/hpo/translation_cache.json,P0,P0,TRACKED_FILE,TRACKED_FILE,LICENSE_PROVENANCE_BLOCKER,LICENSE_PROVENANCE_BLOCKER,,git_cat-file_-e+git_ls_files,git_grep_-l_filename_only,docs/AI医生/知识内容提取/提取脚本/README_AI翻译配置.md;docs/AI医生/知识内容提取/提取脚本/README_ICPC_XML翻译.md;docs/AI医生/知识内容提取/提取脚本/README_ICPC翻译.md;docs/AI医生/知识内容提取/提取脚本/merge_hpo_chinese.py;docs/AI医生/知识内容提取/提取脚本/parse_and_translate_icpc_xml.py;docs/AI医生/知识内容提取/提取脚本/translate_icpc_chinese.py;docs/refactoring/plans/phase-a/a6-5/a6-5-legacy-asset-inventory.csv,VALIDATED_FOR_DISCOVERY,NONE,QUARANTINED_AT_PATH_LEVEL,a6-5-a-discovery-results.csv#DISC-109,Path/metadata discovery only; no content inspection
DISC-110,DATA-K017,docs/AI医生/知识内容提取/提取结果/icpc/icpc_xml_chinese.csv,P0,P0,TRACKED_FILE,TRACKED_FILE,LICENSE_PROVENANCE_BLOCKER,LICENSE_PROVENANCE_BLOCKER,,git_cat-file_-e+git_ls_files,git_grep_-l_filename_only,docs/AI医生/知识内容提取/提取脚本/README_ICPC_XML翻译.md;docs/AI医生/知识内容提取/提取脚本/parse_and_translate_icpc_xml.py;docs/refactoring/evidence/phase-a/a4/data-verified-asset-manifest.csv;docs/refactoring/plans/phase-a/a6-5/a6-5-legacy-asset-inventory.csv,VALIDATED_FOR_DISCOVERY,NONE,QUARANTINED_AT_PATH_LEVEL,a6-5-a-discovery-results.csv#DISC-110,Path/metadata discovery only; no content inspection
DISC-111,DATA-K018,docs/AI医生/知识内容提取/提取结果/icpc/icpc_xml_chinese.json,P0,P0,TRACKED_FILE,TRACKED_FILE,LICENSE_PROVENANCE_BLOCKER,LICENSE_PROVENANCE_BLOCKER,,git_cat-file_-e+git_ls_files,git_grep_-l_filename_only,docs/AI医生/知识内容提取/提取脚本/README_ICPC_XML翻译.md;docs/AI医生/知识内容提取/提取脚本/parse_and_translate_icpc_xml.py;docs/refactoring/evidence/phase-a/a4/data-verified-asset-manifest.csv;docs/refactoring/plans/phase-a/a6-5/a6-5-legacy-asset-inventory.csv,VALIDATED_FOR_DISCOVERY,NONE,QUARANTINED_AT_PATH_LEVEL,a6-5-a-discovery-results.csv#DISC-111,Path/metadata discovery only; no content inspection
DISC-112,DATA-K019,docs/AI医生/知识内容提取/提取结果/icpc/translation_cache.json,P0,P0,TRACKED_FILE,TRACKED_FILE,LICENSE_PROVENANCE_BLOCKER,LICENSE_PROVENANCE_BLOCKER,,git_cat-file_-e+git_ls_files,git_grep_-l_filename_only,docs/AI医生/知识内容提取/提取脚本/README_AI翻译配置.md;docs/AI医生/知识内容提取/提取脚本/README_ICPC_XML翻译.md;docs/AI医生/知识内容提取/提取脚本/README_ICPC翻译.md;docs/AI医生/知识内容提取/提取脚本/merge_hpo_chinese.py;docs/AI医生/知识内容提取/提取脚本/parse_and_translate_icpc_xml.py;docs/AI医生/知识内容提取/提取脚本/translate_icpc_chinese.py;docs/refactoring/plans/phase-a/a6-5/a6-5-legacy-asset-inventory.csv,VALIDATED_FOR_DISCOVERY,NONE,QUARANTINED_AT_PATH_LEVEL,a6-5-a-discovery-results.csv#DISC-112,Path/metadata discovery only; no content inspection
DISC-113,DATA-K020,docs/AI医生/知识内容提取/提取结果/归档/icd10/icd10cm_chinese_mapping.csv,P0,P0,TRACKED_FILE,TRACKED_FILE,LICENSE_PROVENANCE_BLOCKER,LICENSE_PROVENANCE_BLOCKER,,git_cat-file_-e+git_ls_files,git_grep_-l_filename_only,docs/AI医生/知识内容提取/提取脚本/merge_icd10cm_chinese.py;docs/refactoring/plans/phase-a/a6-5/a6-5-legacy-asset-inventory.csv,VALIDATED_FOR_DISCOVERY,NONE,QUARANTINED_AT_PATH_LEVEL,a6-5-a-discovery-results.csv#DISC-113,Path/metadata discovery only; no content inspection
DISC-114,DATA-K021,docs/AI医生/知识内容提取/提取结果/归档/icd10/icd10cm_chinese_mapping.json,P0,P0,TRACKED_FILE,TRACKED_FILE,LICENSE_PROVENANCE_BLOCKER,LICENSE_PROVENANCE_BLOCKER,,git_cat-file_-e+git_ls_files,git_grep_-l_filename_only,docs/AI医生/知识内容提取/提取脚本/merge_icd10cm_chinese.py;docs/refactoring/plans/phase-a/a6-5/a6-5-legacy-asset-inventory.csv,VALIDATED_FOR_DISCOVERY,NONE,QUARANTINED_AT_PATH_LEVEL,a6-5-a-discovery-results.csv#DISC-114,Path/metadata discovery only; no content inspection
DISC-115,DATA-K022,docs/AI医生/知识内容提取/提取结果/归档/icd10/icd10cm_disease_catalog.csv,P0,P0,TRACKED_FILE,TRACKED_FILE,LICENSE_PROVENANCE_BLOCKER,LICENSE_PROVENANCE_BLOCKER,,git_cat-file_-e+git_ls_files,git_grep_-l_filename_only,docs/AI医生/知识内容提取/提取脚本/extract_icd10cm_disease_catalog.py;docs/AI医生/知识内容提取/提取脚本/merge_icd10cm_chinese.py;docs/AI医生/知识内容提取/提取脚本/脚本说明/README_ICD10CM_疾病目录提取.md;docs/refactoring/plans/phase-a/a6-5/a6-5-legacy-asset-inventory.csv,VALIDATED_FOR_DISCOVERY,NONE,QUARANTINED_AT_PATH_LEVEL,a6-5-a-discovery-results.csv#DISC-115,Path/metadata discovery only; no content inspection
DISC-116,DATA-K023,docs/AI医生/知识内容提取/提取结果/归档/icd10/icd10cm_disease_catalog.json,P0,P0,TRACKED_FILE,TRACKED_FILE,LICENSE_PROVENANCE_BLOCKER,LICENSE_PROVENANCE_BLOCKER,,git_cat-file_-e+git_ls_files,git_grep_-l_filename_only,docs/AI医生/知识内容提取/提取脚本/extract_icd10cm_disease_catalog.py;docs/AI医生/知识内容提取/提取脚本/merge_icd10cm_chinese.py;docs/AI医生/知识内容提取/提取脚本/脚本说明/README_ICD10CM_疾病目录提取.md;docs/refactoring/plans/phase-a/a6-5/a6-5-legacy-asset-inventory.csv,VALIDATED_FOR_DISCOVERY,NONE,QUARANTINED_AT_PATH_LEVEL,a6-5-a-discovery-results.csv#DISC-116,Path/metadata discovery only; no content inspection
DISC-117,DATA-K024,docs/AI医生/知识内容提取/提取结果/归档/icd10/icd10cm_disease_catalog_summary.json,P0,P0,TRACKED_FILE,TRACKED_FILE,LICENSE_PROVENANCE_BLOCKER,LICENSE_PROVENANCE_BLOCKER,,git_cat-file_-e+git_ls_files,git_grep_-l_filename_only,docs/AI医生/知识内容提取/提取脚本/extract_icd10cm_disease_catalog.py;docs/AI医生/知识内容提取/提取脚本/脚本说明/README_ICD10CM_疾病目录提取.md;docs/refactoring/plans/phase-a/a6-5/a6-5-legacy-asset-inventory.csv,VALIDATED_FOR_DISCOVERY,NONE,QUARANTINED_AT_PATH_LEVEL,a6-5-a-discovery-results.csv#DISC-117,Path/metadata discovery only; no content inspection
DISC-118,DATA-K025,docs/AI医生/知识内容提取/提取结果/归档/icd10/icd10cm_disease_catalog_tree.json,P0,P0,TRACKED_FILE,TRACKED_FILE,LICENSE_PROVENANCE_BLOCKER,LICENSE_PROVENANCE_BLOCKER,,git_cat-file_-e+git_ls_files,git_grep_-l_filename_only,docs/AI医生/知识内容提取/提取脚本/extract_icd10cm_disease_catalog.py;docs/refactoring/plans/phase-a/a6-5/a6-5-legacy-asset-inventory.csv,VALIDATED_FOR_DISCOVERY,NONE,QUARANTINED_AT_PATH_LEVEL,a6-5-a-discovery-results.csv#DISC-118,Path/metadata discovery only; no content inspection
DISC-119,DATA-K026,docs/AI医生/知识内容提取/提取结果/归档/icd10/icd10cm_disease_catalog_zh_en.csv,P0,P0,TRACKED_FILE,TRACKED_FILE,LICENSE_PROVENANCE_BLOCKER,LICENSE_PROVENANCE_BLOCKER,,git_cat-file_-e+git_ls_files,git_grep_-l_filename_only,docs/AI医生/知识内容提取/提取脚本/merge_icd10cm_chinese.py;docs/refactoring/plans/phase-a/a6-5/a6-5-legacy-asset-inventory.csv,VALIDATED_FOR_DISCOVERY,NONE,QUARANTINED_AT_PATH_LEVEL,a6-5-a-discovery-results.csv#DISC-119,Path/metadata discovery only; no content inspection
DISC-120,DATA-K027,docs/AI医生/知识内容提取/提取结果/贝茨/outline.json,P0,P0,TRACKED_FILE,TRACKED_FILE,LICENSE_PROVENANCE_BLOCKER,LICENSE_PROVENANCE_BLOCKER,,git_cat-file_-e+git_ls_files,git_grep_-l_filename_only,docs/AI医生/知识内容提取/提取方案/贝茨体格检查和病史采集指南.md;docs/AI医生/知识内容提取/提取结果/hpo/hpo_data.csv;docs/AI医生/知识内容提取/提取结果/hpo/hpo_data.json;docs/AI医生/知识内容提取/提取结果/hpo/hpo_data_with_chinese.csv;docs/AI医生/知识内容提取/提取结果/hpo/hpo_data_示例_前1000条.csv;docs/AI医生/知识内容提取/提取结果/hpo/translation_cache.json;docs/AI医生/知识内容提取/提取结果/贝茨/section_blocks.jsonl;docs/AI医生/知识内容提取/提取结果/贝茨/section_blocks_all.jsonl;docs/AI医生/知识内容提取/提取结果/贝茨/section_blocks_without_page.jsonl;docs/AI医生/知识内容提取/提取结果/贝茨/贝茨体格检查和病史采集指南_pages.jsonl;docs/AI医生/知识内容提取/提取脚本/book_extraction/step2_outline_to_blocks.py;docs/AI医生/知识内容提取/源数据/hp.owl;docs/refactoring/evidence/phase-a/a4/data-inventory-baseline.md;docs/refactoring/evidence/phase-a/a4/data-store-inventory.csv;docs/refactoring/evidence/phase-a/a4/data-verified-asset-manifest.csv,VALIDATED_FOR_DISCOVERY,NONE,QUARANTINED_AT_PATH_LEVEL,a6-5-a-discovery-results.csv#DISC-120,Path/metadata discovery only; no content inspection
DISC-121,DATA-K028,docs/AI医生/知识内容提取/提取结果/贝茨/outline_health_history_only.json,P0,P0,TRACKED_FILE,TRACKED_FILE,LICENSE_PROVENANCE_BLOCKER,LICENSE_PROVENANCE_BLOCKER,,git_cat-file_-e+git_ls_files,git_grep_-l_filename_only,docs/AI医生/知识内容提取/提取脚本/book_extraction/step2_outline_to_blocks.py;docs/refactoring/plans/phase-a/a6-5/a6-5-legacy-asset-inventory.csv,VALIDATED_FOR_DISCOVERY,NONE,QUARANTINED_AT_PATH_LEVEL,a6-5-a-discovery-results.csv#DISC-121,Path/metadata discovery only; no content inspection
DISC-122,DATA-K029,docs/AI医生/知识内容提取/提取结果/贝茨/outline_with_end.json,P0,P0,TRACKED_FILE,TRACKED_FILE,LICENSE_PROVENANCE_BLOCKER,LICENSE_PROVENANCE_BLOCKER,,git_cat-file_-e+git_ls_files,git_grep_-l_filename_only,docs/AI医生/知识内容提取/提取脚本/book_extraction/step2_outline_to_blocks.py;docs/refactoring/plans/phase-a/a6-5/a6-5-legacy-asset-inventory.csv,VALIDATED_FOR_DISCOVERY,NONE,QUARANTINED_AT_PATH_LEVEL,a6-5-a-discovery-results.csv#DISC-122,Path/metadata discovery only; no content inspection
DISC-123,DATA-K030,docs/AI医生/知识内容提取/提取结果/贝茨/《贝茨体格检查和病史采集指南》目录结构表（中英对照 + 页码）.md,P0,P0,TRACKED_FILE,TRACKED_FILE,LICENSE_PROVENANCE_BLOCKER,LICENSE_PROVENANCE_BLOCKER,,git_cat-file_-e+git_ls_files,git_grep_-l_filename_only,docs/refactoring/plans/phase-a/a6-5/a6-5-legacy-asset-inventory.csv,VALIDATED_FOR_DISCOVERY,NONE,QUARANTINED_AT_PATH_LEVEL,a6-5-a-discovery-results.csv#DISC-123,Path/metadata discovery only; no content inspection
DISC-124,DATA-K031,docs/AI医生/知识内容提取/提取结果/贝茨/《贝茨体格检查和病史采集指南》目录结构表（中英对照）.md,P0,P0,TRACKED_FILE,TRACKED_FILE,LICENSE_PROVENANCE_BLOCKER,LICENSE_PROVENANCE_BLOCKER,,git_cat-file_-e+git_ls_files,git_grep_-l_filename_only,docs/refactoring/plans/phase-a/a6-5/a6-5-legacy-asset-inventory.csv,VALIDATED_FOR_DISCOVERY,NONE,QUARANTINED_AT_PATH_LEVEL,a6-5-a-discovery-results.csv#DISC-124,Path/metadata discovery only; no content inspection
DISC-125,DATA-S001,docs/AI医生/知识内容提取/提取脚本/ai_translation_config.json,P2,P2,TRACKED_FILE,TRACKED_FILE,LICENSE_PROVENANCE_BLOCKER,LICENSE_PROVENANCE_BLOCKER,,git_cat-file_-e+git_ls_files,none,,VALIDATED_FOR_DISCOVERY,NONE,QUARANTINED_AT_PATH_LEVEL,a6-5-a-discovery-results.csv#DISC-125,Path/metadata discovery only; no content inspection
DISC-126,DATA-S002,docs/AI医生/知识内容提取/提取脚本/book_extraction/book_registry.json,P2,P2,TRACKED_FILE,TRACKED_FILE,LICENSE_PROVENANCE_BLOCKER,LICENSE_PROVENANCE_BLOCKER,,git_cat-file_-e+git_ls_files,none,,VALIDATED_FOR_DISCOVERY,NONE,QUARANTINED_AT_PATH_LEVEL,a6-5-a-discovery-results.csv#DISC-126,Path/metadata discovery only; no content inspection
DISC-127,DATA-S003,docs/AI医生/知识内容提取/提取脚本/book_extraction/book_registry.py,P2,P2,TRACKED_FILE,TRACKED_FILE,LICENSE_PROVENANCE_BLOCKER,LICENSE_PROVENANCE_BLOCKER,,git_cat-file_-e+git_ls_files,none,,VALIDATED_FOR_DISCOVERY,NONE,QUARANTINED_AT_PATH_LEVEL,a6-5-a-discovery-results.csv#DISC-127,Path/metadata discovery only; no content inspection
DISC-128,DATA-S004,docs/AI医生/知识内容提取/提取脚本/book_extraction/step1_pdf_to_pages.py,P2,P2,TRACKED_FILE,TRACKED_FILE,LICENSE_PROVENANCE_BLOCKER,LICENSE_PROVENANCE_BLOCKER,,git_cat-file_-e+git_ls_files,none,,VALIDATED_FOR_DISCOVERY,NONE,QUARANTINED_AT_PATH_LEVEL,a6-5-a-discovery-results.csv#DISC-128,Path/metadata discovery only; no content inspection
DISC-129,DATA-S005,docs/AI医生/知识内容提取/提取脚本/book_extraction/step2_outline_to_blocks.py,P2,P2,TRACKED_FILE,TRACKED_FILE,LICENSE_PROVENANCE_BLOCKER,LICENSE_PROVENANCE_BLOCKER,,git_cat-file_-e+git_ls_files,none,,VALIDATED_FOR_DISCOVERY,NONE,QUARANTINED_AT_PATH_LEVEL,a6-5-a-discovery-results.csv#DISC-129,Path/metadata discovery only; no content inspection
DISC-130,DATA-S006,docs/AI医生/知识内容提取/提取脚本/convert_hpo_to_csv.py,P2,P2,TRACKED_FILE,TRACKED_FILE,LICENSE_PROVENANCE_BLOCKER,LICENSE_PROVENANCE_BLOCKER,,git_cat-file_-e+git_ls_files,none,,VALIDATED_FOR_DISCOVERY,NONE,QUARANTINED_AT_PATH_LEVEL,a6-5-a-discovery-results.csv#DISC-130,Path/metadata discovery only; no content inspection
DISC-131,DATA-S007,docs/AI医生/知识内容提取/提取脚本/download_hpo_chinese_dict.py,P2,P2,TRACKED_FILE,TRACKED_FILE,LICENSE_PROVENANCE_BLOCKER,LICENSE_PROVENANCE_BLOCKER,,git_cat-file_-e+git_ls_files,none,,VALIDATED_FOR_DISCOVERY,NONE,QUARANTINED_AT_PATH_LEVEL,a6-5-a-discovery-results.csv#DISC-131,Path/metadata discovery only; no content inspection
DISC-132,DATA-S008,docs/AI医生/知识内容提取/提取脚本/download_icd10cm_chinese.py,P2,P2,TRACKED_FILE,TRACKED_FILE,LICENSE_PROVENANCE_BLOCKER,LICENSE_PROVENANCE_BLOCKER,,git_cat-file_-e+git_ls_files,none,,VALIDATED_FOR_DISCOVERY,NONE,QUARANTINED_AT_PATH_LEVEL,a6-5-a-discovery-results.csv#DISC-132,Path/metadata discovery only; no content inspection
DISC-133,DATA-S009,docs/AI医生/知识内容提取/提取脚本/extract_hpo_data.py,P2,P2,TRACKED_FILE,TRACKED_FILE,LICENSE_PROVENANCE_BLOCKER,LICENSE_PROVENANCE_BLOCKER,,git_cat-file_-e+git_ls_files,none,,VALIDATED_FOR_DISCOVERY,NONE,QUARANTINED_AT_PATH_LEVEL,a6-5-a-discovery-results.csv#DISC-133,Path/metadata discovery only; no content inspection
DISC-134,DATA-S010,docs/AI医生/知识内容提取/提取脚本/extract_icd10cm_disease_catalog.py,P2,P2,TRACKED_FILE,TRACKED_FILE,LICENSE_PROVENANCE_BLOCKER,LICENSE_PROVENANCE_BLOCKER,,git_cat-file_-e+git_ls_files,none,,VALIDATED_FOR_DISCOVERY,NONE,QUARANTINED_AT_PATH_LEVEL,a6-5-a-discovery-results.csv#DISC-134,Path/metadata discovery only; no content inspection
DISC-135,DATA-S011,docs/AI医生/知识内容提取/提取脚本/merge_hpo_chinese.py,P2,P2,TRACKED_FILE,TRACKED_FILE,LICENSE_PROVENANCE_BLOCKER,LICENSE_PROVENANCE_BLOCKER,,git_cat-file_-e+git_ls_files,none,,VALIDATED_FOR_DISCOVERY,NONE,QUARANTINED_AT_PATH_LEVEL,a6-5-a-discovery-results.csv#DISC-135,Path/metadata discovery only; no content inspection
DISC-136,DATA-S012,docs/AI医生/知识内容提取/提取脚本/merge_icd10cm_chinese.py,P2,P2,TRACKED_FILE,TRACKED_FILE,LICENSE_PROVENANCE_BLOCKER,LICENSE_PROVENANCE_BLOCKER,,git_cat-file_-e+git_ls_files,none,,VALIDATED_FOR_DISCOVERY,NONE,QUARANTINED_AT_PATH_LEVEL,a6-5-a-discovery-results.csv#DISC-136,Path/metadata discovery only; no content inspection
DISC-137,DATA-S013,docs/AI医生/知识内容提取/提取脚本/parse_and_translate_icpc_xml.py,P2,P2,TRACKED_FILE,TRACKED_FILE,LICENSE_PROVENANCE_BLOCKER,LICENSE_PROVENANCE_BLOCKER,,git_cat-file_-e+git_ls_files,none,,VALIDATED_FOR_DISCOVERY,NONE,QUARANTINED_AT_PATH_LEVEL,a6-5-a-discovery-results.csv#DISC-137,Path/metadata discovery only; no content inspection
DISC-138,DATA-S014,docs/AI医生/知识内容提取/提取脚本/parse_hp_zh_tsv_from_yuanshuju.py,P2,P2,TRACKED_FILE,TRACKED_FILE,LICENSE_PROVENANCE_BLOCKER,LICENSE_PROVENANCE_BLOCKER,,git_cat-file_-e+git_ls_files,none,,VALIDATED_FOR_DISCOVERY,NONE,QUARANTINED_AT_PATH_LEVEL,a6-5-a-discovery-results.csv#DISC-138,Path/metadata discovery only; no content inspection
DISC-139,DATA-S015,docs/AI医生/知识内容提取/提取脚本/parse_icd10cm_chinese.py,P2,P2,TRACKED_FILE,TRACKED_FILE,LICENSE_PROVENANCE_BLOCKER,LICENSE_PROVENANCE_BLOCKER,,git_cat-file_-e+git_ls_files,none,,VALIDATED_FOR_DISCOVERY,NONE,QUARANTINED_AT_PATH_LEVEL,a6-5-a-discovery-results.csv#DISC-139,Path/metadata discovery only; no content inspection
DISC-140,DATA-S016,docs/AI医生/知识内容提取/提取脚本/README_AI翻译配置.md,P2,P2,TRACKED_FILE,TRACKED_FILE,LICENSE_PROVENANCE_BLOCKER,LICENSE_PROVENANCE_BLOCKER,,git_cat-file_-e+git_ls_files,none,,VALIDATED_FOR_DISCOVERY,NONE,QUARANTINED_AT_PATH_LEVEL,a6-5-a-discovery-results.csv#DISC-140,Path/metadata discovery only; no content inspection
DISC-141,DATA-S017,docs/AI医生/知识内容提取/提取脚本/README_ICPC_XML翻译.md,P2,P2,TRACKED_FILE,TRACKED_FILE,LICENSE_PROVENANCE_BLOCKER,LICENSE_PROVENANCE_BLOCKER,,git_cat-file_-e+git_ls_files,none,,VALIDATED_FOR_DISCOVERY,NONE,QUARANTINED_AT_PATH_LEVEL,a6-5-a-discovery-results.csv#DISC-141,Path/metadata discovery only; no content inspection
DISC-142,DATA-S018,docs/AI医生/知识内容提取/提取脚本/README_ICPC翻译.md,P2,P2,TRACKED_FILE,TRACKED_FILE,LICENSE_PROVENANCE_BLOCKER,LICENSE_PROVENANCE_BLOCKER,,git_cat-file_-e+git_ls_files,none,,VALIDATED_FOR_DISCOVERY,NONE,QUARANTINED_AT_PATH_LEVEL,a6-5-a-discovery-results.csv#DISC-142,Path/metadata discovery only; no content inspection
DISC-143,DATA-S019,docs/AI医生/知识内容提取/提取脚本/requirements.txt,P2,P2,TRACKED_FILE,TRACKED_FILE,LICENSE_PROVENANCE_BLOCKER,LICENSE_PROVENANCE_BLOCKER,,git_cat-file_-e+git_ls_files,none,,VALIDATED_FOR_DISCOVERY,NONE,QUARANTINED_AT_PATH_LEVEL,a6-5-a-discovery-results.csv#DISC-143,Path/metadata discovery only; no content inspection
DISC-144,DATA-S020,docs/AI医生/知识内容提取/提取脚本/translate_icpc_chinese.py,P2,P2,TRACKED_FILE,TRACKED_FILE,LICENSE_PROVENANCE_BLOCKER,LICENSE_PROVENANCE_BLOCKER,,git_cat-file_-e+git_ls_files,none,,VALIDATED_FOR_DISCOVERY,NONE,QUARANTINED_AT_PATH_LEVEL,a6-5-a-discovery-results.csv#DISC-144,Path/metadata discovery only; no content inspection
DISC-145,DATA-S021,docs/AI医生/知识内容提取/提取脚本/脚本说明/README_ICD10CM_疾病目录提取.md,P2,P2,TRACKED_FILE,TRACKED_FILE,LICENSE_PROVENANCE_BLOCKER,LICENSE_PROVENANCE_BLOCKER,,git_cat-file_-e+git_ls_files,none,,VALIDATED_FOR_DISCOVERY,NONE,QUARANTINED_AT_PATH_LEVEL,a6-5-a-discovery-results.csv#DISC-145,Path/metadata discovery only; no content inspection
DISC-146,DATA-S022,docs/AI医生/知识内容提取/提取脚本/脚本说明/README_提取脚本.md,P2,P2,TRACKED_FILE,TRACKED_FILE,LICENSE_PROVENANCE_BLOCKER,LICENSE_PROVENANCE_BLOCKER,,git_cat-file_-e+git_ls_files,none,,VALIDATED_FOR_DISCOVERY,NONE,QUARANTINED_AT_PATH_LEVEL,a6-5-a-discovery-results.csv#DISC-146,Path/metadata discovery only; no content inspection
DISC-147,DATA-DR001,DRKnows-main/UMLS_refined_relations_DRKnows.csv,P2,P2,TRACKED_FILE,TRACKED_FILE,LICENSE_PROVENANCE_BLOCKER,LICENSE_PROVENANCE_BLOCKER,,git_cat-file_-e+git_ls_files,none,,VALIDATED_FOR_DISCOVERY,NONE,QUARANTINED_AT_PATH_LEVEL,a6-5-a-discovery-results.csv#DISC-147,Path/metadata discovery only; no content inspection
DISC-148,DATA-DR002,DRKnows-main/LICENSE,P0,P0,TRACKED_FILE,TRACKED_FILE,LICENSE_PROVENANCE_BLOCKER,LICENSE_PROVENANCE_BLOCKER,,git_cat-file_-e+git_ls_files,git_grep_-l_filename_only,README.md;docs/refactoring/evidence/phase-a/a6-5/a6-5-plan-independent-review-report.md;docs/refactoring/plans/phase-a/a6-5/a6-5-decision-log.md;docs/refactoring/plans/phase-a/a6-5/a6-5-legacy-asset-inventory.csv;docs/refactoring/plans/phase-a/a6-5/a6-5-legacy-asset-validation-plan.md;docs/refactoring/plans/phase-a/a6-5/a6-5-risk-register.csv;docs/refactoring/plans/phase-a/a6-5/a6-5-validation-matrix.csv,VALIDATED_FOR_DISCOVERY,NONE,QUARANTINED_AT_PATH_LEVEL,a6-5-a-discovery-results.csv#DISC-148,Path/metadata discovery only; no content inspection
DISC-149,DATA-DR003,DRKnows-main/readme.md,P2,P2,TRACKED_FILE,TRACKED_FILE,LICENSE_PROVENANCE_BLOCKER,LICENSE_PROVENANCE_BLOCKER,,git_cat-file_-e+git_ls_files,none,,VALIDATED_FOR_DISCOVERY,NONE,QUARANTINED_AT_PATH_LEVEL,a6-5-a-discovery-results.csv#DISC-149,Path/metadata discovery only; no content inspection
DISC-150,DATA-DR004,DRKnows-main/extract_paths_training.py,P2,P2,TRACKED_FILE,TRACKED_FILE,LICENSE_PROVENANCE_BLOCKER,LICENSE_PROVENANCE_BLOCKER,,git_cat-file_-e+git_ls_files,none,,VALIDATED_FOR_DISCOVERY,NONE,QUARANTINED_AT_PATH_LEVEL,a6-5-a-discovery-results.csv#DISC-150,Path/metadata discovery only; no content inspection
DISC-151,DATA-DR005,DRKnows-main/trainer_stack_mpi.py,P2,P2,TRACKED_FILE,TRACKED_FILE,LICENSE_PROVENANCE_BLOCKER,LICENSE_PROVENANCE_BLOCKER,,git_cat-file_-e+git_ls_files,none,,VALIDATED_FOR_DISCOVERY,NONE,QUARANTINED_AT_PATH_LEVEL,a6-5-a-discovery-results.csv#DISC-151,Path/metadata discovery only; no content inspection
DISC-152,DATA-DR006,DRKnows-main/test_stack.py,P2,P2,TRACKED_FILE,TRACKED_FILE,LICENSE_PROVENANCE_BLOCKER,LICENSE_PROVENANCE_BLOCKER,,git_cat-file_-e+git_ls_files,none,,VALIDATED_FOR_DISCOVERY,NONE,QUARANTINED_AT_PATH_LEVEL,a6-5-a-discovery-results.csv#DISC-152,Path/metadata discovery only; no content inspection
DISC-153,DATA-EV001,docs/AI医生/项目文档/12.性能与评估/评估验证体系.md [static_case_eval_suite MISSING_DATASET],P1,P1,MISSING_EXPECTED_ASSET,MISSING_EXPECTED_ASSET,ARCHITECTURE_GOVERNANCE_BLOCKER,ARCHITECTURE_GOVERNANCE_BLOCKER,,git_ls_files+git_grep_filename,none,,MISSING_EXPECTED_ASSET,NONE,BLOCKED_PENDING_REVIEW,a6-5-a-discovery-results.csv#DISC-153,Path/metadata discovery only; no content inspection
DISC-154,DATA-EV002,docs/AI医生/项目文档/12.性能与评估/评估验证体系.md [interactive_interview_eval_suite MISSING_DATASET],P1,P1,MISSING_EXPECTED_ASSET,MISSING_EXPECTED_ASSET,ARCHITECTURE_GOVERNANCE_BLOCKER,ARCHITECTURE_GOVERNANCE_BLOCKER,,git_ls_files+git_grep_filename,none,,MISSING_EXPECTED_ASSET,NONE,BLOCKED_PENDING_REVIEW,a6-5-a-discovery-results.csv#DISC-154,Path/metadata discovery only; no content inspection
DISC-155,DATA-EV003,docs/AI医生/项目文档/12.性能与评估/评估验证体系.md [trajectory_replay_eval_suite MISSING_DATASET],P1,P1,MISSING_EXPECTED_ASSET,MISSING_EXPECTED_ASSET,ARCHITECTURE_GOVERNANCE_BLOCKER,ARCHITECTURE_GOVERNANCE_BLOCKER,,git_ls_files+git_grep_filename,none,,MISSING_EXPECTED_ASSET,NONE,BLOCKED_PENDING_REVIEW,a6-5-a-discovery-results.csv#DISC-155,Path/metadata discovery only; no content inspection
DISC-156,DATA-KG001,knowledge-management-service/app/services/schema_service.py,P1,P1,TRACKED_FILE,TRACKED_FILE,RUNTIME_COUPLING_BLOCKER,RUNTIME_COUPLING_BLOCKER,,git_cat-file_-e+git_ls_files,git_grep_-l_filename_only,docs/refactoring/evidence/phase-a/a4/data-access-path-inventory.csv;docs/refactoring/evidence/phase-a/a4/data-entity-schema-inventory.csv;docs/refactoring/evidence/phase-a/a4/data-lifecycle-governance-inventory.csv;docs/refactoring/evidence/phase-a/a4/data-schema-drift-inventory.csv;docs/refactoring/evidence/phase-a/a4/data-store-inventory.csv;docs/refactoring/plans/phase-a/a6-5/a6-5-legacy-asset-inventory.csv;knowledge-management-service/README_SCHEMA_SETUP.md;knowledge-management-service/app/api/routes.py;knowledge-management-service/scripts/setup_schema.py,VALIDATED_FOR_DISCOVERY,NONE,QUARANTINED_AT_PATH_LEVEL,a6-5-a-discovery-results.csv#DISC-156,Path/metadata discovery only; no content inspection
DISC-157,DATA-KG002,knowledge-management-service/app/utils/neo4j_client.py,P1,P1,TRACKED_FILE,TRACKED_FILE,RUNTIME_COUPLING_BLOCKER,RUNTIME_COUPLING_BLOCKER,,git_cat-file_-e+git_ls_files,git_grep_-l_filename_only,docs/AI医生/项目文档/10.实现与部署/项目结构设计.md;docs/AI医生/项目文档/13.技术细节/DR.KNOWS路径推理设计.md;docs/AI医生/项目文档/4.工具设计/工具技术实现.md;docs/AI医生/项目文档/9.知识演化设计/知识演化技术实现.md;docs/refactoring/plans/phase-a/a6-5/a6-5-legacy-asset-inventory.csv;docs/方案讨论过程文件/功能与技术设计/AI医生系统-技术架构设计-核心技术组件.md;knowledge-management-service/PROJECT_STRUCTURE.md;knowledge-management-service/app/importers/kg_importers/chief_complaint_importer.py;knowledge-management-service/app/importers/kg_importers/coding_importer.py;knowledge-management-service/app/importers/kg_importers/disease_importer.py;knowledge-management-service/app/importers/kg_importers/standard_dir_importer.py;knowledge-management-service/app/services/schema_service.py;knowledge-management-service/app/validators/kg_validator.py;knowledge-management-service/docs/知识演化与知识维护-实施指南.md;knowledge-management-service/scripts/import_all.py,VALIDATED_FOR_DISCOVERY,NONE,QUARANTINED_AT_PATH_LEVEL,a6-5-a-discovery-results.csv#DISC-157,Path/metadata discovery only; no content inspection
DISC-158,DATA-KG003,knowledge-management-service/app/services/kg_import_service.py,P1,P1,TRACKED_FILE,TRACKED_FILE,RUNTIME_COUPLING_BLOCKER,RUNTIME_COUPLING_BLOCKER,,git_cat-file_-e+git_ls_files,git_grep_-l_filename_only,docs/refactoring/plans/phase-a/a6-5/a6-5-legacy-asset-inventory.csv;knowledge-management-service/PROJECT_STRUCTURE.md;knowledge-management-service/README.md;knowledge-management-service/app/api/routes.py,VALIDATED_FOR_DISCOVERY,NONE,QUARANTINED_AT_PATH_LEVEL,a6-5-a-discovery-results.csv#DISC-158,Path/metadata discovery only; no content inspection
DISC-159,DATA-KG004,diagnosis-engine-service/app/kg-reasoning-engine/path_retriever.py,P0,P0,TRACKED_FILE,TRACKED_FILE,RUNTIME_COUPLING_BLOCKER,RUNTIME_COUPLING_BLOCKER,,git_cat-file_-e+git_ls_files,git_grep_-l_filename_only,diagnosis-engine-service/README.md;diagnosis-engine-service/app/engines/llm_engine.py;diagnosis-engine-service/app/kg-reasoning-engine/__init__.py;diagnosis-engine-service/app/kg-reasoning-engine/kg_reasoning_engine.py;diagnosis-engine-service/app/kg_reasoning_engine.py;diagnosis-engine-service/app/multi-engine-fusion/kg_engine.py;diagnosis-engine-service/app/multi-engine-fusion/llm_engine.py;diagnosis-engine-service/docs/diagnosis-engine-service - 已实现功能清单.md;diagnosis-engine-service/docs/diagnosis-engine-service - 服务实现方案.md;docs/AI医生/项目文档/10.实现与部署/项目结构设计.md;docs/AI医生/项目文档/13.技术细节/DR.KNOWS路径推理设计.md;docs/AI医生/项目文档/4.工具设计/工具技术实现.md;docs/refactoring/evidence/phase-a/a4/data-access-path-inventory.csv;docs/refactoring/evidence/phase-a/a4/data-schema-drift-inventory.csv;docs/refactoring/evidence/phase-a/a4/data-store-inventory.csv,VALIDATED_FOR_DISCOVERY,NONE,QUARANTINED_AT_PATH_LEVEL,a6-5-a-discovery-results.csv#DISC-159,Path/metadata discovery only; no content inspection
DISC-160,DATA-KG005,diagnosis-engine-service/app/kg-reasoning-engine/path_injector.py,P0,P0,TRACKED_FILE,TRACKED_FILE,RUNTIME_COUPLING_BLOCKER,RUNTIME_COUPLING_BLOCKER,,git_cat-file_-e+git_ls_files,git_grep_-l_filename_only,diagnosis-engine-service/README.md;diagnosis-engine-service/app/engines/llm_engine.py;diagnosis-engine-service/app/kg-reasoning-engine/__init__.py;diagnosis-engine-service/app/kg-reasoning-engine/kg_reasoning_engine.py;diagnosis-engine-service/app/kg_reasoning_engine.py;diagnosis-engine-service/app/multi-engine-fusion/llm_engine.py;diagnosis-engine-service/docs/diagnosis-engine-service - 已实现功能清单.md;diagnosis-engine-service/docs/diagnosis-engine-service - 服务实现方案.md;docs/AI医生/项目文档/10.实现与部署/项目结构设计.md;docs/refactoring/evidence/phase-a/a2/prompt-inventory.csv;docs/refactoring/plans/phase-a/a6-5/a6-5-legacy-asset-inventory.csv;docs/方案讨论过程文件/项目逻辑梳理/AI医生系统-大模型在推理流程中的作用与约束机制.md,VALIDATED_FOR_DISCOVERY,NONE,QUARANTINED_AT_PATH_LEVEL,a6-5-a-discovery-results.csv#DISC-160,Path/metadata discovery only; no content inspection
DISC-161,DATA-KG006,diagnosis-engine-service/app/kg-reasoning-engine/kg_reasoning_engine.py,P0,P0,TRACKED_FILE,TRACKED_FILE,RUNTIME_COUPLING_BLOCKER,RUNTIME_COUPLING_BLOCKER,,git_cat-file_-e+git_ls_files,git_grep_-l_filename_only,diagnosis-engine-service/README.md;diagnosis-engine-service/app/api/routes.py;diagnosis-engine-service/app/engines/kg_engine.py;diagnosis-engine-service/app/engines/llm_engine.py;diagnosis-engine-service/app/kg_reasoning_engine.py;diagnosis-engine-service/app/multi-engine-fusion/kg_engine.py;diagnosis-engine-service/app/multi-engine-fusion/llm_engine.py;diagnosis-engine-service/docs/diagnosis-engine-service - 已实现功能清单.md;diagnosis-engine-service/docs/diagnosis-engine-service - 服务实现方案.md;docs/AI医生/项目文档/10.实现与部署/项目结构设计.md;docs/refactoring/plans/phase-a/a6-5/a6-5-legacy-asset-inventory.csv;docs/方案讨论过程文件/项目逻辑梳理/AI医生系统-大模型在推理流程中的作用与约束机制.md,VALIDATED_FOR_DISCOVERY,NONE,QUARANTINED_AT_PATH_LEVEL,a6-5-a-discovery-results.csv#DISC-161,Path/metadata discovery only; no content inspection
DISC-162,WF-001,diagnosis-service/src/main/java/com/aidoctor/diagnosis/service/orchestration/DiagnosisWorkflowOrchestrator.java,P0,P0,TRACKED_FILE,TRACKED_FILE,RUNTIME_COUPLING_BLOCKER,RUNTIME_COUPLING_BLOCKER,,git_cat-file_-e+git_ls_files,git_grep_-l_filename_only,diagnosis-service/docs/diagnosis-service - 已实现功能清单.md;diagnosis-service/docs/diagnosis-service - 服务实现方案.md;diagnosis-service/src/main/java/com/aidoctor/diagnosis/service/DiagnosisOrchestrationService.java;docs/AI医生/项目文档/13.技术细节/AOP切面设计思路.md;docs/refactoring/evidence/phase-a/a1-diagnosis-build-repair/diagnosis-behavior-preservation-checklist.csv;docs/refactoring/evidence/phase-a/a1-diagnosis-build-repair/diagnosis-build-repair-report.md;docs/refactoring/evidence/phase-a/a1/java-api-inventory.csv;docs/refactoring/evidence/phase-a/a1/java-build-baseline.md;docs/refactoring/evidence/phase-a/a1/java-observability-inventory.csv;docs/refactoring/evidence/phase-a/a1/java-state-write-inventory.csv;docs/refactoring/evidence/phase-a/a4/data-access-path-inventory.csv;docs/refactoring/plans/phase-a/a6-5/a6-5-legacy-asset-inventory.csv;docs/refactoring/企业级临床agent重构主方案.md;docs/方案讨论过程文件/功能与技术设计/三个服务依赖关系分析与开发建议.md,VALIDATED_FOR_DISCOVERY,NONE,,a6-5-a-discovery-results.csv#DISC-162,Path/metadata discovery only; no content inspection
DISC-163,WF-002,diagnosis-service/src/main/java/com/aidoctor/diagnosis/agent/AgentLoop.java,P0,P0,TRACKED_FILE,TRACKED_FILE,RUNTIME_COUPLING_BLOCKER,RUNTIME_COUPLING_BLOCKER,,git_cat-file_-e+git_ls_files,git_grep_-l_filename_only,diagnosis-service/src/main/java/com/aidoctor/diagnosis/agent/ClinicalAgentBrain.java;diagnosis-service/src/test/java/com/aidoctor/diagnosis/agent/AgentLoopFailClosedTest.java;diagnosis-service/src/test/java/com/aidoctor/diagnosis/agent/ClinicalAgentBrainTest.java;docs/AI医生/项目文档/10.实现与部署/项目结构设计.md;docs/AI医生/项目文档/5.主agent设计/主Agent业务逻辑设计.md;docs/AI医生/项目文档/5.主agent设计/主Agent技术实现.md;docs/refactoring/evidence/phase-a/a1-diagnosis-build-repair/diagnosis-behavior-preservation-checklist.csv;docs/refactoring/evidence/phase-a/a1-diagnosis-build-repair/diagnosis-build-repair-report.md;docs/refactoring/evidence/phase-a/a1-diagnosis-build-repair/diagnosis-compile-error-inventory.csv;docs/refactoring/evidence/phase-a/a1/java-build-baseline.md;docs/refactoring/evidence/phase-a/a1/java-state-write-inventory.csv;docs/refactoring/plans/phase-a/a6-5/a6-5-legacy-asset-inventory.csv;docs/refactoring/plans/phase-a/a6-5/a6-5-legacy-asset-validation-plan.md;docs/refactoring/代码、数据与设计资产迁移矩阵.md,VALIDATED_FOR_DISCOVERY,NONE,,a6-5-a-discovery-results.csv#DISC-163,Path/metadata discovery only; no content inspection
DISC-164,WF-003,diagnosis-service/src/main/java/com/aidoctor/diagnosis/agent/ClinicalAgentBrain.java,P0,P0,TRACKED_FILE,TRACKED_FILE,RUNTIME_COUPLING_BLOCKER,RUNTIME_COUPLING_BLOCKER,,git_cat-file_-e+git_ls_files,git_grep_-l_filename_only,diagnosis-service/src/main/java/com/aidoctor/diagnosis/agent/AgentLoop.java;diagnosis-service/src/test/java/com/aidoctor/diagnosis/agent/ClinicalAgentBrainTest.java;docs/AI医生/知识内容提取/知识库结构设计/知识内容混合存储方案-详细设计.md;docs/AI医生/项目文档/10.实现与部署/项目结构设计.md;docs/AI医生/项目文档/5.主agent设计/主Agent业务逻辑设计.md;docs/AI医生/项目文档/5.主agent设计/主Agent技术实现.md;docs/refactoring/evidence/phase-a/a1-diagnosis-build-repair/diagnosis-build-repair-report.md;docs/refactoring/evidence/phase-a/a1-diagnosis-build-repair/diagnosis-compile-error-inventory.csv;docs/refactoring/plans/phase-a/a6-5/a6-5-legacy-asset-inventory.csv;docs/方案讨论过程文件/项目前置设计/AI医生系统-业务逻辑详细设计.md,VALIDATED_FOR_DISCOVERY,NONE,,a6-5-a-discovery-results.csv#DISC-164,Path/metadata discovery only; no content inspection
DISC-165,WF-004,diagnosis-service/src/main/java/com/aidoctor/diagnosis/entity/CDP.java,P0,P0,TRACKED_FILE,TRACKED_FILE,PHI_CAPABLE_PATH,PHI_CAPABLE_PATH,PHI_CAPABLE_CODE_PATH,git_cat-file_-e+git_ls_files,none,,VALIDATED_FOR_DISCOVERY,NONE,QUARANTINED_AT_PATH_LEVEL,a6-5-a-discovery-results.csv#DISC-165,Path/metadata discovery only; no content inspection
DISC-166,WF-005,diagnosis-service/src/main/java/com/aidoctor/diagnosis/entity/CDPVersion.java,P0,P0,TRACKED_FILE,TRACKED_FILE,PHI_CAPABLE_PATH,PHI_CAPABLE_PATH,PHI_CAPABLE_CODE_PATH,git_cat-file_-e+git_ls_files,git_grep_-l_filename_only,diagnosis-service/docs/diagnosis-service - 已实现功能清单.md;diagnosis-service/src/main/java/com/aidoctor/diagnosis/repository/CDPVersionRepository.java;diagnosis-service/src/main/java/com/aidoctor/diagnosis/service/cdp/CDPManager.java;diagnosis-service/src/main/java/com/aidoctor/diagnosis/service/cdp/CDPReplayService.java;diagnosis-service/src/main/java/com/aidoctor/diagnosis/service/cdp/CDPRollbackService.java;diagnosis-service/src/main/java/com/aidoctor/diagnosis/service/cdp/CDPVersionService.java;docs/AI医生/项目文档/0.文档索引/全局文档索引.md;docs/AI医生/项目文档/10.实现与部署/项目结构设计.md;docs/AI医生/项目文档/5.主agent设计/主Agent技术实现.md;docs/AI医生/项目文档/6.数据模型设计/实体类与DTO设计.md;docs/AI医生/项目文档/8.前端设计/前端页面设计.md;docs/refactoring/evidence/phase-a/a1/java-api-inventory.csv;docs/refactoring/evidence/phase-a/a1/java-state-write-inventory.csv;docs/refactoring/evidence/phase-a/a4/data-access-path-inventory.csv,VALIDATED_FOR_DISCOVERY,NONE,QUARANTINED_AT_PATH_LEVEL,a6-5-a-discovery-results.csv#DISC-166,Path/metadata discovery only; no content inspection
DISC-167,WF-006,diagnosis-service/src/main/java/com/aidoctor/diagnosis/entity/AgentState.java,P0,P0,TRACKED_FILE,TRACKED_FILE,PHI_CAPABLE_PATH,PHI_CAPABLE_PATH,PHI_CAPABLE_CODE_PATH,git_cat-file_-e+git_ls_files,git_grep_-l_filename_only,clinical-parsing-service/app/models/tool_context.py;diagnosis-engine-service/app/models/tool_context.py;diagnosis-service/src/main/java/com/aidoctor/diagnosis/agent/AgentLoop.java;diagnosis-service/src/main/java/com/aidoctor/diagnosis/agent/ClinicalAgentBrain.java;diagnosis-service/src/main/java/com/aidoctor/diagnosis/agent/ConflictResolution.java;diagnosis-service/src/main/java/com/aidoctor/diagnosis/agent/EscalationHandler.java;diagnosis-service/src/main/java/com/aidoctor/diagnosis/agent/EvidenceFusion.java;diagnosis-service/src/main/java/com/aidoctor/diagnosis/agent/RefusalHandler.java;diagnosis-service/src/main/java/com/aidoctor/diagnosis/agent/StopConditionEvaluator.java;diagnosis-service/src/main/java/com/aidoctor/diagnosis/agent/ToolCaller.java;diagnosis-service/src/main/java/com/aidoctor/diagnosis/dto/tool/ToolContext.java;diagnosis-service/src/main/java/com/aidoctor/diagnosis/repository/AgentStateRepository.java;diagnosis-service/src/main/java/com/aidoctor/diagnosis/service/agent_state/AgentStateManager.java;diagnosis-service/src/main/resources/db/migration/V1__create_agent_state_and_audit_trail.sql,VALIDATED_FOR_DISCOVERY,NONE,QUARANTINED_AT_PATH_LEVEL,a6-5-a-discovery-results.csv#DISC-167,Path/metadata discovery only; no content inspection
DISC-168,WF-007,diagnosis-service/src/main/java/com/aidoctor/diagnosis/entity/AuditTrail.java,P0,P0,TRACKED_FILE,TRACKED_FILE,PHI_CAPABLE_PATH,PHI_CAPABLE_PATH,PHI_CAPABLE_LOG_PATH,git_cat-file_-e+git_ls_files,git_grep_-l_filename_only,diagnosis-service/src/main/java/com/aidoctor/diagnosis/agent/AgentLoop.java;diagnosis-service/src/main/java/com/aidoctor/diagnosis/agent/ClinicalAgentBrain.java;diagnosis-service/src/main/java/com/aidoctor/diagnosis/agent/ToolCaller.java;diagnosis-service/src/main/java/com/aidoctor/diagnosis/repository/AuditTrailRepository.java;diagnosis-service/src/main/java/com/aidoctor/diagnosis/service/audit/AuditTrailManager.java;diagnosis-service/src/main/resources/db/migration/V1__create_agent_state_and_audit_trail.sql;diagnosis-service/src/test/java/com/aidoctor/diagnosis/agent/ClinicalAgentBrainTest.java;docs/AI医生/知识内容提取/知识库结构设计/知识内容混合存储方案-详细设计.md;docs/AI医生/项目文档/0.文档索引/全局文档索引.md;docs/AI医生/项目文档/1.系统概述/整体架构概述.md;docs/AI医生/项目文档/1.系统概述/核心概念与术语.md;docs/AI医生/项目文档/1.系统概述/系统定位与核心理念.md;docs/AI医生/项目文档/10.实现与部署/项目结构设计.md;docs/AI医生/项目文档/11.错误处理与异常/异常场景处理设计.md,VALIDATED_FOR_DISCOVERY,NONE,QUARANTINED_AT_PATH_LEVEL,a6-5-a-discovery-results.csv#DISC-168,Path/metadata discovery only; no content inspection
DISC-169,WF-008,diagnosis-service/src/main/java/com/aidoctor/diagnosis/service/cdp/CDPManager.java,P0,P0,TRACKED_FILE,TRACKED_FILE,PHI_CAPABLE_PATH,PHI_CAPABLE_PATH,PHI_CAPABLE_CODE_PATH,git_cat-file_-e+git_ls_files,git_grep_-l_filename_only,diagnosis-service/docs/diagnosis-service - 已实现功能清单.md;diagnosis-service/docs/diagnosis-service - 服务实现方案.md;diagnosis-service/src/main/java/com/aidoctor/diagnosis/agent/AgentLoop.java;diagnosis-service/src/main/java/com/aidoctor/diagnosis/agent/ClinicalAgentBrain.java;diagnosis-service/src/main/java/com/aidoctor/diagnosis/agent/ToolCaller.java;diagnosis-service/src/main/java/com/aidoctor/diagnosis/controller/CDPController.java;diagnosis-service/src/main/java/com/aidoctor/diagnosis/service/DiagnosisOrchestrationService.java;diagnosis-service/src/main/java/com/aidoctor/diagnosis/service/cdp/CDPRerankService.java;diagnosis-service/src/main/java/com/aidoctor/diagnosis/service/orchestration/DiagnosisWorkflowOrchestrator.java;diagnosis-service/src/main/java/com/aidoctor/diagnosis/service/wellness/WellnessScreeningOrchestrator.java;diagnosis-service/src/test/java/com/aidoctor/diagnosis/agent/ClinicalAgentBrainTest.java;diagnosis-service/src/test/java/com/aidoctor/diagnosis/agent/ToolCallerTest.java;docs/AI医生/项目文档/10.实现与部署/项目结构设计.md;docs/AI医生/项目文档/5.主agent设计/主Agent技术实现.md,VALIDATED_FOR_DISCOVERY,NONE,QUARANTINED_AT_PATH_LEVEL,a6-5-a-discovery-results.csv#DISC-169,Path/metadata discovery only; no content inspection
DISC-170,WF-009,diagnosis-service/src/main/java/com/aidoctor/diagnosis/service/agent_state/AgentStateManager.java,P0,P0,TRACKED_FILE,TRACKED_FILE,PHI_CAPABLE_PATH,PHI_CAPABLE_PATH,PHI_CAPABLE_CODE_PATH,git_cat-file_-e+git_ls_files,git_grep_-l_filename_only,diagnosis-service/src/main/java/com/aidoctor/diagnosis/agent/AgentLoop.java;diagnosis-service/src/main/java/com/aidoctor/diagnosis/agent/ClinicalAgentBrain.java;diagnosis-service/src/test/java/com/aidoctor/diagnosis/agent/ClinicalAgentBrainTest.java;docs/AI医生/项目文档/10.实现与部署/项目结构设计.md;docs/AI医生/项目文档/5.主agent设计/主Agent技术实现.md;docs/refactoring/evidence/phase-a/a1/java-api-inventory.csv;docs/refactoring/evidence/phase-a/a1/java-state-write-inventory.csv;docs/refactoring/evidence/phase-a/a4/data-access-path-inventory.csv;docs/refactoring/plans/phase-a/a6-5/a6-5-legacy-asset-inventory.csv,VALIDATED_FOR_DISCOVERY,NONE,QUARANTINED_AT_PATH_LEVEL,a6-5-a-discovery-results.csv#DISC-170,Path/metadata discovery only; no content inspection
DISC-171,WF-010,diagnosis-service/src/main/java/com/aidoctor/diagnosis/aspect/ExecutionTraceAspect.java,P0,P0,TRACKED_FILE,TRACKED_FILE,PHI_CAPABLE_PATH,PHI_CAPABLE_PATH,PHI_CAPABLE_LOG_PATH,git_cat-file_-e+git_ls_files,git_grep_-l_filename_only,docs/AI医生/项目文档/13.技术细节/AOP切面设计思路.md;docs/refactoring/evidence/phase-a/a1/java-build-baseline.md;docs/refactoring/evidence/phase-a/a1/java-observability-inventory.csv;docs/refactoring/plans/phase-a/a6-5/a6-5-legacy-asset-inventory.csv;docs/refactoring/代码、数据与设计资产迁移矩阵.md;docs/refactoring/原设计资产保留、改造与目标架构映射.md;docs/refactoring/可执行实施路线.md;docs/refactoring/工程、发布、回滚与下线.md;docs/refactoring/当前系统资产盘点.md;docs/refactoring/架构冻结基线.md;docs/refactoring/目标能力与旧设计资产覆盖矩阵.md,VALIDATED_FOR_DISCOVERY,NONE,QUARANTINED_AT_PATH_LEVEL,a6-5-a-discovery-results.csv#DISC-171,Path/metadata discovery only; no content inspection
DISC-172,WF-011,diagnosis-service/src/main/java/com/aidoctor/diagnosis/annotation/TraceExecution.java,P0,P0,TRACKED_FILE,TRACKED_FILE,PHI_CAPABLE_PATH,PHI_CAPABLE_PATH,PHI_CAPABLE_LOG_PATH,git_cat-file_-e+git_ls_files,git_grep_-l_filename_only,diagnosis-service/docs/执行追踪功能说明.md;diagnosis-service/src/main/java/com/aidoctor/diagnosis/aspect/ExecutionTraceAspect.java;diagnosis-service/src/main/java/com/aidoctor/diagnosis/service/orchestration/DiagnosisWorkflowOrchestrator.java;diagnosis-service/src/main/java/com/aidoctor/diagnosis/service/wellness/WellnessScreeningOrchestrator.java;docs/AI医生/项目文档/13.技术细节/AOP切面设计思路.md;docs/refactoring/evidence/phase-a/a1/java-build-baseline.md;docs/refactoring/evidence/phase-a/a1/java-observability-inventory.csv;docs/refactoring/plans/phase-a/a6-5/a6-5-legacy-asset-inventory.csv;docs/refactoring/代码、数据与设计资产迁移矩阵.md;docs/refactoring/原设计资产保留、改造与目标架构映射.md;docs/refactoring/可执行实施路线.md;docs/refactoring/工程、发布、回滚与下线.md;docs/refactoring/当前系统资产盘点.md;docs/refactoring/架构冻结基线.md,VALIDATED_FOR_DISCOVERY,NONE,QUARANTINED_AT_PATH_LEVEL,a6-5-a-discovery-results.csv#DISC-172,Path/metadata discovery only; no content inspection
DISC-173,WF-012,diagnosis-service/src/main/java/com/aidoctor/diagnosis/config/FeignTraceInterceptor.java,P0,P0,TRACKED_FILE,TRACKED_FILE,PHI_CAPABLE_PATH,PHI_CAPABLE_PATH,PHI_CAPABLE_LOG_PATH,git_cat-file_-e+git_ls_files,git_grep_-l_filename_only,diagnosis-service/src/main/java/com/aidoctor/diagnosis/config/FeignConfig.java;docs/AI医生/项目文档/13.技术细节/AOP切面设计思路.md;docs/refactoring/evidence/phase-a/a1/java-observability-inventory.csv;docs/refactoring/plans/phase-a/a6-5/a6-5-legacy-asset-inventory.csv;docs/refactoring/原设计资产保留、改造与目标架构映射.md;docs/refactoring/当前系统资产盘点.md,VALIDATED_FOR_DISCOVERY,NONE,QUARANTINED_AT_PATH_LEVEL,a6-5-a-discovery-results.csv#DISC-173,Path/metadata discovery only; no content inspection
DISC-174,WF-013,execution-trace-service/src/main/java/com/aidoctor/trace/entity/ExecutionTrace.java,P0,P0,TRACKED_FILE,TRACKED_FILE,PHI_CAPABLE_PATH,PHI_CAPABLE_PATH,PHI_CAPABLE_LOG_PATH,git_cat-file_-e+git_ls_files,git_grep_-l_filename_only,diagnosis-service/src/main/java/com/aidoctor/diagnosis/aspect/ExecutionTraceAspect.java;diagnosis-service/src/main/java/com/aidoctor/diagnosis/client/TraceServiceClient.java;diagnosis-service/src/main/java/com/aidoctor/diagnosis/config/FeignTraceInterceptor.java;diagnosis-service/src/main/java/com/aidoctor/diagnosis/config/FeignTraceResponseInterceptor.java;diagnosis-service/src/main/java/com/aidoctor/diagnosis/controller/CDPController.java;diagnosis-service/src/main/java/com/aidoctor/diagnosis/dto/trace/ExecutionTraceEvent.java;diagnosis-service/src/main/java/com/aidoctor/diagnosis/entity/CDP.java;diagnosis-service/src/main/java/com/aidoctor/diagnosis/service/cdp/CDPManager.java;diagnosis-service/src/main/java/com/aidoctor/diagnosis/service/wellness/WellnessScreeningOrchestrator.java;docs/AI医生/项目文档/13.技术细节/AOP切面设计思路.md;docs/refactoring/evidence/phase-a/a1/java-api-inventory.csv;docs/refactoring/evidence/phase-a/a1/java-build-baseline.md;docs/refactoring/evidence/phase-a/a1/java-observability-inventory.csv;docs/refactoring/evidence/phase-a/a3/frontend-api-contract-inventory.csv;docs/refactoring/evidence/phase-a/a3/frontend-patient-delivery-gap-inventory.csv,VALIDATED_FOR_DISCOVERY,NONE,QUARANTINED_AT_PATH_LEVEL,a6-5-a-discovery-results.csv#DISC-174,Path/metadata discovery only; no content inspection
DISC-175,WF-014,diagnosis-service/src/main/resources/db/migration/V1__create_agent_state_and_audit_trail.sql,P1,P1,TRACKED_FILE,TRACKED_FILE,CONTRACT_INCOMPATIBILITY_BLOCKER,CONTRACT_INCOMPATIBILITY_BLOCKER,,git_cat-file_-e+git_ls_files,git_grep_-l_filename_only,docs/refactoring/evidence/phase-a/a1/java-api-inventory.csv;docs/refactoring/plans/phase-a/a6-5/a6-5-legacy-asset-inventory.csv,VALIDATED_FOR_DISCOVERY,NONE,,a6-5-a-discovery-results.csv#DISC-175,Path/metadata discovery only; no content inspection
DISC-176,WF-015,diagnosis-service/src/main/java/com/aidoctor/diagnosis/dto/tool/ToolContext.java,P0,P0,TRACKED_FILE,TRACKED_FILE,RUNTIME_COUPLING_BLOCKER,RUNTIME_COUPLING_BLOCKER,,git_cat-file_-e+git_ls_files,git_grep_-l_filename_only,clinical-parsing-service/app/api/routes.py;clinical-parsing-service/app/models/tool_context.py;clinical-parsing-service/docs/clinical-parsing-service - 已实现功能清单.md;clinical-parsing-service/docs/clinical-parsing-service - 服务实现方案.md;contracts/v1/fixtures/invalid/interaction-cases.json;contracts/v1/fixtures/valid/interaction-cases.json;contracts/v1/manifest.json;contracts/v1/schemas/tool-context.schema.json;contracts/v1/tests/test_contracts.py;contracts/v1/validator/validate_contracts.py;diagnosis-engine-service/app/api/routes.py;diagnosis-engine-service/app/models/tool_context.py;diagnosis-engine-service/docs/diagnosis-engine-service - 服务实现方案.md;diagnosis-service/src/main/java/com/aidoctor/diagnosis/agent/AgentLoop.java;diagnosis-service/src/main/java/com/aidoctor/diagnosis/agent/ToolCaller.java,VALIDATED_FOR_DISCOVERY,NONE,,a6-5-a-discovery-results.csv#DISC-176,Path/metadata discovery only; no content inspection
DISC-177,WF-016,diagnosis-service/src/main/java/com/aidoctor/diagnosis/dto/tool/ToolResult.java,P0,P0,TRACKED_FILE,TRACKED_FILE,RUNTIME_COUPLING_BLOCKER,RUNTIME_COUPLING_BLOCKER,,git_cat-file_-e+git_ls_files,git_grep_-l_filename_only,clinical-parsing-service/app/api/routes.py;clinical-parsing-service/app/models/tool_result.py;clinical-parsing-service/docs/clinical-parsing-service - 已实现功能清单.md;clinical-parsing-service/docs/clinical-parsing-service - 服务实现方案.md;contracts/v1/fixtures/invalid/interaction-cases.json;contracts/v1/fixtures/valid/interaction-cases.json;contracts/v1/manifest.json;contracts/v1/schemas/tool-result.schema.json;contracts/v1/tests/test_contracts.py;contracts/v1/validator/validate_contracts.py;diagnosis-engine-service/app/api/routes.py;diagnosis-engine-service/app/models/tool_result.py;diagnosis-engine-service/docs/diagnosis-engine-service - 服务实现方案.md;diagnosis-service/src/main/java/com/aidoctor/diagnosis/agent/AgentLoop.java;diagnosis-service/src/main/java/com/aidoctor/diagnosis/agent/EvidenceFusion.java,VALIDATED_FOR_DISCOVERY,NONE,,a6-5-a-discovery-results.csv#DISC-177,Path/metadata discovery only; no content inspection
DISC-178,WF-017,diagnosis-service/src/main/java/com/aidoctor/diagnosis/dto/conclusion/ConclusionPackage.java,P1,P1,TRACKED_FILE,TRACKED_FILE,CONTRACT_INCOMPATIBILITY_BLOCKER,CONTRACT_INCOMPATIBILITY_BLOCKER,,git_cat-file_-e+git_ls_files,git_grep_-l_filename_only,README.md;diagnosis-service/docs/diagnosis-service - 已实现功能清单.md;diagnosis-service/src/main/java/com/aidoctor/diagnosis/client/ExplanationServiceClient.java;diagnosis-service/src/main/java/com/aidoctor/diagnosis/dto/response/DiagnosisResult.java;diagnosis-service/src/main/java/com/aidoctor/diagnosis/service/DiagnosisOrchestrationService.java;diagnosis-service/src/main/java/com/aidoctor/diagnosis/service/orchestration/DiagnosisWorkflowOrchestrator.java;diagnosis-service/src/main/java/com/aidoctor/diagnosis/service/step5/ConclusionPackageBuilder.java;docs/AI医生/项目文档/10.实现与部署/项目结构设计.md;docs/AI医生/项目文档/4.工具设计/工具业务逻辑设计.md;docs/AI医生/项目文档/5.主agent设计/主Agent业务逻辑设计.md;docs/AI医生/项目文档/5.主agent设计/主Agent技术实现.md;docs/AI医生/项目文档/6.数据模型设计/实体类与DTO设计.md;docs/refactoring/evidence/phase-a/a1/java-api-inventory.csv;docs/refactoring/evidence/phase-a/a1/java-build-baseline.md,VALIDATED_FOR_DISCOVERY,NONE,,a6-5-a-discovery-results.csv#DISC-178,Path/metadata discovery only; no content inspection
DISC-179,CTR-001,diagnosis-service/src/main/java/com/aidoctor/diagnosis/dto,P1,P1,TRACKED_DIRECTORY_SUMMARY,TRACKED_DIRECTORY_SUMMARY,CONTRACT_INCOMPATIBILITY_BLOCKER,CONTRACT_INCOMPATIBILITY_BLOCKER,,git_ls_files_prefix,git_grep_-l_filename_only,diagnosis-service/src/main/java/com/aidoctor/diagnosis/dto/conclusion/ActionAndFollowUp.java;diagnosis-service/src/main/java/com/aidoctor/diagnosis/dto/conclusion/Conclusion.java;diagnosis-service/src/main/java/com/aidoctor/diagnosis/dto/conclusion/ConclusionPackage.java;diagnosis-service/src/main/java/com/aidoctor/diagnosis/dto/conclusion/KeyEvidence.java;diagnosis-service/src/main/java/com/aidoctor/diagnosis/dto/conclusion/MustExcludeStatus.java;diagnosis-service/src/main/java/com/aidoctor/diagnosis/dto/dialog/InformationGapItem.java;diagnosis-service/src/main/java/com/aidoctor/diagnosis/dto/dialog/InformationGaps.java;diagnosis-service/src/main/java/com/aidoctor/diagnosis/dto/dialog/MissingInfoItem.java;diagnosis-service/src/main/java/com/aidoctor/diagnosis/dto/dialog/QuestionRequest.java;diagnosis-service/src/main/java/com/aidoctor/diagnosis/dto/dialog/QuestionResponse.java;diagnosis-service/src/main/java/com/aidoctor/diagnosis/dto/dialog/UnderstandingResponse.java;diagnosis-service/src/main/java/com/aidoctor/diagnosis/dto/dialog/UserInputRequest.java;diagnosis-service/src/main/java/com/aidoctor/diagnosis/dto/engine/DiagnosisEngineRequest.java;diagnosis-service/src/main/java/com/aidoctor/diagnosis/dto/engine/DiagnosisEngineResult.java;diagnosis-service/src/main/java/com/aidoctor/diagnosis/dto/evidence/DiseaseEvidence.java;diagnosis-service/src/main/java/com/aidoctor/diagnosis/dto/evidence/EvidenceAnalysis.java;diagnosis-service/src/main/java/com/aidoctor/diagnosis/dto/evidence/OpposingEvidence.java;diagnosis-service/src/main/java/com/aidoctor/diagnosis/dto/evidence/SupportingEvidence.java;diagnosis-service/src/main/java/com/aidoctor/diagnosis/dto/questionlist/ChiefComplaint.java;diagnosis-service/src/main/java/com/aidoctor/diagnosis/dto/questionlist/InformationGaps.java;diagnosis-service/src/main/java/com/aidoctor/diagnosis/dto/questionlist/KeyBackground.java;diagnosis-service/src/main/java/com/aidoctor/diagnosis/dto/questionlist/StructuredQuestionList.java;diagnosis-service/src/main/java/com/aidoctor/diagnosis/dto/questionlist/VitalSigns.java;diagnosis-service/src/main/java/com/aidoctor/diagnosis/dto/request/DiagnosisRequest.java;diagnosis-service/src/main/java/com/aidoctor/diagnosis/dto/request/SignData.java,VALIDATED_FOR_DISCOVERY,NONE,,a6-5-a-discovery-results.csv#DISC-179,Path/metadata discovery only; no content inspection
DISC-180,CTR-002,dialog-service/app/models,P1,P1,TRACKED_DIRECTORY_SUMMARY,TRACKED_DIRECTORY_SUMMARY,CONTRACT_INCOMPATIBILITY_BLOCKER,CONTRACT_INCOMPATIBILITY_BLOCKER,,git_ls_files_prefix,git_grep_-l_filename_only,dialog-service/app/models/__init__.py;dialog-service/app/models/request.py;dialog-service/app/models/response.py;dialog-service/app/models/tool_context.py;dialog-service/app/models/tool_result.py,VALIDATED_FOR_DISCOVERY,NONE,,a6-5-a-discovery-results.csv#DISC-180,Path/metadata discovery only; no content inspection
DISC-181,CTR-003,explanation-service/app/models,P1,P1,TRACKED_DIRECTORY_SUMMARY,TRACKED_DIRECTORY_SUMMARY,CONTRACT_INCOMPATIBILITY_BLOCKER,CONTRACT_INCOMPATIBILITY_BLOCKER,,git_ls_files_prefix,git_grep_-l_filename_only,explanation-service/app/models/__init__.py;explanation-service/app/models/request.py;explanation-service/app/models/response.py;explanation-service/app/models/tool_context.py;explanation-service/app/models/tool_result.py,VALIDATED_FOR_DISCOVERY,NONE,,a6-5-a-discovery-results.csv#DISC-181,Path/metadata discovery only; no content inspection
DISC-182,CTR-004,clinical-parsing-service/app/models,P1,P1,TRACKED_DIRECTORY_SUMMARY,TRACKED_DIRECTORY_SUMMARY,CONTRACT_INCOMPATIBILITY_BLOCKER,CONTRACT_INCOMPATIBILITY_BLOCKER,,git_ls_files_prefix,git_grep_-l_filename_only,clinical-parsing-service/app/models/__init__.py;clinical-parsing-service/app/models/request.py;clinical-parsing-service/app/models/response.py;clinical-parsing-service/app/models/tool_context.py;clinical-parsing-service/app/models/tool_result.py,VALIDATED_FOR_DISCOVERY,NONE,,a6-5-a-discovery-results.csv#DISC-182,Path/metadata discovery only; no content inspection
DISC-183,CTR-005,frontend/src/types/diagnosis.ts,P1,P1,TRACKED_FILE,TRACKED_FILE,CONTRACT_INCOMPATIBILITY_BLOCKER,CONTRACT_INCOMPATIBILITY_BLOCKER,,git_cat-file_-e+git_ls_files,git_grep_-l_filename_only,.github/ISSUE_TEMPLATE/bug_report.md;DRKnows-main/UMLS_refined_relations_DRKnows.csv;DRKnows-main/readme.md;Git提交规范.md;README.md;capabilities/adult_respiratory_v1/hypotheses/limited_hypotheses.yaml;capabilities/adult_respiratory_v1/population/scope.yaml;capabilities/schemas/hypothesis-pack.schema.json;capabilities/tests/test_capability.py;capabilities/validator/validate_capability.py;clinical-parsing-service/app/api/routes.py;clinical-parsing-service/app/utils/cdp_reader.py;clinical-parsing-service/docs/clinical-parsing-service - 已实现功能清单.md;clinical-parsing-service/docs/clinical-parsing-service - 服务实现方案.md;common/aidoctor_llm/README.md,VALIDATED_FOR_DISCOVERY,NONE,,a6-5-a-discovery-results.csv#DISC-183,Path/metadata discovery only; no content inspection
DISC-184,CTR-006,frontend/src/services/diagnosisApi.ts,P1,P1,TRACKED_FILE,TRACKED_FILE,CONTRACT_INCOMPATIBILITY_BLOCKER,CONTRACT_INCOMPATIBILITY_BLOCKER,,git_cat-file_-e+git_ls_files,git_grep_-l_filename_only,docs/AI医生/项目文档/8.前端设计/前端页面设计.md;docs/refactoring/evidence/phase-a/a3/frontend-api-contract-inventory.csv;docs/refactoring/evidence/phase-a/a3/frontend-docker-baseline.md;docs/refactoring/evidence/phase-a/a3/frontend-patient-delivery-gap-inventory.csv;docs/refactoring/evidence/phase-a/a4/data-access-path-inventory.csv;docs/refactoring/evidence/phase-a/a5/legacy-contract-mapping.csv;docs/refactoring/plans/phase-a/a6-5/a6-5-legacy-asset-inventory.csv;docs/开发过程文件/AI医生系统性能优化方案.md;frontend/src/components/diagnosis/CaseHistoryDrawer.tsx;frontend/src/components/diagnosis/StructuredIntakePanel.tsx;frontend/src/pages/DiagnosisHistoryPage.tsx;frontend/src/pages/DiagnosisResultPage.tsx;frontend/src/stores/diagnosisStore.ts,VALIDATED_FOR_DISCOVERY,NONE,,a6-5-a-discovery-results.csv#DISC-184,Path/metadata discovery only; no content inspection
DISC-185,CTR-007,frontend-admin/src/types/trace.ts,P1,P1,TRACKED_FILE,TRACKED_FILE,CONTRACT_INCOMPATIBILITY_BLOCKER,CONTRACT_INCOMPATIBILITY_BLOCKER,,git_cat-file_-e+git_ls_files,git_grep_-l_filename_only,README.md;clinical-parsing-service/app/api/routes.py;clinical-parsing-service/app/models/tool_context.py;clinical-parsing-service/app/models/tool_result.py;clinical-parsing-service/app/utils/exceptions.py;clinical-parsing-service/app/utils/response.py;clinical-parsing-service/docs/clinical-parsing-service - 已实现功能清单.md;clinical-parsing-service/docs/clinical-parsing-service - 服务实现方案.md;clinical-parsing-service/test_service.py;common/aidoctor_trace/README.md;common/aidoctor_trace/__init__.py;common/aidoctor_trace/setup.py;common/aidoctor_trace/trace_decorator.py;common/aidoctor_trace/trace_middleware.py;contracts/v1/fixtures/invalid/foundation-cases.json,VALIDATED_FOR_DISCOVERY,NONE,,a6-5-a-discovery-results.csv#DISC-185,Path/metadata discovery only; no content inspection
DISC-186,CTR-008,frontend-admin/src/services/traceApi.ts,P1,P1,TRACKED_FILE,TRACKED_FILE,CONTRACT_INCOMPATIBILITY_BLOCKER,CONTRACT_INCOMPATIBILITY_BLOCKER,,git_cat-file_-e+git_ls_files,git_grep_-l_filename_only,docs/refactoring/evidence/phase-a/a3/frontend-api-contract-inventory.csv;docs/refactoring/evidence/phase-a/a4/data-access-path-inventory.csv;docs/refactoring/plans/phase-a/a6-5/a6-5-legacy-asset-inventory.csv;frontend-admin/README.md;frontend-admin/src/pages/TraceManagementPage.tsx,VALIDATED_FOR_DISCOVERY,NONE,,a6-5-a-discovery-results.csv#DISC-186,Path/metadata discovery only; no content inspection
DISC-187,CTR-009,docs/refactoring/evidence/phase-a/a2/python-cdp-access-inventory.csv,P1,P1,TRACKED_FILE,TRACKED_FILE,CONTRACT_INCOMPATIBILITY_BLOCKER,CONTRACT_INCOMPATIBILITY_BLOCKER,,git_cat-file_-e+git_ls_files,git_grep_-l_filename_only,docs/refactoring/evidence/phase-a/a2/python-runtime-baseline.md;docs/refactoring/evidence/phase-a/a4/data-access-path-inventory.csv;docs/refactoring/evidence/phase-a/a4/data-schema-drift-inventory.csv;docs/refactoring/evidence/phase-a/a5/legacy-contract-mapping.csv;docs/refactoring/plans/phase-a/a6-5/a6-5-legacy-asset-inventory.csv;docs/refactoring/代码、数据与设计资产迁移矩阵.md;docs/refactoring/当前系统资产盘点.md;docs/refactoring/目标能力与旧设计资产覆盖矩阵.md,VALIDATED_FOR_DISCOVERY,NONE,,a6-5-a-discovery-results.csv#DISC-187,Path/metadata discovery only; no content inspection
DISC-188,ENG-001,docker-compose.yml,P1,P1,TRACKED_FILE,TRACKED_FILE,SECURITY_PRIVACY_BLOCKER,SECURITY_PRIVACY_BLOCKER,,git_cat-file_-e+git_ls_files,git_grep_-l_filename_only,.gitignore;README.md;docs/AI医生/项目文档/10.实现与部署/环境配置指南.md;docs/AI医生/项目文档/10.实现与部署/部署架构设计.md;docs/AI医生/项目文档/10.实现与部署/项目结构设计.md;docs/refactoring/evidence/phase-a/a3/docker-compose-inventory.csv;docs/refactoring/evidence/phase-a/a3/frontend-docker-baseline.md;docs/refactoring/evidence/phase-a/a4/data-entity-schema-inventory.csv;docs/refactoring/evidence/phase-a/a4/data-lifecycle-governance-inventory.csv;docs/refactoring/evidence/phase-a/a4/data-schema-drift-inventory.csv;docs/refactoring/evidence/phase-a/a4/data-store-inventory.csv;docs/refactoring/plans/phase-a/a6-5/a6-5-legacy-asset-inventory.csv;docs/refactoring/plans/phase-a/a6-5/a6-5-legacy-asset-validation-plan.md;docs/refactoring/代码、数据与设计资产迁移矩阵.md;docs/refactoring/当前系统资产盘点.md,VALIDATED_FOR_DISCOVERY,NONE,,a6-5-a-discovery-results.csv#DISC-188,Path/metadata discovery only; no content inspection
DISC-189,ENG-002,monitoring/docker-compose.yml,P1,P1,TRACKED_FILE,TRACKED_FILE,SECURITY_PRIVACY_BLOCKER,SECURITY_PRIVACY_BLOCKER,,git_cat-file_-e+git_ls_files,git_grep_-l_filename_only,.gitignore;README.md;docs/AI医生/项目文档/10.实现与部署/环境配置指南.md;docs/AI医生/项目文档/10.实现与部署/部署架构设计.md;docs/AI医生/项目文档/10.实现与部署/项目结构设计.md;docs/refactoring/evidence/phase-a/a3/docker-compose-inventory.csv;docs/refactoring/evidence/phase-a/a3/frontend-docker-baseline.md;docs/refactoring/evidence/phase-a/a4/data-entity-schema-inventory.csv;docs/refactoring/evidence/phase-a/a4/data-lifecycle-governance-inventory.csv;docs/refactoring/evidence/phase-a/a4/data-schema-drift-inventory.csv;docs/refactoring/evidence/phase-a/a4/data-store-inventory.csv;docs/refactoring/plans/phase-a/a6-5/a6-5-legacy-asset-inventory.csv;docs/refactoring/plans/phase-a/a6-5/a6-5-legacy-asset-validation-plan.md;docs/refactoring/代码、数据与设计资产迁移矩阵.md;docs/refactoring/当前系统资产盘点.md,VALIDATED_FOR_DISCOVERY,NONE,,a6-5-a-discovery-results.csv#DISC-189,Path/metadata discovery only; no content inspection
DISC-190,ENG-003,monitoring/prometheus.yml,P2,P2,TRACKED_FILE,TRACKED_FILE,NON_BLOCKING_LEGACY_DEBT,NON_BLOCKING_LEGACY_DEBT,,git_cat-file_-e+git_ls_files,none,,VALIDATED_FOR_DISCOVERY,NONE,,a6-5-a-discovery-results.csv#DISC-190,Path/metadata discovery only; no content inspection
DISC-191,ENG-004,scripts/start_services.sh,P2,P2,TRACKED_FILE,TRACKED_FILE,NON_BLOCKING_LEGACY_DEBT,NON_BLOCKING_LEGACY_DEBT,,git_cat-file_-e+git_ls_files,none,,VALIDATED_FOR_DISCOVERY,NONE,,a6-5-a-discovery-results.csv#DISC-191,Path/metadata discovery only; no content inspection
DISC-192,ENG-005,scripts/services_config.json,P2,P2,TRACKED_FILE,TRACKED_FILE,NON_BLOCKING_LEGACY_DEBT,NON_BLOCKING_LEGACY_DEBT,,git_cat-file_-e+git_ls_files,none,,VALIDATED_FOR_DISCOVERY,NONE,,a6-5-a-discovery-results.csv#DISC-192,Path/metadata discovery only; no content inspection
DISC-193,ENG-006,common/aidoctor_trace/trace_decorator.py,P0,P0,TRACKED_FILE,TRACKED_FILE,PHI_CAPABLE_PATH,PHI_CAPABLE_PATH,PHI_CAPABLE_LOG_PATH,git_cat-file_-e+git_ls_files,git_grep_-l_filename_only,common/aidoctor_trace/__init__.py;common/aidoctor_trace/trace_middleware.py;docs/refactoring/plans/phase-a/a6-5/a6-5-legacy-asset-inventory.csv,VALIDATED_FOR_DISCOVERY,NONE,QUARANTINED_AT_PATH_LEVEL,a6-5-a-discovery-results.csv#DISC-193,Path/metadata discovery only; no content inspection
DISC-194,ENG-007,common/aidoctor_logger/logger.py,P0,P0,TRACKED_FILE,TRACKED_FILE,PHI_CAPABLE_PATH,PHI_CAPABLE_PATH,PHI_CAPABLE_LOG_PATH,git_cat-file_-e+git_ls_files,git_grep_-l_filename_only,clinical-parsing-service/app/api/routes.py;clinical-parsing-service/app/main.py;clinical-parsing-service/app/services/ambiguity_detector.py;clinical-parsing-service/app/services/concept_recognizer.py;clinical-parsing-service/app/services/extractor.py;clinical-parsing-service/app/services/parsing_service.py;clinical-parsing-service/app/utils/cdp_reader.py;clinical-parsing-service/app/utils/exceptions.py;clinical-parsing-service/app/utils/text_processor.py;clinical-parsing-service/app/utils/vocabulary_loader.py;common/aidoctor_llm/llm_client.py;common/aidoctor_llm/prompt_manager.py;common/aidoctor_logger/__init__.py;common/aidoctor_logger/setup.py,VALIDATED_FOR_DISCOVERY,NONE,QUARANTINED_AT_PATH_LEVEL,a6-5-a-discovery-results.csv#DISC-194,Path/metadata discovery only; no content inspection
DISC-195,PHI-001,diagnosis-service runtime DB entities CDP/DiagnosisRecord/etc,P0,P0,RUNTIME_PATH_ONLY,RUNTIME_PATH_ONLY,PHI_CAPABLE_PATH,PHI_CAPABLE_PATH,PHI_CAPABLE_DATABASE_PATH,git_grep_filename_only,git_grep_-l_filename_only,diagnosis-service/docs/diagnosis-service - 已实现功能清单.md;diagnosis-service/docs/diagnosis-service - 服务实现方案.md;diagnosis-service/src/main/java/com/aidoctor/diagnosis/agent/AgentLoop.java;diagnosis-service/src/main/java/com/aidoctor/diagnosis/agent/ClinicalAgentBrain.java;diagnosis-service/src/main/java/com/aidoctor/diagnosis/agent/ToolCaller.java;diagnosis-service/src/main/java/com/aidoctor/diagnosis/controller/CDPController.java;diagnosis-service/src/main/java/com/aidoctor/diagnosis/dto/tool/ToolContext.java;diagnosis-service/src/main/java/com/aidoctor/diagnosis/entity/CDP.java;diagnosis-service/src/main/java/com/aidoctor/diagnosis/entity/CDPVersion.java;diagnosis-service/src/main/java/com/aidoctor/diagnosis/entity/DiagnosisRecord.java;diagnosis-service/src/main/java/com/aidoctor/diagnosis/exception/CDPNotFoundException.java;diagnosis-service/src/main/java/com/aidoctor/diagnosis/repository/DiagnosisRecordRepository.java;diagnosis-service/src/main/java/com/aidoctor/diagnosis/service/AdaptiveQuestioningService.java;diagnosis-service/src/main/java/com/aidoctor/diagnosis/service/DiagnosisOrchestrationService.java;diagnosis-service/src/main/java/com/aidoctor/diagnosis/service/DiagnosisService.java;diagnosis-service/src/main/java/com/aidoctor/diagnosis/service/cdp/CDPManager.java;diagnosis-service/src/main/java/com/aidoctor/diagnosis/service/cdp/CDPReplayService.java;diagnosis-service/src/main/java/com/aidoctor/diagnosis/service/step1/StructuredQuestionListBuilder.java;docs/AI医生/项目文档/0.文档索引/全局文档索引.md;docs/AI医生/项目文档/10.实现与部署/项目结构设计.md;docs/AI医生/项目文档/11.错误处理与异常/错误处理规范.md,RUNTIME_PATH_CONFIRMED,NONE,QUARANTINED_AT_PATH_LEVEL,a6-5-a-discovery-results.csv#DISC-195,Path/metadata discovery only; no content inspection
DISC-196,PHI-002,examination-service uploads/reports/{userId}/,P0,P0,RUNTIME_PATH_ONLY,RUNTIME_PATH_ONLY,PHI_CAPABLE_PATH,PHI_CAPABLE_PATH,PHI_CAPABLE_STORAGE_PATH,git_grep_filename_only,git_grep_-l_filename_only,clinical-parsing-service/QUICKSTART.md;clinical-parsing-service/README.md;clinical-parsing-service/app/api/routes.py;clinical-parsing-service/app/models/request.py;clinical-parsing-service/app/services/parsing_service.py;clinical-parsing-service/docs/clinical-parsing-service - 已实现功能清单.md;clinical-parsing-service/docs/clinical-parsing-service - 服务实现方案.md;clinical-parsing-service/test_frontend.html;docs/refactoring/evidence/phase-a/a4/data-entity-schema-inventory.csv;docs/refactoring/evidence/phase-a/a4/data-inventory-baseline.md;docs/refactoring/evidence/phase-a/a4/data-store-inventory.csv;docs/refactoring/plans/phase-a/a6-5/a6-5-legacy-asset-inventory.csv;examination-service/docs/examination-service - 已实现功能清单.md;examination-service/docs/examination-service - 服务实现方案.md;examination-service/src/main/java/com/aidoctor/examination/service/ExaminationService.java,RUNTIME_PATH_CONFIRMED,NONE,QUARANTINED_AT_PATH_LEVEL,a6-5-a-discovery-results.csv#DISC-196,Path/metadata discovery only; no content inspection
DISC-197,PHI-003,dialog-service Redis key dialog:context:{cdp_id},P0,P0,RUNTIME_PATH_ONLY,RUNTIME_PATH_ONLY,PHI_CAPABLE_PATH,PHI_CAPABLE_PATH,PHI_CAPABLE_STORAGE_PATH,git_grep_filename_only,git_grep_-l_filename_only,README.md;clinical-parsing-service/app/api/routes.py;clinical-parsing-service/app/models/tool_context.py;clinical-parsing-service/app/utils/cdp_reader.py;clinical-parsing-service/app/utils/exceptions.py;clinical-parsing-service/docs/clinical-parsing-service - 已实现功能清单.md;clinical-parsing-service/docs/clinical-parsing-service - 服务实现方案.md;common/aidoctor_trace/trace_decorator.py;dialog-service/app/services/dialog_service.py;docs/refactoring/evidence/phase-a/a4/data-entity-schema-inventory.csv;docs/refactoring/evidence/phase-a/a4/data-inventory-baseline.md;docs/refactoring/evidence/phase-a/a4/data-store-inventory.csv;docs/refactoring/plans/phase-a/a6-5/a6-5-legacy-asset-inventory.csv;docs/refactoring/代码、数据与设计资产迁移矩阵.md;docs/refactoring/当前系统资产盘点.md;docs/方案讨论过程文件/系统设计方案/智能诊断系统-技术架构方案.md,RUNTIME_PATH_CONFIRMED,NONE,QUARANTINED_AT_PATH_LEVEL,a6-5-a-discovery-results.csv#DISC-197,Path/metadata discovery only; no content inspection
DISC-198,PHI-004,ocr-service input/output buffers,P0,P0,RUNTIME_PATH_ONLY,RUNTIME_PATH_ONLY,PHI_CAPABLE_PATH,PHI_CAPABLE_PATH,PHI_CAPABLE_STORAGE_PATH,git_grep_filename_only,git_grep_-l_filename_only,README.md;clinical-parsing-service/docs/clinical-parsing-service - 服务实现方案.md;diagnosis-service/src/main/java/com/aidoctor/diagnosis/client/OcrServiceClient.java;docker-compose.yml;docs/AI医生/项目文档/1.系统概述/整体架构概述.md;docs/AI医生/项目文档/10.实现与部署/环境配置指南.md;docs/AI医生/项目文档/10.实现与部署/部署架构设计.md;docs/AI医生/项目文档/10.实现与部署/项目结构设计.md,RUNTIME_PATH_CONFIRMED,NONE,QUARANTINED_AT_PATH_LEVEL,a6-5-a-discovery-results.csv#DISC-198,Path/metadata discovery only; no content inspection
DISC-199,PHI-005,execution-trace-service ExecutionTrace store,P0,P0,RUNTIME_PATH_ONLY,RUNTIME_PATH_ONLY,PHI_CAPABLE_PATH,PHI_CAPABLE_PATH,PHI_CAPABLE_LOG_PATH,git_grep_filename_only,git_grep_-l_filename_only,diagnosis-service/src/main/java/com/aidoctor/diagnosis/aspect/ExecutionTraceAspect.java;diagnosis-service/src/main/java/com/aidoctor/diagnosis/client/TraceServiceClient.java;diagnosis-service/src/main/java/com/aidoctor/diagnosis/config/FeignTraceInterceptor.java;diagnosis-service/src/main/java/com/aidoctor/diagnosis/config/FeignTraceResponseInterceptor.java;diagnosis-service/src/main/java/com/aidoctor/diagnosis/controller/CDPController.java;diagnosis-service/src/main/java/com/aidoctor/diagnosis/dto/trace/ExecutionTraceEvent.java;diagnosis-service/src/main/java/com/aidoctor/diagnosis/entity/CDP.java;diagnosis-service/src/main/java/com/aidoctor/diagnosis/service/cdp/CDPManager.java,RUNTIME_PATH_CONFIRMED,NONE,QUARANTINED_AT_PATH_LEVEL,a6-5-a-discovery-results.csv#DISC-199,Path/metadata discovery only; no content inspection
DISC-200,PHI-006,frontend/src/components/cdp-visualization/,P0,P0,RUNTIME_PATH_ONLY,TRACKED_DIRECTORY_SUMMARY,PHI_CAPABLE_PATH,PHI_CAPABLE_PATH,PHI_CAPABLE_API_PATH,git_ls_files_prefix,git_grep_-l_filename_only,frontend/src/components/cdp-visualization/CDPVersionHistory.tsx;frontend/src/components/cdp-visualization/CDPVisualizationPage.tsx;frontend/src/components/cdp-visualization/index.ts;frontend/src/components/cdp-visualization/ReasoningPathsVisualization.tsx;frontend/src/components/cdp-visualization/EvidenceChainVisualization.tsx;frontend/src/components/cdp-visualization/BrainResultsVisualization.tsx,VALIDATED_FOR_DISCOVERY,path_status:RUNTIME_PATH_ONLY->TRACKED_DIRECTORY_SUMMARY,QUARANTINED_AT_PATH_LEVEL,a6-5-a-discovery-results.csv#DISC-200,Path/metadata discovery only; no content inspection
DISC-201,BOUND-001,contracts/v1,P3,P3,TRACKED_DIRECTORY_SUMMARY,TRACKED_DIRECTORY_SUMMARY,NON_BLOCKING_LEGACY_DEBT,NON_BLOCKING_LEGACY_DEBT,,git_ls_files_prefix,git_grep_-l_filename_only,contracts/v1/CHANGELOG.md;contracts/v1/README.md;contracts/v1/fixtures/invalid/foundation-cases.json;contracts/v1/fixtures/invalid/interaction-cases.json;contracts/v1/fixtures/valid/foundation-cases.json;contracts/v1/fixtures/valid/interaction-cases.json;contracts/v1/manifest.json;contracts/v1/requirements-test.lock.txt;contracts/v1/requirements-test.txt;contracts/v1/schemas/audit-ref.schema.json;contracts/v1/schemas/commit-result.schema.json;contracts/v1/schemas/contract-conflict.schema.json;contracts/v1/schemas/contract-envelope.schema.json;contracts/v1/schemas/evidence-pack.schema.json;contracts/v1/schemas/identifier-set.schema.json;contracts/v1/schemas/knowledge-release-ref.schema.json;contracts/v1/schemas/patient-delivery-view.schema.json;contracts/v1/schemas/source-artifact.schema.json;contracts/v1/schemas/state-patch.schema.json;contracts/v1/schemas/tool-context.schema.json;contracts/v1/schemas/tool-result.schema.json;contracts/v1/schemas/trace-ref.schema.json;contracts/v1/tests/__init__.py;contracts/v1/tests/test_contracts.py;contracts/v1/validator/__init__.py,VALIDATED_FOR_DISCOVERY,NONE,,a6-5-a-discovery-results.csv#DISC-201,Path/metadata discovery only; no content inspection
DISC-202,BOUND-002,capabilities/adult_respiratory_v1,P3,P3,TRACKED_DIRECTORY_SUMMARY,TRACKED_DIRECTORY_SUMMARY,NON_BLOCKING_LEGACY_DEBT,NON_BLOCKING_LEGACY_DEBT,,git_ls_files_prefix,git_grep_-l_filename_only,capabilities/adult_respiratory_v1/README.md;capabilities/adult_respiratory_v1/delivery/delivery_policy.yaml;capabilities/adult_respiratory_v1/evals/e2e_cases.jsonl;capabilities/adult_respiratory_v1/evals/extraction_cases.jsonl;capabilities/adult_respiratory_v1/evals/question_cases.jsonl;capabilities/adult_respiratory_v1/evals/rag_cases.jsonl;capabilities/adult_respiratory_v1/evals/safety_cases.jsonl;capabilities/adult_respiratory_v1/hypotheses/limited_hypotheses.yaml;capabilities/adult_respiratory_v1/knowledge/knowledge_policy.yaml;capabilities/adult_respiratory_v1/knowledge/source_manifest.yaml;capabilities/adult_respiratory_v1/manifest.yaml;capabilities/adult_respiratory_v1/observations/observation_profile.yaml;capabilities/adult_respiratory_v1/population/scope.yaml;capabilities/adult_respiratory_v1/questions/discriminators.yaml;capabilities/adult_respiratory_v1/questions/mandatory.yaml;capabilities/adult_respiratory_v1/questions/stopping_rules.yaml;capabilities/adult_respiratory_v1/runtime/context_policy.yaml;capabilities/adult_respiratory_v1/runtime/model_routes.yaml;capabilities/adult_respiratory_v1/runtime/prompt_allowlist.yaml;capabilities/adult_respiratory_v1/runtime/skill_allowlist.yaml;capabilities/adult_respiratory_v1/runtime/tool_allowlist.yaml;capabilities/adult_respiratory_v1/safety/red_flags.yaml;capabilities/adult_respiratory_v1/safety/special_populations.yaml;capabilities/adult_respiratory_v1/safety/triage_rules.yaml;capabilities/adult_respiratory_v1/terminology/code_mappings.yaml,VALIDATED_FOR_DISCOVERY,NONE,,a6-5-a-discovery-results.csv#DISC-202,Path/metadata discovery only; no content inspection
DISC-203,DOC-KG-CLUSTER,docs/AI医生/知识内容提取/知识库结构设计,P2,P2,TRACKED_DIRECTORY_SUMMARY,TRACKED_DIRECTORY_SUMMARY,NON_BLOCKING_LEGACY_DEBT,NON_BLOCKING_LEGACY_DEBT,,git_ls_files_prefix,git_grep_-l_filename_only,docs/AI医生/知识内容提取/知识库结构设计/AI医生系统-映射关系设计规范.md;docs/AI医生/知识内容提取/知识库结构设计/AI医生系统-知识内容需求最终版.md;docs/AI医生/知识内容提取/知识库结构设计/AI医生系统-系统边界与合规定位规范.md;docs/AI医生/知识内容提取/知识库结构设计/使用分析/知识图谱工程层关系使用分析.md;docs/AI医生/知识内容提取/知识库结构设计/使用分析/知识图谱工程层节点使用分析.md;docs/AI医生/知识内容提取/知识库结构设计/使用分析/知识图谱语义层关系使用分析.md;docs/AI医生/知识内容提取/知识库结构设计/使用分析/知识图谱语义层节点使用分析.md;docs/AI医生/知识内容提取/知识库结构设计/使用分析/表格文件使用分析.md;docs/AI医生/知识内容提取/知识库结构设计/使用分析/配置文件使用分析.md;docs/AI医生/知识内容提取/知识库结构设计/内容组/AI诊断知识图谱分析.pdf;docs/AI医生/知识内容提取/知识库结构设计/内容组/AI诊断系统资料准备-梳理总结.md;docs/AI医生/知识内容提取/知识库结构设计/内容组/AI诊断系统资料准备.md;docs/AI医生/知识内容提取/知识库结构设计/内容组/AI诊断系统资料准备.pdf;docs/AI医生/知识内容提取/知识库结构设计/内容组/ICPC权威性说明(1).pdf;docs/AI医生/知识内容提取/知识库结构设计/内容组/主诉列表.xlsx;docs/AI医生/知识内容提取/知识库结构设计/内容组/主诉清单提取.pdf;docs/AI医生/知识内容提取/知识库结构设计/内容组/主诉澄清规则-表3.pdf;docs/AI医生/知识内容提取/知识库结构设计/内容组/主诉澄清规则.md;docs/AI医生/知识内容提取/知识库结构设计/内容组/主诉知识图谱.md;docs/AI医生/知识内容提取/知识库结构设计/内容组/主诉知识图谱.pdf;docs/AI医生/知识内容提取/知识库结构设计/内容组/疾病分类.pdf;docs/AI医生/知识内容提取/知识库结构设计/内容组/疾病目录icpc.pdf;docs/AI医生/知识内容提取/知识库结构设计/内容组/疾病知识图谱.md;docs/AI医生/知识内容提取/知识库结构设计/内容组/疾病知识图谱.pdf;docs/AI医生/知识内容提取/知识库结构设计/内容组/证据条目模板.pdf,VALIDATED_FOR_DISCOVERY,NONE,,a6-5-a-discovery-results.csv#DISC-203,Path/metadata discovery only; no content inspection
