HPO编码,标准名称（英文）,标准名称（中文）,定义（中文）
HP:0000001,All,所有词汇,
HP:0000002,Abnormality of body height,身高异常,
HP:0000003,Multicystic kidney dysplasia,多囊性肾发育不良,
HP:0000005,Mode of inheritance,遗传模式,
HP:0000006,Autosomal dominant inheritance,常染色体显性遗传,
HP:0000007,Autosomal recessive inheritance,常染色体隐性遗传,
HP:0000008,Abnormal morphology of female internal genitalia,女性内生殖器形态异常,
HP:0000009,Functional abnormality of the bladder,膀胱功能异常,
HP:0000010,Recurrent urinary tract infections,复发性尿路感染,
HP:0000011,Neurogenic bladder,神经源性膀胱功能障碍,
HP:0000012,Urinary urgency,尿急,
HP:0000013,Hypoplasia of the uterus,子宫发育不良,
HP:0000014,Abnormality of the bladder,膀胱异常,
HP:0000015,Bladder diverticulum,膀胱憩室,
HP:0000016,Urinary retention,尿潴留,
HP:0000017,Nocturia,夜尿症,
HP:0000019,Urinary hesitancy,排尿踌躇,
HP:0000020,Urinary incontinence,尿失禁,
HP:0000021,Megacystis,巨膀胱症,
HP:0000022,Abnormal male internal genitalia morphology,男性内生殖器形态异常,
HP:0000023,Inguinal hernia,腹股沟疝,
HP:0000024,Prostatitis,前列腺炎,
HP:0000025,Functional abnormality of male internal genitalia,男性内生殖器功能异常,
HP:0000026,Male hypogonadism,男性性腺功能减退症,
HP:0000027,Azoospermia,无精症,
HP:0000028,Cryptorchidism,隐睾,
HP:0000029,Testicular atrophy,睾丸萎缩,
HP:0000030,Testicular gonadoblastoma,睾丸性腺母细胞瘤,
HP:0000031,Epididymitis,附睾炎,
HP:0000032,Abnormal male external genitalia morphology,男性外生殖器形态异常,
HP:0000033,"Ambiguous genitalia, male",男性外阴性别不明,
HP:0000034,Hydrocele testis,睾丸鞘膜积液,
HP:0000035,Abnormal testis morphology,睾丸形态异常,
HP:0000036,Abnormal penis morphology,阴茎形态异常,
HP:0000037,Male pseudohermaphroditism,男性假两性畸形,
HP:0000039,Epispadias,尿道上裂,
HP:0000040,Long penis,长阴茎,
HP:0000041,Chordee,阴茎下曲,
HP:0000042,Absent external genitalia,外生殖器缺如,
HP:0000044,Hypogonadotropic hypogonadism,低促性腺激素性性腺功能减退症,
HP:0000045,Abnormal scrotum morphology,阴囊形态异常,
HP:0000046,Small scrotum,小阴囊,
HP:0000047,Hypospadias,尿道下裂,
HP:0000048,Bifid scrotum,阴囊对裂,
HP:0000049,Shawl scrotum,披肩状阴囊,
HP:0000050,Hypoplastic male external genitalia,男性外生殖器发育不良,
HP:0000051,Perineal hypospadias,会阴型尿道下裂,
HP:0000052,"Urethral atresia, male",男性尿道闭锁,
HP:0000053,Macroorchidism,巨睾,
HP:0000054,Micropenis,小阴茎,
HP:0000055,Abnormal female external genitalia morphology,女性外生殖器形态异常,
HP:0000056,Abnormal clitoris morphology,阴蒂形态异常,
HP:0000058,Abnormal labia morphology,阴唇形态异常,
HP:0000059,Hypoplastic labia majora,大阴唇发育不良,
HP:0000060,Clitoral hypoplasia,阴蒂发育不良,
HP:0000061,"Ambiguous genitalia, female",女性外阴性别不明,
HP:0000062,Ambiguous genitalia,外阴性别不明,
HP:0000063,Fused labia minora,小阴唇融合,
HP:0000064,Hypoplastic labia minora,小阴唇发育不良,
HP:0000065,Labial hypertrophy,阴唇肥厚,
HP:0000066,Labial hypoplasia,阴唇发育不良,
HP:0000067,"Urethral atresia, female",女性尿道闭锁,
HP:0000068,Urethral atresia,尿道闭锁,
HP:0000069,Abnormality of the ureter,输尿管异常,
HP:0000070,Ureterocele,输尿管囊肿,
HP:0000071,Ureteral stenosis,输尿管狭窄,
HP:0000072,Hydroureter,输尿管积水,
HP:0000073,Ureteral duplication,输尿管重复,
HP:0000074,Ureteropelvic junction obstruction,肾盂输尿管连接部梗阻,
HP:0000075,Renal duplication,肾重复,
HP:0000076,Vesicoureteral reflux,膀胱输尿管返流,
HP:0000077,Abnormality of the kidney,肾脏异常,
HP:0000078,Abnormality of the genital system,生殖系统异常,
HP:0000079,Abnormality of the urinary system,泌尿系统异常,
HP:0000080,Abnormality of reproductive system physiology,生殖系统生理机能异常,
HP:0000081,Duplicated collecting system,集合管系统重复,
HP:0000083,Renal insufficiency,肾功能不全,
HP:0000085,Horseshoe kidney,马蹄肾,
HP:0000086,Ectopic kidney,异位肾,
HP:0000089,Renal hypoplasia,肾发育不全,
HP:0000090,Nephronophthisis,肾结核,
HP:0000091,Abnormal renal tubule morphology,肾小管形态异常,
HP:0000092,Renal tubular atrophy,肾小管萎缩,
HP:0000093,Proteinuria,蛋白尿,
HP:0000095,Abnormal renal glomerulus morphology,肾小球形态异常,
HP:0000096,Glomerular sclerosis,肾小球硬化,
HP:0000097,Focal segmental glomerulosclerosis,局灶节段性肾小球硬化,
HP:0000098,Tall stature,高身材,
HP:0000099,Glomerulonephritis,肾小球肾炎,
HP:0000100,Nephrotic syndrome,肾病综合征,
HP:0000103,Polyuria,多尿,
HP:0000104,Renal agenesis,肾缺如,
HP:0000105,Enlarged kidney,肾脏肿大,
HP:0000107,Renal cyst,肾囊肿,
HP:0000108,Renal corticomedullary cysts,肾皮髓质交界处囊肿,
HP:0000110,Renal dysplasia,肾发育不良,
HP:0000111,Renal juxtaglomerular cell hypertrophy/hyperplasia,肾小球球旁细胞肥大/增生,
HP:0000112,Nephropathy,肾病,
HP:0000113,Polycystic kidney dysplasia,多囊肾性发育不良,
HP:0000114,Proximal tubulopathy,近端肾小管病,
HP:0000117,Renal phosphate wasting,肾源性磷酸盐流失,
HP:0000118,Phenotypic abnormality,表型异常,
HP:0000119,Abnormality of the genitourinary system,泌尿生殖系统异常,
HP:0000121,Nephrocalcinosis,肾钙质沉着症,
HP:0000122,Unilateral renal agenesis,单侧肾缺如,
HP:0000123,Nephritis,肾炎,
HP:0000124,Renal tubular dysfunction,肾小管功能障碍,
HP:0000125,Pelvic kidney,盆腔肾,
HP:0000126,Hydronephrosis,肾积水,
HP:0000127,Renal salt wasting,肾源性盐流失,
HP:0000128,Renal potassium wasting,肾源性钾流失,
HP:0000130,Abnormality of the uterus,子宫异常,
HP:0000131,Uterine leiomyoma,子宫肌瘤,
HP:0000132,Menorrhagia,月经过多症,
HP:0000133,Gonadal dysgenesis,性腺发育不全,
HP:0000134,Female hypogonadism,女性性腺功能减退症,
HP:0000135,Hypogonadism,性腺功能减退症,
HP:0000136,Bifid uterus,双角子宫,
HP:0000137,Abnormality of the ovary,卵巢异常,
HP:0000138,Ovarian cyst,卵巢囊肿,
HP:0000139,Uterine prolapse,子宫脱垂,
HP:0000140,Abnormality of the menstrual cycle,月经周期异常,
HP:0000141,Amenorrhea,闭经,
HP:0000142,Abnormal vagina morphology,阴道形态异常,
HP:0000143,Rectovaginal fistula,直肠阴道瘘,
HP:0000144,Decreased fertility,生育能力下降,
HP:0000145,Transverse vaginal septum,阴道横膈,
HP:0000147,Polycystic ovaries,多囊卵巢,
HP:0000148,Vaginal atresia,阴道闭锁,
HP:0000149,Ovarian gonadoblastoma,卵巢性腺母细胞瘤,
HP:0000150,Gonadoblastoma,性腺母细胞瘤,
HP:0000151,Aplasia of the uterus,子宫发育不全,
HP:0000152,Abnormality of head or neck,头颈部异常,
HP:0000153,Abnormality of the mouth,嘴部异常,
HP:0000154,Wide mouth,宽嘴,
HP:0000155,Oral ulcer,口腔溃疡,
HP:0000157,Abnormality of the tongue,舌异常,
HP:0000158,Macroglossia,巨舌症,
HP:0000159,Abnormal lip morphology,唇形态异常,
HP:0000160,Narrow mouth,小口畸形,
HP:0000161,Median cleft upper lip,上唇正中裂,
HP:0000162,Glossoptosis,舌后坠,
HP:0000163,Abnormal oral cavity morphology,口腔形态异常,
HP:0000164,Abnormality of the dentition,牙列异常,
HP:0000166,Severe periodontitis,重度牙周炎,
HP:0000168,Abnormality of the gingiva,牙龈异常,
HP:0000169,Gingival fibromatosis,牙龈纤维瘤病,
HP:0000171,Microglossia,小舌畸形,
HP:0000172,Abnormal uvula morphology,悬雍垂形态异常,
HP:0000174,Abnormal palate morphology,腭形态异常,
HP:0000175,Cleft palate,腭裂,
HP:0000176,Submucous cleft hard palate,黏膜下硬裂腭,
HP:0000177,Abnormal upper lip morphology,上唇形态异常,
HP:0000178,Abnormal lower lip morphology,下唇形态异常,
HP:0000179,Thick lower lip vermilion,厚下红唇,
HP:0000180,Lobulated tongue,分叶舌,
HP:0000182,Movement abnormality of the tongue,舌头运动异常,
HP:0000183,Tongue muscle weakness,舌肌无力,
HP:0000185,Cleft soft palate,软腭裂,
HP:0000187,Broad alveolar ridges,宽牙槽嵴,
HP:0000188,Short upper lip,上唇短小,
HP:0000189,Narrow palate,上腭狭窄,
HP:0000190,Abnormal oral frenulum morphology,口腔系带形态异常,
HP:0000191,Accessory oral frenulum,额外口腔系带,
HP:0000193,Bifid uvula,悬雍垂裂,
HP:0000194,Open mouth,闭口不能,
HP:0000196,Lower lip pit,下唇凹陷,
HP:0000197,Abnormal parotid gland morphology,腮腺形态异常,
HP:0000198,Absence of Stensen duct,无腮腺导管,
HP:0000199,Tongue nodules,舌结节,
HP:0000200,Short lingual frenulum,舌系带过短,
HP:0000201,Pierre-Robin sequence,皮埃尔 - 罗宾序列征,
HP:0000202,Orofacial cleft,口面裂,
HP:0000204,Cleft upper lip,上唇裂,
HP:0000205,Pursed lips,撅起的嘴唇,
HP:0000206,Glossitis,舌炎,
HP:0000207,Triangular mouth,三角嘴,
HP:0000211,Trismus,张口受限,
HP:0000212,Gingival overgrowth,牙龈增生,
HP:0000214,Lip telangiectasia,唇部毛细血管扩张,
HP:0000215,Thick upper lip vermilion,厚上红唇,
HP:0000216,Broad secondary alveolar ridge,宽恒牙槽嵴,
HP:0000217,Xerostomia,口腔干燥,
HP:0000218,High palate,高腭,
HP:0000219,Thin upper lip vermilion,薄上唇红,
HP:0000220,Velopharyngeal insufficiency,腭咽机能不全,
HP:0000221,Furrowed tongue,沟裂舌,
HP:0000222,Gingival hyperkeratosis,牙龈角化过度,
HP:0000223,Abnormality of taste sensation,味觉异常,
HP:0000224,Hypogeusia,味觉减退,
HP:0000225,Gingival bleeding,牙龈出血,
HP:0000227,Tongue telangiectasia,舌毛细血管扩张,
HP:0000228,Oral cavity telangiectasia,口腔毛细管扩张,
HP:0000230,Gingivitis,牙龈炎,
HP:0000232,Everted lower lip vermilion,下唇唇红外翻,
HP:0000233,Thin vermilion border,下红唇薄,
HP:0000234,Abnormality of the head,头部异常,
HP:0000235,Abnormal cranial suture/fontanelle morphology,颅缝或囟门形态异常,
HP:0000236,Abnormal anterior fontanelle morphology,前囟形态异常,
HP:0000237,Small anterior fontanelle,小前囟,
HP:0000238,Hydrocephalus,脑积水,
HP:0000239,Large fontanelles,大囟门,
HP:0000240,Abnormality of skull size,颅骨大小异常,
HP:0000242,Parietal bossing,顶骨隆起,
HP:0000243,Trigonocephaly,三角头畸形,
HP:0000244,Brachyturricephaly,短尖头畸形,
HP:0000245,Abnormal paranasal sinus morphology,副鼻窦形态异常,
HP:0000246,Sinusitis,鼻窦炎,
HP:0000248,Brachycephaly,短头畸形,
HP:0000250,Dense calvaria,颅盖骨密度过高,
HP:0000252,Microcephaly,小头畸形,
HP:0000253,Progressive microcephaly,渐进性小头畸形,
HP:0000255,Acute sinusitis,急性鼻窦炎,
HP:0000256,Macrocephaly,巨头畸形,
HP:0000260,Wide anterior fontanel,前囟增宽,
HP:0000262,Turricephaly,尖头畸形,
HP:0000263,Oxycephaly,锥形头,
HP:0000264,Abnormal mastoid morphology,乳突形态异常,
HP:0000265,Mastoiditis,乳突炎,
HP:0000267,Cranial asymmetry,颅骨不对称,
HP:0000268,Dolichocephaly,长头畸形,
HP:0000269,Prominent occiput,枕骨突出,
HP:0000270,Delayed cranial suture closure,颅缝闭合延迟,
HP:0000271,Abnormality of the face,脸部异常,
HP:0000272,Malar flattening,颧骨扁平,
HP:0000273,Facial grimacing,面部表情痛苦,
HP:0000274,Small face,小脸,
HP:0000275,Narrow face,脸狭窄,
HP:0000276,Long face,长脸,
HP:0000277,Abnormal mandible morphology,下颌骨形态异常,
HP:0000278,Retrognathia,下颌后缩,
HP:0000280,Coarse facial features,面容粗糙,
HP:0000282,Facial edema,面部水肿,
HP:0000283,Broad face,宽脸,
HP:0000286,Epicanthus,内眦赘皮,
HP:0000287,Increased facial adipose tissue,面部脂肪组织增多,
HP:0000288,Abnormality of the philtrum,人中异常,
HP:0000289,Broad philtrum,宽人中,
HP:0000290,Abnormality of the forehead,前额异常,
HP:0000291,Abnormality of facial adipose tissue,面部脂肪组织异常,
HP:0000292,Loss of facial adipose tissue,面部脂肪组织丢失,
HP:0000293,Full cheeks,脸颊丰满,
HP:0000294,Low anterior hairline,前发际低,
HP:0000295,Doll-like facies,娃娃脸,
HP:0000297,Facial hypotonia,面部肌张力低下,
HP:0000298,Mask-like facies,面具样面容,
HP:0000300,Oval face,卵形脸,
HP:0000301,Abnormality of facial musculature,面部肌肉异常,
HP:0000303,Mandibular prognathia,下颌前突,
HP:0000306,Abnormality of the chin,下巴异常,
HP:0000307,Pointed chin,尖下巴,
HP:0000308,Microretrognathia,下颌小且后移,
HP:0000309,Abnormal midface morphology,面中部形态异常,
HP:0000311,Round face,圆脸,
HP:0000315,Abnormality of the orbital region,眼眶异常,
HP:0000316,Hypertelorism,眼距过宽,
HP:0000317,Facial myokymia,面肌颤搐,
HP:0000319,Smooth philtrum,人中扁平,
HP:0000320,Bird-like facies,鸟样面相,
HP:0000321,Square face,方脸,
HP:0000322,Short philtrum,人中短,
HP:0000324,Facial asymmetry,面部不对称,
HP:0000325,Triangular face,三角脸,
HP:0000326,Abnormal maxilla morphology,上颌骨形态异常,
HP:0000327,Hypoplasia of the maxilla,上颌骨发育不全,
HP:0000329,Facial hemangioma,面部血管瘤,
HP:0000331,Short chin,短下巴,
HP:0000336,Prominent supraorbital ridges,眶上嵴突出,
HP:0000337,Broad forehead,宽前额,
HP:0000338,Hypomimic face,面具样面容,
HP:0000339,Pugilistic facies,拳击手面容,
HP:0000340,Sloping forehead,额头倾斜,
HP:0000341,Narrow forehead,额头狭窄,
HP:0000343,Long philtrum,长人中,
HP:0000346,Whistling appearance,吹口哨面容,
HP:0000347,Micrognathia,小下颌,
HP:0000348,High forehead,额头高,
HP:0000349,Widow's peak,美人尖,
HP:0000350,Small forehead,小额头,
HP:0000356,Abnormality of the outer ear,外耳异常,
HP:0000357,Abnormal location of ears,耳位异常,
HP:0000358,Posteriorly rotated ears,后旋耳,
HP:0000359,Abnormality of the inner ear,内耳异常,
HP:0000360,Tinnitus,耳鸣,
HP:0000362,Otosclerosis,耳硬化症,
HP:0000363,Abnormal earlobe morphology,耳垂形态异常,
HP:0000364,Hearing abnormality,听力异常,
HP:0000365,Hearing impairment,听力受损,
HP:0000366,Abnormality of the nose,鼻异常,
HP:0000369,Low-set ears,低位耳,
HP:0000370,Abnormality of the middle ear,中耳异常,
HP:0000371,Acute otitis media,急性中耳炎,
HP:0000372,Abnormal auditory canal morphology,耳道形态异常,
HP:0000375,Abnormal cochlea morphology,耳蜗异常,
HP:0000376,Incomplete partition of the cochlea type II,II型耳蜗分隔不全,
HP:0000377,Abnormal pinna morphology,耳廓形态异常,
HP:0000378,Cupped ear,杯状耳,
HP:0000381,Stapes ankylosis,镫骨固定,
HP:0000383,Abnormal periauricular region morphology,耳前区形态异常,
HP:0000384,Preauricular skin tag,耳前皮赘,
HP:0000385,Small earlobe,小耳垂,
HP:0000387,Absent earlobe,耳垂缺如,
HP:0000388,Otitis media,中耳炎,
HP:0000389,Chronic otitis media,慢性中耳炎,
HP:0000391,Thickened helices,耳轮增厚,
HP:0000394,Lop ear,垂耳,
HP:0000395,Prominent antihelix,对耳轮突出,
HP:0000396,Overfolded helix,耳轮过度卷曲,
HP:0000399,Prelingual sensorineural hearing impairment,学语前感音神经性听力受损,
HP:0000400,Macrotia,巨耳畸形,
HP:0000402,Stenosis of the external auditory canal,外耳道狭窄,
HP:0000403,Recurrent otitis media,反复发作型中耳炎,
HP:0000405,Conductive hearing impairment,传导性听力受损,
HP:0000407,Sensorineural hearing impairment,感音神经性听力受损,
HP:0000408,Progressive sensorineural hearing impairment,渐进性感音神经性听力受损,
HP:0000410,Mixed hearing impairment,混合性听力受损,
HP:0000411,Protruding ear,招风耳,
HP:0000413,Atresia of the external auditory canal,外耳道闭锁,
HP:0000414,Bulbous nose,蒜头鼻,
HP:0000415,Abnormal choanae morphology,鼻后孔形态异常,
HP:0000417,Slender nose,鼻细长,
HP:0000418,Narrow nasal ridge,鼻脊狭窄,
HP:0000419,Abnormal nasal septum morphology,鼻中隔形态异常,
HP:0000420,Short nasal septum,鼻中隔短小,
HP:0000421,Epistaxis,鼻衄,
HP:0000422,Abnormal nasal bridge morphology,鼻梁形态异常,
HP:0000426,Prominent nasal bridge,鼻梁突出,
HP:0000429,Abnormal morphology of the nasal alae,鼻翼形态异常,
HP:0000430,Underdeveloped nasal alae,鼻翼发育不全,
HP:0000431,Wide nasal bridge,宽鼻梁,
HP:0000433,Abnormal nasal mucosa morphology,鼻粘膜形态异常,
HP:0000434,Nasal mucosa telangiectasia,鼻粘膜毛细血管扩张,
HP:0000436,Abnormal nasal tip morphology,鼻尖形态异常,
HP:0000437,Depressed nasal tip,鼻尖凹陷,
HP:0000444,Convex nasal ridge,凸鼻嵴,
HP:0000445,Wide nose,宽鼻,
HP:0000446,Narrow nasal bridge,鼻梁狭窄,
HP:0000447,Pear-shaped nose,梨形鼻,
HP:0000448,Prominent nose,鼻前突,
HP:0000451,Triangular nasal tip,三角鼻尖,
HP:0000452,Choanal stenosis,鼻后孔狭窄,
HP:0000453,Choanal atresia,鼻后孔闭锁,
HP:0000454,Flared nostrils,喇叭状鼻孔,
HP:0000455,Broad nasal tip,宽鼻尖,
HP:0000456,Bifid nasal tip,鼻尖裂,
HP:0000457,Depressed nasal ridge,鼻嵴凹陷,
HP:0000458,Anosmia,嗅觉缺失,
HP:0000460,Narrow nose,鼻缩窄,
HP:0000463,Anteverted nares,鼻孔前翻,
HP:0000464,Abnormality of the neck,颈部异常,
HP:0000465,Webbed neck,蹼颈,
HP:0000466,Limited neck range of motion,颈部运动范围受限,
HP:0000467,Neck muscle weakness,颈肌无力,
HP:0000468,Increased adipose tissue around the neck,颈周脂肪组织增多,
HP:0000470,Short neck,短颈,
HP:0000471,Gastrointestinal angiodysplasia,胃肠道血管发育不良,
HP:0000472,Long neck,长颈,
HP:0000473,Torticollis,斜颈,
HP:0000474,Thickened nuchal skin fold,颈部皮肤皱襞增厚,
HP:0000475,Broad neck,宽颈,
HP:0000476,Cystic hygroma,囊状水瘤,
HP:0000478,Abnormality of the eye,眼部异常,
HP:0000479,Abnormal retinal morphology,视网膜形态异常,
HP:0000480,Retinal coloboma,视网膜缺损,
HP:0000481,Abnormal cornea morphology,角膜形态异常,
HP:0000482,Microcornea,小角膜,
HP:0000483,Astigmatism,散光,
HP:0000484,Hyperopic astigmatism,远视散光,
HP:0000485,Megalocornea,巨角膜,
HP:0000486,Strabismus,斜视,
HP:0000488,Retinopathy,视网膜病变,
HP:0000490,Deeply set eye,眼睛深陷,
HP:0000491,Keratitis,角膜炎,
HP:0000492,Abnormal eyelid morphology,眼睑形态异常,
HP:0000493,Abnormal foveal morphology,黄斑中央凹形态异常,
HP:0000494,Downslanted palpebral fissures,下斜睑裂,
HP:0000495,Recurrent corneal erosions,复发性角膜糜烂,
HP:0000496,Abnormality of eye movement,眼球运动异常,
HP:0000497,Globe retraction and deviation on abduction,外展时眼球回缩和偏斜,
HP:0000498,Blepharitis,眼睑炎,
HP:0000499,Abnormal eyelash morphology,睫毛形态异常,
HP:0000501,Glaucoma,青光眼,
HP:0000502,Abnormal conjunctiva morphology,结膜形态异常,
HP:0000503,Tortuosity of conjunctival vessels,结膜血管迂曲,
HP:0000504,Abnormality of vision,视力异常,
HP:0000505,Visual impairment,视觉障碍,
HP:0000506,Telecanthus,内眦距过宽,
HP:0000508,Ptosis,上睑下垂,
HP:0000509,Conjunctivitis,结膜炎,
HP:0000510,Rod-cone dystrophy,杆锥体营养不良,
HP:0000511,Vertical supranuclear gaze palsy,垂直性核上性凝视麻痹,
HP:0000512,Abnormal electroretinogram,视网膜电图异常,
HP:0000514,Slow saccadic eye movements,慢扫视眼球运动,
HP:0000517,Abnormal lens morphology,晶状体形态异常,
HP:0000518,Cataract,白内障,
HP:0000519,Developmental cataract,发育性白内障,
HP:0000520,Proptosis,眼球突出,
HP:0000522,Alacrima,无泪,
HP:0000523,Subcapsular cataract,囊膜下白内障,
HP:0000524,Conjunctival telangiectasia,结膜毛细血管扩张,
HP:0000525,Abnormality iris morphology,虹膜形态异常,
HP:0000526,Aniridia,无虹膜,
HP:0000527,Long eyelashes,长睫毛,
HP:0000528,Anophthalmia,无眼畸形,
HP:0000529,Progressive visual loss,进行性视力下降,
HP:0000531,Corneal crystals,角膜结晶,
HP:0000532,Abnormal chorioretinal morphology,脉络膜视网膜形态异常,
HP:0000533,Chorioretinal atrophy,脉络膜视网膜萎缩,
HP:0000534,Abnormal eyebrow morphology,眉毛形态异常,
HP:0000537,Epicanthus inversus,内眦赘皮倒转,
HP:0000538,Pseudopapilledema,假性视乳头水肿,
HP:0000539,Abnormality of refraction,屈光异常,
HP:0000540,Hypermetropia,远视,
HP:0000541,Retinal detachment,视网膜脱离,
HP:0000542,Impaired ocular adduction,眼内收障碍,
HP:0000543,Optic disc pallor,视盘苍白,
HP:0000544,External ophthalmoplegia,眼外肌麻痹,
HP:0000545,Myopia,近视,
HP:0000546,Retinal degeneration,视网膜变性,
HP:0000548,Cone/cone-rod dystrophy,锥杆细胞营养不良,
HP:0000549,Abnormal conjugate eye movement,眼球共轭运动异常,
HP:0000550,Undetectable electroretinogram,视网膜电流图熄灭型,
HP:0000551,Color vision defect,色觉缺陷,
HP:0000552,Tritanomaly,蓝色弱,
HP:0000553,Abnormal uvea morphology,葡萄膜形态异常,
HP:0000554,Uveitis,葡萄膜炎,
HP:0000555,Leukocoria,白瞳症,
HP:0000556,Retinal dystrophy,视网膜营养不良,
HP:0000557,Buphthalmos,爆裂眼,
HP:0000558,Rieger anomaly,Rieger综合征,
HP:0000559,Corneal scarring,角膜瘢痕,
HP:0000561,Absent eyelashes,睫毛缺失,
HP:0000563,Keratoconus,圆锥角膜,
HP:0000564,Lacrimal duct atresia,泪道闭锁,
HP:0000565,Esotropia,内斜视,
HP:0000567,Chorioretinal coloboma,脉络膜视网膜缺损,
HP:0000568,Microphthalmia,小眼症,
HP:0000570,Abnormal saccadic eye movements,眼球扫视运动异常,
HP:0000571,Hypometric saccades,扫视不到位,
HP:0000572,Visual loss,视力丧失,
HP:0000573,Retinal hemorrhage,视网膜出血,
HP:0000574,Thick eyebrow,眉毛浓密,
HP:0000575,Scotoma,盲点,
HP:0000576,Centrocecal scotoma,中央盲点,
HP:0000577,Exotropia,外斜视,
HP:0000579,Nasolacrimal duct obstruction,鼻泪管阻塞,
HP:0000580,Pigmentary retinopathy,色素性视网膜病,
HP:0000581,Blepharophimosis,眼睑裂狭小,
HP:0000582,Upslanted palpebral fissure,睑裂上斜,
HP:0000584,Punctate corneal epithelial erosions,点状角膜上皮糜烂,
HP:0000585,Band keratopathy,带状角膜病,
HP:0000586,Shallow orbits,浅眼眶,
HP:0000587,Abnormal optic nerve morphology,视神经形态异常,
HP:0000588,Optic disc coloboma,视盘缺损,
HP:0000589,Coloboma,眼缺损,
HP:0000590,Progressive external ophthalmoplegia,进行性眼外肌麻痹,
HP:0000591,Abnormal sclera morphology,巩膜异常,
HP:0000592,Blue sclerae,蓝巩膜,
HP:0000593,Abnormal anterior chamber morphology,前房形态异常,
HP:0000594,Shallow anterior chamber,浅前房,
HP:0000597,Ophthalmoparesis,眼肌瘫痪,
HP:0000598,Abnormality of the ear,耳部异常,
HP:0000599,Abnormality of the frontal hairline,前额发际线异常,
HP:0000600,Abnormality of the pharynx,咽部异常,
HP:0000601,Hypotelorism,眼距过窄,
HP:0000602,Ophthalmoplegia,眼肌麻痹,
HP:0000603,Central scotoma,中心暗点,
HP:0000605,Supranuclear gaze palsy,核上性凝视麻痹,
HP:0000606,Abnormality of the periorbital region,眶周畸形,
HP:0000607,Periorbital wrinkles,眶周皱纹,
HP:0000608,Macular degeneration,黄斑变性,
HP:0000609,Optic nerve hypoplasia,视神经发育不全,
HP:0000610,Abnormal choroid morphology,脉络膜形态异常,
HP:0000612,Iris coloboma,虹膜缺损,
HP:0000613,Photophobia,畏光,
HP:0000614,Abnormal nasolacrimal system morphology,鼻泪管系统的异常,
HP:0000615,Abnormal pupil morphology,瞳孔形态异常,
HP:0000616,Miosis,瞳孔缩小,
HP:0000617,Abnormality of ocular smooth pursuit,眼部平稳跟踪异常,
HP:0000618,Blindness,失明,
HP:0000619,Impaired convergence,辐凑受损,
HP:0000620,Dacryocystitis,泪囊炎,
HP:0000621,Entropion,眼睑内翻,
HP:0000622,Blurred vision,视力模糊,
HP:0000623,Supranuclear ophthalmoplegia,核上性眼肌麻痹,
HP:0000625,Eyelid coloboma,眼睑缺损,
HP:0000627,Posterior embryotoxon,后胚胎环,
HP:0000629,Periorbital fullness,眶周丰满,
HP:0000630,Abnormal retinal artery morphology,视网膜动脉形态异常,
HP:0000631,Retinal arterial tortuosity,视网膜动脉迂曲,
HP:0000632,Lacrimation abnormality,泪液分泌异常,
HP:0000633,Decreased lacrimation,泪液分泌减少,
HP:0000634,Impaired ocular abduction,眼外展障碍,
HP:0000635,Blue irides,蓝色虹膜,
HP:0000636,Upper eyelid coloboma,上眼睑缺损,
HP:0000637,Long palpebral fissure,睑裂增宽,
HP:0000639,Nystagmus,眼球震颤,
HP:0000640,Gaze-evoked nystagmus,凝视诱发眼震,
HP:0000641,Dysmetric saccades,不规则扫视,
HP:0000642,Red-green dyschromatopsia,红绿色觉障碍,
HP:0000643,Blepharospasm,眼睑痉挛,
HP:0000646,Amblyopia,弱视,
HP:0000647,Sclerocornea,角膜巩膜化,
HP:0000648,Optic atrophy,视神经萎缩,
HP:0000649,Abnormality of visual evoked potentials,视觉诱发电位异常,
HP:0000650,Abnormal amplitude of pattern reversal visual evoked potentials,图形视觉诱发电位振幅异常,
HP:0000651,Diplopia,复视,
HP:0000652,Lower eyelid coloboma,下眼睑缺损,
HP:0000653,Sparse eyelashes,睫毛稀疏,
HP:0000654,Decreased light- and dark-adapted electroretinogram amplitude,光和暗适应视网膜电图振幅降低,
HP:0000656,Ectropion,睑外翻,
HP:0000657,Oculomotor apraxia,眼球运动失用,
HP:0000658,Eyelid apraxia,眼睑失用症,
HP:0000659,Peters anomaly,Peters 综合征,
HP:0000660,Lipemia retinalis,视网膜脂血症,
HP:0000661,Palpebral fissure narrowing on adduction,睑裂内收狭窄,
HP:0000662,Nyctalopia,夜盲症,
HP:0000664,Synophrys,连眉,
HP:0000666,Horizontal nystagmus,水平眼震,
HP:0000667,Phthisis bulbi,眼萎缩,
HP:0000668,Hypodontia,缺牙症,
HP:0000670,Carious teeth,龋齿,
HP:0000674,Anodontia,无牙畸形,
HP:0000675,Macrodontia of permanent maxillary central incisor,上颌恒中切牙巨齿,
HP:0000676,Abnormality of the incisor,切牙异常,
HP:0000677,Oligodontia,少牙畸形,
HP:0000678,Dental crowding,牙列拥挤,
HP:0000679,Taurodontia,牙髓腔增大,
HP:0000680,Delayed eruption of primary teeth,乳牙萌出延迟,
HP:0000682,Abnormal dental enamel morphology,牙釉质形态异常,
HP:0000683,Grayish enamel,灰色牙釉质,
HP:0000684,Delayed eruption of teeth,牙齿萌出延迟,
HP:0000685,Hypoplasia of teeth,牙齿发育不全,
HP:0000687,Widely spaced teeth,牙间隙增宽,
HP:0000689,Dental malocclusion,牙齿错位咬合,
HP:0000690,Agenesis of maxillary lateral incisor,上颌侧切牙发育不全,
HP:0000691,Microdontia,小牙畸形,
HP:0000692,Tooth malposition,牙列不齐,
HP:0000694,Odontodysplasia,空壳牙,
HP:0000695,Natal tooth,胎生牙齿,
HP:0000696,Delayed eruption of permanent teeth,恒牙萌出延迟,
HP:0000698,Conical tooth,锥状齿,
HP:0000699,Diastema,牙间隙,
HP:0000700,Periapical bone loss,根尖周的骨质流失,
HP:0000703,Dentinogenesis imperfecta,牙本质发育不全,
HP:0000704,Periodontitis,牙周炎,
HP:0000705,Amelogenesis imperfecta,牙釉质生长不全,
HP:0000706,Eruption failure,牙萌出失败,
HP:0000707,Abnormality of the nervous system,神经系统异常,
HP:0000708,Atypical behavior,非典型行为,
HP:0000709,Psychosis,精神病,
HP:0000710,Hyperorality,口欲亢进,
HP:0000711,Restlessness,坐立不安,
HP:0000712,Emotional lability,情绪不稳,
HP:0000713,Agitation,焦虑不安,
HP:0000716,Depression,抑郁,
HP:0000717,Autism,孤独症,
HP:0000718,Aggressive behavior,攻击性行为,
HP:0000719,Inappropriate behavior,不适宜行为,
HP:0000721,Lack of spontaneous play,自发性游戏缺乏,
HP:0000722,Compulsive behaviors,强迫行为,
HP:0000723,Restrictive behavior,限制性行为,
HP:0000725,Psychotic episodes,精神病发作,
HP:0000726,Dementia,痴呆,
HP:0000727,Frontal lobe dementia,额叶痴呆,
HP:0000728,Impaired ability to form peer relationships,同伴关系建立能力障碍,
HP:0000729,Autistic behavior,自闭症行为,
HP:0000732,Inflexible adherence to routines,恪守惯例,
HP:0000733,Motor stereotypy,运动刻板行为,
HP:0000734,Disinhibition,脱抑制,
HP:0000736,Short attention span,注意力短暂,
HP:0000737,Irritability,易激惹,
HP:0000738,Hallucinations,幻觉,
HP:0000739,Anxiety,焦虑,
HP:0000740,Episodic paroxysmal anxiety,情景性阵发性焦虑,
HP:0000741,Apathy,情感淡漠,
HP:0000742,Self-mutilation,自残,
HP:0000743,Frontal release signs,额叶释放征象,
HP:0000744,Low frustration tolerance,低挫折承受力,
HP:0000745,Abnormal diminished volition,意志力异常减退,
HP:0000746,Delusion,妄想,
HP:0000748,Inappropriate laughter,不适宜的发笑,
HP:0000749,Paroxysmal bursts of laughter,阵发性大笑,
HP:0000750,Delayed speech and language development,语言发育迟缓,
HP:0000751,Personality changes,性格改变,
HP:0000752,Hyperactivity,多动症,
HP:0000753,Autism with high cognitive abilities,具有高认知能力的自闭症,
HP:0000756,Agoraphobia,广场恐怖症,
HP:0000757,Lack of insight,自知力缺乏,
HP:0000758,Abnormal nonverbal communicative behavior,非言语交际行为异常,
HP:0000759,Abnormal peripheral nervous system morphology,周围神经系统形态异常,
HP:0000762,Decreased nerve conduction velocity,神经传导速度降低,
HP:0000763,Sensory neuropathy,感觉神经病,
HP:0000764,Peripheral axonal degeneration,周围神经轴索变性,
HP:0000765,Abnormal thorax morphology,胸廓形态异常,
HP:0000766,Abnormal sternum morphology,胸骨形态异常,
HP:0000767,Pectus excavatum,漏斗胸,
HP:0000768,Pectus carinatum,鸡胸,
HP:0000769,Abnormality of the breast,乳房异常,
HP:0000771,Gynecomastia,男子女性乳房发育,
HP:0000772,Abnormal rib morphology,肋骨形态异常,
HP:0000773,Short ribs,短肋,
HP:0000774,Narrow chest,窄胸,
HP:0000775,Abnormality of the diaphragm,膈肌异常,
HP:0000776,Congenital diaphragmatic hernia,先天性膈疝,
HP:0000777,Abnormal thymus morphology,胸腺形态异常,
HP:0000778,Hypoplasia of the thymus,胸腺发育不全,
HP:0000782,Abnormal scapula morphology,肩胛骨形态异常,
HP:0000786,Primary amenorrhea,原发性闭经,
HP:0000787,Nephrolithiasis,肾结石,
HP:0000789,Infertility,不孕症/不育症,
HP:0000790,Hematuria,血尿,
HP:0000791,Uric acid nephrolithiasis,肾尿酸结石,
HP:0000793,Membranoproliferative glomerulonephritis,膜增生性肾小球肾炎,
HP:0000794,IgA deposition in the glomerulus,肾小球IgA沉积,
HP:0000795,Abnormality of the urethra,尿道异常,
HP:0000796,Urethral obstruction,尿道梗阻,
HP:0000798,Oligozoospermia,少精症,
HP:0000799,Renal steatosis,肾脂肪变性,
HP:0000800,Cystic renal dysplasia,囊性肾发育不良,
HP:0000802,Impotence,阳痿,
HP:0000803,Renal cortical cysts,肾皮质囊肿,
HP:0000804,Xanthine nephrolithiasis,肾黄嘌呤结石,
HP:0000805,Enuresis,遗尿症,
HP:0000807,Glandular hypospadias,阴茎头型尿道下裂,
HP:0000808,Penoscrotal hypospadias,阴茎阴囊型尿道下裂,
HP:0000809,Urinary tract atresia,尿道闭锁,
HP:0000811,Abnormal external genitalia,外生殖器异常,
HP:0000812,Abnormal internal genitalia,内生殖器异常,
HP:0000813,Bicornuate uterus,双角子宫,
HP:0000815,Hypergonadotropic hypogonadism,高促性腺激素性性腺功能减退症,
HP:0000816,Abnormality of Krebs cycle metabolism,Krebs循环代谢异常,
HP:0000817,Reduced eye contact,减少目光接触,
HP:0000818,Abnormality of the endocrine system,内分泌系统异常,
HP:0000819,Diabetes mellitus,糖尿病,
HP:0000820,Abnormality of the thyroid gland,甲状腺异常,
HP:0000821,Hypothyroidism,甲状腺功能减退症,
HP:0000822,Hypertension,高血压,
HP:0000823,Delayed puberty,青春期发育延迟,
HP:0000824,Decreased response to growth hormone stimulation test,生长激素刺激试验反应降低,
HP:0000825,Hyperinsulinemic hypoglycemia,高胰岛素性低血糖,
HP:0000826,Precocious puberty,性早熟,
HP:0000828,Abnormality of the parathyroid gland,甲状旁腺异常,
HP:0000829,Hypoparathyroidism,甲状旁腺功能减退症,
HP:0000830,Anterior hypopituitarism,垂体前叶功能减退症,
HP:0000831,Insulin-resistant diabetes mellitus,胰岛素抵抗性糖尿病,
HP:0000832,Primary hypothyroidism,原发性甲状腺功能减退症,
HP:0000834,Abnormality of the adrenal glands,肾上腺异常,
HP:0000835,Adrenal hypoplasia,肾上腺发育不良,
HP:0000836,Hyperthyroidism,甲状腺功能亢进症,
HP:0000837,Increased circulating gonadotropin level,促性腺激素水平升高,
HP:0000839,Pituitary dwarfism,垂体性侏儒症,
HP:0000840,Adrenogenital syndrome,肾上腺性征异常综合征,
HP:0000841,Hyperactive renin-angiotensin system,肾素-血管紧张素系统亢进,
HP:0000842,Hyperinsulinemia,高胰岛素血症,
HP:0000843,Hyperparathyroidism,甲状旁腺功能亢进症,
HP:0000845,Elevated circulating growth hormone concentration,生长激素水平升高,
HP:0000846,Adrenal insufficiency,肾上腺功能不全,
HP:0000847,Abnormality of renin-angiotensin system,肾素-血管紧张素系统异常,
HP:0000848,Increased circulating renin concentration,循环肾素水平升高,
HP:0000849,Adrenocortical abnormality,肾上腺皮质异常,
HP:0000851,Congenital hypothyroidism,先天性甲状腺功能减退症,
HP:0000852,Pseudohypoparathyroidism,假性甲状旁腺功能减退症,
HP:0000853,Goiter,甲状腺肿,
HP:0000854,Thyroid adenoma,甲状腺腺瘤,
HP:0000855,Insulin resistance,胰岛素抵抗,
HP:0000857,Neonatal insulin-dependent diabetes mellitus,新生儿胰岛素依赖性糖尿病,
HP:0000858,Irregular menstruation,月经不调,
HP:0000859,Increased circulating aldosterone concentration,循环醛固酮水平升高,
HP:0000860,Parathyroid hypoplasia,甲状旁腺发育不全,
HP:0000863,Central diabetes insipidus,中枢性尿崩症,
HP:0000864,Abnormality of the hypothalamus-pituitary axis,下丘脑-垂体轴异常,
HP:0000866,Euthyroid multinodular goiter,甲状腺功能正常结节性甲状腺肿,
HP:0000867,Secondary hyperparathyroidism,继发性甲状旁腺功能亢进症,
HP:0000868,Decreased fertility in females,女性生育能力降低,
HP:0000869,Secondary amenorrhea,继发性闭经,
HP:0000870,Increased circulating prolactin concentration,泌乳素水平升高,
HP:0000871,Panhypopituitarism,全垂体功能减退,
HP:0000872,Hashimoto thyroiditis,桥本甲状腺炎,
HP:0000873,Diabetes insipidus,尿崩症,
HP:0000875,Episodic hypertension,阵发性高血压,
HP:0000876,Oligomenorrhea,月经稀发,
HP:0000877,Insulin-resistant diabetes mellitus at puberty,青春期胰岛素抵抗性糖尿病,
HP:0000878,11 pairs of ribs,11对肋骨,
HP:0000879,Short sternum,短胸骨,
HP:0000882,Hypoplastic scapulae,肩胛骨发育不全,
HP:0000883,Thin ribs,瘦小肋骨,
HP:0000884,Prominent sternum,胸骨突出,
HP:0000885,Broad ribs,宽肋骨,
HP:0000886,Deformed rib cage,胸廓变形,
HP:0000887,Cupped ribs,杯状肋骨端,
HP:0000888,Horizontal ribs,横位肋骨,
HP:0000889,Abnormal clavicle morphology,锁骨形态异常,
HP:0000890,Long clavicles,长锁骨,
HP:0000891,Cervical ribs,颈肋,
HP:0000892,Bifid ribs,肋骨端分叉,
HP:0000893,Bulging of the costochondral junction,肋软骨交界处隆起,
HP:0000894,Short clavicles,短锁骨,
HP:0000895,Lateral clavicle hook,锁骨外侧钩,
HP:0000896,Rib exostoses,肋骨外生骨疣,
HP:0000897,Rachitic rosary,佝偻病念珠,
HP:0000900,Thickened ribs,肋骨增厚,
HP:0000902,Rib fusion,肋骨融合,
HP:0000904,Flaring of rib cage,喇叭状胸廓,
HP:0000905,Progressive clavicular acroosteolysis,锁骨远端进行性骨吸收,
HP:0000907,Anterior rib cupping,杯状前肋,
HP:0000910,Wide-cupped costochondral junctions,宽杯状的肋软骨交界处,
HP:0000911,Flat glenoid fossa,肩关节窝浅平,
HP:0000912,Sprengel anomaly,先天性肩胛骨向上移位（Sprengel畸形）,
HP:0000913,Posterior rib fusion,肋骨后端融合,
HP:0000914,Shield chest,盾状胸,
HP:0000915,Pectus excavatum of inferior sternum,下段漏斗胸,
HP:0000916,Broad clavicles,锁骨增宽,
HP:0000917,Superior pectus carinatum,上段鸡胸,
HP:0000918,Scapular exostoses,肩胛外生骨疣,
HP:0000919,Abnormality of the costochondral junction,肋软骨交界处异常,
HP:0000920,Enlargement of the costochondral junction,肋软骨交界处膨大,
HP:0000921,Missing ribs,肋骨缺失,
HP:0000922,Posterior rib cupping,杯状后肋,
HP:0000924,Abnormality of the skeletal system,骨骼系统异常,
HP:0000925,Abnormality of the vertebral column,脊柱异常,
HP:0000926,Platyspondyly,扁平椎,
HP:0000927,Abnormality of skeletal maturation,骨骼成熟异常,
HP:0000929,Abnormal skull morphology,颅骨形态异常,
HP:0000930,Elevated imprint of the transverse sinuses,横窦压迹抬高,
HP:0000931,Thinning and bulging of the posterior fossa bones,后颅窝骨骼变薄并突起,
HP:0000932,Abnormal posterior cranial fossa morphology,后颅窝形态异常,
HP:0000933,Posterior fossa cyst at the fourth ventricle,后颅窝第四脑室囊肿,
HP:0000934,Chondrocalcinosis,软骨钙质沉着症,
HP:0000935,Thickened cortex of long bones,长骨骨皮质增厚,
HP:0000938,Osteopenia,骨质减少,
HP:0000939,Osteoporosis,骨质疏松,
HP:0000940,Abnormal diaphysis morphology,骨干形态异常,
HP:0000941,Short diaphyses,短骨干,
HP:0000943,Dysostosis multiplex,多发性骨发育不全,
HP:0000944,Abnormal metaphysis morphology,干骺端形态异常,
HP:0000946,Hypoplastic ilia,髂骨发育不全,
HP:0000947,Dumbbell-shaped long bone,哑铃状长骨,
HP:0000951,Abnormality of the skin,皮肤异常,
HP:0000952,Jaundice,黄疸,
HP:0000953,Hyperpigmentation of the skin,皮肤色素沉着,
HP:0000954,Single transverse palmar crease,单独掌横纹,
HP:0000956,Acanthosis nigricans,黑棘皮病,
HP:0000957,Cafe-au-lait spot,牛奶咖啡斑,
HP:0000958,Dry skin,干性皮肤,
HP:0000960,Sacral dimple,骶骨浅窝,
HP:0000961,Cyanosis,紫绀,
HP:0000962,Hyperkeratosis,角化过度,
HP:0000963,Thin skin,皮肤变薄,
HP:0000964,Eczematoid dermatitis,湿疹样皮炎,
HP:0000965,Cutis marmorata,大理石样皮肤,
HP:0000966,Hypohidrosis,少汗症,
HP:0000967,Petechiae,瘀点,
HP:0000968,Ectodermal dysplasia,外胚层发育不良,
HP:0000969,Edema,水肿,
HP:0000970,Anhidrosis,无汗症,
HP:0000971,Abnormal sweat gland morphology,汗腺异常,
HP:0000972,Palmoplantar hyperkeratosis,掌跖角化,
HP:0000973,Cutis laxa,皮肤松弛症,
HP:0000974,Hyperextensible skin,皮肤过度伸展,
HP:0000975,Hyperhidrosis,多汗症,
HP:0000977,Soft skin,皮肤柔软,
HP:0000978,Bruising susceptibility,瘀斑易感性,
HP:0000979,Purpura,紫癜,
HP:0000980,Pallor,苍白圈,
HP:0000982,Palmoplantar keratoderma,掌跖角化症,
HP:0000987,Atypical scarring of skin,非典型皮肤瘢痕,
HP:0000988,Skin rash,皮疹,
HP:0000989,Pruritus,瘙痒,
HP:0000991,Xanthomatosis,黄瘤病,
HP:0000992,Cutaneous photosensitivity,光感性皮肤,
HP:0000993,Molluscoid pseudotumors,软假瘤,
HP:0000995,Melanocytic nevus,黑素细胞痣,
HP:0000996,Facial capillary hemangioma,面部毛细血管瘤,
HP:0000997,Axillary freckling,腋窝雀斑,
HP:0000998,Hypertrichosis,多毛症,
HP:0000999,Pyoderma,脓皮病,
HP:0001000,Abnormality of skin pigmentation,皮肤着色异常,
HP:0001001,Abnormality of subcutaneous fat tissue,皮下脂肪组织异常,
HP:0001003,Multiple lentigines,多发性雀斑样痣,
HP:0001004,Lymphedema,淋巴水肿,
HP:0001005,Dermatological manifestations of systemic disorders,系统性疾病的皮肤表现,
HP:0001007,Hirsutism,多毛症；女性多毛症,
HP:0001008,Accumulation of melanosomes in melanocytes,黑素细胞中黑素小体聚集,
HP:0001009,Telangiectasia,毛细血管扩张,
HP:0001010,Hypopigmentation of the skin,皮肤色素减退,
HP:0001012,Multiple lipomas,多发性脂肪瘤,
HP:0001013,Eruptive xanthomas,发疹性黄瘤,
HP:0001014,Angiokeratoma,血管角皮瘤,
HP:0001015,Prominent superficial veins,浅表静脉隆凸,
HP:0001017,Anemic pallor,贫血性白斑,
HP:0001018,Abnormal palmar dermatoglyphics,手掌皮纹异常,
HP:0001019,Erythroderma,剥脱性皮炎,
HP:0001022,Albinism,白化病,
HP:0001024,Skin dimple over apex of long bone angulation,长骨角顶点处的皮肤酒窝征,
HP:0001025,Urticaria,荨麻疹,
HP:0001026,Penetrating foot ulcers,足部穿通性溃疡,
HP:0001027,"Soft, doughy skin",面团样柔性皮肤,
HP:0001028,Hemangioma,血管瘤,
HP:0001029,Poikiloderma,皮肤异色症,
HP:0001030,Fragile skin,敏感性皮肤,
HP:0001031,Subcutaneous lipoma,皮下脂肪瘤,
HP:0001032,Absent distal interphalangeal creases,远端指间关节皮肤褶皱缺失,
HP:0001033,Facial flushing after alcohol intake,酒后面部潮红,
HP:0001034,Hypermelanotic macule,色素沉着斑,
HP:0001036,Parakeratosis,角化不全,
HP:0001038,Warfarin-induced skin necrosis,华法林诱导性皮肤坏死,
HP:0001039,Atheroeruptive xanthoma,粥样发疹性黄瘤,
HP:0001040,Multiple pterygia,多发翼状胬肉,
HP:0001041,Facial erythema,面部红斑,
HP:0001042,High axial triradius,高位轴三角掌纹,
HP:0001043,Prominent scalp veins,头皮静脉隆凸,
HP:0001045,Vitiligo,白癜风,
HP:0001046,Intermittent jaundice,间歇性黄疸,
HP:0001047,Atopic dermatitis,特应性皮炎,
HP:0001048,Cavernous hemangioma,海绵状血管瘤,
HP:0001049,Absent dorsal skin creases over affected joints,受累关节背面皮肤褶皱缺失,
HP:0001050,Plethora,多血症（红细胞增多症）,
HP:0001051,Seborrheic dermatitis,脂溢性皮炎,
HP:0001052,Nevus flammeus,鲜红斑痣,
HP:0001053,Hypopigmented skin patches,皮肤色素减退斑,
HP:0001054,Numerous nevi,多发性色素痣,
HP:0001055,Erysipelas,丹毒,
HP:0001056,Milia,粟丘疹,
HP:0001057,Aplasia cutis congenita,先天性表皮发育不全,
HP:0001058,Poor wound healing,伤口愈合不良,
HP:0001059,Pterygium,翼状胬肉,
HP:0001060,Axillary pterygium,腋窝翼状赘肉,
HP:0001061,Acne,痤疮,
HP:0001062,Atypical nevus,非典型痣,
HP:0001063,Acrocyanosis,手足发绀,
HP:0001065,Striae distensae,萎缩纹,
HP:0001067,Neurofibroma,神经纤维瘤,
HP:0001069,Episodic hyperhidrosis,发作性多汗症,
HP:0001070,Mottled pigmentation,斑驳病,
HP:0001071,Angiokeratoma corporis diffusum,弥漫性血管角皮瘤,
HP:0001072,Thickened skin,皮肤增厚,
HP:0001073,Cigarette-paper scars,卷烟纸样瘢痕,
HP:0001074,Atypical nevi in non-sun exposed areas,非曝露部位不典型痣,
HP:0001075,Atrophic scars,萎缩性瘢痕,
HP:0001076,Glabellar hemangioma,眉间血管瘤,
HP:0001080,Biliary tract abnormality,胆道异常,
HP:0001081,Cholelithiasis,胆石症,
HP:0001082,Cholecystitis,胆囊炎,
HP:0001083,Ectopia lentis,晶状体异位,
HP:0001084,Corneal arcus,角膜环,
HP:0001085,Papilledema,视乳头水肿,
HP:0001087,Developmental glaucoma,发育性青光眼,
HP:0001088,Brushfield spots,Brushfield点,
HP:0001089,Iris atrophy,虹膜萎缩,
HP:0001090,Abnormally large globe,大眼球,
HP:0001092,Absent lacrimal punctum,泪小点缺失,
HP:0001093,Optic nerve dysplasia,视神经发育不良,
HP:0001094,Iridocyclitis,虹膜睫状体炎,
HP:0001095,Hypertensive retinopathy,高血压性视网膜病变,
HP:0001096,Keratoconjunctivitis,角膜结膜炎,
HP:0001097,Keratoconjunctivitis sicca,干燥性角结膜炎,
HP:0001098,Abnormal fundus morphology,眼底形态异常,
HP:0001099,Fundus atrophy,眼底萎缩,
HP:0001100,Heterochromia iridis,虹膜异色,
HP:0001101,Iritis,虹膜炎,
HP:0001102,Angioid streaks of the fundus,眼底血管样条纹,
HP:0001103,Abnormal macular morphology,黄斑形态异常,
HP:0001104,Macular hypoplasia,黄斑发育不良,
HP:0001105,Retinal atrophy,视网膜萎缩,
HP:0001106,Periorbital hyperpigmentation,眶周色素沉着,
HP:0001107,Ocular albinism,眼白化病,
HP:0001112,Leber optic atrophy,Leber视神经萎缩,
HP:0001114,Xanthelasma,睑黄瘤,
HP:0001115,Posterior polar cataract,后极性白内障,
HP:0001116,Macular coloboma,黄斑缺损,
HP:0001117,Sudden loss of visual acuity,突发性视力丧失,
HP:0001118,Juvenile cataract,青少年型白内障,
HP:0001119,Keratoglobus,球形角膜,
HP:0001120,Abnormality of corneal size,角膜大小异常,
HP:0001123,Visual field defect,视野缺损,
HP:0001125,Transient unilateral blurring of vision,一过性视物模糊,
HP:0001126,Cryptophthalmos,隐眼,
HP:0001128,Trichiasis,倒睫,
HP:0001129,Large central visual field defect,中央大视野缺损,
HP:0001131,Corneal dystrophy,角膜营养不良,
HP:0001132,Lens subluxation,晶状体半脱位,
HP:0001133,Constriction of peripheral visual field,周边性视野狭窄,
HP:0001134,Anterior polar cataract,前极白内障,
HP:0001135,Chorioretinal dystrophy,脉络膜视网膜营养不良,
HP:0001136,Retinal arteriolar tortuosity,视网膜小动脉迂曲,
HP:0001137,Alternating esotropia,交替性内斜视,
HP:0001138,Optic neuropathy,视神经病变,
HP:0001139,Choroideremia,无脉络膜症,
HP:0001140,Limbal dermoid,角膜缘皮样囊肿,
HP:0001141,Severely reduced visual acuity,视力严重下降,
HP:0001142,Lenticonus,圆锥形晶状体,
HP:0001144,Orbital cyst,眼眶囊肿,
HP:0001147,Retinal exudate,视网膜渗出,
HP:0001149,Lattice corneal dystrophy,格子样角膜营养不良,
HP:0001151,Impaired horizontal smooth pursuit,水平平滑追随眼动受损,
HP:0001152,Saccadic smooth pursuit,扫视平滑追视,
HP:0001153,Septate vagina,阴道纵膈,
HP:0001155,Abnormality of the hand,手异常,
HP:0001156,Brachydactyly,短指（趾）,
HP:0001159,Syndactyly,并指（趾）畸形,
HP:0001161,Hand polydactyly,多指,
HP:0001162,Postaxial hand polydactyly,轴后多指畸形,
HP:0001166,Arachnodactyly,细长指(趾),
HP:0001167,Abnormal finger morphology,手指形态异常,
HP:0001169,Broad palm,宽掌,
HP:0001171,Split hand,手劈裂,
HP:0001172,Abnormal thumb morphology,拇指形态异常,
HP:0001176,Large hands,巨手,
HP:0001177,Preaxial hand polydactyly,轴前多指,
HP:0001178,Ulnar claw,尺侧爪形手,
HP:0001181,Adducted thumb,拇指内收,
HP:0001182,Tapered finger,锥形指,
HP:0001187,Hyperextensibility of the finger joints,指间关节过伸,
HP:0001188,Hand clenching,攥拳手,
HP:0001191,Abnormal carpal morphology,腕骨形态异常,
HP:0001193,Ulnar deviation of the hand or of fingers of the hand,手或手指尺侧偏斜,
HP:0001194,Abnormalities of placenta or umbilical cord,胎盘和脐带的异常,
HP:0001195,Single umbilical artery,单脐动脉,
HP:0001196,Short umbilical cord,脐带过短,
HP:0001197,Abnormality of prenatal development or birth,胎儿产前发育或出生异常,
HP:0001199,Triphalangeal thumb,三指节拇指,
HP:0001204,Distal symphalangism of hands,远端指间关节融合,
HP:0001211,Abnormal fingertip morphology,指尖形态异常,
HP:0001212,Prominent fingertip pads,指尖垫突出,
HP:0001215,Camptodactyly of 2nd-5th fingers,第二-五指屈曲,
HP:0001216,Delayed ossification of carpal bones,腕骨骨化延迟,
HP:0001217,Clubbing,杵状指,
HP:0001218,Autoamputation,自发性肢体离断,
HP:0001220,Interphalangeal joint contracture of finger,指间关节挛缩,
HP:0001222,Spatulate thumbs,匙状拇指,
HP:0001223,Pointed proximal second through fifth metacarpals,第二-五掌骨近端变尖,
HP:0001225,Wrist swelling,腕肿胀,
HP:0001227,Abnormality of the thenar eminence,大鱼际异常,
HP:0001230,Broad metacarpals,掌骨变宽,
HP:0001231,Abnormal fingernail morphology,指甲形态异常,
HP:0001232,Nail bed telangiectasia,甲床毛细血管扩张,
HP:0001233,2-3 finger cutaneous syndactyly,第二-三指皮肤并指畸形,
HP:0001234,Hitchhiker thumb,“搭便车”拇指,
HP:0001238,Slender finger,手指细长,
HP:0001239,Wrist flexion contracture,腕关节屈曲挛缩,
HP:0001241,Capitate-hamate fusion,头状骨-钩骨融合,
HP:0001245,Small thenar eminence,小鱼际小,
HP:0001248,Short tubular bones of the hand,手管状骨缩短,
HP:0001249,Intellectual disability,智力障碍,
HP:0001250,Seizure,癫痫发作,
HP:0001251,Ataxia,共济失调,
HP:0001252,Hypotonia,肌张力减退,
HP:0001254,Lethargy,昏睡,
HP:0001256,"Intellectual disability, mild",轻度智力障碍,
HP:0001257,Spasticity,痉挛,
HP:0001258,Spastic paraplegia,痉挛性截瘫,
HP:0001259,Coma,昏迷,
HP:0001260,Dysarthria,构音障碍,
HP:0001262,Excessive daytime somnolence,日间睡眠增多,
HP:0001263,Global developmental delay,全面发育迟缓,
HP:0001264,Spastic diplegia,痉挛性双侧瘫痪,
HP:0001265,Hyporeflexia,腱反射减弱,
HP:0001266,Choreoathetosis,舞蹈手足徐动,
HP:0001268,Mental deterioration,智能衰退,
HP:0001269,Hemiparesis,轻偏瘫,
HP:0001270,Motor delay,运动发育迟缓,
HP:0001271,Polyneuropathy,多发性神经病,
HP:0001272,Cerebellar atrophy,小脑萎缩,
HP:0001273,Abnormal corpus callosum morphology,胼胝体形态异常,
HP:0001274,Agenesis of corpus callosum,胼胝体发育不全,
HP:0001276,Hypertonia,肌张力增高,
HP:0001278,Orthostatic hypotension,体位性低血压,
HP:0001279,Syncope,晕厥,
HP:0001281,Tetany,手足抽搐,
HP:0001283,Bulbar palsy,球麻痹,
HP:0001284,Areflexia,神经反射消失,
HP:0001285,Spastic tetraparesis,痉挛性四肢瘫,
HP:0001287,Meningitis,脑膜炎,
HP:0001288,Gait disturbance,步态异常,
HP:0001289,Confusion,意识模糊,
HP:0001290,Generalized hypotonia,全身性肌张力减低,
HP:0001291,Abnormal cranial nerve morphology,颅神经形态异常,
HP:0001293,Cranial nerve compression,颅神经受压,
HP:0001297,Stroke,卒中,
HP:0001298,Encephalopathy,脑病,
HP:0001300,Parkinsonism,帕金森症,
HP:0001301,Chronic sensorineural polyneuropathy,慢性多发性感觉神经病,
HP:0001302,Pachygyria,巨脑回,
HP:0001304,Torsion dystonia,扭转性肌张力障碍,
HP:0001305,Dandy-Walker malformation,第四脑室孔闭塞综合征（Dandy-Walker畸形）,
HP:0001308,Tongue fasciculations,舌肌束震颤,
HP:0001310,Dysmetria,辨距不良,
HP:0001311,Abnormal nervous system electrophysiology,神经系统电生理学异常,
HP:0001312,Giant somatosensory evoked potentials,巨大的体感诱发电位,
HP:0001315,Reduced tendon reflexes,腱反射减低,
HP:0001317,Abnormal cerebellum morphology,小脑形态异常,
HP:0001319,Neonatal hypotonia,新生儿肌张力减退,
HP:0001320,Cerebellar vermis hypoplasia,小脑蚓部发育不全,
HP:0001321,Cerebellar hypoplasia,小脑发育不全,
HP:0001324,Muscle weakness,肌无力,
HP:0001325,Hypoglycemic coma,低血糖昏迷,
HP:0001326,EEG with irregular generalized spike and wave complexes,脑电图，不规则的全面性棘慢复合波,
HP:0001327,Photosensitive myoclonic seizure,光敏性肌阵挛发作,
HP:0001328,Specific learning disability,特定的学习障碍,
HP:0001331,Absent septum pellucidum,透明隔缺如,
HP:0001332,Dystonia,肌张力障碍,
HP:0001334,Communicating hydrocephalus,交通性脑积水,
HP:0001335,Bimanual synkinesia,双手联带运动,
HP:0001336,Myoclonus,肌阵挛,
HP:0001337,Tremor,震颤,
HP:0001338,Partial agenesis of the corpus callosum,局部胼胝体发育不全,
HP:0001339,Lissencephaly,无脑回畸形,
HP:0001340,Enhancement of the C-reflex,C-反射增强,
HP:0001341,Olfactory lobe agenesis,嗅叶不发育,
HP:0001342,Cerebral hemorrhage,脑出血,
HP:0001343,Kernicterus,核黄疸,
HP:0001344,Absent speech,语言缺失,
HP:0001345,Psychotic mentation,精神心理状态,
HP:0001347,Hyperreflexia,反射亢进,
HP:0001348,Brisk reflexes,反射活跃,
HP:0001349,Facial diplegia,双侧面瘫,
HP:0001350,Slurred speech,言语不清,
HP:0001351,Jerk-locked premyoclonus spikes,抽动锁时的肌阵挛前棘波,
HP:0001355,Megalencephaly,巨脑,
HP:0001357,Plagiocephaly,斜头畸形,
HP:0001360,Holoprosencephaly,前脑无裂畸形,
HP:0001361,Nystagmus-induced head nodding,眼球震颤诱导点头运动,
HP:0001362,Calvarial skull defect,颅骨缺损,
HP:0001363,Craniosynostosis,颅缝早闭,
HP:0001367,Abnormal joint morphology,关节形态异常,
HP:0001369,Arthritis,关节炎,
HP:0001370,Rheumatoid arthritis,类风湿关节炎,
HP:0001371,Flexion contracture,屈曲挛缩,
HP:0001373,Joint dislocation,关节脱位,
HP:0001374,Congenital hip dislocation,先天性髋关节脱位,
HP:0001376,Limitation of joint mobility,关节活动受限,
HP:0001377,Limited elbow extension,伸肘受限,
HP:0001382,Joint hypermobility,关节过度活动,
HP:0001384,Abnormal hip joint morphology,髋关节形态异常,
HP:0001385,Hip dysplasia,髋关节发育不良,
HP:0001386,Joint swelling,关节肿胀,
HP:0001387,Joint stiffness,关节僵硬,
HP:0001392,Abnormality of the liver,肝脏异常,
HP:0001394,Cirrhosis,肝硬化,
HP:0001395,Hepatic fibrosis,肝纤维化,
HP:0001396,Cholestasis,胆汁淤积,
HP:0001397,Hepatic steatosis,肝脂肪变性,
HP:0001399,Hepatic failure,肝功能衰竭,
HP:0001401,Intrahepatic biliary dysgenesis,肝内胆管发育不良,
HP:0001402,Hepatocellular carcinoma,肝细胞癌,
HP:0001403,Macrovesicular hepatic steatosis,大泡性肝脂肪变性,
HP:0001404,Hepatocellular necrosis,肝细胞坏死,
HP:0001405,Periportal fibrosis,门静脉周围纤维化,
HP:0001406,Intrahepatic cholestasis,肝内胆汁淤积,
HP:0001407,Hepatic cysts,肝囊肿,
HP:0001408,Bile duct proliferation,胆管增生,
HP:0001409,Portal hypertension,门脉高压,
HP:0001410,Decreased liver function,肝功能下降,
HP:0001412,Enteroviral hepatitis,肠道病毒性肝炎,
HP:0001413,Micronodular cirrhosis,小结节性肝硬化,
HP:0001414,Microvesicular hepatic steatosis,小泡性肝脂肪变性,
HP:0001417,X-linked inheritance,X-连锁遗传,
HP:0001419,X-linked recessive inheritance,X-连锁隐性遗传,
HP:0001421,Abnormality of the musculature of the hand,手部肌肉异常,
HP:0001423,X-linked dominant inheritance,X-连锁显性遗传,
HP:0001426,Non-Mendelian inheritance,非孟德尔遗传,
HP:0001427,Mitochondrial inheritance,线粒体遗传,
HP:0001430,Abnormal calf musculature morphology,小腿肌肉形态异常,
HP:0001433,Hepatosplenomegaly,肝脾肿大,
HP:0001435,Abnormality of the shoulder girdle musculature,肩胛带肌肉异常,
HP:0001436,Abnormality of the foot musculature,足部肌肉异常,
HP:0001437,Abnormality of the musculature of the lower limbs,下肢肌肉异常,
HP:0001438,Abnormal abdomen morphology,腹部形态结构异常,
HP:0001440,Metatarsal synostosis,跖骨骨性融合,
HP:0001441,Abnormality thigh musculature morphology,大腿肌肉形态异常,
HP:0001442,Typified by somatic mosaicism,以体细胞镶嵌为代表,
HP:0001443,Abnormality of the gluteal musculature,臀肌异常,
HP:0001445,Abnormality of the hip-girdle musculature,骨盆带肌异常,
HP:0001446,Abnormality of the musculature of the upper limbs,上肢肌肉异常,
HP:0001449,Duplication of metatarsal bones,跖骨重复,
HP:0001450,Y-linked inheritance,Y-连锁遗传,
HP:0001454,Abnormality of the upper arm,上臂异常,
HP:0001457,Abnormality of the musculature of the upper arm,上臂肌肉异常,
HP:0001459,1-3 toe syndactyly,第一-三趾并趾,
HP:0001460,Aplasia/Hypoplasia involving the skeletal musculature,骨骼肌发育不良/发育不全,
HP:0001464,Aplasia/Hypoplasia involving the shoulder musculature,肩部肌肉发育不良/发育不全,
HP:0001465,Amyotrophy involving the shoulder musculature,肩部肌肉萎缩,
HP:0001466,Contiguous gene syndrome,邻近基因综合征,
HP:0001467,Aplasia/Hypoplasia involving the musculature of the upper limbs,上肢肌肉发育不良/发育不全,
HP:0001468,Aplasia/Hypoplasia involving the musculature of the upper arm,上臂肌肉发育不良/发育不全,
HP:0001469,Abnormal morphology of the pelvis musculature,骨盆肌肉组织形态异常,
HP:0001470,Sex-limited expression,限性表达,
HP:0001471,Aplasia/Hypoplasia of the musculature of the pelvis,骨盆肌肉发育不良/发育不全,
HP:0001473,Metatarsal osteolysis,跖骨溶骨,
HP:0001474,Sclerotic scapulae,肩胛骨硬化,
HP:0001475,Male-limited expression,男性限性表达,
HP:0001476,Delayed closure of the anterior fontanelle,前囟闭合延迟,
HP:0001477,Compensatory chin elevation,代偿性下巴抬高,
HP:0001480,Freckling,雀斑,
HP:0001482,Subcutaneous nodule,皮下结节,
HP:0001483,Eye poking,戳眼,
HP:0001488,Bilateral ptosis,双侧眼睑下垂,
HP:0001489,Posterior vitreous detachment,玻璃体后部脱离,
HP:0001491,Congenital fibrosis of extraocular muscles,先天性眼外肌纤维化,
HP:0001492,Axenfeld anomaly,Axenfeld 综合征,
HP:0001493,Falciform retinal fold,镰状视网膜皱襞,
HP:0001495,Carpal osteolysis,腕骨溶骨,
HP:0001498,Carpal bone hypoplasia,腕骨骨发育不全,
HP:0001500,Broad finger,宽指,
HP:0001501,6 metacarpals,6块掌骨,
HP:0001504,Metacarpal osteolysis,掌骨溶骨,
HP:0001507,Growth abnormality,生长异常,
HP:0001508,Failure to thrive,发育迟滞,
HP:0001510,Growth delay,生长延迟,
HP:0001511,Intrauterine growth retardation,胎儿宫内发育迟缓,
HP:0001513,Obesity,肥胖,
HP:0001518,Small for gestational age,小于胎龄儿,
HP:0001519,Disproportionate tall stature,不成比例的高身材,
HP:0001520,Large for gestational age,大于胎龄儿,
HP:0001522,Death in infancy,婴儿期夭折,
HP:0001525,Severe failure to thrive,严重生长障碍,
HP:0001528,Hemihypertrophy,偏身肥大,
HP:0001530,Mild postnatal growth retardation,轻度产后发育迟缓,
HP:0001531,Failure to thrive in infancy,婴儿期生长障碍,
HP:0001533,Slender build,修长的身材,
HP:0001537,Umbilical hernia,脐疝,
HP:0001538,Protuberant abdomen,腹部隆凸,
HP:0001539,Omphalocele,脐膨出,
HP:0001540,Diastasis recti,腹直肌分离,
HP:0001541,Ascites,腹水,
HP:0001543,Gastroschisis,腹裂,
HP:0001544,Prominent umbilicus,脐突出,
HP:0001545,Anteriorly placed anus,肛门前置,
HP:0001547,Abnormal rib cage morphology,胸廓形态异常,
HP:0001548,Overgrowth,过度生长,
HP:0001549,Abnormal ileum morphology,回肠形态结构异常,
HP:0001551,Abnormal umbilicus morphology,脐形态结构异常,
HP:0001552,Barrel-shaped chest,桶状胸,
HP:0001555,Asymmetry of the thorax,胸廓不对称,
HP:0001557,Prenatal movement abnormality,产前胎动异常,
HP:0001558,Decreased fetal movement,胎动减少,
HP:0001560,Abnormality of the amniotic fluid,羊水异常,
HP:0001561,Polyhydramnios,羊水过多,
HP:0001562,Oligohydramnios,羊水过少,
HP:0001563,Fetal polyuria,胎儿多尿,
HP:0001566,Widely-spaced maxillary central incisors,上颌中切牙牙间隙增宽,
HP:0001571,Multiple impacted teeth,多个阻生齿,
HP:0001572,Macrodontia,巨牙,
HP:0001574,Abnormality of the integument,体壁的异常,
HP:0001579,Primary hypercortisolism,原发性皮质醇增多症,
HP:0001580,Pigmented micronodular adrenocortical disease,色素性小结节状肾上腺皮质疾病,
HP:0001581,Recurrent skin infections,复发性皮肤感染,
HP:0001582,Redundant skin,赘肉,
HP:0001583,Rotary nystagmus,旋转眼球震颤,
HP:0001586,Vesicovaginal fistula,膀胱阴道瘘,
HP:0001591,Bell-shaped thorax,钟形胸,
HP:0001592,Selective tooth agenesis,选择性牙齿发育不全,
HP:0001593,Maxillary lateral incisor microdontia,上颌侧切牙小牙畸形,
HP:0001595,Abnormal hair morphology,毛发形态异常,
HP:0001596,Alopecia,脱发,
HP:0001597,Abnormal nail morphology,指（趾）甲形态异常,
HP:0001598,Concave nail,反甲,
HP:0001600,Abnormality of the larynx,喉部异常,
HP:0001601,Laryngomalacia,喉软骨软化,
HP:0001602,Laryngeal stenosis,喉狭窄,
HP:0001604,Vocal cord paresis,声带不全性麻痹,
HP:0001605,Vocal cord paralysis,声带麻痹,
HP:0001607,Subglottic stenosis,声门下狭窄,
HP:0001608,Abnormality of the voice,声音异常,
HP:0001609,Hoarse voice,声音嘶哑,
HP:0001611,Hypernasal speech,鼻音过重的言语,
HP:0001612,Weak cry,哭声微弱,
HP:0001615,Hoarse cry,声音嘶哑的哭声,
HP:0001618,Dysphonia,发音困难,
HP:0001620,Abnormally high-pitched voice,声音异常尖锐,
HP:0001621,Weak voice,嗓音微弱,
HP:0001622,Premature birth,早产,
HP:0001623,Breech presentation,臀先露,
HP:0001626,Abnormality of the cardiovascular system,心血管系统的任何异常。,
HP:0001627,Abnormal heart morphology,心脏形态异常,
HP:0001629,Ventricular septal defect,室间隔缺损,
HP:0001631,Atrial septal defect,房间隔缺损,
HP:0001633,Abnormal mitral valve morphology,二尖瓣形态异常,
HP:0001634,Mitral valve prolapse,二尖瓣脱垂,
HP:0001635,Congestive heart failure,充血性心力衰竭,
HP:0001636,Tetralogy of Fallot,法洛四联症,
HP:0001637,Abnormal myocardium morphology,心肌形态异常,
HP:0001638,Cardiomyopathy,心肌病,
HP:0001639,Hypertrophic cardiomyopathy,肥厚型心肌病,
HP:0001640,Cardiomegaly,心脏扩大,
HP:0001641,Abnormal pulmonary valve morphology,肺动脉瓣形态异常,
HP:0001642,Pulmonic stenosis,肺动脉瓣狭窄,
HP:0001643,Patent ductus arteriosus,动脉导管未闭,
HP:0001644,Dilated cardiomyopathy,扩张型心肌病,
HP:0001645,Sudden cardiac death,心脏性猝死,
HP:0001646,Abnormal aortic valve morphology,主动脉瓣形态异常,
HP:0001647,Bicuspid aortic valve,二叶主动脉瓣,
HP:0001648,Cor pulmonale,肺源性心脏病,
HP:0001649,Tachycardia,心动过速,
HP:0001650,Aortic valve stenosis,主动脉瓣狭窄,
HP:0001651,Dextrocardia,右位心,
HP:0001653,Mitral regurgitation,二尖瓣反流,
HP:0001654,Abnormal heart valve morphology,心脏瓣膜形态异常,
HP:0001655,Patent foramen ovale,卵圆孔未闭,
HP:0001657,Prolonged QT interval,QT间期延长,
HP:0001658,Myocardial infarction,心肌梗死,
HP:0001659,Aortic regurgitation,主动脉瓣反流,
HP:0001660,Truncus arteriosus,动脉干,
HP:0001662,Bradycardia,心动过缓,
HP:0001663,Ventricular fibrillation,心室纤颤,
HP:0001664,Torsade de pointes,尖端扭转型室性心动过速,
HP:0001667,Right ventricular hypertrophy,右心室肥厚,
HP:0001669,Transposition of the great arteries,大动脉转位,
HP:0001670,Asymmetric septal hypertrophy,非对称性心室间隔肥厚,
HP:0001671,Abnormal cardiac septum morphology,心脏间隔异常,
HP:0001674,Complete atrioventricular canal defect,完全性房室通道缺损,
HP:0001677,Coronary artery atherosclerosis,冠状动脉粥样硬化,
HP:0001678,Atrioventricular block,房室传导阻滞,
HP:0001679,Abnormal aortic morphology,主动脉形态异常,
HP:0001680,Coarctation of aorta,主动脉缩窄,
HP:0001681,Angina pectoris,心绞痛,
HP:0001682,Subvalvular aortic stenosis,主动脉瓣下狭窄,
HP:0001683,Ectopia cordis,心脏异位,
HP:0001684,Secundum atrial septal defect,第二房间隔缺损,
HP:0001685,Myocardial fibrosis,心肌纤维化,
HP:0001686,Loss of voice,失声,
HP:0001688,Sinus bradycardia,窦性心动过缓,
HP:0001691,Muscular subvalvular aortic stenosis,肌性主动脉瓣下狭窄,
HP:0001692,Atrial arrhythmia,房性心律不齐,
HP:0001693,Cardiac shunt,心脏分流,
HP:0001694,Right-to-left shunt,右向左分流,
HP:0001695,Cardiac arrest,心脏骤停,
HP:0001696,Situs inversus totalis,全内脏反位,
HP:0001697,Abnormal pericardium morphology,心包形态异常,
HP:0001698,Pericardial effusion,心包积液,
HP:0001699,Sudden death,猝死,
HP:0001700,Myocardial necrosis,心肌坏死,
HP:0001701,Pericarditis,心包炎,
HP:0001702,Abnormal tricuspid valve morphology,三尖瓣形态异常,
HP:0001704,Tricuspid valve prolapse,三尖瓣脱垂,
HP:0001705,Right ventricular outlet tract obstruction,右室流出道梗阻,
HP:0001706,Endocardial fibroelastosis,心内膜弹力纤维增生症,
HP:0001707,Abnormal right ventricle morphology,右心室形态异常,
HP:0001708,Right ventricular failure,右心衰竭,
HP:0001709,Third degree atrioventricular block,三度房室传导阻滞,
HP:0001710,Conotruncal defect,圆锥动脉干缺损,
HP:0001711,Abnormal left ventricle morphology,左心室形态异常,
HP:0001712,Left ventricular hypertrophy,左心室肥厚,
HP:0001713,Abnormal cardiac ventricle morphology,心室形态异常,
HP:0001714,Ventricular hypertrophy,心室肥厚,
HP:0001716,Wolff-Parkinson-White syndrome,预激综合征,
HP:0001717,Coronary artery calcification,冠状动脉钙化,
HP:0001718,Mitral stenosis,二尖瓣狭窄,
HP:0001719,Double outlet right ventricle,右室双出口,
HP:0001722,High-output congestive heart failure,高输出充血性心力衰竭,
HP:0001723,Restrictive cardiomyopathy,限制型心肌病,
HP:0001727,Thromboembolic stroke,血栓栓塞性脑卒中,
HP:0001730,Progressive hearing impairment,渐进性听力受损,
HP:0001732,Abnormality of the pancreas,胰腺异常,
HP:0001733,Pancreatitis,胰腺炎,
HP:0001734,Annular pancreas,环状胰,
HP:0001735,Acute pancreatitis,急性胰腺炎,
HP:0001737,Pancreatic cysts,胰腺囊肿,
HP:0001738,Exocrine pancreatic insufficiency,胰腺外分泌功能不全,
HP:0001739,Abnormal nasopharynx morphology,鼻咽部形态异常,
HP:0001741,Phimosis,包茎,
HP:0001742,Nasal congestion,鼻塞,
HP:0001743,Abnormality of the spleen,脾脏异常,
HP:0001744,Splenomegaly,脾肿大,
HP:0001746,Asplenia,无脾,
HP:0001747,Accessory spleen,副脾,
HP:0001748,Polysplenia,多脾,
HP:0001750,Single ventricle,单心室,
HP:0001751,Abnormal vestibular function,前庭功能异常,
HP:0001756,Vestibular hyporeflexia,前庭反射减弱,
HP:0001757,High-frequency sensorineural hearing impairment,高频感音神经性听力受损,
HP:0001760,Abnormal foot morphology,足部形态异常,
HP:0001761,Pes cavus,高弓足,
HP:0001762,Talipes equinovarus,马蹄内翻足,
HP:0001763,Pes planus,扁平足,
HP:0001765,Hammertoe,槌状趾,
HP:0001769,Broad foot,宽足,
HP:0001770,Toe syndactyly,并趾,
HP:0001771,Achilles tendon contracture,跟腱挛缩,
HP:0001772,Talipes equinovalgus,马蹄外翻足,
HP:0001773,Short foot,短足,
HP:0001775,Tarsal osteovalgus,跗骨骨外翻,
HP:0001776,Bilateral talipes equinovarus,双侧马蹄内翻足,
HP:0001780,Abnormal toe morphology,脚趾形态异常,
HP:0001782,Bulbous tips of toes,球茎状趾尖,
HP:0001783,Broad metatarsal,跖骨变宽,
HP:0001785,Ankle swelling,踝关节肿胀,
HP:0001786,Narrow foot,窄足,
HP:0001787,Abnormal delivery,分娩异常,
HP:0001788,Premature rupture of membranes,胎膜早破,
HP:0001789,Hydrops fetalis,胎儿水肿,
HP:0001790,Nonimmune hydrops fetalis,非免疫性胎儿水肿,
HP:0001791,Fetal ascites,胎儿腹水,
HP:0001792,Small nail,微甲,
HP:0001795,Hyperconvex nail,甲异常凸起,
HP:0001798,Anonychia,无甲症,
HP:0001799,Short nail,短甲,
HP:0001800,Hypoplastic toenails,趾甲发育不良,
HP:0001802,Absent toenail,趾甲缺失,
HP:0001803,Nail pits,甲凹点,
HP:0001804,Hypoplastic fingernail,指甲发育不良,
HP:0001805,Onychogryposis,厚甲,
HP:0001806,Onycholysis,甲分离,
HP:0001807,Ridged nail,甲纵嵴,
HP:0001808,Fragile nails,脆甲,
HP:0001809,Split nail,甲纵裂,
HP:0001810,Dystrophic toenail,趾甲营养不良,
HP:0001812,Hyperconvex fingernails,指甲异常凸起,
HP:0001814,Deep-set nails,嵌甲,
HP:0001816,Thin nail,薄甲,
HP:0001817,Absent fingernail,指甲缺失,
HP:0001818,Paronychia,甲沟炎,
HP:0001820,Leukonychia,白甲,
HP:0001821,Broad nail,宽甲,
HP:0001822,Hallux valgus,拇趾外翻,
HP:0001824,Weight loss,体重减轻,
HP:0001827,Genital tract atresia,生殖道闭锁,
HP:0001829,Foot polydactyly,多趾,
HP:0001830,Postaxial foot polydactyly,轴后多趾,
HP:0001831,Short toe,短趾,
HP:0001832,Abnormal metatarsal morphology,跖骨形态异常,
HP:0001833,Long foot,长足,
HP:0001836,Camptodactyly of toe,脚趾屈曲畸形,
HP:0001837,Broad toe,宽趾,
HP:0001838,Rocker bottom foot,摇椅足,
HP:0001839,Split foot,脚劈裂,
HP:0001840,Metatarsus adductus,跖内收,
HP:0001841,Preaxial foot polydactyly,轴前多趾,
HP:0001842,Foot acroosteolysis,足趾端溶骨,
HP:0001844,Abnormal hallux morphology,拇趾形态异常,
HP:0001845,Overlapping toe,重叠趾,
HP:0001847,Long hallux,长拇趾,
HP:0001848,Calcaneovalgus deformity,足外翻畸形,
HP:0001849,Foot oligodactyly,少趾畸形,
HP:0001850,Abnormality of the tarsal bones,跗骨异常,
HP:0001852,Sandal gap,木屐足,
HP:0001853,Bifid distal phalanx of toe,末节跖骨分叉,
HP:0001854,Podagra,跖趾关节痛风,
HP:0001857,Short distal phalanx of toe,末节跖骨短小,
HP:0001859,Distal foot symphalangism,远端趾关节融合,
HP:0001863,Toe clinodactyly,脚趾屈趾畸形,
HP:0001864,Clinodactyly of the 5th toe,第五趾屈曲畸形,
HP:0001868,Autoamputation of foot,足部自发离断,
HP:0001869,Deep plantar creases,跖部深褶,
HP:0001870,Acroosteolysis of distal phalanges (feet),远节趾骨肢端溶骨,
HP:0001871,Abnormality of blood and blood-forming tissues,血液和造血组织异常,
HP:0001872,Abnormality of thrombocytes,血小板异常,
HP:0001873,Thrombocytopenia,血小板减少症,
HP:0001874,Abnormality of neutrophils,中性粒细胞异常,
HP:0001875,Neutropenia,中性粒细胞减少症,
HP:0001876,Pancytopenia,全血细胞减少症,
HP:0001877,Abnormal erythrocyte morphology,红细胞形态异常,
HP:0001878,Hemolytic anemia,溶血性贫血,
HP:0001879,Abnormal eosinophil morphology,嗜酸性粒细胞形态异常,
HP:0001880,Eosinophilia,嗜酸性粒细胞增多症,
HP:0001881,Abnormal leukocyte morphology,白细胞形态异常,
HP:0001882,Leukopenia,白细胞减少症,
HP:0001883,Talipes,畸形足,
HP:0001884,Talipes calcaneovalgus,跟骨畸形,
HP:0001885,Short 2nd toe,第二趾短小,
HP:0001886,Foot osteomyelitis,足骨骨髓炎,
HP:0001888,Lymphopenia,淋巴细胞减少症,
HP:0001889,Megaloblastic anemia,巨幼细胞性贫血,
HP:0001890,Autoimmune hemolytic anemia,自身免疫性溶血性贫血,
HP:0001891,Iron deficiency anemia,缺铁性贫血,
HP:0001892,Abnormal bleeding,异常出血,
HP:0001894,Thrombocytosis,血小板增多症,
HP:0001895,Normochromic anemia,正色素性贫血,
HP:0001896,Reticulocytopenia,网织细胞减少症,
HP:0001897,Normocytic anemia,正细胞性贫血,
HP:0001898,Increased red blood cell mass,红细胞数量增多,
HP:0001899,Increased hematocrit,红细胞压积增高,
HP:0001900,Increased circulating hemoglobin concentration,循环血红蛋白水平升高,
HP:0001901,Polycythemia,红细胞增多症,
HP:0001902,Giant platelets,巨血小板,
HP:0001903,Anemia,贫血,
HP:0001904,Neutropenia in presence of anti-neutropil antibodies,抗中性粒细胞抗体阳性的中性粒细胞减少症,
HP:0001905,Congenital thrombocytopenia,先天性血小板减少症,
HP:0001907,Thromboembolism,血栓栓塞症,
HP:0001908,Hypoplastic anemia,发育不良性贫血,
HP:0001909,Leukemia,白血病,
HP:0001911,Abnormal granulocyte morphology,粒细胞形态异常,
HP:0001912,Abnormal basophil morphology,嗜碱性粒细胞形态异常,
HP:0001913,Granulocytopenia,粒细胞减少症,
HP:0001915,Aplastic anemia,再生障碍性贫血,
HP:0001917,Renal amyloidosis,肾淀粉样病变,
HP:0001919,Acute kidney injury,急性肾损伤,
HP:0001920,Renal artery stenosis,肾动脉狭窄,
HP:0001922,Vacuolated lymphocytes,空泡淋巴细胞,
HP:0001923,Reticulocytosis,网织红细胞增多症,
HP:0001924,Sideroblastic anemia,铁粒幼细胞性贫血,
HP:0001927,Acanthocytosis,棘形红细胞增多症,
HP:0001928,Abnormality of coagulation,凝血异常,
HP:0001929,Reduced factor XI activity,凝血因子XI活性减低,
HP:0001930,Nonspherocytic hemolytic anemia,非球形红细胞性溶血性贫血,
HP:0001931,Hypochromic anemia,低色素性贫血,
HP:0001933,Subcutaneous hemorrhage,皮下出血,
HP:0001934,Persistent bleeding after trauma,创伤后持续性出血,
HP:0001935,Microcytic anemia,小细胞性贫血,
HP:0001937,Microangiopathic hemolytic anemia,微血管病性溶血性贫血,
HP:0001939,Abnormality of metabolism/homeostasis,代谢紊乱/稳态失衡,
HP:0001941,Acidosis,酸中毒,
HP:0001942,Metabolic acidosis,代谢性酸中毒,
HP:0001943,Hypoglycemia,低血糖,
HP:0001944,Dehydration,脱水,
HP:0001945,Fever,发热,
HP:0001946,Ketosis,酮症,
HP:0001947,Renal tubular acidosis,肾小管性酸中毒,
HP:0001948,Alkalosis,碱中毒,
HP:0001949,Hypokalemic alkalosis,低钾性碱中毒,
HP:0001950,Respiratory alkalosis,呼吸性碱中毒,
HP:0001951,Episodic ammonia intoxication,阵发性氨中毒,
HP:0001952,Glucose intolerance,糖耐量异常,
HP:0001953,Diabetic ketoacidosis,糖尿病酮症酸中毒,
HP:0001954,Recurrent fever,阵发性发热,
HP:0001955,Unexplained fevers,不明原因的发热,
HP:0001956,Truncal obesity,躯干性肥胖,
HP:0001958,Nonketotic hypoglycemia,非酮症性低血糖,
HP:0001959,Polydipsia,烦渴,
HP:0001960,Hypokalemic metabolic alkalosis,低钾性代谢性碱中毒,
HP:0001961,Hypoplastic heart,心脏发育不全,
HP:0001962,Palpitations,心悸,
HP:0001963,Abnormal speech discrimination,言语辨别异常,
HP:0001964,Aplasia/Hypoplasia of metatarsal bones,跖骨发育不良/发育不全,
HP:0001965,Abnormal scalp morphology,头皮形态异常,
HP:0001966,Abnormal glomerular mesangium morphology,肾小球系膜形态异常,
HP:0001967,Diffuse mesangial sclerosis,弥漫性肾小球系膜硬化,
HP:0001969,Abnormal tubulointerstitial morphology,肾小管间质形态异常,
HP:0001970,Tubulointerstitial nephritis,肾小管间质性肾炎,
HP:0001971,Hypersplenism,脾功能亢进,
HP:0001972,Macrocytic anemia,大细胞性贫血,
HP:0001973,Autoimmune thrombocytopenia,自身免疫性血小板减少症,
HP:0001974,Leukocytosis,白细胞增多症,
HP:0001975,Decreased platelet glycoprotein IIb-IIIa,血小板糖蛋白Ⅱb-IIIA减少,
HP:0001976,Reduced antithrombin III activity,抗凝血酶 III 活性减低,
HP:0001977,Abnormal thrombosis,异常血栓形成,
HP:0001978,Extramedullary hematopoiesis,髓外造血,
HP:0001980,Megaloblastic bone marrow,巨幼细胞性骨髓,
HP:0001981,Schistocytosis,裂(红)细胞症,
HP:0001982,Sea-blue histiocytosis,海蓝色组织细胞增多症,
HP:0001983,Reduced lymphocyte surface expression of CD43,淋巴细胞表面CD43表达降低,
HP:0001984,Intolerance to protein,蛋白质不耐受,
HP:0001985,Hypoketotic hypoglycemia,低酮性低血糖,
HP:0001986,Hypertonic dehydration,高渗性脱水,
HP:0001987,Hyperammonemia,高氨血症,
HP:0001988,Recurrent hypoglycemia,反复发作性低血糖,
HP:0001989,Fetal akinesia sequence,胎儿运动不能序列征,
HP:0001991,Aplasia/Hypoplasia of toe,脚趾发育不良/发育不全,
HP:0001992,Organic aciduria,有机酸尿症,
HP:0001993,Ketoacidosis,酮症酸中毒,
HP:0001994,Renal Fanconi syndrome,肾范可尼综合征,
HP:0001995,Hyperchloremic acidosis,高氯性酸中毒,
HP:0001996,Chronic metabolic acidosis,慢性代谢性酸中毒,
HP:0001997,Gout,痛风,
HP:0001998,Neonatal hypoglycemia,新生儿低血糖,
HP:0001999,Abnormal facial shape,面部形状异常,
HP:0002000,Short columella,鼻小柱短小,
HP:0002002,Deep philtrum,深人中沟,
HP:0002003,Large forehead,大额头,
HP:0002006,Tessier cleft,Tessier裂,
HP:0002007,Frontal bossing,前额突出,
HP:0002009,Potter facies,波特面容,
HP:0002010,Narrow maxilla,颌骨狭窄,
HP:0002011,Morphological central nervous system abnormality,中枢神经系统的形态异常,
HP:0002012,Abnormality of the abdominal organs,腹部器官异常,
HP:0002013,Vomiting,呕吐,
HP:0002014,Diarrhea,腹泻,
HP:0002015,Dysphagia,吞咽困难,
HP:0002017,Nausea and vomiting,恶心和呕吐,
HP:0002018,Nausea,恶心,
HP:0002019,Constipation,便秘,
HP:0002020,Gastroesophageal reflux,胃食管反流,
HP:0002021,Pyloric stenosis,幽门狭窄,
HP:0002023,Anal atresia,肛门闭锁,
HP:0002024,Malabsorption,吸收不良,
HP:0002025,Anal stenosis,肛门狭窄,
HP:0002027,Abdominal pain,腹痛,
HP:0002028,Chronic diarrhea,慢性腹泻,
HP:0002031,Abnormal esophagus morphology,食管形态结构异常,
HP:0002032,Esophageal atresia,食管闭锁,
HP:0002033,Poor suck,吸吮无力,
HP:0002034,Abnormal rectum morphology,直肠形态结构异常,
HP:0002035,Rectal prolapse,直肠脱垂,
HP:0002036,Hiatus hernia,裂孔疝,
HP:0002037,Inflammation of the large intestine,大肠炎症,
HP:0002038,Protein avoidance,蛋白质回避,
HP:0002039,Anorexia,厌食症,
HP:0002040,Esophageal varix,食管静脉曲张,
HP:0002041,Intractable diarrhea,顽固性腹泻,
HP:0002043,Esophageal stricture,食管狭窄,
HP:0002044,Zollinger-Ellison syndrome,Zollinger-Ellison 综合征,
HP:0002045,Hypothermia,低体温,
HP:0002046,Heat intolerance,不耐热,
HP:0002047,Malignant hyperthermia,恶性高热,
HP:0002048,Renal cortical atrophy,肾皮质萎缩,
HP:0002049,Proximal renal tubular acidosis,近端肾小管酸中毒,
HP:0002050,"Macroorchidism, postpubertal",青春期后大睾丸,
HP:0002054,Heavy supraorbital ridges,眶上嵴重厚,
HP:0002055,Curved linear dimple below the lower lip,下唇下弧形凹陷,
HP:0002056,Abnormality of the glabella,眉间异常,
HP:0002057,Prominent glabella,眉间突出,
HP:0002058,Myopathic facies,肌病性面容,
HP:0002059,Cerebral atrophy,脑萎缩,
HP:0002060,Abnormal cerebral morphology,大脑形态学异常,
HP:0002061,Lower limb spasticity,下肢痉挛,
HP:0002062,Abnormal pyramidal tract morphology,锥体束形态异常,
HP:0002063,Rigidity,强直,
HP:0002064,Spastic gait,痉挛步态,
HP:0002066,Gait ataxia,共济失调步态,
HP:0002067,Bradykinesia,运动迟缓,
HP:0002068,Neuromuscular dysphagia,神经肌肉源性吞咽困难,
HP:0002069,Bilateral tonic-clonic seizure,双侧强直- 阵挛发作,
HP:0002070,Limb ataxia,肢体共济失调,
HP:0002071,Abnormality of extrapyramidal motor function,锥体外系功能障碍,
HP:0002072,Chorea,舞蹈样运动,
HP:0002073,Progressive cerebellar ataxia,进行性小脑共济失调,
HP:0002074,Increased neuronal autofluorescent lipopigment,神经元自体荧光脂褐素增加,
HP:0002075,Dysdiadochokinesis,轮替运动障碍,
HP:0002076,Migraine,偏头痛,
HP:0002077,Migraine with aura,有先兆偏头痛,
HP:0002078,Truncal ataxia,躯干性共济失调,
HP:0002079,Hypoplasia of the corpus callosum,胼胝体发育不良,
HP:0002080,Intention tremor,意向性震颤,
HP:0002083,Migraine without aura,无先兆偏头痛,
HP:0002084,Encephalocele,脑膨出,
HP:0002085,Occipital encephalocele,枕部脑膨出,
HP:0002086,Abnormality of the respiratory system,呼吸系统异常,
HP:0002087,Abnormality of the upper respiratory tract,上呼吸道异常,
HP:0002088,Abnormal lung morphology,肺部形态异常,
HP:0002089,Pulmonary hypoplasia,肺发育不良,
HP:0002090,Pneumonia,肺炎,
HP:0002091,Restrictive ventilatory defect,限制性通气功能障碍,
HP:0002092,Pulmonary arterial hypertension,肺动脉高压,
HP:0002093,Respiratory insufficiency,呼吸功能不全,
HP:0002094,Dyspnea,呼吸困难,
HP:0002097,Emphysema,气肿,
HP:0002098,Respiratory distress,呼吸窘迫,
HP:0002099,Asthma,哮喘,
HP:0002100,Recurrent aspiration pneumonia,反复吸入性肺炎,
HP:0002101,Abnormal lung lobation,肺分叶异常,
HP:0002102,Pleuritis,胸膜炎,
HP:0002103,Abnormal pleura morphology,胸膜异常,
HP:0002104,Apnea,呼吸暂停,
HP:0002105,Hemoptysis,咯血,
HP:0002107,Pneumothorax,气胸,
HP:0002108,Spontaneous pneumothorax,自发性气胸,
HP:0002110,Bronchiectasis,支气管扩张,
HP:0002113,Pulmonary infiltrates,肺浸润,
HP:0002118,Abnormal cerebral ventricle morphology,脑室形态异常,
HP:0002119,Ventriculomegaly,巨脑室,
HP:0002120,Cerebral cortical atrophy,大脑皮层萎缩,
HP:0002121,Generalized non-motor (absence) seizure,失神发作,
HP:0002123,Generalized myoclonic seizure,全面性肌阵挛发作,
HP:0002126,Polymicrogyria,多小脑回,
HP:0002127,Abnormal upper motor neuron morphology,上运动神经元形态异常,
HP:0002131,Episodic ataxia,发作性共济失调,
HP:0002132,Porencephalic cyst,脑穿通性囊肿,
HP:0002133,Status epilepticus,癫痫持续状态,
HP:0002134,Abnormal basal ganglia morphology,基底节形态异常,
HP:0002135,Basal ganglia calcification,基底节钙化,
HP:0002136,Broad-based gait,宽基步态,
HP:0002138,Subarachnoid hemorrhage,蛛网膜下腔出血,
HP:0002139,Arrhinencephaly,无鼻无脑畸形,
HP:0002140,Ischemic stroke,缺血性脑卒中,
HP:0002141,Gait imbalance,步态失平衡,
HP:0002143,Abnormal spinal cord morphology,脊髓形态异常,
HP:0002144,Tethered cord,脊髓栓系,
HP:0002145,Frontotemporal dementia,额颞叶痴呆,
HP:0002148,Hypophosphatemia,低磷血症,
HP:0002149,Hyperuricemia,高尿酸血症,
HP:0002150,Hypercalciuria,高钙尿症,
HP:0002151,Increased circulating lactate concentration,循环乳酸水平升高,
HP:0002152,Hyperproteinemia,高蛋白血症,
HP:0002153,Hyperkalemia,高钾血症,
HP:0002154,Hyperglycinemia,高甘氨酸血症,
HP:0002155,Hypertriglyceridemia,高甘油三酯血症,
HP:0002156,Homocystinuria,高胱氨酸尿症,
HP:0002157,Azotemia,氮质血症,
HP:0002159,Heparan sulfate excretion in urine,尿中硫酸乙酰肝素排泄,
HP:0002160,Hyperhomocystinemia,高同型半胱氨酸血症,
HP:0002161,Hyperlysinemia,高赖氨酸血症,
HP:0002162,Low posterior hairline,后发际低,
HP:0002164,Nail dysplasia,甲发育不良,
HP:0002165,Nail pterygium,甲翼状胬肉,
HP:0002166,Impaired vibration sensation in the lower limbs,下肢振动觉障碍,
HP:0002167,Abnormal speech pattern,异常言语模式,
HP:0002168,Scanning speech,断续言语,
HP:0002169,Clonus,阵挛,
HP:0002170,Intracranial hemorrhage,颅内出血,
HP:0002171,Gliosis,胶质细胞增生,
HP:0002172,Postural instability,姿势不稳,
HP:0002173,Hypoglycemic seizures,低血糖发作,
HP:0002174,Postural tremor,姿势性震颤,
HP:0002176,Spinal cord compression,脊髓受压,
HP:0002179,Opisthotonus,角弓反张,
HP:0002180,Neurodegeneration,神经变性,
HP:0002181,Cerebral edema,脑水肿,
HP:0002183,Phonophobia,声音恐惧,
HP:0002185,Neurofibrillary tangles,神经原纤维缠结,
HP:0002186,Apraxia,失用,
HP:0002187,"Intellectual disability, profound",极重度智力障碍,
HP:0002188,Delayed CNS myelination,中枢神经系统的髓鞘化延迟,
HP:0002190,Choroid plexus cyst,脉络丛囊肿,
HP:0002191,Progressive spasticity,进行性痉挛,
HP:0002193,Pseudobulbar affect,假性延髓情感,
HP:0002194,Delayed gross motor development,粗大运动发育迟缓,
HP:0002195,Dysgenesis of the cerebellar vermis,小脑蚓部发育不全,
HP:0002196,Myelopathy,脊髓病,
HP:0002197,Generalized-onset seizure,全面性发作,
HP:0002198,Dilated fourth ventricle,第四脑室扩张,
HP:0002199,Hypocalcemic seizures,低钙发作,
HP:0002200,Pseudobulbar signs,假性球麻痹症状,
HP:0002202,Pleural effusion,胸腔积液,
HP:0002203,Respiratory paralysis,呼吸肌麻痹,
HP:0002204,Pulmonary embolism,肺栓塞,
HP:0002205,Recurrent respiratory infections,反复呼吸道感染,
HP:0002206,Pulmonary fibrosis,肺纤维化,
HP:0002207,Diffuse reticular or finely nodular infiltrations,弥漫性网状或细结节状浸润,
HP:0002208,Coarse hair,毛发粗糙,
HP:0002209,Sparse scalp hair,脱发,
HP:0002211,White forelock,额发变白,
HP:0002212,Curly hair,卷曲样发,
HP:0002213,Fine hair,绒毛,
HP:0002215,Sparse axillary hair,腋毛稀疏,
HP:0002216,Premature graying of hair,少白头,
HP:0002217,Slow-growing hair,毛发生长缓慢,
HP:0002218,Silver-gray hair,银灰色毛发,
HP:0002219,Facial hypertrichosis,面部多毛症（先天性）,
HP:0002220,Melanin pigment aggregation in hair shafts,发干部位色素沉积,
HP:0002221,Absent axillary hair,腋毛缺失,
HP:0002223,Absent eyebrow,眉毛缺失,
HP:0002224,Woolly hair,羊毛状发,
HP:0002225,Sparse pubic hair,阴毛稀疏,
HP:0002226,White eyebrow,白眉,
HP:0002227,White eyelashes,白睫,
HP:0002230,Generalized hirsutism,全身性多毛症,
HP:0002231,Sparse body hair,体毛稀疏,
HP:0002232,Patchy alopecia,片形脱发，鬼剃头,
HP:0002234,Early balding,早期秃发,
HP:0002235,Pili canaliculi,隧道毛发,
HP:0002236,Frontal upsweep of hair,前额卷发,
HP:0002239,Gastrointestinal hemorrhage,胃肠道出血,
HP:0002240,Hepatomegaly,肝脏肿大,
HP:0002242,Abnormal intestine morphology,小肠形态异常,
HP:0002243,Protein-losing enteropathy,蛋白丢失性肠病,
HP:0002244,Abnormal small intestine morphology,小肠形态异常,
HP:0002245,Meckel diverticulum,Meckel憩室,
HP:0002246,Abnormal duodenum morphology,十二指肠形态异常,
HP:0002247,Duodenal atresia,十二指肠闭锁,
HP:0002248,Hematemesis,呕血,
HP:0002249,Melena,黑便,
HP:0002250,Abnormal large intestine morphology,大肠形态异常,
HP:0002251,Aganglionic megacolon,无神经节性巨结肠,
HP:0002253,Colonic diverticula,结肠憩室,
HP:0002254,Intermittent diarrhea,间歇性腹泻,
HP:0002256,Small bowel diverticula,小肠憩室,
HP:0002257,Chronic rhinitis,慢性鼻炎,
HP:0002263,Exaggerated cupid's bow,夸张的丘比特唇弓,
HP:0002265,Large fleshy ears,肥大耳,
HP:0002266,Focal clonic seizure,局灶性阵挛性发作,
HP:0002267,Exaggerated startle response,过度惊跳反射,
HP:0002268,Paroxysmal dystonia,阵发性肌张力障碍,
HP:0002269,Abnormality of neuronal migration,神经细胞迁移异常,
HP:0002270,Abnormality of the autonomic nervous system,自主神经系统异常,
HP:0002273,Tetraparesis,四肢轻瘫,
HP:0002275,Poor motor coordination,运动不协调,
HP:0002277,Horner syndrome,霍纳综合征,
HP:0002280,Enlarged cisterna magna,小脑延髓池扩大,
HP:0002282,Gray matter heterotopia,脑灰质异位,
HP:0002283,Global brain atrophy,全脑萎缩,
HP:0002286,Fair hair,金发,
HP:0002287,Progressive alopecia,进行性脱发,
HP:0002289,Alopecia universalis,全身毛发脱失,
HP:0002290,Poliosis,白发,
HP:0002292,Frontal balding,前额秃发,
HP:0002293,Alopecia of scalp,头皮脱发,
HP:0002296,Progressive hypotrichosis,进行性少毛症,
HP:0002297,Red hair,红发,
HP:0002298,Absent hair,毛发缺失,
HP:0002299,Brittle hair,毛发干枯,
HP:0002300,Mutism,缄默症,
HP:0002301,Hemiplegia,偏瘫,
HP:0002304,Akinesia,运动不能,
HP:0002305,Athetosis,手足徐动症,
HP:0002307,Drooling,流涎,
HP:0002308,Chiari malformation,小脑扁桃体下疝畸形,
HP:0002310,Orofacial dyskinesia,口面运动障碍,
HP:0002311,Incoordination,不协调,
HP:0002312,Clumsiness,笨拙,
HP:0002313,Spastic paraparesis,痉挛性双下肢瘫,
HP:0002314,Degeneration of the lateral corticospinal tracts,皮质脊髓侧束变性,
HP:0002315,Headache,头痛,
HP:0002317,Unsteady gait,步态不稳,
HP:0002318,Cervical myelopathy,脊髓型颈椎病,
HP:0002321,Vertigo,眩晕,
HP:0002322,Resting tremor,静止性震颤,
HP:0002323,Anencephaly,无脑畸形,
HP:0002324,Hydranencephaly,积水型无脑畸形,
HP:0002326,Transient ischemic attack,短暂性脑缺血发作,
HP:0002329,Drowsiness,困倦,
HP:0002330,Paroxysmal drowsiness,阵发性嗜睡,
HP:0002331,Recurrent paroxysmal headache,反复发作性头痛,
HP:0002332,Lack of peer relationships,同伴关系缺乏,
HP:0002333,Motor deterioration,运动功能减退,
HP:0002334,Abnormal cerebellar vermis morphology,小脑蚓部形态异常,
HP:0002335,Agenesis of cerebellar vermis,小脑蚓部发育不全,
HP:0002339,Abnormal caudate nucleus morphology,尾状核形态异常,
HP:0002340,Caudate atrophy,尾状核萎缩,
HP:0002341,Cervical cord compression,颈脊髓压迫症,
HP:0002342,"Intellectual disability, moderate",中度智力障碍,
HP:0002343,Normal pressure hydrocephalus,正常压力性脑积水,
HP:0002344,Progressive neurologic deterioration,进行性神经功能恶化,
HP:0002345,Action tremor,动作性震颤,
HP:0002346,Head tremor,头部震颤,
HP:0002349,Focal aware seizure,知觉保留的局灶性发作,
HP:0002350,Cerebellar cyst,小脑囊肿,
HP:0002352,Leukoencephalopathy,白质脑病,
HP:0002353,EEG abnormality,脑电图异常,
HP:0002354,Memory impairment,记忆障碍,
HP:0002356,Writer's cramp,书写痉挛,
HP:0002359,Frequent falls,频繁跌倒,
HP:0002360,Sleep abnormality,睡眠异常,
HP:0002361,Psychomotor deterioration,精神运动性恶化,
HP:0002362,Shuffling gait,曳行步态,
HP:0002363,Abnormal brainstem morphology,脑干形态异常,
HP:0002365,Hypoplasia of the brainstem,脑干发育不良,
HP:0002366,Abnormal lower motor neuron morphology,下运动神经元形态异常,
HP:0002367,Visual hallucination,幻视,
HP:0002370,Poor coordination,协调能力下降,
HP:0002371,Loss of speech,言语不能,
HP:0002372,Normal interictal EEG,发作间期正常脑电图,
HP:0002373,Febrile seizure (within the age range of 3 months to 6 years),高热惊厥(年龄在3个月至6岁之间),
HP:0002374,Diminished movement,运动减少,
HP:0002375,Hypokinesia,运动减少,
HP:0002376,Developmental regression,发育倒退,
HP:0002378,Hand tremor,手部震颤,
HP:0002380,Fasciculations,肌束震颤,
HP:0002381,Aphasia,失语症,
HP:0002383,Infectious encephalitis,传染性脑炎,
HP:0002384,Focal impaired awareness seizure,知觉受损的局灶性发作,
HP:0002385,Paraparesis,下肢轻瘫,
HP:0002389,Cavum septum pellucidum,第五脑室,
HP:0002390,Spinal arteriovenous malformation,脊髓动静脉畸形,
HP:0002392,EEG with polyspike wave complexes,脑电图，伴多棘慢复合波,
HP:0002395,Lower limb hyperreflexia,下肢腱反射亢进,
HP:0002396,Cogwheel rigidity,齿轮样强直,
HP:0002398,Degeneration of anterior horn cells,前角细胞变性,
HP:0002401,Stroke-like episode,卒中样发作,
HP:0002403,Positive Romberg sign,闭目难立征阳性,
HP:0002404,Thickened superior cerebellar peduncle,小脑上脚增厚,
HP:0002406,Limb dysmetria,肢体辨距不良,
HP:0002408,Cerebral arteriovenous malformation,脑动静脉畸形,
HP:0002410,Aqueductal stenosis,中脑导水管狭窄,
HP:0002411,Myokymia,肌纤维颤搐,
HP:0002414,Spina bifida,脊柱裂,
HP:0002415,Leukodystrophy,脑白质营养不良,
HP:0002416,Subependymal cysts,室管膜下囊肿,
HP:0002418,Abnormal midbrain morphology,中脑形态异常,
HP:0002419,Molar tooth sign on MRI,磁共振磨牙征,
HP:0002421,Poor head control,头部控制能力弱,
HP:0002423,Long-tract signs,长束征,
HP:0002425,Anarthria,构音障碍,
HP:0002427,Expressive aphasia,运动性失语,
HP:0002435,Meningocele,脑脊膜膨出,
HP:0002436,Occipital meningocele,枕脊膜膨出,
HP:0002438,Cerebellar malformation,小脑畸形,
HP:0002439,Frontolimbic dementia,额叶和边缘叶痴呆,
HP:0002442,Dyscalculia,计算困难,
HP:0002444,Hypothalamic hamartoma,下丘脑错构瘤,
HP:0002445,Tetraplegia,四肢瘫,
HP:0002446,Astrocytosis,星形胶质细胞增殖,
HP:0002448,Progressive encephalopathy,进行性脑病,
HP:0002450,Abnormal motor neuron morphology,运动神经元的形态异常,
HP:0002451,Limb dystonia,肢体肌张力障碍,
HP:0002453,Abnormal globus pallidus morphology,苍白球形态异常,
HP:0002454,Eye of the tiger anomaly of globus pallidus,苍白球虎眼征,
HP:0002457,Abnormal head movements,头部运动异常,
HP:0002460,Distal muscle weakness,远端肌无力,
HP:0002461,Cerebellar dentate nucleus calcification,小脑齿状核钙化,
HP:0002463,Language impairment,语言障碍,
HP:0002464,Spastic dysarthria,痉挛性构音障碍,
HP:0002465,Poor speech,少言寡语,
HP:0002470,Nonprogressive cerebellar ataxia,非进行性小脑性共济失调,
HP:0002472,Small cerebral cortex,小大脑皮层,
HP:0002474,Expressive language delay,语言表达延迟,
HP:0002475,Myelomeningocele,脊髓脊膜膨出,
HP:0002476,Primitive reflex,原始反射,
HP:0002478,Progressive spastic quadriplegia,进行性痉挛性四肢瘫,
HP:0002480,Hepatic encephalopathy,肝性脑病,
HP:0002483,Bulbar signs,球部体征,
HP:0002486,Myotonia,肌强直,
HP:0002487,Hyperkinetic movements,运动过多,
HP:0002488,Acute leukemia,急性白血病,
HP:0002490,Increased CSF lactate,脑脊液乳酸升高,
HP:0002491,Spasticity of facial muscles,面肌痉挛,
HP:0002492,Abnormal corticospinal tract morphology,皮质脊髓束形态异常,
HP:0002493,Upper motor neuron dysfunction,上运动神经元功能障碍/功能异常,
HP:0002494,Abnormal rapid eye movement sleep,快速眼动期睡眠异常,
HP:0002495,Impaired vibratory sensation,振动觉异常,
HP:0002497,Spastic ataxia,痉挛性共济失调,
HP:0002500,Abnormal cerebral white matter morphology,脑白质形态异常,
HP:0002501,Spasticity of pharyngeal muscles,喉头痉挛,
HP:0002503,Spinocerebellar tract degeneration,脊髓小脑束变性,
HP:0002504,Calcification of the small brain vessels,脑小血管钙化,
HP:0002505,Loss of ambulation,丧失行走能力,
HP:0002506,Diffuse cerebral atrophy,弥漫性脑萎缩,
HP:0002507,Semilobar holoprosencephaly,半脑叶前脑无裂畸形,
HP:0002508,Brainstem dysplasia,脑干发育不良,
HP:0002509,Limb hypertonia,肢体张力亢进,
HP:0002510,Spastic tetraplegia,痉挛性四肢瘫,
HP:0002511,Alzheimer disease,阿尔茨海默病,
HP:0002512,Brain stem compression,脑干受压,
HP:0002514,Cerebral calcification,脑钙化,
HP:0002515,Waddling gait,蹒跚步态,
HP:0002516,Increased intracranial pressure,颅内压增高,
HP:0002518,Abnormal periventricular white matter morphology,脑室周围白质形态异常,
HP:0002519,Hypnagogic hallucination,入睡幻觉,
HP:0002521,Hypsarrhythmia,高度失律,
HP:0002522,Areflexia of lower limbs,下肢反射消失,
HP:0002524,Cataplexy,猝倒症,
HP:0002526,Deficit in nonword repetition,非词复述缺陷,
HP:0002527,Falls,跌倒,
HP:0002528,Granulovacuolar degeneration,颗粒空泡变性,
HP:0002529,Neuronal loss in central nervous system,中枢神经系统神经元损失,
HP:0002530,Axial dystonia,轴向肌张力障碍,
HP:0002533,Abnormal posturing,姿势异常,
HP:0002536,Abnormal cortical gyration,脑皮质沟回异常,
HP:0002538,Abnormal cerebral cortex morphology,大脑皮层形态异常,
HP:0002539,Cortical dysplasia,皮质发育不良,
HP:0002540,Inability to walk,行走不能,
HP:0002542,Olivopontocerebellar atrophy,橄榄桥脑小脑萎缩,
HP:0002544,Retrocollis,颈后倾,
HP:0002545,Patchy demyelination of subcortical white matter,皮层下白质片状脱髓鞘,
HP:0002546,Incomprehensible speech,难以理解的言语,
HP:0002548,Parkinsonism with favorable response to dopaminergic medication,对多巴胺能药物反应良好的帕金森,
HP:0002549,Deficit in phonologic short-term memory,语音短时记忆缺陷,
HP:0002550,Absent facial hair,面部毛发缺失,
HP:0002552,Trichodysplasia,毛发发育异常,
HP:0002553,Highly arched eyebrow,高拱形眉毛,
HP:0002555,Absent pubic hair,阴毛缺失,
HP:0002557,Hypoplastic nipples,乳头发育不良,
HP:0002558,Supernumerary nipple,多乳头,
HP:0002561,Absent nipple,乳头缺失,
HP:0002562,Low-set nipples,乳头低位,
HP:0002563,Constrictive pericarditis,缩窄性心包炎,
HP:0002566,Intestinal malrotation,肠旋转不良,
HP:0002570,Steatorrhea,脂肪泻,
HP:0002571,Achalasia,贲门失弛缓症,
HP:0002572,Episodic vomiting,阵发性呕吐,
HP:0002573,Hematochezia,便血,
HP:0002574,Episodic abdominal pain,阵发性腹痛,
HP:0002575,Tracheoesophageal fistula,气管食管瘘,
HP:0002576,Intussusception,肠套叠,
HP:0002577,Abnormal stomach morphology,胃形态异常,
HP:0002578,Gastroparesis,胃轻瘫,
HP:0002579,Gastrointestinal dysmotility,胃肠动力障碍,
HP:0002580,Volvulus,肠扭转,
HP:0002582,Atrophic gastritis,萎缩性胃炎,
HP:0002583,Colitis,结肠炎,
HP:0002584,Intestinal bleeding,肠道出血,
HP:0002585,Abnormal peritoneum morphology,腹膜形态异常,
HP:0002586,Peritonitis,腹膜炎,
HP:0002587,Projectile vomiting,喷射性呕吐,
HP:0002588,Duodenal ulcer,十二指肠溃疡,
HP:0002589,Gastrointestinal atresia,消化道闭锁,
HP:0002590,Paralytic ileus,麻痹性肠梗阻,
HP:0002591,Polyphagia,多食,
HP:0002592,Gastric ulcer,胃溃疡,
HP:0002593,Intestinal lymphangiectasia,肠淋巴管扩张,
HP:0002594,Pancreatic hypoplasia,胰腺发育不良,
HP:0002595,Ileus,肠梗阻,
HP:0002597,Abnormality of the vasculature,脉管系统异常,
HP:0002599,Head titubation,点头,
HP:0002600,Hyporeflexia of lower limbs,下肢反射减弱,
HP:0002601,Paresis of extensor muscles of the big toe,拇趾伸肌麻痹,
HP:0002604,Gastrointestinal telangiectasia,胃肠道毛细血管扩张,
HP:0002605,Hepatic necrosis,肝坏死,
HP:0002607,Bowel incontinence,大便失禁,
HP:0002608,Celiac disease,乳糜泻,
HP:0002611,Cholestatic liver disease,胆汁淤积性肝病,
HP:0002612,Congenital hepatic fibrosis,先天性肝纤维化,
HP:0002613,Biliary cirrhosis,胆汁性肝硬化,
HP:0002614,Hepatic periportal necrosis,肝脏门脉周围坏死,
HP:0002615,Hypotension,低血压,
HP:0002616,Aortic root aneurysm,主动脉根部瘤,
HP:0002617,Vascular dilatation,血管扩张,
HP:0002619,Varicose veins,静脉曲张,
HP:0002621,Atherosclerosis,动脉粥样硬化,
HP:0002623,Overriding aorta,主动脉骑跨,
HP:0002624,Abnormal venous morphology,静脉形态异常,
HP:0002625,Deep venous thrombosis,深静脉血栓形成,
HP:0002626,Venous varicosities of celiac and mesenteric vessels,腹腔和肠系膜血管静脉曲张,
HP:0002627,Right aortic arch with mirror image branching,右位主动脉弓伴镜像分支,
HP:0002629,Gastrointestinal arteriovenous malformation,胃肠道动静脉畸形,
HP:0002630,Fat malabsorption,脂肪吸收障碍,
HP:0002632,Low-to-normal blood pressure,低至正常血压,
HP:0002633,Vasculitis,血管炎,
HP:0002634,Arteriosclerosis,动脉硬化,
HP:0002635,Type IV atherosclerotic lesion,IV型动脉粥样硬化病变,
HP:0002636,Dilatation of an abdominal artery,腹部动脉扩张,
HP:0002637,Cerebral ischemia,脑缺血,
HP:0002638,Superficial thrombophlebitis,浅表性血栓性静脉炎,
HP:0002639,Budd-Chiari syndrome,Budd-Chiari综合征,
HP:0002640,Hypertension associated with pheochromocytoma,嗜铬细胞瘤高血压,
HP:0002641,Peripheral thrombosis,外周血栓形成,
HP:0002642,Arteriovenous fistulas of celiac and mesenteric vessels,腹腔及肠系膜血管动静脉瘘,
HP:0002643,Neonatal respiratory distress,新生儿呼吸窘迫,
HP:0002644,Abnormal pelvic girdle bone morphology,骨盆带骨形态异常,
HP:0002645,Wormian bones,缝间骨,
HP:0002647,Aortic dissection,主动脉夹层,
HP:0002650,Scoliosis,脊柱侧弯,
HP:0002651,Spondyloepimetaphyseal dysplasia,脊椎干骺端发育不良,
HP:0002652,Skeletal dysplasia,骨骼发育不良,
HP:0002653,Bone pain,骨痛,
HP:0002654,Multiple epiphyseal dysplasia,多发性骨骺发育不良,
HP:0002655,Spondyloepiphyseal dysplasia,脊椎骨骺发育不良,
HP:0002656,Epiphyseal dysplasia,骨骺发育不良,
HP:0002657,Spondylometaphyseal dysplasia,脊椎干骺端发育不良,
HP:0002659,Increased susceptibility to fractures,骨折易感性增加,
HP:0002661,Painless fractures due to injury,外伤性无痛骨折,
HP:0002663,Delayed epiphyseal ossification,骨骺骨化延迟,
HP:0002664,Neoplasm,肿瘤,
HP:0002665,Lymphoma,淋巴瘤,
HP:0002666,Pheochromocytoma,嗜铬细胞瘤,
HP:0002667,Nephroblastoma,肾母细胞瘤,
HP:0002668,Paraganglioma,副神经节瘤,
HP:0002669,Osteosarcoma,骨肉瘤,
HP:0002671,Basal cell carcinoma,基底细胞癌,
HP:0002672,Gastrointestinal carcinoma,胃肠道癌,
HP:0002673,Coxa valga,髋外翻,
HP:0002676,Cloverleaf skull,分叶状颅,
HP:0002677,Small foramen magnum,枕大孔狭窄,
HP:0002678,Skull asymmetry,头骨不对称,
HP:0002679,Abnormal sella turcica morphology,蝶鞍形态异常,
HP:0002680,J-shaped sella turcica,J形蝶鞍,
HP:0002681,Deformed sella turcica,蝶鞍畸形,
HP:0002682,Broad skull,颅骨增宽,
HP:0002683,Abnormal calvaria morphology,颅骨形态异常,
HP:0002684,Thickened calvaria,颅骨过厚,
HP:0002686,Pregnancy history,孕史,
HP:0002687,Abnormality of frontal sinus,额窦异常,
HP:0002688,Absent frontal sinuses,额窦缺如,
HP:0002689,Absent paranasal sinuses,副鼻窦缺如,
HP:0002690,Large sella turcica,大蝶鞍,
HP:0002691,Platybasia,颅底扁平症,
HP:0002692,Hypoplastic facial bones,面部骨骼发育不全,
HP:0002693,Abnormal skull base morphology,颅底形态异常,
HP:0002694,Sclerosis of skull base,颅底硬化,
HP:0002696,Abnormal parietal bone morphology,顶骨形态异常,
HP:0002697,Parietal foramina,顶骨孔,
HP:0002699,Abnormal foramen magnum morphology,枕骨大孔形态异常,
HP:0002700,Large foramen magnum,大枕骨大孔,
HP:0002703,Abnormality of skull ossification,颅骨骨化异常,
HP:0002705,"High, narrow palate",腭高而窄,
HP:0002707,Palate telangiectasia,腭毛细血管扩张,
HP:0002708,Prominent median palatal raphe,腭中缝突起,
HP:0002710,Commissural lip pit,口角小窝,
HP:0002711,Exaggerated median tongue furrow,夸张的正中舌沟,
HP:0002714,Downturned corners of mouth,嘴角下弯,
HP:0002715,Abnormality of the immune system,免疫系统异常,
HP:0002716,Lymphadenopathy,淋巴结肿大,
HP:0002717,Adrenal overactivity,肾上腺过度活跃,
HP:0002718,Recurrent bacterial infections,反复细菌感染,
HP:0002719,Recurrent infections,反复感染,
HP:0002720,Decreased circulating IgA concentration,循环IgA水平降低,
HP:0002721,Immunodeficiency,免疫缺陷,
HP:0002722,Recurrent abscess formation,反复脓肿形成,
HP:0002723,Absence of bactericidal oxidative respiratory burst in phagocytes,吞噬细胞中杀菌性氧化呼吸爆发的缺失,
HP:0002724,Recurrent Aspergillus infections,反复曲霉菌感染,
HP:0002725,Systemic lupus erythematosus,系统性红斑狼疮,
HP:0002726,Recurrent Staphylococcus aureus infections,反复金黄色葡萄球菌感染,
HP:0002728,Chronic mucocutaneous candidiasis,慢性皮肤粘膜念珠菌病,
HP:0002729,Follicular hyperplasia,淋巴滤泡增生,
HP:0002730,Chronic noninfectious lymphadenopathy,慢性非感染性淋巴结肿大,
HP:0002731,Decreased lymphocyte apoptosis,淋巴细胞凋亡减少,
HP:0002732,Lymph node hypoplasia,淋巴结发育不全,
HP:0002733,Abnormal lymph node morphology,淋巴结形态异常,
HP:0002737,Thick skull base,厚颅底,
HP:0002738,Hypoplastic frontal sinuses,额窦发育不全,
HP:0002740,Recurrent E. coli infections,反复大肠杆菌感染,
HP:0002741,Recurrent Serratia marcescens infections,反复粘质沙雷氏菌感染,
HP:0002742,Recurrent Klebsiella infections,反复克雷伯杆菌感染,
HP:0002743,Recurrent enteroviral infections,反复肠病毒感染,
HP:0002745,Oral leukoplakia,口腔白斑,
HP:0002747,Respiratory insufficiency due to muscle weakness,肌肉无力导致的呼吸功能不全,
HP:0002748,Rickets,佝偻病,
HP:0002749,Osteomalacia,软骨病。,
HP:0002750,Delayed skeletal maturation,骨成熟延迟,
HP:0002751,Kyphoscoliosis,脊柱后侧凸,
HP:0002752,Sparse bone trabeculae,骨小梁稀疏,
HP:0002753,Thin bony cortex,骨皮质薄,
HP:0002754,Osteomyelitis,骨髓炎,
HP:0002756,Pathologic fracture,病理性骨折,
HP:0002757,Recurrent fractures,复发性骨折,
HP:0002758,Osteoarthritis,骨关节炎,
HP:0002761,Generalized joint hypermobility,全身关节过度活动,
HP:0002762,Multiple exostoses,多发性外生骨疣,
HP:0002763,Abnormal cartilage morphology,软骨形态异常,
HP:0002764,Stippled chondral calcification,软骨点状钙化,
HP:0002766,Relatively short spine,相对性短脊柱,
HP:0002777,Tracheal stenosis,气管狭窄,
HP:0002778,Abnormal tracheal morphology,气管形态异常,
HP:0002779,Tracheomalacia,气管软化,
HP:0002780,Bronchomalacia,支气管软化,
HP:0002781,Upper airway obstruction,上气道阻塞,
HP:0002783,Recurrent lower respiratory tract infections,反复下呼吸道感染,
HP:0002786,Tracheobronchomalacia,气管支气管软化,
HP:0002787,Tracheal calcification,气管钙化,
HP:0002788,Recurrent upper respiratory tract infections,复发性上呼吸道感染,
HP:0002789,Tachypnea,呼吸过速,
HP:0002790,Neonatal breathing dysregulation,新生儿呼吸调节异常,
HP:0002791,Hypoventilation,通气不足,
HP:0002792,Reduced vital capacity,肺活量减少,
HP:0002793,Abnormal pattern of respiration,呼吸模式异常,
HP:0002795,Abnormal respiratory system physiology,呼吸系统生理异常,
HP:0002797,Osteolysis,骨质溶解,
HP:0002803,Congenital contracture,先天性挛缩,
HP:0002804,Arthrogryposis multiplex congenita,先天性多发性关节挛缩,
HP:0002805,Accelerated bone age after puberty,青春期后骨龄加速,
HP:0002808,Kyphosis,脊柱后凸畸形（驼背）,
HP:0002810,Dumbbell-shaped metaphyses,哑铃状干骺端,
HP:0002812,Coxa vara,髋内翻,
HP:0002813,Abnormal limb bone morphology,四肢骨形态异常,
HP:0002814,Abnormality of the lower limb,下肢异常,
HP:0002815,Abnormality of the knee,膝关节异常,
HP:0002816,Genu recurvatum,膝反屈,
HP:0002817,Abnormality of the upper limb,上肢异常,
HP:0002818,Abnormal morphology of the radius,桡骨形态异常,
HP:0002821,Neuropathic arthropathy,神经性关节病,
HP:0002822,Hyperplasia of the femoral trochanters,股骨粗隆增生,
HP:0002823,Abnormal femur morphology,股骨形态异常,
HP:0002825,Caudal appendage,尾部附属物,
HP:0002826,Halberd-shaped pelvis,戟形骨盆,
HP:0002827,Hip dislocation,髋关节脱位,
HP:0002828,Multiple joint contractures,多发性关节挛缩,
HP:0002829,Arthralgia,关节疼痛,
HP:0002831,Long coccyx,长尾骨,
HP:0002832,Calcific stippling,钙化点,
HP:0002833,Cystic angiomatosis of bone,骨囊性血管瘤病,
HP:0002834,Flared femoral metaphysis,喇叭状股骨干骺端,
HP:0002835,Aspiration,误吸,
HP:0002836,Bladder exstrophy,膀胱外翻,
HP:0002837,Recurrent bronchitis,复发性支气管炎,
HP:0002839,Urinary bladder sphincter dysfunction,膀胱括约肌功能障碍,
HP:0002840,Lymphadenitis,淋巴结炎,
HP:0002841,Recurrent fungal infections,反复真菌感染,
HP:0002842,Recurrent Burkholderia cepacia infections,反复伯克霍尔德菌感染,
HP:0002843,Abnormal T cell morphology,T细胞形态异常,
HP:0002846,Abnormal B cell morphology,B细胞形态异常,
HP:0002847,Impaired memory B cell generation,记忆B细胞生成障碍,
HP:0002848,Decreased specific anti-polysaccharide antibody level,特异性抗多糖抗体水平降低,
HP:0002849,Absence of lymph node germinal center,淋巴结生发中心缺失,
HP:0002850,Decreased circulating total IgM,循环总IgM下降,
HP:0002851,"Elevated proportion of CD4-negative, CD8-negative, alpha-beta regulatory T cells",CD4和CD8双阴性的α-β 调节性 T 细胞比例增高,
HP:0002853,Increased proportion of HLA DR+ T cells,HLA-DR阳性T细胞比例多,
HP:0002857,Genu valgum,膝外翻,
HP:0002858,Meningioma,脑膜瘤,
HP:0002859,Rhabdomyosarcoma,横纹肌肉瘤,
HP:0002860,Squamous cell carcinoma,鳞状细胞癌,
HP:0002861,Melanoma,黑色素瘤,
HP:0002862,Bladder carcinoma,膀胱癌,
HP:0002863,Myelodysplasia,骨髓增生异常,
HP:0002864,Paraganglioma of head and neck,头部和颈部的副神经节瘤,
HP:0002865,Medullary thyroid carcinoma,甲状腺髓样癌,
HP:0002866,Hypoplastic iliac wing,髂翼发育不全,
HP:0002867,Abnormal ilium morphology,髂骨形态异常,
HP:0002868,Narrow iliac wing,髂骨翼狭窄,
HP:0002869,Flared iliac wing,喇叭状髂骨翼,
HP:0002870,Obstructive sleep apnea,阻塞性睡眠呼吸暂停,
HP:0002871,Central apnea,中枢性呼吸暂停,
HP:0002872,"Apneic episodes precipitated by illness, fatigue, stress",因疾病、疲劳、紧张而导致的呼吸暂停发作,
HP:0002875,Exertional dyspnea,劳力性呼吸困难,
HP:0002876,Episodic tachypnea,阵发性呼吸急促,
HP:0002877,Nocturnal hypoventilation,夜间低通气,
HP:0002878,Respiratory failure,呼吸衰竭,
HP:0002879,Anisospondyly,椎体大小不等,
HP:0002882,Sudden episodic apnea,突然发作性呼吸暂停,
HP:0002883,Hyperventilation,过度通气,
HP:0002884,Hepatoblastoma,肝母细胞瘤,
HP:0002885,Medulloblastoma,髓母细胞瘤,
HP:0002886,Vagal paraganglioma,迷走神经副神经节瘤,
HP:0002888,Ependymoma,室管膜瘤,
HP:0002890,Thyroid carcinoma,甲状腺癌,
HP:0002891,Uterine leiomyosarcoma,子宫平滑肌肉瘤,
HP:0002893,Pituitary adenoma,垂体腺瘤,
HP:0002894,Neoplasm of the pancreas,胰腺肿瘤,
HP:0002895,Papillary thyroid carcinoma,甲状腺乳头状癌,
HP:0002896,Neoplasm of the liver,肝脏肿瘤,
HP:0002897,Parathyroid adenoma,甲状旁腺腺瘤,
HP:0002898,Embryonal neoplasm,胚胎性肿瘤,
HP:0002900,Hypokalemia,低钾血症,
HP:0002901,Hypocalcemia,低钙血症,
HP:0002902,Hyponatremia,低钠血症,
HP:0002904,Hyperbilirubinemia,高胆红素血症,
HP:0002905,Hyperphosphatemia,高磷血症,
HP:0002907,Microscopic hematuria,镜下血尿症,
HP:0002908,Conjugated hyperbilirubinemia,高结合胆红素血症,
HP:0002909,Generalized aminoaciduria,全谱氨基酸尿,
HP:0002910,Elevated circulating hepatic transaminase concentration,循环肝转氨酶水平升高,
HP:0002912,Methylmalonic acidemia,甲基丙二酸血症,
HP:0002913,Myoglobinuria,肌红蛋白尿,
HP:0002914,Hyperchloriduria,高氯尿症,
HP:0002916,Abnormality of chromosome segregation,染色体分离异常,
HP:0002917,Hypomagnesemia,低镁血症,
HP:0002918,Hypermagnesemia,高镁血症,
HP:0002919,Ketonuria,酮尿,
HP:0002920,Decreased circulating ACTH concentration,循环ACTH浓度降低,
HP:0002921,Abnormal cerebrospinal fluid morphology,脑脊液形态异常,
HP:0002922,Increased CSF protein concentration,脑脊液蛋白浓度增加,
HP:0002923,Rheumatoid factor positive,类风湿因子阳性,
HP:0002925,Elevated circulating thyroid-stimulating hormone concentration,血液促甲状腺激素增多,
HP:0002926,Abnormality of thyroid physiology,甲状腺生理功能异常,
HP:0002927,Histidinuria,组氨酸尿症,
HP:0002928,Decreased activity of the pyruvate dehydrogenase complex,丙酮酸脱氢酶（PDH）复合物活性降低,
HP:0002929,Leydig cell insensitivity to gonadotropin,睾丸间质细胞(莱氏细胞）对促性腺激素不敏感,
HP:0002930,Impaired sensitivity to thyroid hormone,甲状腺激素受体缺陷,
HP:0002932,Aldehyde oxidase deficiency,醛氧化酶缺乏症,
HP:0002933,Ventral hernia,腹疝,
HP:0002936,Distal sensory impairment,远端感觉障碍,
HP:0002937,Hemivertebrae,半椎体,
HP:0002938,Lumbar hyperlordosis,腰椎前凸过度,
HP:0002942,Thoracic kyphosis,胸椎后凸,
HP:0002943,Thoracic scoliosis,胸部脊柱侧弯,
HP:0002944,Thoracolumbar scoliosis,胸腰脊柱侧弯,
HP:0002945,Intervertebral space narrowing,椎间隙变窄,
HP:0002946,Supernumerary vertebrae,额外椎骨,
HP:0002947,Cervical kyphosis,颈椎后凸畸形,
HP:0002948,Vertebral fusion,椎体融合,
HP:0002949,Fused cervical vertebrae,颈椎融合,
HP:0002951,Partial absence of cerebellar vermis,小脑蚓部部分缺如,
HP:0002953,Vertebral compression fracture,椎体压缩性骨折,
HP:0002955,Granulomatosis,肉芽肿病,
HP:0002958,Immune dysregulation,免疫失调,
HP:0002959,Impaired Ig class switch recombination,免疫球蛋白类别转换重组障碍,
HP:0002960,Autoimmunity,自身免疫,
HP:0002961,Dysgammaglobulinemia,异常丙种球蛋白血症,
HP:0002963,Abnormal delayed hypersensitivity skin test,迟发型皮肤超敏试验异常,
HP:0002965,Cutaneous anergy,皮肤失能,
HP:0002967,Cubitus valgus,肘外翻,
HP:0002970,Genu varum,膝内翻,
HP:0002971,Absent microvilli on the surface of peripheral blood lymphocytes,外周血淋巴细胞表面微绒毛缺失,
HP:0002972,Reduced delayed hypersensitivity,迟发型超敏反应降低,
HP:0002973,Abnormal forearm morphology,前臂形态异常,
HP:0002974,Radioulnar synostosis,桡尺骨融合,
HP:0002977,Aplasia/Hypoplasia involving the central nervous system,中枢神经系统发育不全或不发育,
HP:0002979,Bowing of the legs,腿弯曲,
HP:0002980,Femoral bowing,股骨弯曲,
HP:0002981,Abnormality of the calf,腓部异常,
HP:0002982,Tibial bowing,胫骨弯曲,
HP:0002983,Micromelia,短肢,
HP:0002984,Hypoplasia of the radius,桡骨发育不全,
HP:0002986,Radial bowing,桡骨弯曲,
HP:0002987,Elbow flexion contracture,肘屈曲挛缩,
HP:0002990,Fibular aplasia,腓骨发育不良,
HP:0002991,Abnormal fibula morphology,腓骨形态异常,
HP:0002992,Abnormal tibia morphology,胫骨形态异常,
HP:0002996,Limited elbow movement,肘运动受限,
HP:0002999,Patellar dislocation,髌骨脱位,
HP:0003001,Glomus jugular tumor,颈静脉球瘤,
HP:0003002,Breast carcinoma,乳腺癌,
HP:0003003,Colon cancer,结肠癌,
HP:0003005,Ganglioneuroma,神经节瘤,
HP:0003006,Neuroblastoma,神经母细胞瘤,
HP:0003009,Enhanced neurotoxicity of vincristine,长春新碱的神经毒性增强,
HP:0003010,Prolonged bleeding time,出血时间延长,
HP:0003011,Abnormality of the musculature,肌肉组织异常,
HP:0003013,Bulging epiphyses,骨骺凸出,
HP:0003015,Flared metaphysis,喇叭状干骺端,
HP:0003016,Metaphyseal widening,干骺端增宽,
HP:0003019,Abnormality of the wrist,手腕异常,
HP:0003020,Enlargement of the wrists,手腕膨大,
HP:0003021,Metaphyseal cupping,干骺端内陷,
HP:0003022,Hypoplasia of the ulna,尺骨发育不良,
HP:0003023,Bowing of limbs due to multiple fractures,多发骨折致肢体弯曲,
HP:0003025,Metaphyseal irregularity,干骺端不规则,
HP:0003026,Short long bone,长骨短,
HP:0003027,Mesomelia,肢体中部不规则缩短,
HP:0003028,Abnormality of the ankle,脚踝异常,
HP:0003029,Enlargement of the ankles,脚踝膨大,
HP:0003031,Ulnar bowing,尺骨弯曲,
HP:0003034,Diaphyseal sclerosis,骨干硬化症,
HP:0003037,Enlarged joints,关节膨大,
HP:0003038,Fibular hypoplasia,腓骨发育不良,
HP:0003040,Arthropathy,关节病,
HP:0003041,Humeroradial synostosis,肱桡骨性融合,
HP:0003042,Elbow dislocation,肘关节脱位,
HP:0003043,Abnormal shoulder morphology,肩部形态异常,
HP:0003044,Shoulder flexion contracture,肩关节屈曲挛缩,
HP:0003045,Abnormal patella morphology,髌骨形态异常,
HP:0003048,Radial head subluxation,桡骨头半脱位,
HP:0003049,Ulnar deviation of the wrist,手腕向尺侧偏斜,
HP:0003051,Enlarged metaphyses,干骺端膨大,
HP:0003053,Epiphyseal deformities of tubular bones,管状骨骨骺变形,
HP:0003057,Tetraamelia,四肢缺如,
HP:0003059,Abnormality of the radioulnar joints,桡尺关节异常,
HP:0003063,Abnormality of the humerus,肱骨异常,
HP:0003065,Patellar hypoplasia,髌骨发育不全,
HP:0003066,Limited knee extension,伸膝受限,
HP:0003067,Madelung deformity,马德隆畸形,
HP:0003068,Madelung-like forearm deformities,马德隆样前臂畸形,
HP:0003070,Elbow ankylosis,肘运动受限,
HP:0003071,Flattened epiphysis,扁平骨骺,
HP:0003072,Hypercalcemia,高钙血症,
HP:0003073,Hypoalbuminemia,低蛋白血症,
HP:0003074,Hyperglycemia,高血糖,
HP:0003075,Hypoproteinemia,低蛋白血症,
HP:0003076,Glycosuria,糖尿,
HP:0003077,Hyperlipidemia,高脂血症,
HP:0003079,Defective DNA repair after ultraviolet radiation damage,紫外线辐射后DNA损伤修复缺陷,
HP:0003080,Hydroxyprolinuria,羟脯氨酸尿症,
HP:0003081,Increased urinary potassium,尿钾增加,
HP:0003083,Dislocated radial head,桡骨头脱位,
HP:0003084,Recurrent long bone fractures,复发性长骨骨折,
HP:0003085,Long fibula,长腓骨,
HP:0003086,Acromesomelia,肢端发育不良,
HP:0003088,Premature osteoarthritis,早发性关节炎,
HP:0003089,Hamstring contractures,腘绳肌挛缩,
HP:0003090,Hypoplasia of the capital femoral epiphysis,股骨近端骨骺发育不全,
HP:0003091,Trophic limb changes,营养性肢体变化,
HP:0003093,Limited hip extension,髋关节伸展受限,
HP:0003095,Septic arthritis,化脓性关节炎,
HP:0003097,Short femur,短股骨,
HP:0003099,Fibular overgrowth,腓骨过度生长,
HP:0003100,Slender long bone,长骨修长,
HP:0003102,Increased carrying angle,前臂外展偏角增加,
HP:0003103,Abnormal cortical bone morphology,皮质骨形态异常,
HP:0003105,Protuberances at ends of long bones,长骨末端突起,
HP:0003106,Subperiosteal bone resorption,骨膜下骨质吸收,
HP:0003107,Abnormal circulating cholesterol concentration,胆固醇代谢异常,
HP:0003108,Hyperglycinuria,高甘氨酸尿症,
HP:0003109,Hyperphosphaturia,高磷酸盐尿症,
HP:0003110,Abnormality of urine homeostasis,尿稳态平衡异常,
HP:0003111,Abnormal blood ion concentration,离子稳态平衡异常,
HP:0003112,Abnormal circulating amino acid concentration,血清氨基酸水平异常,
HP:0003113,Hypochloremia,低氯血症,
HP:0003115,Abnormal EKG,异常心电图,
HP:0003117,Abnormal circulating hormone concentration,血液激素水平异常,
HP:0003118,Increased circulating cortisol level,血皮质醇水平增加,
HP:0003119,Abnormal circulating lipid concentration,脂代谢异常,
HP:0003121,Limb joint contracture,肢体关节挛缩,
HP:0003124,Hypercholesterolemia,高胆固醇血症,
HP:0003125,Reduced factor VIII activity,凝血因子VIII活性减低,
HP:0003126,Low-molecular-weight proteinuria,低分子量蛋白尿,
HP:0003127,Hypocalciuria,低钙尿症,
HP:0003128,Lactic acidosis,乳酸酸中毒,
HP:0003130,Abnormal peripheral myelination,外周神经髓鞘异常,
HP:0003131,Cystinuria,胱氨酸尿症,
HP:0003133,Abnormality of the spinocerebellar tracts,脊髓小脑束异常,
HP:0003134,Abnormality of peripheral nerve conduction,周围神经传导异常,
HP:0003137,Prolinuria,脯氨酸尿,
HP:0003138,Increased blood urea nitrogen,血液尿素氮升高,
HP:0003139,Panhypogammaglobulinemia,全丙种球蛋白减少血症,
HP:0003140,T-wave inversion in the right precordial leads,右胸导联T波倒置,
HP:0003141,Increased LDL cholesterol concentration,高β-脂蛋白血症,
HP:0003142,Excessive purine production,嘌呤产生过量,
HP:0003144,Increased serum serotonin,血清5-羟色胺（血清素）水平升高,
HP:0003145,Decreased circulating adenosylcobalamin concentration,循环腺苷钴胺水平降低,
HP:0003146,Hypocholesterolemia,低胆固醇血症,
HP:0003148,Elevated serum acid phosphatase,血清酸性磷酸酶升高,
HP:0003149,Hyperuricosuria,高尿酸尿症,
HP:0003150,Glutaric aciduria,戊二酸尿症,
HP:0003153,Cystathioninuria,胱硫醚尿症,
HP:0003154,Increased circulating ACTH level,血促肾上腺皮质激素（ACTH）水平升高,
HP:0003155,Elevated circulating alkaline phosphatase concentration,碱性磷酸酶升高,
HP:0003158,Hyposthenuria,低渗尿,
HP:0003159,Hyperoxaluria,高草酸尿症,
HP:0003160,Abnormal isoelectric focusing of serum transferrin,血清转铁蛋白的等电位聚焦异常,
HP:0003161,4-Hydroxyphenylpyruvic aciduria,4-羟基苯丙酮酸尿症,
HP:0003162,Fasting hypoglycemia,空腹低血糖,
HP:0003163,Elevated urinary delta-aminolevulinic acid,尿δ-氨基乙酰丙酸水平升高,
HP:0003164,Hypothalamic gonadotropin-releasing hormone deficiency,下丘脑促性腺激素释放激素缺乏症,
HP:0003165,Elevated circulating parathyroid hormone level,血甲状旁腺激素水平升高,
HP:0003166,Increased urinary taurine,尿牛磺酸增加,
HP:0003167,Carnosinuria,肌肽尿,
HP:0003168,Dibasicaminoaciduria,双碱基氨基酸尿症,
HP:0003170,Abnormal acetabulum morphology,髋臼形态异常,
HP:0003172,Abnormal pubic bone morphology,耻骨形态异常,
HP:0003173,Hypoplastic pubic bone,耻骨发育不全,
HP:0003174,Abnormal ischium morphology,坐骨形态异常,
HP:0003175,Hypoplastic ischia,坐骨发育不全,
HP:0003177,Squared iliac bones,方形髂骨,
HP:0003179,Protrusio acetabuli,髋臼内陷,
HP:0003180,Flat acetabular roof,扁平髋臼顶,
HP:0003182,Shallow acetabular fossae,髋臼窝变浅,
HP:0003183,Wide pubic symphysis,耻骨联合增宽,
HP:0003184,Decreased hip abduction,髋关节外展减小,
HP:0003185,Short greater sciatic notch,骶髂切迹小,
HP:0003186,Inverted nipples,乳头内陷,
HP:0003187,Breast hypoplasia,乳房发育不良,
HP:0003189,Long nose,长鼻,
HP:0003191,Cleft ala nasi,鼻翼裂,
HP:0003193,Allergic rhinitis,过敏性鼻炎,
HP:0003194,Short nasal bridge,短鼻梁,
HP:0003196,Short nose,短鼻,
HP:0003198,Myopathy,肌病,
HP:0003199,Decreased muscle mass,肌量减少,
HP:0003200,Ragged-red muscle fibers,破碎红纤维,
HP:0003201,Rhabdomyolysis,横纹肌溶解症,
HP:0003202,Skeletal muscle atrophy,骨骼肌萎缩,
HP:0003203,Impaired oxidative burst,四氮唑蓝（NBT）还原试验阴性,
HP:0003204,Intracellular accumulation of autofluorescent lipopigment storage material,自体荧光脂色素存储物质的胞内堆积,
HP:0003205,Curvilinear intracellular accumulation of autofluorescent lipopigment storage material,自体荧光脂色素存储物质的胞内曲线堆积,
HP:0003206,Decreased activity of NADPH oxidase,NADPH氧化酶活性降低,
HP:0003207,Arterial calcification,动脉钙化,
HP:0003208,Fingerprint intracellular accumulation of autofluorescent lipopigment storage material,自体荧光脂色素存储物质的细胞内堆积指纹谱,
HP:0003209,Decreased pyruvate carboxylase activity,丙酮酸羧化酶活性降低,
HP:0003210,Decreased methylmalonyl-CoA mutase activity,甲基丙二酰辅酶A变位酶活性降低,
HP:0003212,Increased circulating IgE concentration,循环IgE水平升高,
HP:0003213,Deficient excision of UV-induced pyrimidine dimers in DNA,紫外线引起的DNA分子中嘧啶二聚体的切除缺陷,
HP:0003214,Prolonged G2 phase of cell cycle,细胞周期中G2期延长,
HP:0003215,Dicarboxylic aciduria,二羧酸尿症,
HP:0003216,Generalized amyloid deposition,淀粉样物质的广泛沉积,
HP:0003217,Hyperglutaminemia,高谷氨酰胺血症,
HP:0003218,Oroticaciduria,乳清酸尿症,
HP:0003219,Ethylmalonic aciduria,乙基丙二酸尿症,
HP:0003220,Abnormality of chromosome stability,染色体稳定性异常,
HP:0003221,Chromosomal breakage induced by crosslinking agents,交联剂诱发的染色体断裂,
HP:0003223,Decreased circulating methylcobalamin concentration,循环甲钴胺水平降低,
HP:0003224,Increased cellular sensitivity to UV light,对紫外光的细胞敏感度增强,
HP:0003225,Reduced coagulation factor V activity,凝血因子V活性减低,
HP:0003226,Rectilinear intracellular accumulation of autofluorescent lipopigment storage material,自体荧光脂色素存储物质的直线性胞内堆积,
HP:0003228,Hypernatremia,高钠血症,
HP:0003231,Hypertyrosinemia,高酪氨酸血症,
HP:0003232,Mitochondrial malic enzyme reduced,线粒体苹果酸酶减少,
HP:0003233,Decreased HDL cholesterol concentration,低α-脂蛋白血症,
HP:0003234,Decreased circulating carnitine concentration,循环肉碱浓度降低,
HP:0003235,Hypermethioninemia,高甲硫胺酸血症,
HP:0003236,Elevated circulating creatine kinase concentration,血清肌酸磷酸激酶升高,
HP:0003237,Increased circulating IgG concentration,循环IgG水平升高,
HP:0003238,Hyperpepsinogenemia I,高胃蛋白酶原血症,
HP:0003239,Phosphoethanolaminuria,磷酸乙醇胺尿症,
HP:0003240,Increased phosphoribosylpyrophosphate synthetase level,磷酸核糖焦磷酸合成酶增高,
HP:0003241,External genital hypoplasia,外生殖器发育不良,
HP:0003244,Penile hypospadias,阴茎型尿道下裂,
HP:0003246,Prominent scrotal raphe,阴囊中缝突出,
HP:0003247,Overgrowth of external genitalia,外生殖器过度生长,
HP:0003248,Gonadal tissue inappropriate for external genitalia or chromosomal sex,性腺组织与外生殖器或染色体性别不相配,
HP:0003249,Genital ulcers,生殖器溃疡,
HP:0003250,Aplasia of the vagina,阴道发育不全,
HP:0003251,Male infertility,男性不育,
HP:0003252,Anteriorly displaced genitalia,外生殖器向前移位,
HP:0003254,Abnormality of DNA repair,DNA修复异常,
HP:0003256,Abnormality of the coagulation cascade,凝血因子级联反应异常,
HP:0003258,Glyoxalase deficiency,乙二醛酶缺乏症,
HP:0003259,Elevated circulating creatinine concentration,血清肌酐水平升高,
HP:0003260,Hydroxyprolinemia,羟脯氨酸血症,
HP:0003261,Increased circulating IgA concentration,循环IgA水平升高,
HP:0003262,Anti-smooth muscle antibody positivity,抗平滑肌抗体阳性,
HP:0003264,Deficiency of N-acetylglucosamine-1-phosphotransferase,N-乙酰氨基葡萄糖胺-1-磷酸转移酶缺陷,
HP:0003265,Neonatal hyperbilirubinemia,新生儿高胆红素血症,
HP:0003267,Reduced orotidine 5-prime phosphate decarboxylase level,乳清苷5'磷酸苷脱羧酶活性降低,
HP:0003268,Argininuria,精氨酸尿,
HP:0003269,Sudanophilic leukodystrophy,嗜苏丹型脑白质营养不良,
HP:0003270,Abdominal distention,腹胀,
HP:0003271,Visceromegaly,内脏肿大,
HP:0003272,Abnormal hip bone morphology,髋骨形态异常,
HP:0003273,Hip contracture,髋关节挛缩,
HP:0003274,Hypoplastic acetabulae,髋臼发育低下,
HP:0003275,Narrow pelvis bone,骨盆狭窄,
HP:0003276,Pelvic bone exostoses,骨盆外生骨疣,
HP:0003277,Constricted iliac wing,收缩的髂翼,
HP:0003278,Square pelvis bone,方形骨盆,
HP:0003279,Coxa magna,髋膨大,
HP:0003281,Increased circulating ferritin concentration,血清铁蛋白升高,
HP:0003282,Low alkaline phosphatase,低碱性磷酸酶,
HP:0003286,Cystathioninemia,胱硫醚血症,
HP:0003287,Abnormality of mitochondrial metabolism,线粒体代谢异常,
HP:0003288,Mitochondrial propionyl-CoA carboxylase defect,线粒体丙酰辅酶A羧化酶（PCC）缺陷,
HP:0003292,Decreased serum leptin,血清瘦素水平降低,
HP:0003296,Hyperthreoninuria,高苏氨酸尿症,
HP:0003297,Hyperlysinuria,高赖氨酸尿症,
HP:0003298,Spina bifida occulta,隐性脊柱裂,
HP:0003300,Ovoid vertebral bodies,卵形椎体,
HP:0003301,Irregular vertebral endplates,椎体终板不规则,
HP:0003302,Spondylolisthesis,脊椎滑脱症,
HP:0003304,Spondylolysis,峡部裂,
HP:0003305,Block vertebrae,脊椎分节不全,
HP:0003306,Spinal rigidity,脊柱强直,
HP:0003307,Hyperlordosis,脊柱前凸过度,
HP:0003308,Cervical subluxation,颈椎半脱位,
HP:0003309,Ovoid thoracolumbar vertebrae,卵形胸腰椎体,
HP:0003310,Abnormal odontoid process morphology,齿状突形态异常,
HP:0003311,Hypoplasia of the odontoid process,齿状突发育不全,
HP:0003312,Abnormal form of the vertebral bodies,椎体形态异常,
HP:0003316,Butterfly vertebrae,蝴蝶椎,
HP:0003318,Cervical spine hypermobility,颈椎过度活动,
HP:0003319,Abnormality of the cervical spine,颈椎异常,
HP:0003320,C1-C2 subluxation,C1-C2半脱位,
HP:0003321,Biconcave flattened vertebrae,双凹扁平椎体,
HP:0003323,Progressive muscle weakness,进行性肌无力,
HP:0003324,Generalized muscle weakness,泛发性肌无力,
HP:0003325,Limb-girdle muscle weakness,肢带肌无力,
HP:0003326,Myalgia,肌痛,
HP:0003327,Axial muscle weakness,中轴肌无力,
HP:0003328,Abnormal hairshaft morphology,毛干形态异常,
HP:0003329,Hair shafts flattened at irregular intervals and twisted through 180 degrees about their axes,毛干不规则扁平分布并绕发轴180度扭转,
HP:0003330,Abnormal bone structure,骨结构异常,
HP:0003332,Absent primary metaphyseal spongiosa,初级干骺端骨松质缺失,
HP:0003333,Increased serum beta-hexosaminidase,血清β-氨基己糖苷酶增高,
HP:0003334,Elevated circulating catecholamine level,血儿茶酚胺水平升高,
HP:0003336,Abnormal enchondral ossification,软骨内骨化异常,
HP:0003337,Reduced prothrombin consumption,凝血酶原消耗减少,
HP:0003338,Focal necrosis of right ventricular muscle cells,右心室肌细胞局灶性坏死,
HP:0003339,Pyrimidine-responsive megaloblastic anemia,嘧啶反应性巨幼细胞性贫血,
HP:0003341,Lamina lucida cleavage,透明层裂隙,
HP:0003343,Reduced glutathione synthetase level,谷胱甘肽合成酶缺乏症,
HP:0003344,3-Methylglutaric aciduria,3-甲基戊二酸尿症,
HP:0003345,Elevated urinary norepinephrine level,尿去甲肾上腺素水平升高,
HP:0003347,Impaired lymphocyte transformation with phytohemagglutinin,植物血凝素淋巴细胞转化受损,
HP:0003348,Hyperalaninemia,高丙氨酸血症,
HP:0003349,Low cholesterol esterification rate,低胆固醇酯化率,
HP:0003351,Decreased circulating renin concentration,循环肾素水平降低,
HP:0003352,Endopolyploidy on chromosome studies of bone marrow,骨髓染色体的核内多倍性检查,
HP:0003353,Propionyl-CoA carboxylase deficiency,丙酰辅酶A羧化酶缺乏,
HP:0003354,Hyperthreoninemia,高苏氨酸血症,
HP:0003355,Aminoaciduria,氨基酸尿,
HP:0003357,Thymic hormone decreased,胸腺激素减少,
HP:0003358,Elevated intracellular cystine,胞内胱氨酸浓度升高,
HP:0003359,Decreased urinary sulfate,尿硫酸盐减少,
HP:0003361,Tryptophanuria,色氨酸尿症,
HP:0003362,Increased VLDL cholesterol concentration,循环系统内的极低密度脂蛋白胆固醇浓度增高,
HP:0003363,Abdominal situs inversus,腹部内脏逆位,
HP:0003365,Arthralgia of the hip,髋关节痛,
HP:0003366,Abnormal femoral neck/head morphology,股骨颈/头形态异常,
HP:0003367,Abnormal femoral neck morphology,股骨颈形态异常,
HP:0003368,Abnormal femoral head morphology,股骨头形态异常,
HP:0003370,Flat capital femoral epiphysis,股骨近端骨骺扁平,
HP:0003371,Enlargement of the proximal femoral epiphysis,股骨近端骨骺膨大,
HP:0003375,Narrow greater sciatic notch,坐骨大切迹变窄,
HP:0003376,Steppage gait,跨阈步态,
HP:0003378,Axonal degeneration/regeneration,轴索变性/再生,
HP:0003380,Decreased number of peripheral myelinated nerve fibers,周围有髓神经纤维数量减少,
HP:0003382,Hypertrophic nerve changes,肥厚性神经改变,
HP:0003383,Onion bulb formation,洋葱球形成,
HP:0003384,Peripheral axonal atrophy,外围神经轴索萎缩,
HP:0003387,Decreased number of large peripheral myelinated nerve fibers,大的周围有髓鞘神经纤维数量减少,
HP:0003388,Easy fatigability,易疲劳性,
HP:0003390,Sensory axonal neuropathy,感觉轴索神经病,
HP:0003391,Gowers sign,高尔斯征,
HP:0003392,First dorsal interossei muscle weakness,第一背侧骨间肌无力,
HP:0003393,Thenar muscle atrophy,鱼际肌萎缩,
HP:0003394,Muscle spasm,肌肉痉挛,
HP:0003396,Syringomyelia,脊髓空洞症,
HP:0003397,Generalized hypotonia due to defect at the neuromuscular junction,由于神经肌肉接头缺陷导致的广泛性肌张力减低,
HP:0003398,Abnormal synaptic transmission at the neuromuscular junction,神经肌肉接头异常,
HP:0003400,Basal lamina onion bulb formation,基底层“洋葱头样”改变,
HP:0003401,Paresthesia,感觉异常,
HP:0003402,Decreased miniature endplate potentials,微终板电位降低,
HP:0003403,EMG: decremental response of compound muscle action potential to repetitive nerve stimulation,EMG：复合肌肉动作电位对重复神经刺激的反应递减,
HP:0003405,Diffuse axonal swelling,弥漫性轴索肿胀,
HP:0003406,Peripheral nerve compression,周围神经受压,
HP:0003409,Distal sensory impairment of all modalities,远端各种感觉障碍,
HP:0003411,Proximal femoral metaphyseal irregularity,股骨近端干骺端不规则,
HP:0003413,Atlantoaxial abnormality,寰枢椎畸形,
HP:0003414,Atlantoaxial dislocation,寰枢椎脱位,
HP:0003416,Spinal canal stenosis,椎管狭窄,
HP:0003417,Coronal cleft vertebrae,冠状位脊柱裂,
HP:0003418,Back pain,背部疼痛,
HP:0003419,Low back pain,下背部疼痛,
HP:0003422,Vertebral segmentation defect,椎体分节缺陷,
HP:0003423,Thoracolumbar kyphoscoliosis,胸腰段脊柱后侧凸畸形,
HP:0003426,First dorsal interossei muscle atrophy,第一背侧骨间肌萎缩,
HP:0003427,Thenar muscle weakness,鱼际肌无力,
HP:0003429,CNS hypomyelination,中枢神经系统髓鞘形成减少,
HP:0003431,Decreased motor nerve conduction velocity,运动神经传导速度降低,
HP:0003434,Sensory ataxic neuropathy,感觉性共济失调性神经病,
HP:0003435,Cold-induced hand cramps,寒冷诱发的手肌强直,
HP:0003436,Prolonged miniature endplate currents,微终板电流延长,
HP:0003438,Absent Achilles reflex,跟腱反射消失,
HP:0003440,Horizontal sacrum,水平骶骨,
HP:0003443,Decreased size of nerve terminals,神经终板缩小,
HP:0003444,EMG: chronic denervation signs,肌电图:慢性失神经支配的征象,
HP:0003445,EMG: neuropathic changes,肌电图：神经源性变化,
HP:0003447,Axonal loss,轴突缺失,
HP:0003448,Decreased sensory nerve conduction velocity,感觉神经传导速度降低,
HP:0003449,Cold-induced muscle cramps,冷刺激引起的肌肉痉挛,
HP:0003450,Axonal regeneration,轴突再生,
HP:0003451,Increased rate of premature chromosome condensation,早熟染色体凝缩率增高,
HP:0003452,Increased circulating iron concentration,循环铁水平增加,
HP:0003453,Antineutrophil antibody positivity,抗中性粒细胞抗体阳性,
HP:0003454,Platelet antibody positive,血小板抗体阳性,
HP:0003455,Elevated circulating long chain fatty acid concentration,长链脂肪酸水平升高,
HP:0003456,Low urinary cyclic AMP response to PTH administration,尿环腺苷酸对甲状旁腺素（PTH）治疗反应低下,
HP:0003457,EMG abnormality,肌电图异常,
HP:0003458,EMG: myopathic abnormalities,EMG:肌病样异常,
HP:0003459,Polyclonal elevation of IgM,IgM抗体多克隆性增高,
HP:0003460,Decreased circulating total IgA,循环总 IgA 降低,
HP:0003461,Increased urinary O-linked sialopeptides,尿液唾液酸肽增加,
HP:0003462,Elevated 8-dehydrocholesterol,8-脱氢胆固醇水平升高,
HP:0003463,Increased extraneuronal autofluorescent lipopigment,神经元外自体荧光脂褐素增加,
HP:0003465,Elevated 8(9)-cholestenol,8（9）-胆甾烯醇水平升高,
HP:0003466,Paradoxical increased cortisol secretion on dexamethasone suppression test,地塞米松抑制试验皮质醇分泌反常增加,
HP:0003467,Atlantoaxial instability,寰枢椎不稳,
HP:0003468,Abnormal vertebral morphology,椎骨形态异常,
HP:0003469,Peripheral dysmyelination,外周神经髓鞘化障碍,
HP:0003470,Paralysis,瘫痪,
HP:0003472,Hypocalcemic tetany,低钙搐搦,
HP:0003473,Fatigable weakness,疲劳性肌无力,
HP:0003474,Somatic sensory dysfunction,躯体感觉异常,
HP:0003477,Peripheral axonal neuropathy,轴索性周围神经病,
HP:0003481,Segmental peripheral demyelination/remyelination,节段性神经末梢脱髓鞘/髓鞘再生,
HP:0003482,EMG: axonal abnormality,肌电图：轴突异常,
HP:0003484,Upper limb muscle weakness,上肢肌无力,
HP:0003487,Babinski sign,巴彬斯基征,
HP:0003489,Acute episodes of neuropathic symptoms,神经性症状急性发作,
HP:0003491,Elevated urine pyrophosphate,尿焦磷酸增高,
HP:0003492,High urinary gonadotropin level,尿液促性腺激素高,
HP:0003493,Antinuclear antibody positivity,抗核抗体阳性,
HP:0003495,GM2-ganglioside accumulation,GM2神经节苷脂堆积,
HP:0003496,Increased circulating IgM level,循环IgM水平升高,
HP:0003498,Disproportionate short stature,不成比例的身材矮小,
HP:0003502,Mild short stature,轻度身材矮小,
HP:0003508,Proportionate short stature,成比例身材矮小,
HP:0003510,Severe short stature,严重的身材矮小,
HP:0003513,Reduced ratio of renal calcium clearance to creatinine clearance,肾钙清除与肌酐清除比率降低,
HP:0003514,Deficiency or absence of cytochrome b(-245),细胞色素b（-245）缺乏或缺失,
HP:0003517,Birth length greater than 97th percentile,出生身长大于97百分位数,
HP:0003521,Disproportionate short-trunk short stature,不成比例的短躯干性矮小,
HP:0003524,Decreased methionine synthase activity,甲硫氨酸合成酶活性降低,
HP:0003526,Orotic acid crystalluria,乳清酸结晶尿症,
HP:0003527,Hyperprostaglandinuria,高前列腺素尿症,
HP:0003528,Elevated circulating calcitonin concentration,循环降钙素浓度升高,
HP:0003529,Parathormone-independent increased renal tubular calcium reabsorption,非甲状旁腺激素依赖性肾小管钙重吸收增加,
HP:0003530,Elevated circulating glutaric acid concentration,戊二酸血症,
HP:0003532,Ornithinuria,鸟氨酸尿症,
HP:0003533,Reduced acetaldehyde dehydrogenase level,乙醛氧化延迟,
HP:0003534,Reduced xanthine dehydrogenase level,黄嘌呤脱氢酶活性降低,
HP:0003535,3-Methylglutaconic aciduria,3-甲基戊烯二酸尿症,
HP:0003536,Decreased fumarate hydratase activity,延胡索酸水解酶活性降低,
HP:0003537,Hypouricemia,低尿酸血症,
HP:0003538,Increased iduronate sulfatase level,艾杜糖醛酸硫酸酯酶水平升高,
HP:0003540,Impaired platelet aggregation,血小板聚集障碍,
HP:0003541,Urinary glycosaminoglycan excretion,糖胺聚糖尿排泄,
HP:0003542,Increased serum pyruvate,血清丙酮酸增高,
HP:0003546,Exercise intolerance,运动不耐受,
HP:0003547,Shoulder girdle muscle weakness,肩胛带肌肉无力,
HP:0003548,Subsarcolemmal accumulations of abnormally shaped mitochondria,肌膜下形态异常的线粒体沉积,
HP:0003549,Abnormality of connective tissue,结缔组织异常,
HP:0003550,Predominantly lower limb lymphedema,主要累及下肢的淋巴水肿,
HP:0003551,Difficulty climbing stairs,爬楼梯困难,
HP:0003552,Muscle stiffness,肌肉僵硬,
HP:0003554,Type 2 muscle fiber atrophy,2型肌纤维萎缩,
HP:0003555,Muscle fiber splitting,肌纤维分裂,
HP:0003557,Increased variability in muscle fiber diameter,肌纤维直径变异性增大,
HP:0003558,Viral infection-induced rhabdomyolysis,病毒感染诱导的横纹肌瘤,
HP:0003559,Muscle hyperirritability,腱反射亢进,
HP:0003560,Muscular dystrophy,肌营养不良,
HP:0003561,Birth length less than 3rd percentile,出生身长小于第3百分位数,
HP:0003562,Abnormal metaphyseal vascular invasion,干骺端血管异常侵犯,
HP:0003563,Decreased LDL cholesterol concentration,低β-脂蛋白血症,
HP:0003564,Folate-dependent fragile site at Xq28,叶酸依赖性Xq28脆性位点,
HP:0003565,Elevated erythrocyte sedimentation rate,红细胞沉降速度升高,
HP:0003566,Increased serum prostaglandin E2,血清前列腺素E2增高,
HP:0003568,Decreased glucosephosphate isomerase level,葡萄糖磷酸异构酶活性降低,
HP:0003570,Molybdenum cofactor deficiency,钼辅助因子缺乏,
HP:0003571,Propionic acidemia,丙酸血症,
HP:0003572,Low plasma citrulline,低血浆瓜氨酸,
HP:0003573,Increased total bilirubin,总胆红素增加,
HP:0003574,Positive regitine blocking test,酚妥拉明阻断试验阳性,
HP:0003575,Increased intracellular sodium,细胞内钠离子浓度增高,
HP:0003577,Congenital onset,先天发病,
HP:0003581,Adult onset,成年期发病,
HP:0003584,Late onset,老年期发病,
HP:0003587,Insidious onset,隐袭发病,
HP:0003593,Infantile onset,婴儿期发病,
HP:0003596,Middle age onset,中年期发病,
HP:0003606,Absent urinary urothione,尿硫蝶呤缺失,
HP:0003607,4-hydroxyphenylacetic aciduria,4-羟基苯乙酸尿症,
HP:0003609,Foam cells with lamellar inclusion bodies,层状包涵体泡沫细胞,
HP:0003610,Fibroblast metachromasia,成纤维细胞异染,
HP:0003612,Positive ferric chloride test,三氯化铁试验阳性,
HP:0003613,Antiphospholipid antibody positivity,抗磷脂抗体阳性,
HP:0003614,Trimethylaminuria,三甲胺尿症,
HP:0003616,Premature separation of centromeric heterochromatin,着丝粒异染色质的过早分离,
HP:0003621,Juvenile onset,青少年期发病,
HP:0003623,Neonatal onset,新生儿期发病,
HP:0003634,Amyoplasia,广泛肌肉发育不良,
HP:0003635,Loss of subcutaneous adipose tissue in limbs,四肢皮下脂肪组织丢失,
HP:0003637,Reduced circulating 4-Hydroxyphenylpyruvate dioxygenase activity,循环4-羟基苯丙酮酸双加氧酶活性降低,
HP:0003639,Elevated urinary epinephrine level,尿肾上腺素水平升高,
HP:0003640,CNS foam cells,中枢神经系统泡沫细胞,
HP:0003641,Hemoglobinuria,血红蛋白尿,
HP:0003642,Type I transferrin isoform profile,I型转铁蛋白异构体谱,
HP:0003643,Sulfite oxidase deficiency,亚硫酸氧化酶缺乏症,
HP:0003645,Prolonged partial thromboplastin time,部分凝血活酶时间延长,
HP:0003646,Bicarbonaturia,尿重碳酸氢盐增多,
HP:0003647,Electron transfer flavoprotein-ubiquinone oxidoreductase defect,电子传递黄素蛋白 - 泛醌氧化还原酶缺陷,
HP:0003648,Lacticaciduria,乳酸血症,
HP:0003649,Abnormal glycosidase enzyme activity,糖苷酶活性异常,
HP:0003651,Foam cells,泡沫细胞,
HP:0003652,Recurrent myoglobinuria,复发性肌红蛋白尿,
HP:0003653,Cellular metachromasia,细胞异染,
HP:0003654,Reduced dihydropyrimidine dehydrogenase level,双氢嘧啶脱氢酶活性降低,
HP:0003655,Reduced level of N-acetylglucosaminyltransferase II,N-乙酰氨基葡萄糖转移酶II活性降低,
HP:0003656,Decreased beta-glucocerebrosidase level,β-葡萄糖脑苷脂酶蛋白和活性降低,
HP:0003657,Vascular granular osmiophilic material deposition,血管颗粒状嗜锇物质沉积,
HP:0003658,Hypomethioninemia,低甲硫氨酸血症,
HP:0003665,Amyotrophy of the musculature of the pelvis,骨盆肌萎缩,
HP:0003674,Onset,发病期,
HP:0003676,Progressive,进行性/渐进性,
HP:0003677,Slowly progressive,缓慢进展,
HP:0003678,Rapidly progressive,快速进展,
HP:0003679,Pace of progression,进展速度,
HP:0003680,Nonprogressive,非进行性,
HP:0003682,Variable progression rate,可变性进展,
HP:0003687,Centrally nucleated skeletal muscle fibers,中央成核的骨骼肌纤维,
HP:0003688,Cytochrome C oxidase-negative muscle fibers,细胞色素C氧化酶阴性肌肉纤维,
HP:0003689,Multiple mitochondrial DNA deletions,线粒体DNA多处缺失,
HP:0003690,Limb muscle weakness,四肢肌肉无力,
HP:0003691,Scapular winging,翼状肩胛,
HP:0003693,Distal amyotrophy,远端肌肉萎缩,
HP:0003694,Late-onset proximal muscle weakness,晚发性近端肌无力,
HP:0003696,Absent epiphysis of the distal phalanx of the 5th finger,第五指末节指骨骨骺缺如,
HP:0003697,Scapuloperoneal amyotrophy,肩腓肌萎缩,
HP:0003698,Difficulty standing,站立困难,
HP:0003700,Generalized amyotrophy,泛发性肌萎缩,
HP:0003701,Proximal muscle weakness,近端肌肉无力,
HP:0003704,Scapuloperoneal weakness,肩腓肌无力,
HP:0003707,Calf muscle pseudohypertrophy,小腿肌肉假性肥大,
HP:0003710,Exercise-induced muscle cramps,运动引起的肌肉痉挛,
HP:0003712,Skeletal muscle hypertrophy,骨骼肌肥大,
HP:0003713,Muscle fiber necrosis,肌纤维坏死,
HP:0003715,Myofibrillar myopathy,肌原纤维肌病,
HP:0003716,Generalized muscular appearance from birth,出生时全身肌肉显露,
HP:0003717,Minimal subcutaneous fat,最低限度的皮下脂肪,
HP:0003719,Muscle mounding,肌球,
HP:0003720,Generalized muscle hypertrophy,广泛肌肉肥大,
HP:0003722,Neck flexor weakness,颈屈肌无力,
HP:0003724,Shoulder girdle muscle atrophy,肩胛带肌肉萎缩,
HP:0003725,Firm muscles,肌肉坚硬,
HP:0003729,Enteroviral dermatomyositis syndrome,肠道病毒皮肌炎综合征,
HP:0003730,EMG: myotonic runs,强直型肌电图波,
HP:0003731,Quadriceps muscle weakness,股四头肌无力,
HP:0003733,Thigh hypertrophy,大腿肥大,
HP:0003736,Autophagic vacuoles,自噬空泡,
HP:0003737,Mitochondrial myopathy,线粒体肌病,
HP:0003738,Exercise-induced myalgia,运动诱发的肌肉痛,
HP:0003739,Myoclonic spasms,肌阵挛性抽搐,
HP:0003740,Myotonia with warm-up phenomenon,运动后肌强直现象,
HP:0003743,Genetic anticipation,遗传早现,
HP:0003744,Genetic anticipation with paternal anticipation bias,偏向父系传递的遗传早现,
HP:0003745,Sporadic,散发的,
HP:0003749,Pelvic girdle muscle weakness,骨盆带肌无力,
HP:0003750,Increased muscle fatiguability,肌肉易疲劳,
HP:0003752,Episodic flaccid weakness,发作性弛缓无力,
HP:0003755,Type 1 fibers relatively smaller than type 2 fibers,1型纤维相对于2型纤维小,
HP:0003756,Skeletal myopathy,骨骼肌病,
HP:0003758,Reduced subcutaneous adipose tissue,皮下脂肪组织减少,
HP:0003759,Hypoplasia of lymphatic vessels,淋巴管发育不全,
HP:0003760,Percussion-induced rapid rolling muscle contractions,扣击引起的快速滚动的肌肉收缩（PIRC）,
HP:0003761,Calcinosis,钙质沉着,
HP:0003762,Uterus didelphys,双子宫,
HP:0003763,Bruxism,磨牙症,
HP:0003764,Nevus,色素痣,
HP:0003765,Psoriasiform dermatitis,银屑病样皮炎,
HP:0003768,Periodic paralysis,周期性麻痹,
HP:0003771,Pulp calcification,牙髓钙化,
HP:0003774,Stage 5 chronic kidney disease,慢性肾病5期,
HP:0003777,Pili torti,卷发,
HP:0003778,Short mandibular rami,下颌支短,
HP:0003779,Antegonial notching of mandible,下颌骨前角切迹,
HP:0003781,Excessive salivation,唾液分泌过多,
HP:0003782,Eunuchoid habitus,类无睾者习性,
HP:0003784,Type 1 collagen overmodification,Ⅰ型胶原过度修饰,
HP:0003785,Decreased CSF homovanillic acid concentration,脑脊液高香草酸水平降低,
HP:0003787,Type 1 and type 2 muscle fiber minicore regions,1 型和 2 型肌纤维微核心区域,
HP:0003789,Minicore myopathy,小核肌病,
HP:0003791,Deposits immunoreactive to beta-amyloid protein,β-淀粉样蛋白免疫反应性沉积,
HP:0003795,Short middle phalanx of toe,中节趾骨短,
HP:0003796,Irregular iliac crest,髂嵴不规则,
HP:0003797,Limb-girdle muscle atrophy,肢带肌萎缩,
HP:0003798,Nemaline bodies,杆状体,
HP:0003799,Marked delay in bone age,骨龄显著延迟,
HP:0003800,Muscle abnormality related to mitochondrial dysfunction,线粒体功能障碍引起的肌异常,
HP:0003803,Type 1 muscle fiber predominance,1型肌纤维优势,
HP:0003805,Rimmed vacuoles,镶边空泡,
HP:0003808,Abnormal muscle tone,肌张力异常,
HP:0003809,Reduced intrathoracic adipose tissue,胸内脂肪组织减少,
HP:0003810,Late-onset distal muscle weakness,晚发型远端肌无力,
HP:0003811,Neonatal death,新生儿期夭折,
HP:0003812,Phenotypic variability,表型多样性,
HP:0003819,Death in childhood,儿童期死亡,
HP:0003826,Stillbirth,死胎,
HP:0003828,Variable expressivity,表现度差异,
HP:0003829,Typified by incomplete penetrance,具有不完全外显的特征,
HP:0003831,Typified by age-related disease onset,以与年龄相关的疾病发作为典型,
HP:0003832,Abnormality of the tibial plateaux,胫骨平台异常,
HP:0003833,Laterally deficient tibial plateaux,胫骨平台外侧缺陷,
HP:0003834,Shoulder dislocation,肩关节脱位,
HP:0003835,Shoulder subluxation,肩关节半脱位,
HP:0003836,Stippled calcification of the shoulder,肩部点状钙化,
HP:0003837,Soft-tissue ossification around the shoulders,肩周软组织骨化,
HP:0003839,Abnormal upper limb epiphysis morphology,上肢骨骺形态异常,
HP:0003840,Delayed upper limb epiphyseal ossification,上肢骨骺骨化延迟,
HP:0003841,Fragmented epiphyses of the upper limbs,上肢骨骺碎裂,
HP:0003842,Irregular epiphyses of the upper limbs,上肢骨骺不规则,
HP:0003843,Round epiphyses of the upper limbs,上肢圆形骨骺,
HP:0003844,Small epiphyses of the upper limbs,上肢小骨骺,
HP:0003846,Wide epiphyseal plates of the upper limbs,上肢骨骺板增宽,
HP:0003848,Cupped metaphyses of the upper limbs,上肢杯状干骺端,
HP:0003849,Flared upper limb metaphysis,上肢骨喇叭状干骺端,
HP:0003850,Upper-limb metaphyseal irregularity,上肢干骺端不规则,
HP:0003851,Lytic defects in metaphyses of the upper limbs,上肢干骺端溶骨缺陷,
HP:0003852,Normal density transverse bands in metaphyses of the upper limbs,上肢干骺端正常密度横带,
HP:0003853,Sclerosis with transverse striations in metaphyses of the upper limbs,上肢干骺端横条纹硬化,
HP:0003854,Sclerosis of metaphyses of the upper limbs,上肢干骺端硬化,
HP:0003855,Spurred metaphyses of the upper limbs,上肢干骺端骨刺,
HP:0003856,Upper limb metaphyseal widening,上肢干骺端增宽,
HP:0003858,Cortical diaphyseal irregularity of the upper limbs,上肢骨干皮质不规则,
HP:0003859,Cortical diaphyseal thickening of the upper limbs,上肢骨干皮质增厚,
HP:0003860,Diaphyseal sclerosis of the upper limbs,上肢骨干硬化,
HP:0003861,Broad diaphyses of the upper limbs,上肢骨干变宽,
HP:0003862,Absent humerus,肱骨缺如,
HP:0003863,Angulated humerus,成角肱骨,
HP:0003864,Bifid humerus,肱骨骨裂,
HP:0003865,Bowed humerus,肱骨弯曲,
HP:0003866,Coarse humeral trabeculae,粗大的肱骨小梁,
HP:0003867,Humeral cortical irregularity,肱骨皮质不规则,
HP:0003868,Humeral cortical thickening,肱骨皮质增厚,
HP:0003869,Humeral cortical thinning,肱骨皮质变薄,
HP:0003870,Crumpled humerus,肱骨皱缩,
HP:0003871,Deformed humerus,肱骨变形,
HP:0003872,Humeral exostoses,肱骨外生骨疣,
HP:0003874,Humerus varus,肱骨内翻,
HP:0003875,Humeral lytic defects,肱骨溶骨缺陷,
HP:0003876,Osteoporotic humerus,肱骨骨质疏松,
HP:0003877,Oval transradiancy of humerus,肱骨椭圆形经辐射,
HP:0003878,Periosteal new bone of humerus,肱骨骨膜新骨,
HP:0003879,Humeral pseudarthrosis,肱骨假关节,
HP:0003880,Sclerotic foci of the humerus,肱骨硬化灶,
HP:0003881,Humeral sclerosis,肱骨硬化,
HP:0003882,Slender humerus,肱骨修长,
HP:0003883,Tapered humerus,锥形肱骨,
HP:0003884,Triangular humerus,三角形肱骨,
HP:0003885,Undermodeled humerus,未成形肱骨,
HP:0003886,Wide humerus,宽肱骨,
HP:0003887,Abnormal humeral head morphology,肱骨头形态异常,
HP:0003888,Flattened humeral heads,肱骨头扁平,
HP:0003889,Abnormal deltoid tuberosity morphology,三角肌粗隆形态异常,
HP:0003890,Prominent deltoid tuberosities,三角肌粗隆凸起,
HP:0003891,Abnormality of the humeral epiphysis,肱骨骨骺异常,
HP:0003892,Absent humeral epiphyseal ossification,肱骨骨骺未骨化,
HP:0003893,Advanced ossification of the humeral epiphysis,肱骨骨骺骨化过早,
HP:0003894,Delayed humeral epiphyseal ossification,肱骨骨骺骨化延迟,
HP:0003895,Flattened humeral epiphyses,肱骨骨骺扁平,
HP:0003896,Irregular humeral epiphyses,肱骨骨骺不规则,
HP:0003897,Irregular ossification of the humeral epiphyses,肱骨骨骺不规则骨化,
HP:0003898,Large humeral epiphyses,大肱骨骨骺,
HP:0003899,Round humeral epiphyses,圆形肱骨骨骺,
HP:0003900,Small humeral epiphyses,小肱骨骨骺,
HP:0003901,Stippled calcification of the humeral epiphyses,肱骨骨骺点状钙化,
HP:0003902,Epiphyseal stippling of the humerus,肱骨骨骺斑点化,
HP:0003903,Broad humeral epiphyses,宽肱骨骨骺,
HP:0003904,Wide epiphyses of the upper limbs,上肢骨骺增宽,
HP:0003905,Abnormality of the humeral epiphyseal plate,肱骨骨骺板异常,
HP:0003906,Broad humeral epiphyseal plate,宽肱骨骨骺板,
HP:0003907,Abnormal humeral metaphysis morphology,肱骨干骺端形态异常,
HP:0003908,Corner fracture of metaphysis,干骺端角骨折,
HP:0003909,Cortical subperiosteal resorption of humeral metaphyses,肱骨干骺端皮质骨膜下吸收,
HP:0003910,Enlarged humeral metaphyses,肱骨干骺端膨大,
HP:0003911,Flared humeral metaphysis,喇叭状肱骨干骺端,
HP:0003912,Frayed humeral metaphyses,肱骨干骺端磨损,
HP:0003913,Humeral metaphyseal irregularity,肱骨干骺端不规则,
HP:0003914,Irregular ossification of humeral metaphyses,肱骨干骺端不规则骨化,
HP:0003915,Lytic defects of the humeral metaphysis,肱骨干骺端溶骨缺陷,
HP:0003916,Normal-density transverse humeral bands,正常密度肱骨横带,
HP:0003917,Pointed humeral metaphysis,肱骨干骺端突出,
HP:0003918,Sclerotic humeral metaphysis,肱骨干骺端硬化,
HP:0003919,Sclerotic humeral metaphysis with longitudinal striations,肱骨干骺端硬化并有纵纹,
HP:0003920,Sloping humeral metaphysis,肱骨干骺端倾斜,
HP:0003921,Laterally sloping humeral metaphysis,肱骨干骺端横向倾斜,
HP:0003922,Spurred humeral metaphysis,肱骨干骺端骨刺,
HP:0003923,Square humeral metaphysis,肱骨方形干骺端,
HP:0003924,Stippled calcification of humeral metaphysis,肱骨干骺端点状钙化,
HP:0003926,Abnormal humeral diaphysis morphology,肱骨骨干形态异常,
HP:0003927,Cortical irregularity of humeral diaphysis,肱骨骨干不规则皮质,
HP:0003928,Cortical thickening of humeral diaphysis,肱骨骨干皮质增厚,
HP:0003929,Ground glass opacity of humeral diaphysis,肱骨骨干磨砂玻璃样观,
HP:0003930,Lytic defects of humeral diaphysis,肱骨骨干溶骨缺陷,
HP:0003931,Periosteal new bone of humeral diaphysis,肱骨骨干骨膜新骨,
HP:0003932,Sclerotic foci of humeral diaphysis,肱骨骨干硬化灶,
HP:0003933,Sclerosis of humeral diaphysis,肱骨骨干硬化,
HP:0003934,Slender humeral diaphysis,肱骨干修长,
HP:0003935,Wide humeral diaphysis,肱骨宽骨干,
HP:0003938,Synostosis involving the elbow,肘部骨性融合,
HP:0003939,Humeroulnar synostosis,肱尺骨性融合,
HP:0003940,Osteoarthritis of the elbow,肘关节骨性关节炎,
HP:0003941,Stippled calcification of the elbow,肘关节点状钙化,
HP:0003942,Synovial chondromatosis of the elbow,肘关节滑膜软骨瘤病,
HP:0003943,Abnormality of the joint spaces of the elbow,肘关节关节间隙异常,
HP:0003944,Narrow joint spaces of the elbow,肘关节腔狭窄,
HP:0003945,Irregular articular surfaces of the elbow joints,肘关节不规则关节面,
HP:0003946,Abnormality of the epiphyses of the elbow,肘部骨骺异常,
HP:0003947,Delayed elbow epiphyseal ossification,肘关节骨骺骨化延迟,
HP:0003948,Irregular epiphyses of the elbow,肘关节骨骺不规则,
HP:0003949,Abnormal elbow metaphysis morphology,肘部干骺端形态异常,
HP:0003950,Flared elbow metaphyses,喇叭状肘部干骺端,
HP:0003951,Distal humeral metaphyseal irregularity,肱骨远端干骺端不规则,
HP:0003952,Sclerotic foci of metaphyses of the elbow,肘关节干骺端硬化灶,
HP:0003953,Absent forearm bone,前臂骨缺如,
HP:0003954,Angulated forearm bones,前臂骨成角畸形,
HP:0003955,Bone-in-a-bone appearance of forearm,前臂骨中骨外观,
HP:0003956,Bowed forearm bones,前臂骨弯曲,
HP:0003957,Cortical thickening of the forearm bones,前臂骨皮质增厚,
HP:0003958,Cross-fusion of the forearm bones,前臂骨交叉融合,
HP:0003959,Deformed forearm bones,前臂骨变形,
HP:0003960,Exostoses of the forearm bones,前臂骨外生骨疣,
HP:0003961,Fractured forearm bones,前臂骨骨折,
HP:0003963,Lytic defects of the forearm bones,前臂骨溶骨缺陷,
HP:0003964,Osteoporotic forearm bones,前臂骨骨质疏松,
HP:0003965,Pseudarthrosis of the forearm bones,前臂骨假关节,
HP:0003966,Sclerotic foci in forearm bones,前臂骨骼硬化灶,
HP:0003967,Sclerotic forearm bones,前臂骨硬化,
HP:0003969,Slender forearm bones,纤细的前臂骨,
HP:0003970,Undermodelled forearm bones,未成形的前臂骨骼,
HP:0003971,Broad forearm bones,宽前臂骨,
HP:0003973,Wide radioulnar joints,尺桡关节增宽,
HP:0003974,Absent radius,桡骨缺如,
HP:0003976,Constricted radius,桡骨收缩,
HP:0003977,Deformed radius,桡骨变形,
HP:0003978,Fractured radius,骨折后的桡骨,
HP:0003979,Lytic defects of the radius,桡骨溶骨缺陷,
HP:0003980,Pseudarthrosis of the radius,桡骨假关节,
HP:0003981,Broad radius,宽桡骨,
HP:0003982,Aplasia of the ulna,尺骨缺如,
HP:0003984,Posteriorly dislocated ulna,尺骨后脱位,
HP:0003985,Exostoses of the ulna,尺骨外生骨疣,
HP:0003986,Exostoses of the radius,桡骨外生骨疣,
HP:0003987,Fractured ulna,骨折后的尺骨,
HP:0003988,Long ulna,长尺骨,
HP:0003989,Notched ulna,锯齿状尺骨,
HP:0003990,Pointed ulna,尖尺骨,
HP:0003991,Osteosclerosis of the ulna,尺骨骨硬化,
HP:0003992,Slender ulna,长尺骨,
HP:0003993,Broad ulna,宽尺骨,
HP:0003994,Dislocated wrist,手腕脱臼,
HP:0003995,Abnormality of the radial head,桡骨小头异常,
HP:0003996,Flattened radial head,桡骨小头扁平,
HP:0003997,Hypoplastic radial head,桡骨头发育不全,
HP:0003998,Constricted radial neck,桡骨颈狭窄,
HP:0003999,Abnormality of radial epiphyses,桡骨骨骺异常,
HP:0004000,Cone-shaped distal radial epiphysis,桡骨远端锥形骨骺,
HP:0004001,Medially deficient radial epiphyses,桡骨骨骺中位缺陷,
HP:0004002,Flattened radial epiphyses,桡骨骨骺扁平,
HP:0004003,Medially flattened radial epiphyses,桡骨骨骺中位扁平,
HP:0004004,Irregular radial epiphyses,桡骨骨骺不规则,
HP:0004005,Large radial epiphyses,桡骨骨骺较大,
HP:0004006,Round radial epiphyses,圆形桡骨骨骺,
HP:0004007,Sclerotic radial epiphyses,桡骨骨骺硬化,
HP:0004008,Sloping radial epiphyses,桡骨骨骺倾斜,
HP:0004009,Medially sloping radial epiphyses,桡骨骨骺中位倾斜,
HP:0004010,Small radial epiphyses,桡骨骨骺小,
HP:0004012,Premature fusion of the radial epiphyseal plates,桡骨骨骺板过早融合,
HP:0004013,Medially fused radial epiphyseal plates,桡骨骨骺板中部融合,
HP:0004014,Broad radial epiphyseal plate,桡骨骨骺板变宽,
HP:0004015,Abnormal radial metaphysis morphology,桡骨干骺端形态异常,
HP:0004016,Cupped radial metaphyses,杯状桡骨干骺端,
HP:0004017,Exostoses of the radial metaphysis,桡骨干骺端外生骨疣,
HP:0004018,Flared radial metaphysis,桡骨喇叭状干骺端,
HP:0004019,Radial metaphyseal irregularity,桡骨干骺端不规则,
HP:0004020,Irregular ossification of the radial metaphysis,桡骨干骺端不规则骨化,
HP:0004021,Lytic defects of radial metaphysis,桡骨干骺端溶骨性缺陷,
HP:0004022,Sclerotic radial metaphysis with longitudinal striations,桡骨干骺端硬化有纵纹,
HP:0004023,Sloping radial metaphysis,桡骨干骺端倾斜,
HP:0004024,Medially sloping radial metaphysis,桡骨干骺端中位倾斜,
HP:0004025,Spurred radial metaphysis,桡骨干骺端骨刺,
HP:0004026,Broad radial metaphysis,桡骨干骺端变宽,
HP:0004027,Abnormality of radial diaphysis,桡骨骨干异常,
HP:0004028,Spurs of radial diaphysis,桡骨骨干骨刺,
HP:0004029,Lytic defects of radial diaphysis,桡骨干溶骨性缺陷,
HP:0004030,Patchy sclerosis of radial diaphysis,桡骨骨干的斑状硬化,
HP:0004031,Broad radial diaphysis,桡骨骨干变宽,
HP:0004032,Abnormal olecranon morphology,鹰嘴形态异常,
HP:0004033,Curved olecranon,鹰嘴骨弯曲,
HP:0004034,Irregular olecranon,鹰嘴骨不规则,
HP:0004035,Abnormal ulnar styloid process morphology,尺骨茎突形态异常,
HP:0004036,Long styloid process of ulna,尺骨茎突变长,
HP:0004037,Abnormal ulnar epiphysis morphology,尺骨骨骺形态异常,
HP:0004039,Abnormal ulnar metaphysis morphology,尺骨干骺端形态异常,
HP:0004040,Corner fragments of ulnar metaphysis,尺骨干骺端角碎片,
HP:0004041,Cupped ulnar metaphysis,杯状尺骨干骺端,
HP:0004042,Ulnar metaphyseal irregularity,尺骨干骺端不规则,
HP:0004043,Lytic defects of ulnar metaphysis,尺骨干骺端溶骨性缺陷,
HP:0004044,Pointed ulnar metaphysis,尖尺骨干骺端,
HP:0004045,Sloping ulnar metaphysis,尺骨干骺端倾斜,
HP:0004046,Spurred ulnar metaphysis,尺骨干骺端骨刺,
HP:0004047,Wide ulnar metaphysis,尺骨干骺端增宽,
HP:0004048,Narrow joint spaces of wrist,腕关节间隙狭窄,
HP:0004049,Decreased carpal angles of wrist,腕角减小,
HP:0004050,Absent hand,手缺如,
HP:0004051,Advanced ossification of the hand bones,手部骨骼骨化过早,
HP:0004052,Delayed ossification of the hand bones,手骨骨化延迟,
HP:0004053,Dysharmonic maturation of the hand bones,手部骨骼成熟不平衡,
HP:0004054,Sclerosis of hand bone,手骨硬化症,
HP:0004057,Mitten deformity,连指手套状并指,
HP:0004058,Hand monodactyly,独指手,
HP:0004059,Radial club hand,桡偏畸形手,
HP:0004060,Trident hand,三叉手,
HP:0004095,Curved fingers,手指弯曲,
HP:0004097,Deviation of finger,手指偏离,
HP:0004099,Macrodactyly,巨指,
HP:0004100,Abnormal 2nd finger morphology,第二指形态异常,
HP:0004112,Midline nasal groove,鼻中线浅沟,
HP:0004122,Midline defect of the nose,鼻中线缺陷,
HP:0004132,Dimple on nasal tip,鼻尖隐窝,
HP:0004150,Abnormal 3rd finger morphology,第三指形态异常,
HP:0004172,Abnormality of the middle phalanx of the 3rd finger,第三指中节指骨异常,
HP:0004180,Short distal phalanx of the 3rd finger,第三指末节指骨过短,
HP:0004188,Abnormal 4th finger morphology,第四指异常,
HP:0004195,Osteolytic defects of the phalanges of the 4th finger,第四指指骨溶骨性缺陷,
HP:0004197,Symphalangism of the 4th finger,第四指指骨融合,
HP:0004207,Abnormal 5th finger morphology,第五指异常,
HP:0004209,Clinodactyly of the 5th finger,第五指屈指畸形,
HP:0004213,Abnormal 5th finger phalanx morphology,第五指指骨异常,
HP:0004214,Curved phalanges of the 5th finger,第五指指骨弯曲,
HP:0004216,Osteolytic defects of the phalanges of the 5th finger,第五指指骨溶骨性缺陷,
HP:0004218,Symphalangism of the 5th finger,第五指指关节融合,
HP:0004219,Abnormality of the middle phalanx of the 5th finger,第五指中节指骨异常,
HP:0004220,Short middle phalanx of the 5th finger,第五指中节指骨短,
HP:0004222,Cone-shaped epiphysis of the distal phalanx of the 5th finger,第五指末节指骨锥形骨骺,
HP:0004223,Ivory epiphysis of the distal phalanx of the 5th finger,第五指的末节指骨乳白色骨骺,
HP:0004224,Abnormality of the epiphysis of the middle phalanx of the 5th finger,第五指中节指骨骨骺异常,
HP:0004225,Abnormality of the distal phalanx of the 5th finger,第五指末节指骨异常,
HP:0004226,Curved distal phalanx of the 5th finger,第五指末节指骨弯曲,
HP:0004227,Short distal phalanx of the 5th finger,第五指末节指骨短,
HP:0004230,Subluxation of the proximal interphalangeal joint of the little finger,第五指近端指间关节半脱位,
HP:0004231,Carpal bone aplasia,腕骨发育不全,
HP:0004232,Accessory carpal bones,副腕骨,
HP:0004233,Advanced ossification of carpal bones,腕骨骨化过早,
HP:0004234,Bone-in-a-bone appearance of carpal bones,腕骨骨中骨外观,
HP:0004235,Comma-shaped carpal bones,逗点状腕骨,
HP:0004236,Irregular carpal bones,不规则腕骨,
HP:0004237,Large carpal bones,大腕骨,
HP:0004238,Lytic defects of carpal bones,腕骨溶骨缺陷,
HP:0004239,Proximally placed carpal bones,近置腕骨,
HP:0004240,Sclerotic foci within carpal bones,腕骨内硬化灶,
HP:0004241,Stippled calcification in carpal bones,腕骨点状钙化,
HP:0004242,Broad carpal bones,腕骨变宽,
HP:0004243,Abnormality of the scaphoid,舟骨异常,
HP:0004244,Accessory scaphoid,副舟骨,
HP:0004245,Comma-shaped scaphoid,逗号状舟状骨,
HP:0004246,Delayed ossification of the scaphoid,舟骨骨化延迟,
HP:0004247,Small scaphoid,舟状骨小,
HP:0004248,Abnormality of the lunate bone,月骨异常,
HP:0004249,Accessory lunate,副月骨,
HP:0004250,Proximally placed lunate,近置月骨,
HP:0004251,Lunate-triquetral fusion,月骨-三角骨融合,
HP:0004252,Abnormality of the trapezium,大多角骨异常,
HP:0004253,Absent trapezium,大多角骨缺如,
HP:0004254,Delayed ossification of the trapezium,斜方骨骨化延迟,
HP:0004255,Small trapezium,斜方骨小,
HP:0004256,Abnormality of the trapezoid bone,小多角骨异常,
HP:0004257,Delayed ossification of the trapezoid bone,棱形骨骨化延迟,
HP:0004258,Small trapezoid bone,斜方骨小,
HP:0004259,Abnormality of the hamate bone,钩骨异常,
HP:0004260,Large hamate bone,大钩骨,
HP:0004261,Wide hamate bone,钩骨增宽,
HP:0004262,Abnormality of the capitate bone,头状骨异常,
HP:0004263,Large capitate bone,大头状骨,
HP:0004264,Narrow carpal joint spaces,腕关节间隙狭窄,
HP:0004267,Narrow small joints of the hand,手的小关节狭窄,
HP:0004268,Osteoarthritis of the small joints of the hand,手的小关节的骨关节炎,
HP:0004269,Subluxation of the small joints of the hand,手的小关节脱位,
HP:0004271,Cortical thickening of hand bones,手骨骨皮质增厚,
HP:0004272,Cortical thinning of hand bones,手骨骨皮质变薄,
HP:0004273,Cupped metaphyses of hand bones,手骨杯状干骺端,
HP:0004274,Deficient ossification of hand bones,手骨骨化缺陷,
HP:0004275,Duplication of hand bones,手骨重复,
HP:0004276,Exostoses of hand bones,手骨外生骨疣,
HP:0004277,Fractured hand bones,手骨骨折,
HP:0004278,Synostosis involving bones of the hand,累及手骨的骨融合,
HP:0004279,Short palm,短掌,
HP:0004280,Irregular ossification of hand bones,手骨不规则骨化,
HP:0004281,Irregular sclerosis of hand bones,手骨不规则硬化,
HP:0004283,Narrow palm,手掌狭窄,
HP:0004284,Notched hand bones,手骨头缺口,
HP:0004285,Overmodelled hand bones,手骨过度成形,
HP:0004286,Patchy sclerosis of hand bones,手骨斑片状硬化,
HP:0004287,Pointed hand bones,尖头手骨,
HP:0004288,Pseudoepiphyses of hand bones,手骨假骨骺,
HP:0004289,Sclerotic foci in hand bones,手骨硬化灶,
HP:0004290,Sclerosis of hand bones with transverse striations,手骨硬化伴横纹,
HP:0004291,Stippled calcification of hand bones,手部骨骼点状钙化,
HP:0004292,Undermodelled hand bones,未成形手部骨骼,
HP:0004293,Synostosis of second metacarpal-trapezoid,第二掌骨-小多角骨骨融合,
HP:0004294,Subluxation of metacarpal phalangeal joints,掌骨指骨关节半脱位,
HP:0004295,Abnormal gastric mucosa morphology,胃黏膜形态异常,
HP:0004296,Abnormal gastrointestinal vascular morphology,胃肠血管形态异常,
HP:0004297,Abnormality of the biliary system,胆道系统异常,
HP:0004298,Abnormality of the abdominal wall,腹壁异常,
HP:0004299,Hernia of the abdominal wall,腹壁疝,
HP:0004302,Functional motor deficit,功能性运动障碍,
HP:0004303,Abnormal muscle fiber morphology,肌纤维形态异常,
HP:0004305,Involuntary movements,不自主运动,
HP:0004306,Abnormal endocardium morphology,心内膜形态异常,
HP:0004307,Abnormal anatomic location of the heart,心脏解剖位置异常,
HP:0004308,Ventricular arrhythmia,室性心律失常,
HP:0004309,Ventricular preexcitation,心室预激,
HP:0004311,Abnormal macrophage morphology,巨噬细胞形态异常,
HP:0004312,Abnormal reticulocyte morphology,网织红细胞形态异常,
HP:0004313,Decreased circulating antibody concentration,循环抗体水平降低,
HP:0004315,Decreased circulating IgG concentration,循环IgG水平降低,
HP:0004319,Decreased circulating aldosterone concentration,循环醛固酮水平降低,
HP:0004320,Vaginal fistula,阴道瘘,
HP:0004321,Bladder fistula,膀胱瘘管,
HP:0004322,Short stature,身材矮小,
HP:0004323,Abnormality of body weight,体重异常,
HP:0004324,Increased body weight,体重增加,
HP:0004325,Decreased body weight,体重下降,
HP:0004326,Cachexia,恶病质,
HP:0004327,Abnormal vitreous humor morphology,玻璃体异常,
HP:0004328,Abnormal anterior eye segment morphology,眼前段形态异常,
HP:0004329,Abnormal posterior eye segment morphology,眼后段形态异常,
HP:0004330,Increased skull ossification,颅骨骨化增加,
HP:0004331,Decreased skull ossification,颅骨骨化减少,
HP:0004332,Abnormal lymphocyte morphology,淋巴细胞形态异常,
HP:0004333,Bone-marrow foam cells,骨髓泡沫细胞,
HP:0004334,Dermal atrophy,皮肤萎缩,
HP:0004336,Myelin outfoldings,髓鞘外折,
HP:0004337,Abnormality of amino acid metabolism,氨基酸代谢异常,
HP:0004338,Abnormal circulating aromatic amino acid concentration,芳香氨基酸族代谢异常,
HP:0004339,Abnormal circulating sulfur amino acid concentration,含硫氨基酸代谢异常,
HP:0004340,Abnormality of vitamin B metabolism,维生素B代谢异常,
HP:0004341,Abnormality of vitamin B12 metabolism,维生素B12代谢异常,
HP:0004342,Abnormal galactosidase enyzme activity,半乳糖苷酶活性异常,
HP:0004343,Abnormal glycosphingolipid metabolism,鞘糖脂代谢异常,
HP:0004344,Abnormality of cerebrosidase metabolism,脑苷酶代谢异常,
HP:0004345,Ganglioside accumulation,神经节苷脂代谢异常,
HP:0004347,Weakness of muscles of respiration,呼吸肌无力,
HP:0004348,Abnormality of bone mineral density,骨密度异常,
HP:0004349,Reduced bone mineral density,骨密度降低,
HP:0004352,Abnormal circulating purine concentration,嘌呤代谢异常,
HP:0004353,Abnormal circulating pyrimidine concentration,嘧啶代谢异常,
HP:0004354,Abnormal circulating carboxylic acid concentration,羧酸代谢异常,
HP:0004356,Abnormality of lysosomal metabolism,溶酶体代谢异常,
HP:0004357,Abnormal circulating leucine concentration,亮氨酸代谢异常,
HP:0004358,Abnormality of superoxide metabolism,过氧化物代谢异常,
HP:0004359,Abnormal circulating fatty-acid concentration,脂肪酸代谢异常,
HP:0004360,Abnormality of acid-base homeostasis,酸碱平衡异常,
HP:0004361,Abnormal circulating leptin concentration,循环瘦素浓度异常,
HP:0004362,Abnormal enteric ganglion morphology,肠神经节形态异常,
HP:0004363,Abnormal circulating calcium concentration,钙稳态平衡异常,
HP:0004364,Abnormal circulating nitrogen compound concentration,氮化合物稳态平衡异常,
HP:0004365,Abnormal circulating tryptophan concentration,色氨酸代谢异常,
HP:0004366,Abnormality of glycolysis,糖酵解异常,
HP:0004368,Increased circulating purine concentration,嘌呤含量增加,
HP:0004369,Decreased circulating purine concentration,嘌呤含量降低,
HP:0004370,Abnormality of temperature regulation,体温调节异常,
HP:0004371,Abnormality of glycosaminoglycan metabolism,粘多糖代谢异常,
HP:0004372,Reduced consciousness,意识下降,
HP:0004373,Focal dystonia,局限性肌张力障碍,
HP:0004374,Hemiplegia/hemiparesis,偏瘫/轻偏瘫,
HP:0004375,Neoplasm of the nervous system,神经系统的肿瘤,
HP:0004376,Neuroblastic tumor,神经母细胞瘤,
HP:0004377,Hematological neoplasm,血液肿瘤,
HP:0004378,Abnormality of the anus,肛门异常,
HP:0004379,Abnormality of alkaline phosphatase level,碱性磷酸酶活性异常,
HP:0004380,Aortic valve calcification,主动脉瓣钙化,
HP:0004381,Supravalvular aortic stenosis,主动脉瓣上狭窄,
HP:0004382,Mitral valve calcification,二尖瓣钙化,
HP:0004383,Hypoplastic left heart,左心发育不全,
HP:0004384,Type I truncus arteriosus,I型动脉干,
HP:0004385,Protracted diarrhea,迁延性腹泻,
HP:0004386,Gastrointestinal inflammation,胃肠道炎症,
HP:0004387,Enterocolitis,小肠结肠炎,
HP:0004388,Microcolon,细小结肠,
HP:0004389,Intestinal pseudo-obstruction,假性肠梗阻,
HP:0004390,Hamartomatous polyposis,错构瘤性息肉病,
HP:0004392,Prune belly,梅干腹,
HP:0004394,Multiple gastric polyps,多发性胃息肉,
HP:0004395,Malnutrition,营养不良,
HP:0004396,Poor appetite,食欲不振,
HP:0004397,Ectopic anus,肛门异位,
HP:0004398,Peptic ulcer,消化性溃疡,
HP:0004399,Congenital pyloric atresia,先天性幽门闭锁,
HP:0004400,Abnormality of the pylorus,幽门异常,
HP:0004401,Meconium ileus,胎粪性肠梗阻,
HP:0004403,Proximal esophageal atresia,近端食管闭锁,
HP:0004404,Abnormal nipple morphology,乳头形态异常,
HP:0004405,Prominent nipples,乳头凸出,
HP:0004406,"Spontaneous, recurrent epistaxis",复发性自发鼻衄,
HP:0004407,Bony paranasal bossing,骨性鼻翼突起,
HP:0004408,Abnormality of the sense of smell,嗅觉异常,
HP:0004409,Hyposmia,嗅觉减退,
HP:0004411,Deviated nasal septum,鼻中隔偏曲,
HP:0004414,Abnormality of the pulmonary artery,肺动脉异常,
HP:0004415,Pulmonary artery stenosis,肺动脉狭窄,
HP:0004416,Precocious atherosclerosis,早发性动脉粥样硬化,
HP:0004417,Intermittent claudication,间歇性跛行,
HP:0004418,Thrombophlebitis,血栓性静脉炎,
HP:0004419,Recurrent thrombophlebitis,复发性血栓性静脉炎,
HP:0004420,Arterial thrombosis,动脉血栓形成,
HP:0004421,Elevated systolic blood pressure,收缩压升高,
HP:0004422,Biparietal narrowing,双侧顶骨部收窄,
HP:0004423,Cranium bifidum occultum,隐性颅裂,
HP:0004425,Flat forehead,额头扁平,
HP:0004426,Abnormal cheek morphology,面颊形态异常,
HP:0004428,Elfin facies,小精灵脸,
HP:0004429,Recurrent viral infections,反复病毒感染,
HP:0004430,Severe combined immunodeficiency,重症联合免疫缺陷,
HP:0004431,Reduced circulating complement concentration,循环补体水平降低,
HP:0004432,Agammaglobulinemia,无丙种球蛋白血症,
HP:0004433,Secretory IgA deficiency,分泌型IgA缺乏症,
HP:0004434,Decreased circulating complement C8 concentration,循环补体C8浓度降低,
HP:0004437,Cranial hyperostosis,颅骨骨质增生,
HP:0004438,Hyperostosis frontalis interna,额骨内板增生症,
HP:0004439,Craniofacial dysostosis,颅面骨发育不全,
HP:0004440,Coronal craniosynostosis,冠状缝早闭,
HP:0004442,Sagittal craniosynostosis,矢状缝早闭,
HP:0004443,Lambdoidal craniosynostosis,人字缝早闭,
HP:0004444,Spherocytosis,球形红细胞增多症,
HP:0004445,Elliptocytosis,椭圆形红细胞增多症,
HP:0004446,Stomatocytosis,口形红细胞增多症,
HP:0004447,Poikilocytosis,异形性红细胞,
HP:0004448,Fulminant hepatic failure,暴发性肝衰竭,
HP:0004450,Preauricular skin furrow,耳前皮肤皱褶,
HP:0004451,Postauricular skin tag,耳后皮赘,
HP:0004452,Abnormality of the middle ear ossicles,中耳听小骨异常,
HP:0004453,Overfolding of the superior helices,耳轮上部过度卷曲,
HP:0004454,Abnormal middle ear reflexes,中耳反射异常,
HP:0004458,Dilatated internal auditory canal,内听道扩大,
HP:0004459,Exostosis of the external auditory canal,外耳道外生骨疣,
HP:0004461,Congenital earlobe sinuses,先天性耳垂窦,
HP:0004463,Absent brainstem auditory responses,脑干听觉反应消失,
HP:0004464,Postauricular pit,耳后凹陷,
HP:0004466,Delayed brainstem auditory evoked response conduction time,脑干听觉诱发反应传导时间延迟,
HP:0004467,Preauricular pit,耳前凹陷,
HP:0004468,Anomalous tracheal cartilage,气管软骨异常,
HP:0004469,Chronic bronchitis,慢性支气管炎,
HP:0004470,Atretic occipital cephalocele,闭锁性枕部脑膨出,
HP:0004471,Aplasia cutis congenita over the scalp vertex,先天性头顶部表皮发育不全,
HP:0004472,Mandibular hyperostosis,下颌骨骨质增生,
HP:0004474,Persistent open anterior fontanelle,前囟持续不闭合,
HP:0004476,Aplasia cutis congenita over parietal area,先天性顶叶区表皮发育不全,
HP:0004481,Progressive macrocephaly,渐进性大头畸形,
HP:0004482,Relative macrocephaly,相对大头畸形,
HP:0004484,Craniofacial asymmetry,颅面不对称,
HP:0004485,Cessation of head growth,头部生长停滞,
HP:0004487,Acrobrachycephaly,尖扁头畸形,
HP:0004488,Macrocephaly at birth,出生时巨头畸形,
HP:0004490,Calvarial hyperostosis,颅骨骨质增生,
HP:0004491,Large posterior fontanelle,大后囟,
HP:0004492,Widely patent fontanelles and sutures,前囟及颅缝宽大,
HP:0004493,Craniofacial hyperostosis,颅面骨骨质增生,
HP:0004499,Chronic rhinitis due to narrow nasal airway,慢性狭窄性鼻炎,
HP:0004502,Bilateral choanal atresia,双侧后鼻孔闭锁,
HP:0004510,Pancreatic islet-cell hyperplasia,胰岛细胞增生,
HP:0004523,Long eyebrows,长眉,
HP:0004524,Temporal hypotrichosis,颞部少毛症,
HP:0004527,Large clumps of pigment irregularly distributed along hair shaft,沿发干不规则分布大片色素,
HP:0004528,Generalized hypotrichosis,泛发性少毛症,
HP:0004529,"Atrophic, patchy alopecia",萎缩性斑片状脱发,
HP:0004532,Sacral hypertrichosis,骶骨多毛症,
HP:0004535,Anterior cervical hypertrichosis,颈前区多毛症,
HP:0004540,"Congenital, generalized hypertrichosis",先天性全身多毛症,
HP:0004552,Scarring alopecia of scalp,头皮瘢痕性脱发,
HP:0004554,Generalized hypertrichosis,泛发性多毛症,
HP:0004557,Anterior vertebral fusion,椎体前缘融合,
HP:0004558,Cervical platyspondyly,扁平颈椎,
HP:0004562,Beaking of vertebral bodies T12-L3,T12-L3椎体鸟喙样改变,
HP:0004563,Increased spinal bone density,脊柱骨密度增加,
HP:0004565,Severe platyspondyly,重度扁平椎,
HP:0004566,Pear-shaped vertebrae,梨形椎骨,
HP:0004568,Beaking of vertebral bodies,椎体鸟喙样改变,
HP:0004570,Increased vertebral height,椎体高度增加,
HP:0004571,Widening of cervical spinal canal,颈椎椎管增宽,
HP:0004573,Anterior wedging of T11,胸11椎体前部楔形,
HP:0004575,Fusion of midcervical facet joints,中段颈关节面融合,
HP:0004576,Sclerotic vertebral endplates,椎体终板硬化,
HP:0004580,Anterior scalloping of vertebral bodies,椎体前部扇形凹陷,
HP:0004581,Increased anterior vertebral height,椎体前缘增高,
HP:0004582,Irregularity of vertebral bodies,椎体不规则,
HP:0004586,Biconcave vertebral bodies,双凹椎体,
HP:0004589,Dysplasia of second lumbar vertebra,第二腰椎发育不良,
HP:0004590,Hypoplastic sacrum,骶骨发育不全,
HP:0004591,Disc-like vertebral bodies,盘碟状椎体,
HP:0004592,Thoracic platyspondyly,扁平胸椎,
HP:0004594,Hump-shaped mound of bone in central and posterior portions of vertebral endplate,椎体终板中后部骨质驼峰状凸起,
HP:0004598,Supernumerary vertebral ossification centers,额外椎体骨化中心,
HP:0004599,Absent or minimally ossified vertebral bodies,椎体缺如或低骨化,
HP:0004601,Spina bifida occulta at L5,L5区隐性脊柱裂,
HP:0004602,Cervical C2/C3 vertebral fusion,颈C2/C3椎体融合,
HP:0004603,Hyperconvex vertebral body endplates,椎体终板过度突出,
HP:0004605,Absent vertebral body mineralization,椎体矿化缺失,
HP:0004606,Unossified vertebral bodies,椎体未骨化,
HP:0004607,Anterior beaking of lower thoracic vertebrae,胸椎下部前缘鸟喙样凸出,
HP:0004608,Anteriorly placed odontoid process,齿状突前置,
HP:0004609,Patchy distortion of vertebrae,脊椎斑驳状变形,
HP:0004610,Lumbar spinal canal stenosis,腰椎管狭窄,
HP:0004611,Anterior concavity of thoracic vertebrae,胸椎前凹,
HP:0004614,Spina bifida occulta at S1,S1区隐性脊柱裂,
HP:0004616,Cleft vertebral arch,椎弓裂,
HP:0004617,Butterfly vertebral arch,蝴蝶椎弓,
HP:0004618,Sandwich appearance of vertebral bodies,三明治样椎体,
HP:0004619,Lumbar kyphoscoliosis,腰椎后侧凸,
HP:0004621,Enlarged vertebral pedicles,椎弓膨大,
HP:0004622,Progressive intervertebral space narrowing,椎间隙渐进性变窄,
HP:0004625,Biconvex vertebral bodies,双凸椎体,
HP:0004626,Lumbar scoliosis,腰椎侧凸,
HP:0004629,Small cervical vertebral bodies,颈椎椎体小,
HP:0004630,Anterior beaking of thoracic vertebrae,胸椎前缘鸟喙样凸出,
HP:0004631,Decreased cervical spine flexion due to contractures of posterior cervical muscles,颈后肌群挛缩致颈椎屈度下降,
HP:0004632,Cervical segmentation defect,颈椎分节缺陷,
HP:0004633,Lower thoracic kyphosis,下胸椎后凸,
HP:0004634,Cuboid-shaped vertebral bodies,立方体形椎体,
HP:0004635,Cervical C5/C6 vertebrae fusion,颈椎C5/C6椎骨融合,
HP:0004637,Decreased cervical spine mobility,颈椎活动度下降,
HP:0004639,Elevated amniotic fluid alpha-fetoprotein,羊水甲胎蛋白升高,
HP:0004646,Hypoplasia of the nasal bone,鼻骨发育不全,
HP:0004660,Hypoplasia of facial musculature,面部肌肉发育不全,
HP:0004661,Frontalis muscle weakness,额肌乏力,
HP:0004664,Facial midline hemangioma,面中线血管瘤,
HP:0004673,Decreased facial expression,面部表情减少,
HP:0004676,Prominent supraorbital arches in adult,成人眉弓突出,
HP:0004679,Large tarsal bones,大跗骨,
HP:0004681,Deep longitudinal plantar crease,跖部深在皱褶纵向分布,
HP:0004684,Talipes valgus,马蹄外翻足,
HP:0004686,Short third metatarsal,第三跖骨过短,
HP:0004688,Irregular tarsal bones,不规则的跗骨,
HP:0004689,Short fourth metatarsal,第四跖骨短,
HP:0004690,Thickened Achilles tendon,跟腱增厚,
HP:0004691,2-3 toe syndactyly,第二、三脚趾并趾,
HP:0004692,4-5 toe syndactyly,第四、五脚趾并趾,
HP:0004695,Calcaneal epiphyseal stippling,跟骨骨骺点状钙化,
HP:0004696,Talipes cavus equinovarus,马蹄内翻足高弓畸形,
HP:0004699,Osteoporotic metatarsal,跖骨骨质疏松,
HP:0004704,Short fifth metatarsal,第五跖骨过短,
HP:0004712,Renal malrotation,肾旋转不良,
HP:0004713,Reversible renal failure,可逆性肾功能衰竭,
HP:0004717,Axial malrotation of the kidney,肾轴向旋转异常,
HP:0004719,Hyperechogenic kidneys,肾脏回声增强,
HP:0004722,Thickened glomerular basement membrane,肾小球基底膜增厚,
HP:0004724,Calcium nephrolithiasis,钙性肾结石,
HP:0004727,Impaired renal concentrating ability,肾浓缩功能障碍,
HP:0004729,Acute tubulointerstitial nephritis,急性肾小管间质性肾炎,
HP:0004732,Impaired renal uric acid clearance,肾尿酸廓清障碍,
HP:0004734,Renal cortical microcysts,肾皮质微小囊肿,
HP:0004736,Crossed fused renal ectopia,融合肾移向一侧,
HP:0004737,Global glomerulosclerosis,完全性肾小球硬化症,
HP:0004742,Abnormal renal collecting system morphology,肾集合系统形态异常,
HP:0004743,Chronic tubulointerstitial nephritis,慢性肾小管间质性肾炎,
HP:0004746,Glomerular subendothelial electron-dense deposits,肾小球内皮下电子致密沉积物,
HP:0004749,Atrial flutter,心房扑动,
HP:0004751,Paroxysmal ventricular tachycardia,阵发性室性心动过速,
HP:0004752,Congenital atrioventricular dissociation,先天性房室分离,
HP:0004754,Permanent atrial fibrillation,永久性心房颤动,
HP:0004755,Supraventricular tachycardia,室上性心动过速,
HP:0004756,Ventricular tachycardia,室性心动过速,
HP:0004757,Paroxysmal atrial fibrillation,阵发性房颤,
HP:0004758,Effort-induced polymorphic ventricular tachycardia,劳力诱导型多形性室性心动过速,
HP:0004761,Post-angioplasty coronary artery restenosis,血管成形术后冠状动脉再狭窄,
HP:0004762,Hypoplasia of right ventricle,右心室发育不全,
HP:0004763,Paroxysmal supraventricular tachycardia,阵发性室上性心动过速,
HP:0004764,Myxomatous mitral valve degeneration,黏液瘤样二尖瓣退行性变,
HP:0004768,Sparse anterior scalp hair,前发稀疏,
HP:0004771,Premature graying of body hair,体毛过早变白,
HP:0004779,Brittle scalp hair,头发干枯,
HP:0004780,Elbow hypertrichosis,肘部多毛症,
HP:0004783,Duodenal polyposis,十二指肠息肉,
HP:0004784,Juvenile gastrointestinal polyposis,幼年性胃肠息肉病,
HP:0004785,Malrotation of colon,结肠旋转不良,
HP:0004786,Jejunal diverticula,空肠憩室,
HP:0004787,Fulminant hepatitis,暴发性肝炎,
HP:0004788,Intestinal lymphedema,肠淋巴水肿,
HP:0004789,Lactose intolerance,乳糖不耐受,
HP:0004790,Hypoplasia of the small intestine,小肠发育不良,
HP:0004791,Esophageal ulceration,食管溃疡,
HP:0004792,Rectoperineal fistula,直肠会阴瘘,
HP:0004794,Malrotation of small bowel,小肠旋转不良,
HP:0004795,Hamartomatous stomach polyps,错构瘤性胃息肉,
HP:0004796,Gastrointestinal obstruction,胃肠道梗阻,
HP:0004797,Multiple small bowel atresias,多发性小肠闭锁,
HP:0004798,Recurrent infection of the gastrointestinal tract,胃肠道复发性感染,
HP:0004799,Jejunoileal diverticula,空回肠憩室,
HP:0004800,Duodenal diverticula,十二指肠憩室,
HP:0004802,Episodic hemolytic anemia,阵发性溶血性贫血,
HP:0004804,Congenital hemolytic anemia,先天性溶血性贫血,
HP:0004808,Acute myeloid leukemia,急性髓性白血病,
HP:0004809,Neonatal alloimmune thrombocytopenia,新生儿同种免疫性血小板减少症,
HP:0004810,Congenital hypoplastic anemia,先天性发育不良性贫血,
HP:0004812,B Acute Lymphoblastic Leukemia,急性B淋巴细胞白血病,
HP:0004813,Post-transfusion thrombocytopenia,输血后血小板减少症,
HP:0004814,Fava bean-induced hemolytic anemia,蚕豆诱发性溶血性贫血,
HP:0004817,Drug-sensitive hemolytic anemia,药物敏感溶血性贫血,
HP:0004818,Paroxysmal nocturnal hemoglobinuria,阵发性睡眠性血红蛋白尿症,
HP:0004819,Normocytic hypoplastic anemia,正细胞发育不良性贫血,
HP:0004820,Acute myelomonocytic leukemia,急性粒单核细胞白血病,
HP:0004821,Hypersegmentation of neutrophil nuclei,中性粒细胞核分叶过度,
HP:0004822,Atypical elliptocytosis,非典型椭圆形红细胞增多症,
HP:0004823,Anisopoikilocytosis,异形红细胞增多症,
HP:0004825,Increased hemoglobin oxygen affinity,血红蛋白氧亲和力增加,
HP:0004826,Folate-unresponsive megaloblastic anemia,叶酸无反应型巨幼细胞性贫血,
HP:0004828,Refractory anemia with ringed sideroblasts,难治性贫血伴环状铁粒幼红细胞,
HP:0004831,Recurrent thromboembolism,复发性血栓栓塞,
HP:0004835,Microspherocytosis,小球红细胞增多症,
HP:0004836,Acute promyelocytic leukemia,急性早幼粒细胞白血病,
HP:0004839,Pyropoikilocytosis,热异形红细胞增多症,
HP:0004840,Hypochromic microcytic anemia,低色素性小红细胞性贫血,
HP:0004841,Reduced factor XII activity,凝血因子XII活性减低,
HP:0004844,Coombs-positive hemolytic anemia,Coombs试验阳性溶血性贫血,
HP:0004845,Acute monocytic leukemia,急性单核细胞白血病,
HP:0004846,Prolonged bleeding after surgery,手术后出血时间延长,
HP:0004848,Ph-positive acute lymphoblastic leukemia,Ph染色体阳性急性淋巴细胞白血病,
HP:0004850,Recurrent deep vein thrombosis,复发性深静脉血栓形成,
HP:0004851,Folate-responsive megaloblastic anemia,叶酸反应型巨幼细胞性贫血,
HP:0004852,Reduced leukocyte alkaline phosphatase,白细胞碱性磷酸酶减少,
HP:0004854,Intermittent thrombocytopenia,间歇性血小板减少症,
HP:0004855,Reduced protein S activity,蛋白S活性减低,
HP:0004856,Normochromic microcytic anemia,小细胞正色素性贫血,
HP:0004857,Hyperchromic macrocytic anemia,高色素性大细胞性贫血,
HP:0004859,Amegakaryocytic thrombocytopenia,巨核细胞缺乏性血小板减少症,
HP:0004860,Thiamine-responsive megaloblastic anemia,硫胺素反应性巨幼细胞性贫血,
HP:0004861,Refractory macrocytic anemia,难治性大细胞性贫血,
HP:0004863,Compensated hemolytic anemia,代偿性溶血性贫血,
HP:0004864,Elevated bone marrow ring sideroblast count,骨髓环形铁粒幼细胞计数升高,
HP:0004866,Impaired ADP-induced platelet aggregation,ADP诱导的血小板聚集障碍,
HP:0004870,Chronic hemolytic anemia,慢性溶血性贫血,
HP:0004871,Perineal fistula,会阴瘘,
HP:0004872,Incisional hernia,切口疝,
HP:0004875,Neonatal inspiratory stridor,新生儿吸气性喘鸣,
HP:0004876,Spontaneous neonatal pneumothorax,新生儿自发性气胸,
HP:0004878,Intercostal muscle weakness,肋间肌无力,
HP:0004879,Intermittent hyperventilation,间歇性过度通气,
HP:0004880,Respiratory infections in early life,童年呼吸道感染,
HP:0004881,Episodic hypoventilation,阵发性通气不足,
HP:0004885,Episodic respiratory distress,阵发性呼吸窘迫,
HP:0004886,Congenital laryngeal stridor,先天性喉喘鸣,
HP:0004887,Respiratory failure requiring assisted ventilation,呼吸衰竭，需要辅助通气,
HP:0004889,Intermittent episodes of respiratory insufficiency due to muscle weakness,肌无力所致的间歇性呼吸功能不全发作,
HP:0004890,Elevated pulmonary artery pressure,肺动脉压升高,
HP:0004891,Recurrent infections due to aspiration,误吸造成反复感染,
HP:0004894,Laryngotracheal stenosis,喉气管狭窄,
HP:0004897,Stress/infection-induced lactic acidosis,应激/感染诱发的乳酸酸中毒,
HP:0004898,Persistent lactic acidosis,持续性乳酸酸中毒,
HP:0004900,Severe lactic acidosis,重度乳酸酸中毒,
HP:0004901,Exercise-induced lactic acidemia,运动诱发的乳酸血症,
HP:0004902,Congenital lactic acidosis,先天性乳酸酸中毒,
HP:0004904,Maturity-onset diabetes of the young,青少年发病的成人型糖尿病,
HP:0004905,Reduced circulating vitamin A concentration,循环维生素A浓度降低,
HP:0004906,Hypernatremic dehydration,高钠脱水,
HP:0004909,Hypokalemic hypochloremic metabolic alkalosis,低钾低氯性代谢性碱中毒,
HP:0004910,Bicarbonate-wasting renal tubular acidosis,碳酸氢盐流失性肾小管酸中毒,
HP:0004911,Episodic metabolic acidosis,阵发性代谢性酸中毒,
HP:0004912,Hypophosphatemic rickets,低磷性佝偻病,
HP:0004913,Intermittent lactic acidemia,间歇性乳酸血症,
HP:0004914,Recurrent infantile hypoglycemia,婴儿反复发作性低血糖,
HP:0004915,Impairment of galactose metabolism,半乳糖代谢障碍,
HP:0004916,Generalized distal tubular acidosis,远端肾小管性酸中毒,
HP:0004918,Hyperchloremic metabolic acidosis,高氯性代谢性酸中毒,
HP:0004919,Galactose intolerance,半乳糖不耐受,
HP:0004920,Phenylpyruvic acidemia,苯丙酮酸血症,
HP:0004921,Abnormal magnesium concentration,镁离子稳态平衡异常,
HP:0004922,Atypical hyperphenylalaninemia,非典型高苯丙氨酸血症,
HP:0004923,Hyperphenylalaninemia,高苯丙氨酸血症,
HP:0004924,Abnormal oral glucose tolerance,口服葡萄糖耐量异常,
HP:0004925,Chronic lactic acidosis,慢性乳酸酸中毒,
HP:0004926,Orthostatic hypotension due to autonomic dysfunction,自主神经功能障碍性体位性低血压,
HP:0004927,Pulmonary artery dilatation,肺动脉扩张,
HP:0004930,Abnormality of the pulmonary vasculature,肺血管异常,
HP:0004931,Arteriosclerosis of small cerebral arteries,脑小动脉硬化,
HP:0004933,Ascending aortic dissection,升主动脉夹层,
HP:0004934,Vascular calcification,血管钙化,
HP:0004935,Pulmonary artery atresia,肺动脉闭锁,
HP:0004936,Venous thrombosis,静脉血栓形成,
HP:0004937,Pulmonary artery aneurysm,肺动脉瘤,
HP:0004938,Tortuous cerebral arteries,脑动脉迂曲,
HP:0004940,Generalized arterial calcification,周身动脉钙化,
HP:0004941,Extrahepatic portal hypertension,肝外门脉高压,
HP:0004942,Aortic aneurysm,主动脉瘤,
HP:0004943,Accelerated atherosclerosis,加速性动脉粥样硬化,
HP:0004944,Dilatation of the cerebral artery,脑动脉扩张,
HP:0004945,Extracranial internal carotid artery dissection,颅外颈内动脉夹层,
HP:0004947,Arteriovenous fistula,动静脉瘘,
HP:0004948,Vascular tortuosity,血管迂曲,
HP:0004950,Peripheral arterial stenosis,外周动脉狭窄,
HP:0004952,Pulmonary arteriovenous fistulas,肺动静脉瘘,
HP:0004955,Generalized arterial tortuosity,周身动脉迂曲,
HP:0004959,Descending thoracic aorta aneurysm,胸降主动脉动脉瘤,
HP:0004960,Absent pulmonary artery,肺动脉缺如,
HP:0004961,Pulmonary artery sling,肺动脉吊带,
HP:0004962,Thoracic aorta calcification,胸主动脉钙化,
HP:0004963,Calcification of the aorta,主动脉钙化,
HP:0004964,Pulmonary arterial medial hypertrophy,肺动脉中膜肥厚,
HP:0004966,Medial calcification of large arteries,大动脉中层钙化,
HP:0004968,Recurrent cerebral hemorrhage,复发性脑出血,
HP:0004969,Peripheral pulmonary artery stenosis,周围肺动脉狭窄,
HP:0004970,Ascending tubular aorta aneurysm,生主动脉动脉瘤,
HP:0004971,Pulmonary artery hypoplasia,肺动脉发育不全,
HP:0004972,Elevated mean arterial pressure,平均动脉压升高,
HP:0004974,Coarctation of abdominal aorta,腹主动脉缩窄,
HP:0004975,Erlenmeyer flask deformity of the femurs,股骨锥形瓶状变形,
HP:0004976,Knee dislocation,膝关节脱位,
HP:0004977,Bilateral radial aplasia,双侧桡骨发育不全,
HP:0004979,Metaphyseal sclerosis,干骺端硬化,
HP:0004980,Metaphyseal rarefaction,干骺端疏松,
HP:0004981,Prominent styloid process of ulna,尺骨茎突突出,
HP:0004987,Mesomelic leg shortening,腿中段缩短,
HP:0004990,Epiphyseal streaking,骨骺条纹变,
HP:0004991,Rhizomelic arm shortening,肢根型手臂缩短,
HP:0004993,Slender long bones with narrow diaphyses,长骨细长伴骨干狭窄,
HP:0004997,Multicentric ossification of proximal humeral epiphyses,肱骨近端骨骺多中心骨化,
HP:0005001,Recurrent patellar dislocation,复发性髌骨脱位,
HP:0005003,Aplasia/Hypoplasia of the capital femoral epiphysis,股骨头骨骺发育不良/发育不全,
HP:0005004,Flattened proximal radial epiphyses,桡骨近端骨骺扁平,
HP:0005005,"Femoral bowing present at birth, straightening with time",出生时股骨有弯曲，随年龄增长而变直,
HP:0005008,Large joint dislocations,大关节脱位,
HP:0005009,Dumbbell-shaped humerus,哑铃状肱骨,
HP:0005010,Osteomyelitis leading to amputation due to slow healing fractures,因骨折愈合缓慢导致截肢的骨髓炎,
HP:0005011,Mesomelic arm shortening,臂中段缩短,
HP:0005013,Dysplastic distal radial epiphyses,桡骨远端骨骺发育不良,
HP:0005017,Polyarticular chondrocalcinosis,多关节软骨钙质沉着病,
HP:0005019,Diaphyseal undertubulation,骨干发育不全,
HP:0005021,Bilateral elbow dislocations,双侧肘关节脱臼,
HP:0005025,Hypoplastic distal humeri,肱骨远端发育不良,
HP:0005026,Mesomelic/rhizomelic limb shortening,肢体中部/根部短缩,
HP:0005028,Widened proximal tibial metaphyses,胫骨近端干骺端增宽,
HP:0005033,Distal ulnar hypoplasia,尺骨远端发育不良,
HP:0005035,Shortening of all phalanges of the toes,全部趾骨缩短,
HP:0005036,Unilateral ulnar hypoplasia,单侧尺骨发育不良,
HP:0005037,Proximal radio-ulnar synostosis,近端桡尺骨性愈合,
HP:0005039,Multiple long-bone exostoses,多发性长骨外生骨疣,
HP:0005041,Irregular capital femoral epiphysis,股骨头骨骺不规则,
HP:0005042,"Irregular, rachitic-like metaphyses",不规则佝偻病样干骺端,
HP:0005043,Proximal humeral metaphyseal irregularity,肱骨近端干骺端不规则,
HP:0005045,Diaphyseal cortical sclerosis,骨干皮质硬化症,
HP:0005048,Synostosis of carpal bones,腕骨骨性融合,
HP:0005050,Anterolateral radial head dislocation,桡骨头前外侧脱位,
HP:0005054,Metaphyseal spurs,干骺端骨刺,
HP:0005059,Arthralgia/arthritis,关节痛/关节炎,
HP:0005060,Limited elbow flexion/extension,肘关节屈曲/扩展受限,
HP:0005063,"Fragmented, irregular epiphyses",不规则、碎裂的骨骺,
HP:0005066,Cone-shaped epiphyses fused within their metaphyses,干骺端融合的锥形骨骺,
HP:0005067,Proximal fibular overgrowth,腓骨近端增生,
HP:0005068,Absent styloid process of ulna,尺骨茎突缺如,
HP:0005069,Rhizo-meso-acromelic limb shortening,根-干-端型肢体短缩,
HP:0005070,Proximal radial head dislocation,近端桡骨头脱位,
HP:0005072,Wrist hypermobility,腕关节活动过度,
HP:0005084,Anterior radial head dislocation,桡骨头前脱位,
HP:0005085,Limited knee flexion/extension,膝关节屈伸受限,
HP:0005086,Knee osteoarthritis,膝关节骨性关节炎,
HP:0005089,Abnormal metaphyseal trabeculation,干骺端小梁异常,
HP:0005090,Lateral femoral bowing,股骨外侧弯曲,
HP:0005092,Streaky metaphyseal sclerosis,干骺端条纹样硬化,
HP:0005093,Absent proximal radial epiphyses,桡骨近端骨骺缺如,
HP:0005096,Distal femoral bowing,股骨远端弯曲,
HP:0005100,Premature birth following premature rupture of fetal membranes,胎膜早破引起的胎儿早产,
HP:0005101,High-frequency hearing impairment,高频听力受损,
HP:0005102,Cochlear degeneration,耳蜗退行性变,
HP:0005103,Calcification of the auricular cartilage,耳软骨钙化,
HP:0005104,Hypoplastic nasal septum,鼻中隔发育不全,
HP:0005105,Abnormal nasal morphology,鼻形态异常,
HP:0005106,Abnormality of the vertebral endplates,椎骨终板异常,
HP:0005107,Abnormal sacrum morphology,骶骨形态异常,
HP:0005108,Abnormal intervertebral disk morphology,椎间盘形态异常,
HP:0005109,Abnormality of the Achilles tendon,跟腱的异常,
HP:0005110,Atrial fibrillation,心房纤颤,
HP:0005112,Abdominal aortic aneurysm,腹主动脉瘤,
HP:0005113,Aortic arch aneurysm,主动脉弓部瘤,
HP:0005115,Supraventricular arrhythmia,室上性心律失常,
HP:0005116,Arterial tortuosity,动脉迂曲,
HP:0005117,Elevated diastolic blood pressure,舒张压升高,
HP:0005120,Abnormal cardiac atrium morphology,心房形态异常,
HP:0005121,Posterior scalloping of vertebral bodies,椎体后方扇形,
HP:0005129,Congenital hypertrophy of left ventricle,先天性左心室肥厚,
HP:0005132,Pericardial constriction,心包缩窄,
HP:0005133,Right ventricular dilatation,右心室扩张,
HP:0005134,Absence of the pulmonary valve,肺动脉瓣缺失,
HP:0005135,Abnormal T-wave,T波异常,
HP:0005136,Mitral annular calcification,二尖瓣环钙化,
HP:0005143,Anomalous origin of right pulmonary artery from ascending aorta,升主动脉异常起源性右肺动脉,
HP:0005144,Ventricular septal hypertrophy,室间隔肥厚,
HP:0005145,Coronary artery stenosis,冠状动脉狭窄,
HP:0005146,Cardiac valve calcification,心脏瓣膜钙化,
HP:0005147,Bidirectional ventricular ectopy,双向心室异位,
HP:0005148,Pulmonary valve defects,肺动脉瓣缺陷,
HP:0005150,Abnormal atrioventricular conduction,房室传导异常,
HP:0005151,Preductal coarctation of the aorta,导管前主动脉缩窄,
HP:0005152,Histiocytoid cardiomyopathy,组织细胞样心肌病,
HP:0005155,Ventricular escape rhythm,室性逸搏心律,
HP:0005156,Hypoplastic left atrium,左心房发育不全,
HP:0005157,Concentric hypertrophic cardiomyopathy,向心性肥厚型心肌病,
HP:0005160,Total anomalous pulmonary venous return,完全性肺静脉回流异常,
HP:0005162,Abnormal left ventricular function,左心室功能异常,
HP:0005164,Dysplastic pulmonary valve,肺动脉瓣发育不良,
HP:0005165,Shortened PR interval,PR间期缩短,
HP:0005168,Elevated right atrial pressure,右心房压力升高,
HP:0005170,Complete heart block with broad QRS complexes,完全性心脏传导阻滞伴宽QRS波群,
HP:0005172,Left posterior fascicular block,左后分支传导阻滞,
HP:0005174,Membranous subvalvular aortic stenosis,膜性主动脉瓣下狭窄,
HP:0005176,Dysplastic aortic valve,主动脉瓣发育不良,
HP:0005177,Premature arteriosclerosis,早发性动脉粥样硬化,
HP:0005178,Complete heart block with narrow QRS complexes,完全性心脏传导阻滞伴窄QRS波群,
HP:0005180,Tricuspid regurgitation,三尖瓣反流,
HP:0005181,Premature coronary artery atherosclerosis,早发性冠心病,
HP:0005182,Bicuspid pulmonary valve,二叶肺动脉瓣,
HP:0005183,Pericardial lymphangiectasia,心包淋巴管扩张,
HP:0005184,Prolonged QTc interval,QTc间期延长,
HP:0005185,Global systolic dysfunction,心脏收缩功能障碍,
HP:0005186,Synovial lining hyperplasia,滑膜内层增生,
HP:0005187,Progressive joint destruction,关节渐进性受损,
HP:0005190,Proximal finger joint hyperextensibility,近端指关节伸展过度,
HP:0005191,Congenital knee dislocation,先天性膝关节脱位,
HP:0005193,Restricted large joint movement,大关节运动受限,
HP:0005194,Flattened metatarsal heads,扁平跖骨头,
HP:0005195,Polyarticular arthropathy,多关节病,
HP:0005197,Generalized morning stiffness,周身性晨僵,
HP:0005198,Stiff interphalangeal joints,指关节僵硬,
HP:0005199,Aplasia of the abdominal wall musculature,腹壁肌肉发育不全,
HP:0005200,Retroperitoneal fibrosis,腹膜后纤维化,
HP:0005201,Anomalous splenoportal venous system,异常脾门静脉系统,
HP:0005202,Helicobacter pylori infection,幽门螺杆菌感染,
HP:0005203,Spontaneous esophageal perforation,自发性食管穿孔,
HP:0005206,Pancreatic pseudocyst,胰腺假性囊肿,
HP:0005207,Gastric hypertrophy,胃肥大,
HP:0005208,Secretory diarrhea,分泌性腹泻,
HP:0005209,Intrahepatic bile duct cysts,肝内胆管囊肿,
HP:0005210,Hypoplastic colon,结肠发育不良,
HP:0005211,Midgut malrotation,中肠旋转不良,
HP:0005212,Anal mucosal leukoplakia,肛门粘膜白斑,
HP:0005213,Pancreatic calcification,胰腺钙化,
HP:0005214,Intestinal obstruction,肠梗阻,
HP:0005215,Frequent Giardia lamblia infestation,频繁蓝氏贾第鞭毛虫感染,
HP:0005216,Impaired mastication,咀嚼功能受损,
HP:0005217,Abdominal organ duplication,腹部器官重复,
HP:0005218,Anoperineal fistula,肛门会阴瘘,
HP:0005219,Absence of intrinsic factor,内因子缺乏,
HP:0005220,Multiple intestinal neurofibromatosis,多发性肠神经纤维瘤病,
HP:0005222,Bowel diverticulosis,肠憩室病,
HP:0005223,Duplicated colon,重复结肠,
HP:0005224,Rectal abscess,直肠脓肿,
HP:0005225,Intestinal edema,肠道水肿,
HP:0005227,Adenomatous colonic polyposis,腺瘤性结肠息肉病,
HP:0005229,Jejunoileal ulceration,空回肠溃疡,
HP:0005230,Biliary tract obstruction,胆道梗阻,
HP:0005231,Chronic gastritis,慢性胃炎,
HP:0005232,Pancreatic dysplasia,胰腺发育不良,
HP:0005233,Hypoplasia of the gallbladder,胆囊发育不良,
HP:0005234,Neonatal intestinal obstruction,新生儿肠梗阻,
HP:0005235,Jejunal atresia,空肠闭锁,
HP:0005236,Chronic calcifying pancreatitis,慢性钙化性胰腺炎,
HP:0005237,Degenerative liver disease,退行性肝病,
HP:0005238,Discrete intestinal polyps,分散性肠息肉,
HP:0005240,Esophageal obstruction,食管梗阻,
HP:0005241,Total intestinal aganglionosis,完全性肠神经节细胞缺乏,
HP:0005242,Extrahepatic biliary duct atresia,肝外胆道闭锁,
HP:0005243,Partial abdominal muscle agenesis,局部腹肌发育不全,
HP:0005244,Gastrointestinal infarctions,胃肠道梗塞,
HP:0005245,Intestinal hypoplasia,肠道发育不良,
HP:0005246,Giant hypertrophic gastritis,巨大肥厚性胃炎,
HP:0005247,Hypoplasia of the abdominal wall musculature,腹壁肌肉发育不良,
HP:0005248,Intrahepatic biliary atresia,肝内胆道闭锁,
HP:0005249,Functional intestinal obstruction,功能性肠梗阻,
HP:0005250,High intestinal obstruction,高位肠梗阻,
HP:0005253,Increased anterioposterior diameter of thorax,胸廓前后径增大,
HP:0005254,Unilateral chest hypoplasia,单侧胸部发育不全,
HP:0005255,Absence of pectoralis minor muscle,胸小肌缺如,
HP:0005256,Unilateral absence of pectoralis major muscle,胸大肌单侧缺如,
HP:0005257,Thoracic hypoplasia,胸廓发育不全,
HP:0005258,Pectoral muscle hypoplasia/aplasia,胸肌发育不全/发育不良,
HP:0005259,Abnormal facility in opposing the shoulders,双肩维持对称性异常,
HP:0005261,Joint hemorrhage,关节出血,
HP:0005262,Abnormal synovial membrane morphology,滑膜形态异常,
HP:0005263,Gastritis,胃炎,
HP:0005264,Abnormality of the gallbladder,胆囊异常,
HP:0005265,Abnormal jejunum morphology,空肠形态异常,
HP:0005266,Intestinal polyp,肠息肉,
HP:0005267,Premature delivery because of cervical insufficiency or membrane fragility,宫颈机能不全或胎膜脆性原因导致的早产,
HP:0005268,Miscarriage,流产,
HP:0005272,Prominent nasolabial fold,鼻唇沟突出,
HP:0005273,Absent nasal septal cartilage,鼻中隔软骨缺如,
HP:0005274,Prominent nasal tip,鼻尖突出,
HP:0005275,Cartilaginous ossification of nose,鼻软骨骨化,
HP:0005278,Hypoplastic nasal tip,鼻尖发育不全,
HP:0005280,Depressed nasal bridge,鼻梁塌陷,
HP:0005281,Hypoplastic nasal bridge,鼻梁发育不全,
HP:0005285,Absent nasal bridge,鼻梁缺如,
HP:0005288,Abnormal nostril morphology,鼻孔形态异常,
HP:0005289,Abnormal nasolabial region morphology,鼻唇沟区域形态异常,
HP:0005290,Internal carotid artery hypoplasia,颈内动脉发育不全,
HP:0005291,Inflammatory arteriopathy,炎症性动脉病,
HP:0005292,Intimal thickening in the coronary arteries,冠状动脉内膜增厚,
HP:0005293,Venous insufficiency,静脉功能不全,
HP:0005294,Arterial dissection,动脉夹层,
HP:0005295,Pseudocoarctation of the aorta,主动脉假性缩窄,
HP:0005297,Premature occlusive vascular stenosis,早发闭塞性血管狭窄,
HP:0005300,Nodular inflammatory vasculitis,结节性血管炎,
HP:0005301,Persistent left superior vena cava,左侧上腔静脉永存,
HP:0005302,Carotid artery tortuosity,颈动脉迂曲,
HP:0005303,Aortic arch calcification,主动脉弓钙化,
HP:0005304,Hypoplastic pulmonary veins,肺静脉发育不全,
HP:0005305,Cerebral venous thrombosis,脑静脉血栓形成,
HP:0005306,Capillary hemangioma,毛细血管瘤,
HP:0005307,Postural hypotension with compensatory tachycardia,体位性低血压伴代偿性心动过速,
HP:0005308,Pulmonary artery vasoconstriction,肺动脉收缩,
HP:0005310,Large vessel vasculitis,大血管炎,
HP:0005311,Agenesis of pulmonary vessels,肺血管发育不全,
HP:0005312,Pulmonary aterial intimal fibrosis,肺动脉内膜纤维化,
HP:0005313,Arterial fibromuscular dysplasia,纤维肌性动脉发育不良,
HP:0005314,Anomalous branches of internal carotid artery,颈内动脉异常分支,
HP:0005316,Peripheral pulmonary vessel aplasia,周围肺血管发育不全,
HP:0005317,Increased pulmonary vascular resistance,肺血管阻力增加,
HP:0005318,Cerebral vasculitis,脑血管炎,
HP:0005320,Lack of facial subcutaneous fat,面部皮下脂肪缺乏,
HP:0005321,Mandibulofacial dysostosis,下颌面骨发育不全,
HP:0005322,Prominent nasal septum,鼻中隔突起,
HP:0005323,Hemifacial hypertrophy,半侧面部肥大,
HP:0005324,Disturbance of facial expression,面部表情障碍,
HP:0005325,Extension of hair growth on temples to lateral eyebrow,颞部头发连到眉梢,
HP:0005326,Hypoplastic philtrum,人中发育不全,
HP:0005327,Loss of facial expression,面部表情退失,
HP:0005328,Progeroid facial appearance,早衰面容,
HP:0005329,Fixed facial expression,面部表情木讷,
HP:0005332,Recurrent mandibular subluxations,复发性下颌骨半脱位,
HP:0005335,Sleepy facial expression,困倦的表情,
HP:0005336,Forehead hyperpigmentation,前额色素沉着,
HP:0005338,Sparse lateral eyebrow,眉尖稀疏,
HP:0005339,Abnormality of complement system,补体系统异常,
HP:0005340,Spastic/hyperactive bladder,膀胱痉挛/过度活跃,
HP:0005341,Autonomic bladder dysfunction,自主性膀胱功能障碍,
HP:0005343,Hypoplasia of the bladder,膀胱发育不良,
HP:0005344,Abnormal carotid artery morphology,颈动脉形态异常,
HP:0005345,Abnormal vena cava morphology,腔静脉形态异常,
HP:0005346,Abnormal facial expression,面部表情异常,
HP:0005347,Tracheal cartilaginous sleeve,气管软骨套管,
HP:0005348,Inspiratory stridor,吸气性喘鸣,
HP:0005349,Hypoplasia of the epiglottis,会厌发育不良,
HP:0005352,Severe T-cell immunodeficiency,重度T细胞免疫缺陷,
HP:0005353,Recurrent herpes,复发性疱疹,
HP:0005354,Lack of T cell function,T细胞功能缺陷,
HP:0005356,Decreased circulating complement factor I concentration,循环补体I因子浓度降低,
HP:0005357,Defective B cell differentiation,B细胞分化缺陷,
HP:0005359,Aplasia of the thymus,胸腺发育不全,
HP:0005360,Susceptibility to chickenpox,水痘易感,
HP:0005363,Humoral immunodeficiency,体液免疫缺陷,
HP:0005365,Severe B lymphocytopenia,重型B淋巴细胞减少症,
HP:0005366,Recurrent streptococcus pneumoniae infections,复发性链球菌感染肺炎,
HP:0005368,Abnormality of humoral immunity,体液免疫异常,
HP:0005369,Decreased circulating complement factor H concentration,循环补体H因子浓度降低,
HP:0005372,Abnormality of B cell physiology,B细胞生理异常,
HP:0005374,Cellular immunodeficiency,细胞免疫缺陷,
HP:0005376,Recurrent Haemophilus influenzae infections,反复流感嗜血杆菌感染,
HP:0005381,Recurrent meningococcal disease,反复脑膜炎球菌感染,
HP:0005384,Defective B cell activation,B细胞活化障碍,
HP:0005386,Recurrent protozoan infections,反复原虫感染,
HP:0005387,Combined immunodeficiency,联合免疫缺陷,
HP:0005389,Depletion of components of the alternative complement pathway,补体旁路途径组分消耗,
HP:0005390,Recurrent opportunistic infections,反复机会性感染,
HP:0005396,Susceptibility to coronavirus 229e,冠状病毒229e易感,
HP:0005400,Reduction of neutrophil motility,中性粒细胞运动性能减低,
HP:0005401,Recurrent candida infections,反复念珠菌感染,
HP:0005403,T lymphocytopenia,T淋巴细胞减少症,
HP:0005404,Increased B cell count,B细胞数量增多,
HP:0005406,Recurrent bacterial skin infections,复发性细菌性皮肤感染,
HP:0005407,Decreased proportion of CD4-positive helper T cells,CD4+辅助 T 细胞比例减低,
HP:0005411,Chronic intestinal candidiasis,慢性肠道念珠菌症,
HP:0005413,Increased alpha-globulin,α-球蛋白增加,
HP:0005415,Decreased proportion of CD8-positive T cells,CD8 + T细胞数目减低,
HP:0005416,Decreased circulating complement factor B concentration,循环补体B因子浓度降低,
HP:0005419,Decreased T cell activation,T细胞活化降低,
HP:0005420,Recurrent gram-negative bacterial infections,反复革兰氏阴性菌感染,
HP:0005421,Decreased circulating complement C3 concentration,循环补体C3浓度降低,
HP:0005422,Absence of CD8-positive T cells,CD8 + T细胞缺乏,
HP:0005423,Dysfunctional alternative complement pathway,补体旁路途径功能失调,
HP:0005424,Absent specific antibody response,特异性抗体应答缺失,
HP:0005425,Recurrent sinopulmonary infections,反复鼻窦及肺感染,
HP:0005428,Severe recurrent varicella,重症复发性水痘,
HP:0005429,Recurrent systemic pyogenic infections,反复全身化脓性感染,
HP:0005430,Recurrent Neisserial infections,反复奈瑟氏球菌感染,
HP:0005432,Transient hypogammaglobulinemia of infancy,婴儿期一过性低丙球蛋白血症,
HP:0005435,Impaired T cell function,T细胞功能受损,
HP:0005437,Recurrent infections in infancy and early childhood,婴儿和幼儿期反复感染,
HP:0005439,Maxillozygomatic hypoplasia,上颌颧骨发育不全,
HP:0005441,Sclerotic cranial sutures,颅缝硬化,
HP:0005442,Widely patent coronal suture,冠状缝未闭,
HP:0005445,Enlarged posterior fossa,后颅窝增宽,
HP:0005446,Obtuse angle of mandible,下颌钝角,
HP:0005449,Bridged sella turcica,桥形蝶鞍,
HP:0005450,Calvarial osteosclerosis,颅骨硬化,
HP:0005451,Decreased cranial base ossification,颅底骨化减少,
HP:0005453,Absent/hypoplastic paranasal sinuses,副鼻窦缺如/发育不全,
HP:0005456,Absent ethmoidal sinuses,筛窦缺如,
HP:0005458,Premature closure of fontanelles,囟门过早闭合,
HP:0005461,Craniofacial disproportion,颅面比例失调,
HP:0005462,Calcification of falx cerebri,大脑镰钙化,
HP:0005463,Elongated sella turcica,长蝶鞍,
HP:0005464,Craniofacial osteosclerosis,颅面骨硬化,
HP:0005465,Facial hyperostosis,面骨增生,
HP:0005466,Hypoplasia of the frontal bone,额骨发育不全,
HP:0005469,Flat occiput,枕骨扁平,
HP:0005472,Orbital craniosynostosis,眶颅缝早闭,
HP:0005473,Fusion of middle ear ossicles,中耳听小骨融合,
HP:0005474,Decreased calvarial ossification,颅骨骨化减少,
HP:0005476,Widely patent sagittal suture,矢状缝未闭,
HP:0005477,Progressive sclerosis of skull base,颅底渐进性硬化症,
HP:0005478,Prominent frontal sinuses,额窦突出,
HP:0005479,Decreased circulating IgE concentration,循环IgE水平降低,
HP:0005482,Abnormality of the alternative complement pathway,替代补体途径异常,
HP:0005483,Abnormal epiglottis morphology,会厌形态异常,
HP:0005484,Secondary microcephaly,继发性小头畸形,
HP:0005486,Small fontanelle,小囟门,
HP:0005487,Prominent metopic ridge,额嵴突出,
HP:0005490,Postnatal macrocephaly,出生后巨头畸形,
HP:0005494,Premature posterior fontanelle closure,后囟门过早闭合,
HP:0005495,Metopic suture patent to nasal root,额缝开放至鼻根,
HP:0005498,Midline skin dimples over anterior/posterior fontanelles,前/后囟门中线皮肤凹陷,
HP:0005502,Increased red cell osmotic fragility,红细胞渗透脆性增加,
HP:0005505,Refractory anemia,难治性贫血,
HP:0005506,Chronic myelogenous leukemia,慢性粒细胞白血病,
HP:0005507,Hemoglobin Barts,Barts 血红蛋白,
HP:0005508,Monoclonal immunoglobulin M proteinemia,单克隆IgM血症,
HP:0005510,Transient erythroblastopenia,一过性幼红细胞减少症,
HP:0005511,Heinz body anemia,海因小体贫血,
HP:0005512,Impaired neutrophil killing of staphylococci,中性粒细胞杀伤葡萄球菌功能减低,
HP:0005513,Increased megakaryocyte count,巨核细胞计数增加,
HP:0005517,T-cell lymphoma/leukemia,T细胞淋巴瘤/白血病,
HP:0005518,Increased mean corpuscular volume,平均红细胞体积增加,
HP:0005520,Chronic disseminated intravascular coagulation,慢性弥漫性血管内凝血,
HP:0005521,Disseminated intravascular coagulation,弥漫性血管内凝血,
HP:0005522,Pyridoxine-responsive sideroblastic anemia,吡哆醇反应性铁粒幼细胞性贫血,
HP:0005523,Lymphoproliferative disorder,淋巴增生性疾病,
HP:0005524,Macrocytic hemolytic disease,大红细胞溶血病,
HP:0005525,Spontaneous hemolytic crises,自发性溶血危象,
HP:0005526,Lymphoid leukemia,淋巴细胞白血病,
HP:0005527,Reduced kininogen activity,激肽原活性降低,
HP:0005528,Bone marrow hypocellularity,骨髓细胞减少,
HP:0005531,Biphenotypic acute leukemia,急性双表型白血病,
HP:0005532,Macrocytic dyserythropoietic anemia,大细胞性红细胞生成异常性贫血,
HP:0005534,Transient myeloproliferative syndrome,一过性骨髓增生综合征,
HP:0005535,Exercise-induced hemolysis,运动诱发性性溶血,
HP:0005537,Decreased mean platelet volume,平均血小板体积减小,
HP:0005539,T cell chronic lymphocytic lymphoma/leukemia,慢性T淋巴细胞淋巴瘤/白血病,
HP:0005540,Red blood cell keratocytosis,红细胞角化增多症,
HP:0005541,Congenital agranulocytosis,先天性粒细胞缺乏症,
HP:0005542,Prolonged whole-blood clotting time,全血凝血时间延长,
HP:0005543,Reduced protein C activity,蛋白C活性减低,
HP:0005546,Increased red cell osmotic resistance,红细胞渗透阻力增加,
HP:0005547,Myeloproliferative disorder,骨髓增生性疾病,
HP:0005548,Megakaryocytopenia,巨核细胞减少症,
HP:0005550,Chronic lymphatic leukemia,慢性淋巴细胞白血病,
HP:0005556,Abnormality of the metopic suture,额缝异常,
HP:0005557,Abnormal zygomatic arch morphology,颧弓形态异常,
HP:0005558,Chronic leukemia,慢性白血病,
HP:0005559,Abnormality of the kinin-kallikrein system,激肽 - 激肽释放酶系统的异常,
HP:0005560,Imbalanced hemoglobin synthesis,血红蛋白合成失衡,
HP:0005561,Abnormal bone marrow cell morphology,骨髓细胞形态异常,
HP:0005562,Multiple renal cysts,多发性肾囊肿,
HP:0005563,Decreased numbers of nephrons,肾单位数量减少,
HP:0005564,Absence of renal corticomedullary differentiation,肾皮髓质分界消失,
HP:0005565,Reduced renal corticomedullary differentiation,肾皮髓质分界模糊,
HP:0005567,Renal magnesium wasting,肾脏镁消耗,
HP:0005571,Increased renal tubular phosphate reabsorption,肾小管磷重吸收增加,
HP:0005572,Decreased renal tubular phosphate excretion,肾小管磷排泄减少,
HP:0005574,Non-acidotic proximal tubulopathy,非酸中毒性近端肾小管病,
HP:0005575,Hemolytic-uremic syndrome,溶血性尿毒症综合征,
HP:0005576,Tubulointerstitial fibrosis,肾小管间质纤维化,
HP:0005579,Impaired renal tubular reabsorption of chloride,肾小管重吸收氯功能受损,
HP:0005580,Duplication of renal pelvis,双肾盂,
HP:0005583,Tubular basement membrane disintegration,肾小管基底膜解体,
HP:0005584,Renal cell carcinoma,肾细胞癌,
HP:0005585,Spotty hyperpigmentation,斑点状色素沉着,
HP:0005586,Hyperpigmentation in sun-exposed areas,日晒区色素沉着,
HP:0005587,Profuse pigmented skin lesions,泛发性色素性皮损,
HP:0005588,Patchy palmoplantar hyperkeratosis,斑片状掌跖角化病,
HP:0005590,Spotty hypopigmentation,点滴状色素减退,
HP:0005592,Giant melanosomes in melanocytes,黑素细胞中巨大黑素小体,
HP:0005593,"Macular hypopigmented whorls, streaks, and patches",螺纹状、线状和点状色素减退斑,
HP:0005595,Generalized hyperkeratosis,泛发性角化过度,
HP:0005597,Congenital alopecia totalis,先天性全秃,
HP:0005598,Facial telangiectasia in butterfly midface distribution,面部毛细血管蝶状扩张,
HP:0005599,Hypopigmentation of hair,毛发色素减退,
HP:0005600,Congenital giant melanocytic nevus,先天性巨大型色素痣,
HP:0005602,Progressive vitiligo,进展期白癜风,
HP:0005603,Numerous congenital melanocytic nevi,多发性先天性色素痣,
HP:0005605,Large cafe-au-lait macules with irregular margins,边缘不规则的较大咖啡牛奶斑,
HP:0005606,Hyperpigmented nevi and streak,色素痣和线状色素沉着,
HP:0005607,Abnormal tracheobronchial morphology,气管支气管系统形态异常,
HP:0005608,Bilobate gallbladder,双叶胆囊,
HP:0005609,Gallbladder dysfunction,胆囊功能障碍,
HP:0005612,Arthrogryposis-like hand anomaly,手关节挛缩状畸形,
HP:0005613,Aplasia/hypoplasia of the femur,股骨发育不良/发育不全,
HP:0005616,Accelerated skeletal maturation,骨骼成熟加速,
HP:0005617,Bilateral camptodactyly,双侧指屈曲,
HP:0005619,Thoracolumbar kyphosis,胸腰部脊柱后凸,
HP:0005620,Hypermobility of interphalangeal joints,指间关节活动过度,
HP:0005621,Trapezoidal vertebral body,楔形椎体,
HP:0005622,Broad long bones,长骨增宽,
HP:0005623,Absent ossification of calvaria,颅骨未骨化,
HP:0005625,Osteoporosis of vertebrae,椎骨骨质疏松症,
HP:0005626,Posterior fusion of lumbosacral vertebrae,腰骶椎后部融合,
HP:0005627,Type D brachydactyly,D型短指,
HP:0005632,Absent forearm,前臂缺如,
HP:0005638,Decreased anterioposterior diameter of lumbar vertebral bodies,腰椎椎体前后径减小,
HP:0005639,Hyperextensible hand joints,手关节背伸过度,
HP:0005640,Abnormal vertebral segmentation and fusion,椎体分节和融合异常,
HP:0005643,Short 3rd toe,第三趾过短,
HP:0005645,Intervertebral disk calcification,椎间盘钙化,
HP:0005648,Bilateral ulnar hypoplasia,双侧尺骨发育不全,
HP:0005650,2-5 finger cutaneous syndactyly,第二-五指皮肤性并指,
HP:0005652,Cortical sclerosis,骨皮质硬化,
HP:0005653,Moderate generalized osteoporosis,全身性中度骨质疏松症,
HP:0005655,Multiple digital exostoses,多发性指趾外生骨疣,
HP:0005656,Positional foot deformity,位置性足畸形,
HP:0005659,Thoracic kyphoscoliosis,胸椎后侧凸,
HP:0005661,Salmonella osteomyelitis,沙门氏菌骨髓炎,
HP:0005665,Massively thickened long bone cortices,长骨皮质极度增厚,
HP:0005667,Os odontoideum,游离齿状突(齿状突小骨),
HP:0005671,Bilateral intracerebral calcifications,双侧颅内钙化,
HP:0005676,Rudimentary postaxial polydactyly of hands,轴后多指畸形,
HP:0005678,Anterior atlanto-occipital dislocation,寰枕关节前脱位,
HP:0005679,Dupuytren contracture,掌腱膜挛缩,
HP:0005680,Tongue-like lumbar vertebral deformities,腰椎舌状变形,
HP:0005681,Juvenile rheumatoid arthritis,幼年类风湿关节炎,
HP:0005682,Talocalcaneal synostosis,距-跟骨骨性连合,
HP:0005684,Distal arthrogryposis,远端关节挛缩,
HP:0005686,Patchy osteosclerosis,斑片性骨硬化,
HP:0005687,Deformed humeral heads,肱骨头变形,
HP:0005688,Dysplastic distal thumb phalanges with a central hole,伴有中心孔的远端拇指指骨发育不良,
HP:0005689,Dermatoglyphic ridges abnormal,皮纹脊异常,
HP:0005694,Partial fusion of proximal row of carpal bones,近排腕骨部分融合,
HP:0005696,Postaxial polydactyly type A,轴后多指趾畸形A型,
HP:0005700,Increased bone density with cystic changes,骨密度增加伴囊性变,
HP:0005701,Multiple enchondromatosis,多发性内生软骨瘤,
HP:0005707,Bilateral triphalangeal thumbs,双侧三指节拇指畸形,
HP:0005709,2-3 toe cutaneous syndactyly,第二、三脚趾皮肤性并趾,
HP:0005715,Flattened knee epiphyses,扁平膝骨骺,
HP:0005716,Lethal skeletal dysplasia,致死性骨骼发育不良,
HP:0005720,Shortening of all metacarpals,全部掌骨缩短,
HP:0005722,Hyperextensible thumb,拇指过度背伸,
HP:0005723,Shoe-shaped sella turcica,鞋形蝶鞍,
HP:0005725,Nonopposable triphalangeal thumb,不能对指的三节拇指,
HP:0005726,Thumbs hypoplastic with bulbous tips,拇指发育不良伴球根形指尖,
HP:0005731,Cortical irregularity,骨皮质不规则,
HP:0005733,Spinal stenosis with reduced interpedicular distance,椎管狭窄伴椎弓根间距缩短,
HP:0005736,Short tibia,短胫骨,
HP:0005739,Posterior subluxation of radial head,桡骨头向后半脱位,
HP:0005743,Avascular necrosis of the capital femoral epiphysis,股骨头骨骺缺血性坏死,
HP:0005745,Congenital foot contractures,先天性足挛缩,
HP:0005746,Osteosclerosis of the base of the skull,颅底骨硬化,
HP:0005747,Easily subluxated first metacarpophalangeal joints,第一掌指关节易半脱位,
HP:0005750,Lower-limb joint contracture,下肢关节挛缩,
HP:0005752,Flattened moderately deformed vertebrae,中度扁平变形的椎体,
HP:0005756,Neonatal epiphyseal stippling,新生儿骨骺点状钙化,
HP:0005758,Basilar impression,颅底压迹,
HP:0005759,Small flat posterior fossa,后颅窝扁小,
HP:0005764,Polyarticular arthritis,多发性关节炎,
HP:0005765,Sacral meningocele,骶脊膜膨出,
HP:0005766,Disproportionate shortening of the tibia,胫骨不成比例缩短,
HP:0005767,1-2 toe complete cutaneous syndactyly,第一、二脚趾完全皮肤性并趾,
HP:0005768,2-4 toe cutaneous syndactyly,第二-四趾皮肤性并趾,
HP:0005769,Fifth finger distal phalanx clinodactyly,第五指末节指骨弯曲,
HP:0005772,Aplasia/Hypoplasia of the tibia,胫骨发育不全或发育低下,
HP:0005773,Short forearm,前臂短,
HP:0005775,Multiple skeletal anomalies,多发性骨骼异常,
HP:0005776,Carpal bone malsegmentation,腕骨分节异常,
HP:0005780,Absent fourth finger distal interphalangeal crease,第四指远端指节间褶痕缺失,
HP:0005781,Contractures of the large joints,大关节挛缩,
HP:0005787,Lumbar platyspondyly,腰椎扁平椎,
HP:0005788,Abnormal cervical myelogram,颈髓造影异常,
HP:0005789,Generalized osteosclerosis,周身性骨硬化,
HP:0005790,Short mandibular condyles,下颌骨髁突短,
HP:0005791,Cortical thickening of long bone diaphyses,长骨骨干皮质增厚,
HP:0005792,Short humerus,肱骨短,
HP:0005793,Shortening of all distal phalanges of the toes,全部脚趾远节趾骨缩短,
HP:0005798,Posterior radial head dislocation,桡骨头后脱位,
HP:0005802,Coalescence of tarsal bones,跗骨融合,
HP:0005807,Absent distal phalanges,远节指骨缺如,
HP:0005815,Supernumerary ribs,多余肋,
HP:0005817,Postaxial polysyndactyly of foot,轴后多趾并趾,
HP:0005819,Short middle phalanx of finger,中节指骨短,
HP:0005820,Superior rib anomalies,高位肋骨畸形,
HP:0005824,Clinodactyly of the 2nd toe,第二趾屈趾畸形,
HP:0005825,Mixed sclerosis of humeral metaphyses,肱骨干骺端混合硬化,
HP:0005828,Transient pulmonary infiltrates,一过性肺浸润,
HP:0005829,Maldevelopment of radioulnar joint,桡尺骨关节发育不良,
HP:0005830,Flexion contracture of toe,脚趾屈曲挛缩,
HP:0005831,Type B brachydactyly,B型短指（趾）,
HP:0005832,Dysharmonic delayed bone age,发育障碍性骨龄延迟,
HP:0005841,Calcific stippling of infantile cartilaginous skeleton,婴儿软骨骨骼点状钙化,
HP:0005844,Rounded middle phalanx of finger,手指中节指骨圆钝,
HP:0005849,Diffuse cerebral calcification,弥漫性脑钙化,
HP:0005850,Congenital talipes calcaneovalgus,先天性马蹄外翻足,
HP:0005852,Limited elbow extension and supination,肘部伸展和旋后受限,
HP:0005853,Congenital foot contraction deformities,先天性足挛缩变形,
HP:0005855,Multiple prenatal fractures,多发性产前骨折,
HP:0005856,Ulnar radial head dislocation,尺桡骨头脱位,
HP:0005857,Cervical spina bifida,颈椎脊柱裂,
HP:0005863,Type E brachydactyly,E型短指（趾）,
HP:0005864,Pseudoarthrosis,假关节,
HP:0005866,Opposable triphalangeal thumb,能对指的三节拇指,
HP:0005867,4-5 metacarpal synostosis,第四、五掌骨骨性结合,
HP:0005868,Metaphyseal enchondromatosis,干骺端软骨瘤病,
HP:0005871,Metaphyseal chondrodysplasia,干骺端软骨发育不良,
HP:0005872,Brachytelomesophalangy,中远节指（趾）骨缩短,
HP:0005873,Polysyndactyly of hallux,拇趾并趾和多趾畸形,
HP:0005875,Increased dermatoglyphic whorls,指（趾）螺形纹增加,
HP:0005876,Progressive flexion contractures,进行性屈曲挛缩,
HP:0005877,Multiple small vertebral fractures,多发性小椎体骨折,
HP:0005878,Enlarged sagittal diameter of the cervical canal,颈椎椎管矢状径增大,
HP:0005879,Congenital finger flexion contractures,先天性手指屈曲挛缩,
HP:0005880,Metacarpophalangeal synostosis,掌指关节骨性融合,
HP:0005881,Spinal instability,脊柱不稳,
HP:0005882,Dermatoglyphic variants,皮纹变异,
HP:0005885,Absent ossification of cervical vertebral bodies,颈椎椎体未骨化,
HP:0005886,Aphalangy of the hands,手指骨缺失,
HP:0005890,Hyperostosis cranialis interna,颅骨内板增生,
HP:0005891,Progressive forearm bowing,前臂渐进性弯曲,
HP:0005892,Proximal tibial and fibular fusion,胫腓骨近端融合,
HP:0005894,Double first metacarpals,第一掌骨重复,
HP:0005895,Radial deviation of thumb terminal phalanx,拇指末节指骨径向偏移,
HP:0005897,Severe generalized osteoporosis,严重全身性骨质疏松症,
HP:0005900,Fifth metacarpal with ulnar notch,第五掌骨尺骨切迹,
HP:0005905,Abnormal cervical curvature,颈椎曲度异常,
HP:0005906,Delayed pneumatization of the mastoid process,乳突气腔形成延迟,
HP:0005910,Rhomboid or triangular shaped 5th finger middle phalanx,第五指中节指骨呈菱形或三角形,
HP:0005912,Biliary atresia,胆道闭锁,
HP:0005913,Abnormal metacarpal epiphysis morphology,掌故骨骺形态异常,
HP:0005914,Aplasia/Hypoplasia involving the metacarpal bones,掌骨发育不全或发育低下,
HP:0005916,Abnormal metacarpal morphology,掌骨形态异常,
HP:0005917,Supernumerary metacarpal bones,额外掌骨,
HP:0005918,Abnormal finger phalanx morphology,指骨形态异常,
HP:0005920,Abnormal epiphysis morphology of the phalanges of the hand,指骨骨骺形态异常,
HP:0005922,Abnormal hand morphology,手形态异常,
HP:0005923,Abnormal hand metaphysis morphology,手骨干骺端形态异常,
HP:0005924,Abnormal hand epiphysis morphology,手骨骨骺形态异常,
HP:0005925,Abnormal hand diaphysis morphology,手骨骨干形态异常,
HP:0005926,Abnormal hand cortical bone morphology,手骨皮质骨形态异常,
HP:0005927,Aplasia/hypoplasia involving bones of the hand,手部骨骼发育不良/发育不全,
HP:0005928,Synostosis involving the fibula,累及腓骨的骨性连合,
HP:0005929,Synostosis involving the tibia,累及胫骨的骨性连合,
HP:0005930,Abnormal epiphysis morphology,骨骺形态异常,
HP:0005932,Abnormal renal corticomedullary differentiation,肾皮髓质分界异常,
HP:0005934,Imperfect vocal cord adduction,声带内收缺陷,
HP:0005938,Abnormal respiratory motile cilium morphology,运动纤毛细胞形态异常,
HP:0005939,Multiple bilateral pneumothoraces,复发性双侧气胸,
HP:0005941,Intermittent hyperpnea at rest,静息性间歇过度通气,
HP:0005942,Desquamative interstitial pneumonitis,脱屑间质性肺炎,
HP:0005943,Respiratory arrest,呼吸骤停,
HP:0005944,Bilateral lung agenesis,双肺发育不全,
HP:0005945,Laryngeal obstruction,喉梗阻,
HP:0005946,Ventilator dependence with inability to wean,呼吸机依赖无法脱机,
HP:0005947,Decreased sensitivity to hypoxemia,低氧血症敏感性减低,
HP:0005948,Multiple pulmonary cysts,多发肺囊肿,
HP:0005949,Apneic episodes in infancy,婴儿期呼吸暂停,
HP:0005950,Laryngeal web,喉蹼,
HP:0005951,Progressive inspiratory stridor,渐进式吸气性喘鸣,
HP:0005954,Pulmonary capillary hemangiomatosis,肺毛细血管瘤病,
HP:0005956,Anteroposteriorly shortened larynx,喉前后径缩短,
HP:0005957,Breathing dysregulation,呼吸失调,
HP:0005959,Impaired gluconeogenesis,糖异生功能障碍,
HP:0005961,Hypoargininemia,低精氨酸血症,
HP:0005964,Intermittent hypothermia,间歇性低体温,
HP:0005967,Mixed respiratory and metabolic acidosis,混合性呼吸和代谢性酸中毒,
HP:0005968,Temperature instability,体温不稳定,
HP:0005972,Respiratory acidosis,呼吸性酸中毒,
HP:0005973,Fructose intolerance,果糖不耐受,
HP:0005974,Episodic ketoacidosis,阵发性酸中毒,
HP:0005976,Hyperkalemic metabolic acidosis,高钾代谢性酸中毒,
HP:0005977,Hypochloremic metabolic alkalosis,低氯性代谢性碱中毒,
HP:0005978,Type II diabetes mellitus,2型糖尿病,
HP:0005979,Metabolic ketoacidosis,代谢性酮症酸中毒,
HP:0005982,Reduced phenylalanine hydroxylase level,苯丙氨酸羟化酶活性降低,
HP:0005986,Limitation of neck motion,颈部活动受限,
HP:0005987,Multinodular goiter,多结节性甲状腺肿,
HP:0005988,Congenital muscular torticollis,先天性肌性斜颈,
HP:0005989,Redundant neck skin,颈部皮肤增厚,
HP:0005990,Thyroid hypoplasia,甲状腺发育不良,
HP:0005991,Limited neck flexion,颈部屈曲受限,
HP:0005994,Nodular goiter,结节性甲状腺肿,
HP:0005995,Decreased adipose tissue around neck,颈部脂肪组织减少,
HP:0005997,Neck joint contracture,颈部关节挛缩,
HP:0005999,Ureteral atresia,输尿管闭锁,
HP:0006000,Ureteral obstruction,输尿管梗阻,
HP:0006006,Hypotrophy of the small hand muscles,手部小肌肉发育不良,
HP:0006008,Unilateral brachydactyly,单侧短指（趾）,
HP:0006009,Broad phalanx,指（趾）骨增宽,
HP:0006011,Cuboidal metacarpal,骰子形掌骨,
HP:0006012,Widened metacarpal shaft,掌骨干增宽,
HP:0006014,Abnormally shaped carpal bones,腕骨形状异常,
HP:0006016,Delayed phalangeal epiphyseal ossification,指骨骨骺骨化延迟,
HP:0006019,Reduced proximal interphalangeal joint space,近端指间关节间隙减小,
HP:0006026,Rounded epiphyses,球形骨骺,
HP:0006028,Metaphyseal cupping of metacarpals,掌骨杯状干骺端,
HP:0006035,Cone-shaped epiphyses of phalanges 2 to 5,第二-第五指指骨锥形骨骺,
HP:0006040,Long second metacarpal,第二掌骨过长,
HP:0006042,Y-shaped metacarpals,Y形掌骨,
HP:0006045,Short pointed phalanges,短尖指（趾）骨,
HP:0006048,Distal widening of metacarpals,掌骨远端增宽,
HP:0006051,Metacarpal periosteal thickening,掌骨骨膜增厚,
HP:0006055,Ulnar deviated club hands,向尺骨偏离的曲棍球棒样手,
HP:0006059,Cone-shaped metacarpal epiphyses,掌骨锥形骨骺,
HP:0006060,Tombstone-shaped proximal phalanges,墓碑形近端指（趾）骨,
HP:0006064,Limited interphalangeal movement,指间运动受限,
HP:0006067,Multiple carpal ossification centers,腕骨多骨化中心,
HP:0006070,Metacarpophalangeal joint contracture,掌指关节挛缩,
HP:0006077,Absent proximal finger flexion creases,手指近端屈曲褶皱缺失,
HP:0006086,Thin metacarpal cortices,掌骨皮质变薄,
HP:0006088,1-5 finger complete cutaneous syndactyly,五个手指完全皮肤性并指,
HP:0006089,Palmar hyperhidrosis,出汗不良性湿疹,
HP:0006092,Malaligned carpal bone,腕骨错位,
HP:0006094,Finger joint hypermobility,指关节活动过度,
HP:0006095,Wide tufts of distal phalanges,远端指骨束增宽,
HP:0006097,3-4 finger osseus syndactyly,第三-四指骨性并指,
HP:0006099,Metacarpophalangeal joint hyperextensibility,掌指关节伸展过度,
HP:0006101,Finger syndactyly,手指并指,
HP:0006106,Absent trapezoid bone,小多角骨缺如,
HP:0006107,Fingerpad telangiectases,指垫毛细血管扩张,
HP:0006108,Tapered metacarpals,锥形掌骨,
HP:0006109,Absent phalangeal crease,指节间皮肤褶皱缺失,
HP:0006110,Shortening of all middle phalanges of the fingers,所有中节指骨缩短,
HP:0006112,Expanded phalanges with widened medullary cavities,髓腔加宽型指（趾）骨膨大,
HP:0006114,Multiple palmar creases,多掌褶,
HP:0006118,Shortening of all distal phalanges of the fingers,手指的所有远端指骨缩短,
HP:0006119,Proximal tapering of metacarpals,掌骨近端逐渐变细,
HP:0006121,Acral ulceration,肢端溃疡,
HP:0006127,Long proximal phalanx of finger,近节指骨修长,
HP:0006129,Drumstick terminal phalanges,鼓槌状末节指（趾）骨,
HP:0006134,Enlarged metacarpal epiphyses,掌骨骨骺膨大,
HP:0006135,Decreased finger mobility,手指灵活度下降,
HP:0006136,Bilateral postaxial polydactyly,双侧轴后性多指/趾,
HP:0006140,Premature fusion of phalangeal epiphyses,指骨骨骺过早融合,
HP:0006143,Abnormal finger flexion crease,异常手指屈曲折痕,
HP:0006144,Shortening of all proximal phalanges of the fingers,近节指骨全部缩短,
HP:0006145,Central Y-shaped metacarpal,中央Y形掌骨,
HP:0006146,Broad metacarpal epiphyses,掌骨骨骺变宽,
HP:0006147,Progressive fusion 2nd-5th pip joints,进行性第二-五指间关节融合,
HP:0006149,Increased laxity of fingers,手指过度松弛,
HP:0006150,Swan neck-like deformities of the fingers,手指天鹅颈样畸形,
HP:0006152,Proximal symphalangism of hands,近端指间关节融合,
HP:0006155,Long phalanx of finger,长指骨,
HP:0006156,Ulnar deviation of thumb,拇指向尺侧偏斜,
HP:0006157,Prominent palmar flexion creases,突出的掌屈折痕,
HP:0006159,Mesoaxial hand polydactyly,中轴多指畸形,
HP:0006160,Irregular metacarpals,不规则掌骨,
HP:0006161,Short metacarpals with rounded proximal ends,近端圆形的短掌骨,
HP:0006162,Soft tissue swelling of interphalangeal joints,指关节间软组织肿胀,
HP:0006163,Enlarged metacarpophalangeal joints,掌指关节膨大,
HP:0006165,Proportionate shortening of all digits,所有指（趾）等比缩短,
HP:0006166,Tubular metacarpal bones,管状掌骨,
HP:0006167,Prominent proximal interphalangeal joints,膨大的近端指间关节,
HP:0006169,Decreased mobility 3rd-5th fingers,第三至第五指灵活度降低,
HP:0006170,Chess-pawn distal phalanges,国际象棋棋子状的远端指骨,
HP:0006172,"Flattened, squared-off epiphyses of tubular bones",扁平、方形的管状骨骨骺,
HP:0006174,Metacarpal diaphyseal endosteal sclerosis,掌骨骨干骨内膜硬化,
HP:0006175,Proximal phalangeal periosteal thickening,近节指（趾）骨骨膜增厚,
HP:0006176,Two carpal ossification centers present at birth,先天性腕骨双骨化中心,
HP:0006179,Pseudoepiphyses of second metacarpal,第二掌骨假骨骺,
HP:0006180,Crowded carpal bones,腕骨拥挤,
HP:0006184,Decreased palmar creases,掌纹减少,
HP:0006185,Enlarged proximal interphalangeal joints,近端指间关节增大,
HP:0006189,Prominent interdigital folds,指（趾）间褶皱突出,
HP:0006190,Radially deviated wrists,手腕径向偏离,
HP:0006191,Deep palmar crease,掌褶纹深,
HP:0006192,Tapered phalanx of finger,锥形指骨,
HP:0006193,Thimble-shaped middle phalanges of hand,顶针状中节指骨,
HP:0006200,Widened distal phalanges,远端指骨增宽,
HP:0006201,Hypermobility of distal interphalangeal joints,远端指(趾)间关节活动过度,
HP:0006202,Osteolysis of scaphoids,舟状骨溶骨,
HP:0006203,Decreased movement range in interphalangeal joints,指间关节活动范围减小,
HP:0006205,Irregular phalanges,不规则指骨,
HP:0006206,Hypersegmentation of proximal phalanx of second finger,第二指近节指骨分节过多,
HP:0006207,Partial fusion of carpals,腕骨部分融合,
HP:0006208,Metaphyseal cupping of proximal phalanges,近节指骨杯状干骺端,
HP:0006209,Partial-complete absence of 5th phalanges,第五指指骨部分或完全缺如,
HP:0006210,Postaxial oligodactyly,轴后少指（趾）,
HP:0006213,Thin proximal phalanges with broad epiphyses of the hand,近端指骨变薄而骨骺增宽,
HP:0006216,Single interphalangeal crease of fifth finger,第五指单个皮褶,
HP:0006217,Limited mobility of proximal interphalangeal joint,近端指（趾）间关节活动受限,
HP:0006224,Tapering pointed ends of distal finger phalanges,手指远端指骨末端尖细,
HP:0006226,Osteoarthritis of the first carpometacarpal joint,第一腕掌关节骨性关节炎,
HP:0006228,Valgus hand deformity,外翻手变形,
HP:0006230,Unilateral oligodactyly,单侧缺指（趾）,
HP:0006232,Expanded metacarpals with widened medullary cavities,髓质腔加宽型掌骨膨大,
HP:0006233,Osteoarthritis of the distal interphalangeal joint,远端指（趾）间关节骨性关节炎,
HP:0006234,Osteolysis involving tarsal bones,跗骨骨质溶解,
HP:0006236,Slender metacarpals,掌骨修长,
HP:0006237,Prominent interphalangeal joints,指（趾）间关节突出,
HP:0006239,Shortening of all middle phalanges of the toes,所有中节趾骨缩短,
HP:0006243,Phalangeal dislocation,指（趾）骨错位,
HP:0006247,Enlarged interphalangeal joints,指（趾）间关节膨大,
HP:0006248,Limited wrist movement,腕部运动受限,
HP:0006251,Limited wrist extension,伸腕受限,
HP:0006252,Interphalangeal joint erosions,指（趾）间关节侵蚀,
HP:0006253,Swelling of proximal interphalangeal joints,近端指（趾）关节肿胀,
HP:0006254,Elevated circulating alpha-fetoprotein concentration,循环甲胎蛋白浓度升高,
HP:0006256,Abnormality of hand joint mobility,手关节活动度异常,
HP:0006257,Abnormality of carpal bone ossification,腕骨骨化异常,
HP:0006261,Abnormal phalangeal joint morphology of the hand,指（趾）骨关节形态异常,
HP:0006262,Aplasia/Hypoplasia of the 5th finger,第五指发育不良/发育不全,
HP:0006263,Abnormality of the epiphyses of the 2nd finger,第二指骨骺异常,
HP:0006264,Aplasia/Hypoplasia of the 2nd finger,第二指发育不良/发育不全,
HP:0006265,Aplasia/Hypoplasia of fingers,手指发育不良/发育不全,
HP:0006266,Small placenta,小胎盘,
HP:0006267,Large placenta,大胎盘,
HP:0006268,Fluctuating splenomegaly,间歇性脾肿大,
HP:0006270,Hypoplastic spleen,脾脏发育不全,
HP:0006273,Pancreatic lymphangiectasis,胰腺淋巴管扩张,
HP:0006274,Reduced pancreatic beta cells,胰腺β细胞减少,
HP:0006276,Hyperechogenic pancreas,胰腺高回声,
HP:0006277,Pancreatic hyperplasia,胰腺增生,
HP:0006278,Ectopic pancreatic tissue,胰腺组织异位,
HP:0006279,Beta-cell dysfunction,β细胞功能障碍,
HP:0006280,Chronic pancreatitis,慢性胰腺炎,
HP:0006282,Generalized hypoplasia of dental enamel,广泛性牙釉质发育不全,
HP:0006283,Multiple unerupted teeth,多个未萌出牙,
HP:0006285,Enamel hypomineralization,牙釉质矿化不足,
HP:0006286,Yellow-brown discoloration of the teeth,棕黄色牙,
HP:0006288,Advanced eruption of teeth,牙齿过早萌出,
HP:0006289,Agenesis of central incisor,中切牙发育不全,
HP:0006290,Discolored lateral incisors,侧切牙变色,
HP:0006291,Marked delay in eruption of permanent teeth,恒牙萌出明显延迟,
HP:0006292,Abnormality of dental eruption,牙萌出异常,
HP:0006293,Agenesis of maxillary central incisor,上颌中切牙发育不全,
HP:0006297,Enamel hypoplasia,牙釉质发育不全,
HP:0006298,Prolonged bleeding after dental extraction,拔牙后出血时间延长,
HP:0006302,Dagger-shaped pulp calcifications,匕首状牙髓钙化,
HP:0006304,Widely-spaced incisors,切牙间隙过宽,
HP:0006308,Atrophy of alveolar ridges,牙槽嵴萎缩,
HP:0006311,Generalized microdontia,泛发性小牙畸形,
HP:0006313,Widely spaced primary teeth,乳牙间隙增宽,
HP:0006315,Solitary median maxillary central incisor,单个上门齿,
HP:0006316,Irregularly spaced teeth,牙齿间隔不规则,
HP:0006321,Multiple non-erupting secondary teeth,多个恒牙不萌发,
HP:0006323,Premature loss of primary teeth,乳牙过早脱落,
HP:0006326,Buried teeth encased in mucopolysaccharide,粘多糖贮积症致埋伏牙,
HP:0006329,Alveolar process hypoplasia,牙槽突发育不全,
HP:0006330,Rotated maxillary central incisors,螺旋形上颌中切牙,
HP:0006332,Supernumerary maxillary incisor,上颌骨多生中切牙,
HP:0006333,Crowded maxillary incisors,上颌切牙拥挤,
HP:0006334,Hypoplasia of the primary teeth,乳牙发育不全,
HP:0006335,Persistence of primary teeth,乳牙存留,
HP:0006336,Short dental root,短牙根,
HP:0006337,Premature eruption of permanent teeth,恒牙过早萌出,
HP:0006338,Malformation of mandibular premolar,下颌前臼齿（前磨牙）畸形,
HP:0006339,Conical mandibular incisor,锥状下切牙,
HP:0006342,Peg-shaped maxillary lateral incisors,钉形上颌侧切牙,
HP:0006344,Abnormal primary molar morphology,乳牙形态异常,
HP:0006346,Screwdriver-shaped incisors,螺丝刀状门齿,
HP:0006347,Microdontia of primary teeth,小乳牙畸形,
HP:0006349,Agenesis of permanent teeth,恒牙发育不全,
HP:0006350,Pulp obliteration,牙髓腔闭塞,
HP:0006352,Failure of eruption of permanent teeth,恒牙萌出失败,
HP:0006353,Hypoplasia of the tooth germ,牙胚发育不全,
HP:0006355,Agenesis of mandibular central incisor,下颌中切牙发育不全,
HP:0006357,Premature loss of permanent teeth,恒牙过早脱落,
HP:0006358,Shovel-shaped maxillary central incisors,铲形上门齿,
HP:0006361,Irregular femoral epiphysis,股骨骨骺不规则,
HP:0006362,Varus deformity of humeral neck,肱骨颈内翻畸形,
HP:0006366,Adductor longus contractures,内收长肌挛缩,
HP:0006367,Crumpled long bones,褶皱性长骨,
HP:0006368,Forearm reduction defects,前臂缩小缺陷,
HP:0006369,Irregular patellae,不规则髌骨,
HP:0006370,Distal ulnar epiphyseal stippling,尺骨远端骨骺点状钙化,
HP:0006371,Broad long bone diaphyses,长骨骨干变宽,
HP:0006375,Dumbbell-shaped femur,哑铃状股骨,
HP:0006376,Limited elbow flexion,屈肘受限,
HP:0006378,Osteolysis of patellae,髌骨骨溶解,
HP:0006379,Proximal tibial hypoplasia,胫骨近端发育不全,
HP:0006380,Knee flexion contracture,膝关节屈曲挛缩,
HP:0006381,Rudimentary fibula,腓骨发育不良,
HP:0006383,Progressive bowing of long bones,长骨进行性弯曲,
HP:0006384,Club-shaped distal femur,棒状股骨远端,
HP:0006385,Short lower limbs,下肢短,
HP:0006386,Hypoplastic distal radial epiphyses,桡骨远端骨骺发育不良,
HP:0006387,Wide distal femoral metaphysis,股骨远端干骺端增宽,
HP:0006389,Limited knee flexion,膝关节屈曲受限,
HP:0006390,Anterior tibial bowing,胫骨向前弯曲,
HP:0006391,Overtubulated long bones,纤细长骨,
HP:0006392,Increased density of long bones,长骨骨密度增加,
HP:0006394,Limited pronation/supination of forearm,前臂旋前或旋后受限,
HP:0006397,Lateral displacement of patellae,髌骨侧向脱位,
HP:0006398,Flat distal femoral epiphysis,股骨远端骨骺扁平,
HP:0006400,Absent knee epiphyses,膝关节骨骺缺如,
HP:0006402,Distal shortening of limbs,四肢远端缩短,
HP:0006406,Club-shaped proximal femur,棒状股骨近端,
HP:0006407,Irregular distal femoral epiphysis,股骨远端骨骺不规则,
HP:0006408,Distal tapering femur,股骨远端逐渐变细,
HP:0006409,Progressive leg bowing,渐进式腿部弯曲,
HP:0006413,Broad tibial metaphyses,胫骨干骺端变宽,
HP:0006414,Distal tibial bowing,胫骨远端弯曲,
HP:0006415,Cortically dense long tubular bones,长管骨皮质密度增加,
HP:0006417,Wide femoral metaphysis,股骨干骺端宽,
HP:0006420,Asymmetric radial dysplasia,不对称的桡骨发育不良,
HP:0006423,Peg-like central prominence of distal tibial metaphyses,胫骨远端干骺端钉状中央突出,
HP:0006424,Elongated radius,增长的桡骨,
HP:0006426,Rudimentary to absent tibiae,胫骨发育不良或缺如,
HP:0006429,Broad femoral neck,股骨颈变宽,
HP:0006431,Abnormal proximal femoral metaphysis morphology,股骨近端干骺端形态异常,
HP:0006432,Trapezoidal distal femoral condyles,股骨远端楔形髁突,
HP:0006433,Radial dysplasia,桡骨发育不良,
HP:0006434,Hypoplasia of proximal radius,近端桡骨发育低下,
HP:0006437,Disproportionate prominence of the femoral medial condyle,股骨内侧髁不成比例的突出,
HP:0006438,Enlargement of the distal femoral epiphysis,股骨远端骨骺膨大,
HP:0006439,Radioulnar dislocation,尺桡关节脱位,
HP:0006440,Increased density of long bone diaphyses,长骨骨干骨密度增加,
HP:0006441,Lateral humeral condyle aplasia,肱骨外侧髁发育不全,
HP:0006442,Hypoplasia of proximal fibula,腓骨近端发育不良,
HP:0006443,Patellar aplasia,髌骨发育不全,
HP:0006446,Dysplastic patella,髌骨发育不良,
HP:0006449,Distal radial epiphyseal osteolysis,桡骨远端骨骺骨质溶解,
HP:0006450,Multicentric ossification of proximal femoral epiphyses,股骨近端骨骺多中心骨化,
HP:0006453,Lateral displacement of the femoral head,股骨头横向移位,
HP:0006454,Delayed patellar ossification,髌骨骨化延迟,
HP:0006456,Irregular proximal tibial epiphyses,胫骨近端骨骺不规则,
HP:0006459,Dorsal subluxation of ulna,尺骨背侧半脱位,
HP:0006460,Increased laxity of ankles,脚踝松弛度增加,
HP:0006461,Proximal femoral epiphysiolysis,股骨近端骨骺生理溶解,
HP:0006462,Generalized bone demineralization,广泛性骨矿质密度降低,
HP:0006463,Rickets of the lower limbs,下肢佝偻病,
HP:0006465,Periosteal thickening of long tubular bones,长管状骨骨膜增厚,
HP:0006466,Ankle flexion contracture,踝关节屈曲挛缩,
HP:0006467,Limited shoulder movement,肩部活动受限,
HP:0006470,Thin long bone diaphyses,长骨骨干纤细,
HP:0006471,Fixed elbow flexion,肘关节曲位固定,
HP:0006473,Anterior bowing of long bones,长骨向前弯曲,
HP:0006476,Abnormality of the pancreatic islet cells,胰岛细胞异常,
HP:0006477,Abnormal alveolar ridge morphology,牙槽嵴形态异常,
HP:0006479,Abnormal dental pulp morphology,牙髓形态异常,
HP:0006480,Premature loss of teeth,牙齿过早脱落,
HP:0006481,Abnormality of primary teeth,乳牙异常,
HP:0006482,Abnormal dental morphology,牙齿形态异常,
HP:0006483,Abnormal number of teeth,牙齿数目异常,
HP:0006485,Agenesis of incisor,切牙发育不全,
HP:0006486,Abnormal dental root morphology,牙根形态异常,
HP:0006487,Bowing of the long bones,长骨弯曲,
HP:0006488,Bowing of the arm,手臂弯曲,
HP:0006489,Abnormal femoral metaphysis morphology,股骨干骺端形态异常,
HP:0006490,Abnormal lower-limb metaphysis morphology,下肢干骺端形态异常,
HP:0006491,Abnormal tibial metaphysis morphology,胫骨干骺端形态异常,
HP:0006492,Aplasia/Hypoplasia of the fibula,腓骨发育不良/发育不全,
HP:0006493,Aplasia/hypoplasia involving bones of the lower limbs,下肢骨骼发育不良/发育不全,
HP:0006494,Aplasia/Hypoplasia involving bones of the feet,足部骨骼发育不良/发育不全,
HP:0006495,Aplasia/Hypoplasia of the ulna,尺骨发育不良/发育不全,
HP:0006496,Aplasia/hypoplasia involving bones of the upper limbs,上肢骨骼发育不良/发育不全,
HP:0006498,Aplasia/Hypoplasia of the patella,髌骨发育不良/发育不全,
HP:0006499,Abnormal femoral epiphysis morphology,股骨骨骺形态异常,
HP:0006500,Abnormal lower limb epiphysis morphology,下肢骨骺形态异常,
HP:0006501,Aplasia/Hypoplasia of the radius,桡骨发育不良/发育不全,
HP:0006502,Aplasia/Hypoplasia involving the carpal bones,腕骨发育不良/发育不全,
HP:0006503,Aplasia/hypoplasia involving forearm bones,前臂骨骼发育不良/发育不全,
HP:0006505,Abnormal limb epiphysis morphology,四肢骨骺形态异常,
HP:0006507,Aplasia/hypoplasia of the humerus,肱骨发育不良/发育不全,
HP:0006508,Abnormality of tibial epiphyses,胫骨骨骺异常,
HP:0006509,Diverticulosis of trachea,气管憩室,
HP:0006510,Chronic pulmonary obstruction,慢性阻塞性肺疾病,
HP:0006511,Laryngeal stridor,喉喘鸣,
HP:0006514,Intraalveolar nodular calcifications,肺泡内结节性钙化,
HP:0006515,Interstitial pneumonitis,间质性肺炎,
HP:0006516,Hypersensitivity pneumonitis,过敏性肺炎,
HP:0006517,Intraalveolar phospholipid accumulation,肺泡蛋白沉积症,
HP:0006518,Pulmonary venous occlusion,肺静脉闭塞,
HP:0006519,Alveolar cell carcinoma,肺泡细胞癌,
HP:0006520,Progressive pulmonary function impairment,进行性肺功能受损,
HP:0006521,Pulmonary lymphangiectasia,肺淋巴管扩张,
HP:0006522,Repeated pneumothoraces,反复气胸,
HP:0006524,Tracheobronchial leiomyomatosis,气管，支气管平滑肌瘤病,
HP:0006527,Lymphocytic interstitial pneumonia,淋巴细胞性间质性肺炎,
HP:0006528,Chronic lung disease,慢性肺病,
HP:0006529,Abnormal pulmonary lymphatics,肺淋巴管异常,
HP:0006530,Abnormal pulmonary interstitial morphology,肺间质形态异常,
HP:0006531,Pleural lymphangiectasia,胸膜淋巴管扩张,
HP:0006532,Recurrent pneumonia,反复肺炎,
HP:0006533,Bronchodysplasia,支气管软骨发育不全,
HP:0006535,Recurrent intrapulmonary hemorrhage,复发性肺内出血,
HP:0006536,Airway obstruction,气道阻塞,
HP:0006538,Recurrent bronchopulmonary infections,反复支气管肺感染,
HP:0006539,Bronchial cartilage hypoplasia,支气管软骨发育不全,
HP:0006543,Cardiorespiratory arrest,心跳呼吸骤停,
HP:0006544,Extrapulmonary lobar sequestration,肺外肺叶隔离症,
HP:0006548,Pulmonary arteriovenous malformation,肺动静脉畸形,
HP:0006549,Unilateral primary pulmonary dysgenesis,单侧原发性肺动脉发育不良,
HP:0006552,Fibrocystic lung disease,纤维囊性肺疾病,
HP:0006554,Acute hepatic failure,急性肝功能衰竭,
HP:0006555,Diffuse hepatic steatosis,弥漫性肝脂肪变性,
HP:0006557,Polycystic liver disease,多囊性肝病,
HP:0006558,Decreased mitochondrial complex III activity in liver tissue,肝组织线粒体复合物III活性降低,
HP:0006559,Hepatic calcification,肝钙化,
HP:0006560,Biliary hyperplasia,胆管增生,
HP:0006561,Lipid accumulation in hepatocytes,肝细胞内脂质堆积,
HP:0006562,Viral hepatitis,病毒性肝炎,
HP:0006563,Malformation of the hepatic ductal plate,肝管板畸形,
HP:0006564,Fluctuating hepatomegaly,间歇性肝肿大,
HP:0006565,Increased hepatocellular lipid droplets,肝细胞内脂滴增加,
HP:0006566,Neonatal cholestatic liver disease,新生儿胆汁淤积性肝病,
HP:0006568,Increased hepatic glycogen content,肝糖原含量增高,
HP:0006571,Reduced number of intrahepatic bile ducts,肝内胆管数量减少,
HP:0006572,Subacute progressive viral hepatitis,亚急性进行性病毒性肝炎,
HP:0006573,Acute hepatic steatosis,急性肝脂肪变性,
HP:0006574,Hepatic arteriovenous malformation,肝动静脉畸形,
HP:0006575,Intrahepatic cholestasis with episodic jaundice,肝内胆汁淤积伴发作性黄疸,
HP:0006576,Hepatic vascular malformations,肝脏血管畸形,
HP:0006577,Macronodular cirrhosis,大结节性肝硬化,
HP:0006579,Prolonged neonatal jaundice,新生儿黄疸期延长,
HP:0006580,Portal fibrosis,汇管区纤维化,
HP:0006581,Depletion of mitochondrial DNA in liver,肝脏线粒体DNA缺失,
HP:0006582,Reye syndrome-like episodes,Reye综合征样发作,
HP:0006583,Fatal liver failure in infancy,婴儿期致命性肝功能衰竭,
HP:0006584,Small abnormally formed scapulae,小的异常形成的肩胛骨,
HP:0006585,Congenital pseudoarthrosis of the clavicle,先天性锁骨假关节,
HP:0006587,Straight clavicles,锁骨平直,
HP:0006589,Flaring of lower rib cage,下部肋缘外翻,
HP:0006590,Premature sternal synostosis,胸骨骨化过早,
HP:0006591,Absent glenoid fossa,肩关节窝缺如,
HP:0006593,Anomalous rib insertion to vertebrae,肋骨插入椎骨异常,
HP:0006595,Scapulohumeral synostosis,肩胛肱骨关节融合,
HP:0006596,Restricted chest movement,胸廓活动受限,
HP:0006597,Diaphragmatic paralysis,膈肌麻痹,
HP:0006598,Irregular ossification at anterior rib ends,肋骨前端不规则骨化,
HP:0006599,Medial widening of clavicles,锁骨内侧增宽,
HP:0006600,Progressive calcification of costochondral cartilage,进行性肋软骨钙化,
HP:0006603,"Flared, irregular rib ends",喇叭状不规则肋骨端,
HP:0006606,Irregular chondrocostal junctions,肋软骨交界处不规则,
HP:0006607,Precocious costochondral ossification,提早的肋软骨骨化,
HP:0006608,Midclavicular hypoplasia,锁骨中部发育不全,
HP:0006610,Wide intermamillary distance,乳头间距宽,
HP:0006611,Decreased number of sternal ossification centers,胸骨骨化中心数量减少,
HP:0006615,Absent in utero rib ossification,宫内肋骨未骨化,
HP:0006619,Anterior rib punctate calcifications,肋骨前端点状钙化,
HP:0006623,Costochondral joint sclerosis,肋软骨关节硬化,
HP:0006625,Multifocal breast carcinoma,多灶性乳腺癌,
HP:0006628,Absent sternal ossification,胸骨未骨化,
HP:0006631,Hypoplastic distal segments of scapulae,肩胛骨远端部分发育不良,
HP:0006633,Glenoid fossa hypoplasia,肩关节窝发育不全,
HP:0006634,Osteosclerosis of ribs,肋骨硬化,
HP:0006637,Sternal punctate calcifications,胸骨点状钙化,
HP:0006638,Midclavicular aplasia,锁骨中部发育不全,
HP:0006640,Multiple rib fractures,多发性肋骨骨折,
HP:0006641,Prominent floating ribs,游离肋突出,
HP:0006642,Large sternal ossification centers,大胸骨骨化中心,
HP:0006643,Fused sternal ossification centers,胸骨骨化中心融合,
HP:0006644,Thoracic dysplasia,胸廓发育不良,
HP:0006645,Thin clavicles,锁骨细小,
HP:0006646,Costal cartilage calcification,肋软骨钙化,
HP:0006647,Congenital microthorax,先天性小胸廓,
HP:0006649,Costochondral pain,肋软骨痛,
HP:0006650,Thickening of the lateral border of the scapula,肩胛骨外侧缘增厚,
HP:0006655,Rib segmentation abnormalities,肋骨分节异常,
HP:0006657,Hypoplasia of first ribs,第一肋发育不全,
HP:0006659,Internally rotated shoulders,内旋肩,
HP:0006660,Aplastic clavicle,锁骨发育不全,
HP:0006665,Coat hanger sign of ribs,衣架样肋骨,
HP:0006668,Twelfth rib hypoplasia,第十二肋发育不全,
HP:0006670,Impaired myocardial contractility,心肌收缩力受损,
HP:0006671,Paroxysmal atrial tachycardia,阵发性房性心动过速,
HP:0006673,Reduced systolic function,心收缩功能降低,
HP:0006677,Prolonged QRS complex,QRS波群延长,
HP:0006679,Granulomatous coronary arteritis,肉芽肿性冠状动脉炎,
HP:0006681,Absent atrioventricular node,房室结缺如,
HP:0006682,Premature ventricular contraction,室性期前收缩,
HP:0006683,Abnormal ventricular filling,心室充盈异常,
HP:0006684,Ventricular preexcitation with multiple accessory pathways,多旁路心室预激综合征,
HP:0006685,Endocardial fibrosis,心内膜纤维化,
HP:0006687,Aortic tortuosity,主动脉迂曲,
HP:0006688,Paroxysmal tachycardia,阵发性心动过速,
HP:0006689,Bacterial endocarditis,细菌性心内膜炎,
HP:0006690,Myocardial calcification,心肌钙化,
HP:0006691,Pulmonic valve myxoma,肺动脉瓣粘液瘤,
HP:0006692,Short chordae tendineae of the tricuspid valve,三尖瓣短腱索,
HP:0006693,Myocardial steatosis,心肌脂肪变性,
HP:0006694,Early progressive calcific cardiac valvular disease,早发渐进性心脏瓣膜钙化,
HP:0006695,Atrioventricular canal defect,房室管缺损,
HP:0006696,Polymorphic and polytopic ventricular extrasystoles,多态性及多发性室性期前收缩,
HP:0006698,Dilatation of the ventricular cavity,心室腔扩张,
HP:0006699,Premature atrial contractions,房性早搏,
HP:0006702,Coronary artery dissection,冠状动脉夹层,
HP:0006703,Aplasia/Hypoplasia of the lungs,肺发育缺陷/不全,
HP:0006704,Abnormal coronary artery morphology,冠状动脉形态异常,
HP:0006705,Abnormal atrioventricular valve morphology,房室瓣形态异常,
HP:0006706,Cystic liver disease,囊性肝病,
HP:0006707,Abnormality of the hepatic vasculature,肝脏血管异常,
HP:0006709,Aplasia/Hypoplasia of the nipples,乳头发育不全/不良,
HP:0006710,Aplasia/Hypoplasia of the clavicles,锁骨发育不良/发育不全,
HP:0006711,Aplasia/Hypoplasia involving bones of the thorax,胸廓骨骼发育不良/发育不全,
HP:0006712,Aplasia/Hypoplasia of the ribs,肋骨发育不良/发育不全,
HP:0006713,Aplasia/Hypoplasia of the scapulae,肩胛骨发育不良/发育不全,
HP:0006714,Aplasia/Hypoplasia of the sternum,胸骨发育不良/发育不全,
HP:0006715,Glomus tympanicum paraganglioma,鼓室副神经节瘤,
HP:0006716,Hereditary nonpolyposis colorectal carcinoma,遗传性非息肉性结直肠癌,
HP:0006717,Peripheral neuroepithelioma,周围神经上皮瘤,
HP:0006719,Benign gastrointestinal tract tumors,良性胃肠道肿瘤,
HP:0006721,Acute lymphoblastic leukemia,急性淋巴细胞白血病,
HP:0006722,Small intestine carcinoid,小肠类癌,
HP:0006723,Intestinal carcinoid,肠道类癌,
HP:0006725,Pancreatic adenocarcinoma,胰腺腺癌,
HP:0006727,T-cell acute lymphoblastic leukemias,T细胞急性淋巴细胞白血病,
HP:0006729,Retroperitoneal paraganglioma,腹膜后副神经节瘤,
HP:0006731,Follicular thyroid carcinoma,甲状腺滤泡癌,
HP:0006732,Papillary renal cell carcinoma type 2,Ⅱ型乳头状肾细胞癌,
HP:0006733,Acute megakaryocytic leukemia,急性巨核细胞白血病,
HP:0006735,Renal cortical adenoma,肾皮质腺瘤,
HP:0006737,Extraadrenal pheochromocytoma,异位嗜铬细胞瘤,
HP:0006739,Squamous cell carcinoma of the skin,皮肤鳞状上皮细胞癌,
HP:0006740,Transitional cell carcinoma of the bladder,膀胱移行细胞癌,
HP:0006742,Congenital neuroblastoma,先天性神经母细胞瘤,
HP:0006743,Embryonal rhabdomyosarcoma,胚胎横纹肌肉瘤,
HP:0006744,Adrenocortical carcinoma,肾上腺皮质癌,
HP:0006747,Ganglioneuroblastoma,神经节神经母细胞瘤,
HP:0006748,Adrenal pheochromocytoma,肾上腺嗜铬细胞瘤,
HP:0006749,Malignant gastrointestinal tract tumors,胃肠道恶性肿瘤,
HP:0006751,Paraspinal neurofibroma,椎旁神经纤维瘤,
HP:0006753,Neoplasm of the stomach,胃新生物,
HP:0006755,Cutaneous leiomyosarcoma,皮肤平滑肌肉瘤,
HP:0006756,Diffuse leiomyomatosis,弥漫性平滑肌瘤病,
HP:0006758,Malignant genitourinary tract tumor,恶性泌尿生殖道肿瘤,
HP:0006762,Renal pelvic carcinoma,肾盂癌,
HP:0006763,Anal canal squamous carcinoma,肛管鳞状细胞癌,
HP:0006765,Chondrosarcoma,软骨肉瘤,
HP:0006766,Papillary renal cell carcinoma,乳头状肾细胞癌,
HP:0006767,Pituitary prolactin cell adenoma,垂体泌乳素腺瘤,
HP:0006768,Localized neuroblastoma,局灶神经母细胞瘤,
HP:0006769,Myxoid subcutaneous tumors,粘液样皮下肿瘤,
HP:0006770,Clear cell renal cell carcinoma,肾透明细胞癌,
HP:0006771,Duodenal adenocarcinoma,十二指肠腺癌,
HP:0006772,Renal angiomyolipoma,肾血管平滑肌脂肪瘤,
HP:0006773,Cutaneous angiolipomas,皮肤血管脂肪瘤,
HP:0006774,Ovarian papillary adenocarcinoma,卵巢乳头状腺癌,
HP:0006775,Multiple myeloma,多发性骨髓瘤,
HP:0006778,Benign genitourinary tract neoplasm,泌尿生殖道良性肿瘤,
HP:0006779,Alveolar rhabdomyosarcoma,腺泡型横纹肌肉瘤,
HP:0006780,Parathyroid carcinoma,甲状旁腺癌,
HP:0006781,Hurthle cell thyroid adenoma,嗜酸细胞甲状腺腺瘤,
HP:0006782,Malignant eosinophil proliferation,嗜酸性粒细胞恶性增殖,
HP:0006783,Posterior pharyngeal cleft,咽后壁裂,
HP:0006784,Paranasal sinus hypoplasia,鼻窦发育不全,
HP:0006785,Limb-girdle muscular dystrophy,肢带型肌营养不良症,
HP:0006789,Mitochondrial encephalopathy,线粒体脑病,
HP:0006790,Cerebral cortex with spongiform changes,大脑皮质海绵状改变,
HP:0006794,Loss of ability to walk in first decade,10岁内行走能力丧失,
HP:0006799,Basal ganglia cysts,基底节囊肿,
HP:0006801,Hyperactive deep tendon reflexes,腱反射亢进,
HP:0006802,Abnormal anterior horn cell morphology,脊髓前角细胞形态异常,
HP:0006803,Vivid hallucination,生动的幻觉,
HP:0006808,Cerebral hypomyelination,脑髓鞘形成减少,
HP:0006812,White mater abnormalities in the posterior periventricular region,后部脑室周围区域白质异常,
HP:0006813,Focal hemiclonic seizure,局灶性偏侧阵挛发作,
HP:0006817,Aplasia/Hypoplasia of the cerebellar vermis,小脑蚓部发育缺陷/发育不全,
HP:0006818,4-layered lissencephaly,4层无脑回畸形,
HP:0006821,Frontal polymicrogyria,额叶多小回,
HP:0006824,Cranial nerve paralysis,颅神经麻痹,
HP:0006825,Pallor of dorsal columns of the spinal cord,脊髓背侧柱苍白,
HP:0006827,Atrophy of the spinal cord,脊髓萎缩,
HP:0006829,Severe muscular hypotonia,严重的肌张力减退,
HP:0006834,Developmental stagnation at onset of seizures,癫痫发病后的发育停滞,
HP:0006837,Congenital Horner syndrome,先天性霍纳综合征,
HP:0006844,Absent patellar reflexes,膝反射消失,
HP:0006846,Acute encephalopathy,急性脑病,
HP:0006849,Hypodysplasia of the corpus callosum,胼胝体发育不良,
HP:0006850,Hypoplasia of the ventral pons,腹侧桥脑发育不良,
HP:0006851,Symmetric spinal nerve root neurofibromas,对称的脊神经根神经纤维瘤,
HP:0006852,Episodic generalized hypotonia,发作性全身肌张力减退,
HP:0006855,Cerebellar vermis atrophy,小脑蚓部萎缩,
HP:0006858,Impaired distal proprioception,远端本体感觉障碍,
HP:0006859,Posterior leukoencephalopathy,后部白质脑病,
HP:0006863,Severe expressive language delay,严重的表达性语言发育延迟,
HP:0006865,Sensorimotor polyneuropathy affecting arms more than legs,感觉运动多神经病影响胳膊比腿更多,
HP:0006866,Midline central nervous system lipomas,中线中枢神经系统脂肪瘤,
HP:0006870,Lobar holoprosencephaly,脑叶性前脑无裂畸形,
HP:0006872,Cerebral hypoplasia,脑发育不全,
HP:0006873,Symmetrical progressive peripheral demyelination,对称的进行性周围神经脱髓鞘,
HP:0006879,Pontocerebellar atrophy,脑桥小脑萎缩,
HP:0006880,Cerebellar hemangioblastoma,小脑血管母细胞瘤,
HP:0006881,Diffuse peripheral demyelination,弥漫性周围神经脱髓鞘,
HP:0006882,Severe hydrocephalus,严重的脑积水,
HP:0006886,Impaired distal vibration sensation,远端振动觉障碍,
HP:0006887,"Intellectual disability, progressive",进行性智力障碍,
HP:0006888,Meningoencephalocele,脑膜脑膨出,
HP:0006889,"Intellectual disability, borderline",边缘状态智力障碍,
HP:0006891,Thick cerebral cortex,大脑皮层增厚,
HP:0006892,Frontotemporal cerebral atrophy,额颞叶萎缩,
HP:0006894,Hypoplastic olfactory lobes,嗅叶发育不良,
HP:0006895,Lower limb hypertonia,下肢肌张力增高,
HP:0006896,Hypnopompic hallucination,醒前幻觉,
HP:0006897,Abducens palsy,外展神经麻痹,
HP:0006899,Fusion of the cerebellar hemispheres,小脑半球融合,
HP:0006903,Congenital peripheral neuropathy,先天性周围神经病变,
HP:0006904,Late-onset spinocerebellar degeneration,迟发性脊髓小脑变性,
HP:0006906,Congenital intracerebral calcification,先天性脑内钙化,
HP:0006913,Frontal cortical atrophy,额叶皮质萎缩,
HP:0006915,Inability to walk by childhood/adolescence,青少年行走不能,
HP:0006916,Intraaxonal accumulation of curvilinear autofluorescent lipopigment storage material,曲线性自体荧光脂色素存储物质的轴突内堆积增加,
HP:0006918,Diffuse cerebral sclerosis,弥漫性脑硬化,
HP:0006921,Axial muscle stiffness,轴向肌肉僵硬,
HP:0006927,Unilateral polymicrogyria,单侧多小脑回,
HP:0006929,Hypoglycemic encephalopathy,低血糖脑病,
HP:0006930,Frontoparietal cortical dysplasia,额顶叶皮质发育不良,
HP:0006931,Pericallosal lipoma,胼胝体周围脂肪瘤,
HP:0006932,Transient psychotic episodes,短暂性精神病性发作,
HP:0006934,Congenital nystagmus,先天性眼球震颤,
HP:0006937,Impaired distal tactile sensation,远端触觉感觉障碍,
HP:0006938,Impaired vibration sensation at ankles,脚踝振动觉障碍,
HP:0006943,Diffuse spongiform leukoencephalopathy,弥漫性海绵状白质脑病,
HP:0006944,Abolished vibration sense,振动觉消失,
HP:0006946,Recurrent meningitis,复发性脑膜炎,
HP:0006949,Episodic peripheral neuropathy,发作性周围神经病变,
HP:0006951,Retrocerebellar cyst,Retrocerebellar囊肿,
HP:0006955,Olivopontocerebellar hypoplasia,橄榄桥脑小脑发育不全,
HP:0006956,Lateral ventricle dilatation,侧脑室扩张,
HP:0006958,Abnormal auditory evoked potentials,听觉诱发电位异常,
HP:0006959,Proximal spinal muscular atrophy,近端脊肌萎缩,
HP:0006960,Choroid plexus calcification,脉络丛钙化,
HP:0006961,Jerky head movements,抽动样头部运动,
HP:0006962,"Gait instability, worse in the dark",步态不稳，黑暗时更差,
HP:0006964,Cerebral cortical neurodegeneration,大脑皮层神经变性,
HP:0006965,Acute necrotizing encephalopathy,急性坏死性脑病,
HP:0006970,Periventricular leukomalacia,脑室周围白质软化,
HP:0006976,Necrotizing encephalopathy,坏死性脑病,
HP:0006977,Deficit in grammar,语法缺陷,
HP:0006978,Dysmyelinating leukodystrophy,髓鞘障碍性脑白质营养不良,
HP:0006979,Sleep-wake cycle disturbance,睡眠-觉醒周期紊乱,
HP:0006980,Progressive leukoencephalopathy,进行性脑白质病,
HP:0006986,Upper limb spasticity,上肢痉挛,
HP:0006988,Alobar holoprosencephaly,无脑叶畸形,
HP:0006989,Dysplastic corpus callosum,胼胝体发育异常,
HP:0006990,Myelin-dependent gliosis,髓鞘相关胶质细胞增生,
HP:0006992,Anterior basal encephalocele,前基底脑膨出,
HP:0006994,Diffuse leukoencephalopathy,弥漫性脑白质病,
HP:0006999,Basal ganglia gliosis,基底节胶质细胞增生,
HP:0007000,Morning myoclonic jerks,早晨肌阵挛样抽动,
HP:0007001,Loss of Purkinje cells in the cerebellar vermis,小脑蚓部浦肯野细胞缺失,
HP:0007002,Motor axonal neuropathy,运动轴索性神经病,
HP:0007006,Dorsal column degeneration,后索变性,
HP:0007007,Cavitation of the basal ganglia,基底节间隙,
HP:0007009,Central nervous system degeneration,中枢神经系统变性,
HP:0007010,Poor fine motor coordination,精细动作协调差,
HP:0007011,Fourth cranial nerve palsy,第四组颅神经麻痹,
HP:0007015,Poor gross motor coordination,粗大运动协调差,
HP:0007016,Corticospinal tract hypoplasia,皮质脊髓束发育不全,
HP:0007017,Progressive forgetfulness,进行性健忘,
HP:0007018,Attention deficit hyperactivity disorder,注意力缺陷多动障碍,
HP:0007020,Progressive spastic paraplegia,进行性痉挛性截瘫,
HP:0007021,Pain insensitivity,疼痛不敏感,
HP:0007023,Antenatal intracerebral hemorrhage,产前脑出血,
HP:0007024,Pseudobulbar paralysis,假性球麻痹,
HP:0007027,Poorly formed metencephalon,后脑形成不良,
HP:0007029,Cerebral berry aneurysm,颅内浆果样动脉瘤,
HP:0007030,Nonprogressive encephalopathy,非进行性脑病,
HP:0007033,Cerebellar dysplasia,小脑发育不良,
HP:0007034,Generalized hyperreflexia,广泛性反射亢进,
HP:0007035,Anterior encephalocele,前脑膨出,
HP:0007036,Hypoplasia of olfactory tract,嗅束发育不良,
HP:0007039,Symmetric lesions of the basal ganglia,基底节对称性病变,
HP:0007041,Chronic lymphocytic meningitis,慢性淋巴细胞性脑膜炎,
HP:0007042,Focal white matter lesions,局灶性脑白质病变,
HP:0007045,Midline brain calcifications,脑中线钙化,
HP:0007047,Atrophy of the dentate nucleus,齿状核萎缩,
HP:0007048,Large basal ganglia,基底节增大,
HP:0007052,Multifocal cerebral white matter abnormalities,多灶性脑白质异常,
HP:0007054,Proximal hyperreflexia,近端腱反射增高,
HP:0007057,Poor hand-eye coordination,手眼协调性差,
HP:0007058,Generalized cerebral atrophy/hypoplasia,广泛性脑萎缩/发育不全,
HP:0007063,Aplasia of the inferior half of the cerebellar vermis,小脑蚓部的下部发育缺陷,
HP:0007064,Progressive language deterioration,渐进式的语言恶化,
HP:0007065,Disorganization of the anterior cerebellar vermis,小脑前蚓部结构紊乱,
HP:0007066,Proximal limb muscle stiffness,近端肢体肌肉僵硬,
HP:0007067,Distal peripheral sensory neuropathy,远端感觉性周围神经病变,
HP:0007068,Inferior cerebellar vermis hypoplasia,下小脑蚓发育不全,
HP:0007069,Profound static encephalopathy,严重的静息性脑病,
HP:0007074,Thick corpus callosum,胼胝体增厚,
HP:0007076,Extrapyramidal muscular rigidity,锥体外系肌强直,
HP:0007078,Decreased amplitude of sensory action potentials,感觉动作电位波幅降低,
HP:0007082,Dilated third ventricle,第三脑室扩张,
HP:0007083,Hyperactive patellar reflex,膝腱反射亢进,
HP:0007086,Social and occupational deterioration,社交和职业退化,
HP:0007089,Facial-lingual fasciculations,面-舌肌束颤,
HP:0007096,Hypoplasia of the optic tract,视束发育不良,
HP:0007097,Cranial nerve motor loss,颅神经运动功能丧失,
HP:0007098,Paroxysmal choreoathetosis,发作性舞蹈手足徐动,
HP:0007099,Chiari type I malformation,小脑扁桃体下疝畸形（Chiari I 型畸形）,
HP:0007100,Progressive ventriculomegaly,渐进性脑室扩大,
HP:0007103,Hypointensity of cerebral white matter on MRI,MRI脑白质低信号,
HP:0007104,Prolonged somatosensory evoked potentials,体感诱发电位潜伏期延长,
HP:0007105,Infantile encephalopathy,婴儿脑病,
HP:0007107,Segmental peripheral demyelination,节段性周围性脱髓鞘,
HP:0007108,Demyelinating peripheral neuropathy,脱髓鞘性周围神经病,
HP:0007109,Periventricular cysts,脑室周围囊肿,
HP:0007110,Central hypoventilation,中枢性低通气,
HP:0007111,Chronic hepatic encephalopathy,慢性肝性脑病,
HP:0007112,Temporal cortical atrophy,颞叶皮质萎缩,
HP:0007115,Naso-orbital encephalocele,鼻-眶脑膨出,
HP:0007117,Corticospinal tract atrophy,皮质脊髓束萎缩,
HP:0007123,Subcortical dementia,皮质下痴呆,
HP:0007126,Proximal amyotrophy,近端肌萎缩,
HP:0007129,Cerebellar medulloblastoma,小脑髓母细胞瘤,
HP:0007131,Acute demyelinating polyneuropathy,急性脱髓鞘性多发性神经病,
HP:0007132,Pallidal degeneration,苍白球变性,
HP:0007133,Progressive peripheral neuropathy,进行性周围神经病,
HP:0007141,Sensorimotor neuropathy,感觉运动神经病,
HP:0007146,Bilateral basal ganglia lesions,双侧基底节病变,
HP:0007149,Distal upper limb amyotrophy,上肢远端肌萎缩,
HP:0007153,Progressive extrapyramidal movement disorder,进行性锥体外系功能障碍,
HP:0007156,Asymmetric limb muscle stiffness,不对称的肢体肌肉僵硬,
HP:0007158,Progressive extrapyramidal muscular rigidity,进行性锥体外系肌肉僵直,
HP:0007159,Fluctuations in consciousness,意识波动,
HP:0007162,Diffuse demyelination of the cerebral white matter,脑白质弥漫性脱髓鞘,
HP:0007164,Slowed slurred speech,慢而含混不清的语言,
HP:0007165,Periventricular heterotopia,脑室周围灰质异位,
HP:0007166,Paroxysmal dyskinesia,发作性运动障碍,
HP:0007178,Motor polyneuropathy,多发性运动神经病,
HP:0007179,Absent smooth pursuit,平滑追踪眼动缺失,
HP:0007181,Interosseus muscle atrophy,骨间肌萎缩,
HP:0007182,Peripheral hypomyelination,外周神经髓鞘发育障碍,
HP:0007183,Focal T2 hyperintense basal ganglia lesion,基底节局灶性T2高信号病变,
HP:0007185,Loss of consciousness,意识丧失,
HP:0007187,Focal lissencephaly,局灶性无脑回畸形,
HP:0007188,Congenital facial diplegia,先天性双侧面瘫,
HP:0007190,Neuronal loss in the cerebral cortex,大脑皮质中神经元损失,
HP:0007193,Bilateral tonic-clonic seizure on awakening,觉醒期双侧强直- 阵挛发作,
HP:0007199,Progressive spastic paraparesis,进行性痉挛性轻瘫,
HP:0007200,Episodic hypersomnia,发作性嗜睡,
HP:0007201,Cerebral artery atherosclerosis,脑动脉粥样硬化,
HP:0007204,Diffuse white matter abnormalities,弥漫性脑白质异常,
HP:0007206,Hemimegalencephaly,偏侧巨脑/偏侧巨脑畸形,
HP:0007207,Photosensitive tonic-clonic seizure,光敏性强直阵挛发作,
HP:0007208,Irregular myelin loops,髓鞘不规则环,
HP:0007209,Facial paralysis,面瘫,
HP:0007210,Lower limb amyotrophy,下肢肌萎缩,
HP:0007215,Periodic hyperkalemic paralysis,高钾性周期性麻痹,
HP:0007220,Demyelinating motor neuropathy,脱髓鞘性运动神经病,
HP:0007221,Progressive truncal ataxia,进行性躯干共济失调,
HP:0007229,Intracerebral periventricular calcifications,颅内脑室周围钙化,
HP:0007230,Decreased distal sensory nerve action potential,远端感觉神经动作电位降低,
HP:0007232,Spinocerebellar tract disease in lower limbs,下肢脊髓小脑性疾病,
HP:0007233,Clusters of axonal regeneration,轴突再生集群,
HP:0007236,Recurrent subcortical infarcts,复发性皮质下梗死,
HP:0007238,Nonarteriosclerotic cerebral calcification,非动脉硬化性脑钙化,
HP:0007239,Congenital encephalopathy,先天性脑病,
HP:0007240,Progressive gait ataxia,进行性共济失调,
HP:0007249,Decreased number of small peripheral myelinated nerve fibers,小的周围有髓鞘神经纤维数量减少,
HP:0007250,Recurrent external ophthalmoplegia,复发性眼外肌麻痹,
HP:0007256,Abnormal pyramidal sign,锥体束征,
HP:0007258,Severe demyelination of the white matter,严重白质脱髓鞘,
HP:0007260,Type II lissencephaly,Ⅱ型无脑回畸形,
HP:0007262,Symmetric peripheral demyelination,对称性周围神经脱髓鞘,
HP:0007263,Spinocerebellar atrophy,脊髓小脑萎缩,
HP:0007265,Absent mesencephalon,中脑缺如,
HP:0007266,Cerebral dysmyelination,脑髓鞘形成障碍,
HP:0007267,Chronic axonal neuropathy,慢性轴索神经病,
HP:0007268,Aprosencephaly,脑非穿通畸形,
HP:0007269,Spinal muscular atrophy,脊肌萎缩,
HP:0007270,Atypical absence seizure,非典型失神发作,
HP:0007271,Occipital myelomeningocele,枕脊髓脊膜膨出,
HP:0007272,Progressive psychomotor deterioration,进行性精神运动恶化,
HP:0007274,Recurrent bacterial meningitis,复发性细菌性脑膜炎,
HP:0007277,Paucity of anterior horn motor neurons,前角运动神经元缺乏,
HP:0007280,Acute infantile spinal muscular atrophy,急性婴儿型脊髓性肌萎缩,
HP:0007281,Developmental stagnation,发育停滞,
HP:0007285,Facial palsy secondary to cranial hyperostosis,继发于颅骨增生的面神经麻痹,
HP:0007286,Horizontal jerk nystagmus,水平急动性眼球震颤,
HP:0007289,Limb fasciculations,肢体肌束颤动,
HP:0007291,Posterior fossa cyst,后颅窝囊肿,
HP:0007293,Anterior sacral meningocele,骶前脊膜膨出,
HP:0007295,Chaotic rapid conjugate ocular movements,快速共轭眼球运动异常,
HP:0007299,Dysfunction of lateral corticospinal tracts,皮质脊髓侧束功能障碍,
HP:0007301,Oromotor apraxia,口部失用,
HP:0007302,Bipolar affective disorder,双相情感障碍,
HP:0007305,CNS demyelination,中枢神经系统脱髓鞘,
HP:0007307,Rapid neurologic deterioration,快速神经功能恶化,
HP:0007308,Extrapyramidal dyskinesia,锥体外系运动障碍,
HP:0007311,Short stepped shuffling gait,小碎步步态,
HP:0007313,Cerebral degeneration,脑变性,
HP:0007321,Deep white matter hypodensities,深部脑白质低信号,
HP:0007325,Generalized dystonia,全面性肌张力障碍,
HP:0007326,Progressive choreoathetosis,进行性舞蹈手足徐动,
HP:0007327,Mixed demyelinating and axonal polyneuropathy,脱髓鞘和轴突混合型多发性周围神经病,
HP:0007328,Impaired pain sensation,痛觉障碍,
HP:0007330,Frontoethmoidal encephalocele,额筛部脑膨出,
HP:0007332,Focal hemifacial clonic seizure,局灶性单侧面部阵挛发作,
HP:0007333,Hypoplasia of the frontal lobes,额叶发育不良,
HP:0007334,Bilateral tonic-clonic seizure with focal onset,双侧强直阵挛发作,
HP:0007335,Recurrent encephalopathy,复发性脑病,
HP:0007338,Hypermetric saccades,过快扫视,
HP:0007340,Lower limb muscle weakness,下肢肌肉无力,
HP:0007341,Diffuse swelling of cerebral white matter,脑白质弥漫性肿胀,
HP:0007343,Abnormal morphology of the limbic system,边缘叶形态异常,
HP:0007344,Atrophy/Degeneration involving the spinal cord,脊髓萎缩/退化,
HP:0007346,Subcortical white matter calcifications,皮质下白质钙化,
HP:0007348,Hypoplasia of the pyramidal tract,锥体束发育不全,
HP:0007350,Hyperreflexia in upper limbs,上肢反射亢进,
HP:0007351,Upper limb postural tremor,上肢姿势性震颤,
HP:0007352,Cerebellar calcifications,小脑钙化,
HP:0007354,Amyotrophic lateral sclerosis,肌萎缩侧索硬化,
HP:0007359,Focal-onset seizure,局灶性发作,
HP:0007360,Aplasia/Hypoplasia of the cerebellum,小脑发育缺陷/发育不全,
HP:0007361,Abnormal pons morphology,桥脑形态异常,
HP:0007362,Aplasia/Hypoplasia of the brainstem,脑干发育缺陷/发育不全,
HP:0007363,Aplasia/Hypoplasia of the pyramidal tract,锥体束不发育/发育不全,
HP:0007364,Aplasia/Hypoplasia of the cerebrum,大脑发育缺陷/发育不全,
HP:0007365,Aplasia/Hypoplasia involving the corticospinal tracts,累及皮质脊髓束的发育缺陷/发育不全,
HP:0007366,Atrophy/Degeneration affecting the brainstem,影响脑干的萎缩/退化,
HP:0007367,Atrophy/Degeneration affecting the central nervous system,影响中枢神经系统的萎缩/退化,
HP:0007369,Atrophy/Degeneration affecting the cerebrum,影响大脑的萎缩/退化,
HP:0007370,Aplasia/Hypoplasia of the corpus callosum,胼胝体发育缺陷/发育不全,
HP:0007371,Corpus callosum atrophy,胼胝体萎缩,
HP:0007372,Atrophy/Degeneration involving the corticospinal tracts,累及皮质脊髓束的萎缩/退化,
HP:0007373,Motor neuron atrophy,运动神经元萎缩,
HP:0007374,Atrophy/Degeneration involving the caudate nucleus,累及尾状核的萎缩/退化,
HP:0007375,Abnormal septum pellucidum morphology,透明隔形态异常,
HP:0007376,Abnormal choroid plexus morphology,脉络丛形态异常,
HP:0007377,Abnormality of somatosensory evoked potentials,体感诱发电位异常,
HP:0007378,Neoplasm of the gastrointestinal tract,胃肠道新生物,
HP:0007379,Neoplasm of the genitourinary tract,泌尿生殖道肿瘤,
HP:0007380,Facial telangiectasia,面部毛细血管扩张,
HP:0007381,Congenital exfoliative erythroderma,先天性剥脱性红皮病,
HP:0007383,Congenital localized absence of skin,先天性局部皮肤缺失,
HP:0007384,Aberrant melanosome maturation,黑素小体成熟障碍,
HP:0007385,Aplasia cutis congenita of scalp,先天性头皮表皮发育不全,
HP:0007387,Hypoplastic sweat glands,汗腺发育不全,
HP:0007390,Hyperkeratosis with erythema,红斑角化症,
HP:0007392,Excessive wrinkled skin,皮肤皱褶过多,
HP:0007394,Prominent superficial blood vessels,浅表血管突出,
HP:0007395,Postnatal-onset ichthyosiform erythroderma,先天性鱼鳞病样红皮病,
HP:0007396,Early cutaneous photosensitivity,早发性光敏性皮肤,
HP:0007397,Axillary apocrine gland hypoplasia,腋下大汗腺发育不全,
HP:0007398,"Asymmetric, linear skin defects",非对称性线性皮损,
HP:0007400,Irregular hyperpigmentation,不规则色素沉着,
HP:0007401,Macular atrophy,黄斑萎缩,
HP:0007402,Areas of hypopigmentation and hyperpigmentation that do not follow Blaschko lines,不沿Blaschko线分布的色素减退和色素沉着区域,
HP:0007403,Hypertrophy of skin of soles,跖部皮肤肥厚,
HP:0007404,Nonepidermolytic palmoplantar hyperkeratosis,非表皮松解性掌跖角化症,
HP:0007406,Hyperpigmentation of eyelids,眼睑色素沉着,
HP:0007407,Excessive skin wrinkling on dorsum of hands and fingers,手背和指背部皱褶过多,
HP:0007408,Tegumentary leishmaniasis susceptibility,皮肤利什曼病易感,
HP:0007410,Palmoplantar hyperhidrosis,掌跖多汗症,
HP:0007411,Hypoplastic-absent sebaceous glands,皮脂腺发育不全或缺失,
HP:0007412,Macular hyperpigmented dermopathy,斑疹样色素沉着性皮肤病,
HP:0007413,Nevus flammeus of the forehead,前额鲜红斑痣,
HP:0007414,Neonatal wrinkled skin of hands and feet,新生儿手足皱褶,
HP:0007417,Discoid lupus rash,盘状红斑狼疮,
HP:0007418,Alopecia totalis,全秃,
HP:0007420,Spontaneous hematomas,自发性血肿,
HP:0007421,Telangiectases of the cheeks,面颊毛细血管扩张,
HP:0007425,Hyperextensible skin of face,面部皮肤过度伸展,
HP:0007427,Reticulated skin pigmentation,网状色素沉着,
HP:0007428,Telangiectasia of the oral mucosa,口腔粘膜毛细血管扩张,
HP:0007429,Few cafe-au-lait spots,散发型牛奶咖啡斑,
HP:0007430,Generalized edema,广泛水肿,
HP:0007431,Congenital ichthyosiform erythroderma,先天性鱼鳞病样红皮病,
HP:0007432,Intermittent generalized erythematous papular rash,间歇性弥漫性红色斑丘疹,
HP:0007434,Plaque-like facial hemangioma,斑块样面部血管瘤,
HP:0007437,Multiple cutaneous leiomyomas,多发性皮肤平滑肌瘤,
HP:0007438,Mottled pigmentation of the trunk and proximal extremities,躯干和四肢近端斑驳状色素沉着,
HP:0007439,Generalized keratosis follicularis,泛发性毛囊角化症,
HP:0007440,Generalized hyperpigmentation,全身性色素沉着,
HP:0007441,Hyperpigmented/hypopigmented macules,色素沉着/色素减退斑（色素异常斑）,
HP:0007443,Partial albinism,白点病；斑驳病；斑状白斑病；斑状白癜风；斑状白化病；,
HP:0007446,Palmoplantar blistering,掌跖起泡,
HP:0007447,Diffuse palmoplantar hyperkeratosis,弥漫性掌跖角化过度,
HP:0007448,Hyperkeratosis over edematous areas,水肿伴角化过度,
HP:0007449,Confetti-like hypopigmented macules,斑驳样色素减退斑,
HP:0007450,Increased groin pigmentation with raindrop depigmentation,腹股沟色素沉着伴点滴状色素脱失,
HP:0007451,Ipsilateral lack of facial sweating,患侧面部出汗减少,
HP:0007452,Midface capillary hemangioma,面中部毛细血管瘤,
HP:0007453,Flexural lichenification,弯曲部位苔藓样变,
HP:0007455,Adermatoglyphia,皮纹病,
HP:0007456,Progressive reticulate hyperpigmentation,进行性网状色素沉着,
HP:0007457,Prominent veins on trunk,主干静脉隆凸。,
HP:0007458,Focal hyperextensible skin,局灶性皮肤过度伸展,
HP:0007459,Generalized anhidrosis,泛发性无汗症,
HP:0007460,Autoamputation of digits,手指（足趾）自发性离断,
HP:0007461,Hemangiomatosis,多发性血管瘤,
HP:0007462,Bitot spots of the conjunctiva,结膜 毕脱氏斑,
HP:0007464,Sparse facial hair,面部毛发稀疏,
HP:0007465,Honeycomb palmoplantar hyperkeratosis,蜂窝状掌跖角化,
HP:0007466,Midfrontal capillary hemangioma,额中部毛细血管瘤,
HP:0007468,Perifollicular hyperkeratosis,毛周角化症,
HP:0007469,Palmoplantar cutis gyrata,掌跖表皮旋纹,
HP:0007470,Periarticular subcutaneous nodules,关节周围皮下结节,
HP:0007471,Axillary and groin hyperpigmentation and hypopigmentation,腋窝和腹股沟部位色素沉着和色素减退,
HP:0007473,Crusting erythematous dermatitis,结痂性红斑样皮炎,
HP:0007475,Congenital bullous ichthyosiform erythroderma,先天性大疱性鱼鳞病样红皮病,
HP:0007476,Anhidrotic ectodermal dysplasia,无汗性外胚层发育不良,
HP:0007477,Abnormal dermatoglyphics,皮纹异常,
HP:0007479,Congenital nonbullous ichthyosiform erythroderma,鱼鳞病样红皮病(大疱型)、大疱性鱼鳞病样角化过度症、显性遗传性先天性鱼鳞病、表皮松解性角化过度鱼鳞病,
HP:0007480,Decreased sweating due to autonomic dysfunction,植物神经功能紊乱性少汗,
HP:0007481,Hyperpigmented nevi,色素痣,
HP:0007482,Generalized papillary lesions,泛发性乳头瘤样病变,
HP:0007483,Depigmentation/hyperpigmentation of skin,皮肤色素脱失/色素沉着,
HP:0007485,Absence of subcutaneous fat,皮下脂肪缺如,
HP:0007486,Cavernous hemangioma of the face,面部海绵状血管瘤,
HP:0007488,Diffuse skin atrophy,弥漫性皮肤萎缩,
HP:0007489,Diffuse telangiectasia,弥漫性毛细血管扩张,
HP:0007490,Linear arrays of macular hyperkeratoses in flexural areas,弯曲部位线状分布的角化过度斑,
HP:0007494,Discrete 2 to 5-mm hyper- and hypopigmented macules,散在分布的2至5mm大小的色素沉着/减退斑,
HP:0007495,Prematurely aged appearance,早衰面容,
HP:0007497,Focal friction-related palmoplantar hyperkeratosis,摩擦所致的局部掌跖角化,
HP:0007499,Recurrent staphylococcal infections,反复葡萄球菌感染,
HP:0007500,Decreased number of sweat glands,汗腺数目减少,
HP:0007501,Streaks of hyperkeratosis along each finger onto the palm,掌侧沿手指分布的线状角化过度,
HP:0007502,Follicular hyperkeratosis,克尔里病，贯穿性角化过度病,
HP:0007503,Generalized ichthyosis,泛发性鱼鳞病,
HP:0007504,Diffuse slow skin atrophy,进行性弥漫性皮肤萎缩,
HP:0007505,Progressive hyperpigmentation,进行性色素沉着,
HP:0007506,Congenital absence of skin of limbs,先天性四肢皮肤缺失,
HP:0007508,Punctate palmar hyperkeratosis,点状掌部日光性角化病,
HP:0007509,Patchy hypo- and hyperpigmentation,斑片状色素减退和色素沉着,
HP:0007510,Focal dermal aplasia/hypoplasia,真皮局灶性发育缺陷/发育不全,
HP:0007511,Mottled pigmentation of photoexposed areas,曝露部位斑驳状色素沉着,
HP:0007513,Generalized hypopigmentation,泛发性色素减退,
HP:0007514,Edema of the dorsum of hands,手背水肿,
HP:0007515,Hypoplastic pilosebaceous units,毛囊皮脂腺发育不全,
HP:0007516,Redundant skin on fingers,手指赘肉,
HP:0007517,Palmoplantar cutis laxa,掌跖皮肤松弛,
HP:0007521,Irregular hyperpigmentation of back,背部不规则色素沉着,
HP:0007522,Increased number of skin folds,皮肤皱褶增多,
HP:0007524,Atypical neurofibromatosis,非典型神经纤维瘤病,
HP:0007525,"Yellow subcutaneous tissue covered by thin, scaly skin",由薄层鳞状皮肤覆盖的黄色皮下组织,
HP:0007526,Hypopigmented skin patches on arms,手臂色素减退斑,
HP:0007529,Hidrotic ectodermal dysplasia,有汗型外胚层发育不良,
HP:0007530,Punctate palmoplantar hyperkeratosis,点状掌跖角化,
HP:0007534,Congenital posterior occipital alopecia,先天性枕后脱发,
HP:0007535,Hypopigmented streaks,色素减退纹,
HP:0007536,Aplasia cutis congenita of midline scalp vertex,先天性头顶中线部表皮发育不全,
HP:0007537,Severe photosensitivity,重度光敏性,
HP:0007541,Frontal cutaneous lipoma,前额皮肤脂肪瘤,
HP:0007542,Absent pigmentation of the ventral chest,前胸部色素缺失,
HP:0007543,Epidermal hyperkeratosis,表皮角化过度,
HP:0007544,Piebald skin depigmentation,皮肤斑驳性色素脱失,
HP:0007545,Congenital palmoplantar hyperkeratosis,先天性掌跖角化过度,
HP:0007546,Linear hyperpigmentation,线状色素沉着,
HP:0007549,Desquamation of skin soon after birth,出生后皮肤剥脱,
HP:0007550,Hypohidrosis or hyperhidrosis,少汗/多汗症,
HP:0007552,Abnormal subcutaneous fat tissue distribution,皮下脂肪组织分布异常,
HP:0007553,Congenital symmetrical palmoplantar keratosis,先天性掌跖角化,
HP:0007554,Confetti hypopigmentation pattern of lower leg skin,小腿斑驳样色素减退,
HP:0007556,Plantar hyperkeratosis,跖部角化过度,
HP:0007559,Localized epidermolytic hyperkeratosis,局部表皮松解性角化过度症,
HP:0007560,Unusual dermatoglyphics,不寻常的皮纹,
HP:0007565,Multiple cafe-au-lait spots,多发性咖啡斑,
HP:0007566,Index finger dermatoglyphic radial loop,食指桡箕纹,
HP:0007569,Generalized seborrheic dermatitis,泛发性脂溢性皮炎,
HP:0007570,Hyperkeratosis lenticularis perstans,持久性豆状角化过度病,
HP:0007572,Hyperpigmented streaks,线状色素沉着,
HP:0007573,Late onset atopic dermatitis,迟发型过敏性皮炎,
HP:0007574,Generalized bronze hyperpigmentation,全身性青铜色色素沉着,
HP:0007576,Palmar neurofibroma,掌神经纤维瘤,
HP:0007581,"Mediosternal, longitudinal streak of hypopigmentation",胸骨中部纵向分布的线状色素减退斑,
HP:0007583,Telangiectasia macularis eruptiva perstans,持久斑疹性毛细血管扩张,
HP:0007585,Skin fragility with non-scarring blistering,非疤痕发疱性脆性皮肤,
HP:0007586,Telangiectases producing 'marbled' skin,“大理石样” 毛细血管扩张性皮肤,
HP:0007587,Numerous pigmented freckles,多发性雀斑,
HP:0007588,Reticular hyperpigmentation,网状色素沉着,
HP:0007589,Aplasia cutis congenita on trunk or limbs,先天性躯干或四肢表皮发育不全,
HP:0007590,Aplasia cutis congenita over posterior parietal area,先天性后顶叶表皮发育不全,
HP:0007592,Aplasia/Hypoplasia of the eccrine sweat glands,外分泌汗腺缺失或发育不全,
HP:0007595,Redundant skin in infancy,婴儿赘肉,
HP:0007596,Painful subcutaneous lipomas,痛性皮下脂肪瘤,
HP:0007598,Bilateral single transverse palmar creases,双侧单掌横折痕,
HP:0007599,Generalized reticulate brown pigmentation,泛发性网状棕色色素沉着,
HP:0007601,Midline facial capillary hemangioma,面中线毛细血管瘤,
HP:0007602,Complex palmar dermatoglyphic pattern,复杂的掌皮纹,
HP:0007603,Freckles in sun-exposed areas,曝光部位雀斑,
HP:0007605,Excessive wrinkling of palmar skin,手掌部皱褶过多,
HP:0007606,Multiple cutaneous malignancies,多发性皮肤恶性肿瘤,
HP:0007607,Hypohidrotic ectodermal dysplasia,少汗性外胚层发育不良,
HP:0007608,Abnormal palmar dermal ridges,手掌侧皮肤脊异常,
HP:0007609,Hypoproteinemic edema,低蛋白性水肿,
HP:0007610,Blotching pigmentation of the skin,皮肤色素沉着斑,
HP:0007613,Spinous keratoses of palms and soles,掌跖皮肤棘状角化,
HP:0007616,Nevus flammeus nuchae,颈部鲜红斑痣,
HP:0007617,"Fine, reticulate skin pigmentation",细网状色素沉着,
HP:0007618,Subcutaneous calcification,皮下钙化,
HP:0007620,Cutaneous leiomyoma,皮肤平滑肌瘤,
HP:0007621,Telangiectasia of extensor surfaces,伸肌表面毛细血管扩张,
HP:0007623,Pigmentation anomalies of sun-exposed skin,曝光部位色素异常,
HP:0007626,Mandibular osteomyelitis,下颌骨骨髓炎,
HP:0007627,Mandibular condyle aplasia,下颌骨髁发育不全,
HP:0007628,Mandibular condyle hypoplasia,下颌骨髁发育不全,
HP:0007633,Bilateral microphthalmos,双侧小眼畸形,
HP:0007634,Nonarteritic anterior ischemic optic neuropathy,非动脉炎性前部缺血性视神经病变,
HP:0007641,Dyschromatopsia,色觉障碍,
HP:0007642,Congenital stationary night blindness,先天性静止性夜盲症,
HP:0007643,Peripheral tractional retinal detachment,牵拉性周边视网膜脱离,
HP:0007646,Absent lower eyelashes,下睫毛缺失,
HP:0007647,Congenital extraocular muscle anomaly,先天性眼外肌异常,
HP:0007648,Punctate cataract,点状白内障,
HP:0007649,Congenital hypertrophy of retinal pigment epithelium,先天性视网膜色素上皮肥大,
HP:0007650,Progressive ophthalmoplegia,渐进性眼肌麻痹,
HP:0007651,Ectropion of lower eyelids,下眼睑外翻,
HP:0007655,Eversion of lateral third of lower eyelids,下眼睑外侧三分之一外翻,
HP:0007656,Lacrimal gland aplasia,泪腺发育缺陷,
HP:0007657,Diffuse nuclear cataract,弥漫性核性白内障,
HP:0007658,Large hyperpigmented retinal spots,视网膜上大色素沉着斑,
HP:0007661,Abnormality of chorioretinal pigmentation,脉络膜视网膜色素沉着异常,
HP:0007663,Reduced visual acuity,视力下降,
HP:0007665,Curly eyelashes,睫毛卷翘,
HP:0007667,Peripheral cystoid retinal degeneration,周边视网膜囊样变性,
HP:0007668,Impaired pursuit initiation and maintenance,追视启动和维持受损,
HP:0007670,Abnormal vestibulo-ocular reflex,前庭眼反射异常,
HP:0007675,Progressive night blindness,渐进性夜盲症,
HP:0007676,Hypoplasia of the iris,虹膜发育不全,
HP:0007677,Vitelliform-like macular lesions,卵黄样黄斑病变,
HP:0007678,Lacrimal duct stenosis,泪道狭窄,
HP:0007680,Depigmented fundus,眼底脱色素,
HP:0007685,Peripheral retinal avascularization,周边视网膜血管缺失,
HP:0007686,Abnormal pupillary function,瞳孔功能异常,
HP:0007687,Unilateral ptosis,单侧上睑下垂,
HP:0007688,Undetectable light- and dark-adapted electroretinogram,无法检测的明暗适应视网膜电图,
HP:0007690,Map-dot-fingerprint corneal dystrophy,地图点指纹角膜营养不良,
HP:0007695,Abnormal pupillary light reflex,瞳孔对光反射异常,
HP:0007697,Hypoplasia of the lower eyelids,下眼睑发育不全,
HP:0007700,Ocular anterior segment dysgenesis,眼球前段发育不全,
HP:0007703,Abnormality of retinal pigmentation,视网膜色素异常,
HP:0007704,Paroxysmal involuntary eye movements,阵发性不自主眼球运动,
HP:0007705,Corneal degeneration,角膜变性,
HP:0007707,Congenital aphakia,先天性无晶状体,
HP:0007708,Absent inner eyelashes,内睫毛缺失,
HP:0007709,Band-shaped corneal dystrophy,带状角膜营养不良,
HP:0007710,Peripheral vitreous opacities,周边玻璃体混浊,
HP:0007715,Weak extraocular muscles,眼外肌薄弱,
HP:0007716,Uveal melanoma,葡萄膜黑色素瘤,
HP:0007717,Chronic irritative conjunctivitis,慢性刺激性结膜炎,
HP:0007720,Flat cornea,扁平角膜,
HP:0007721,Saccular conjunctival dilatations,结膜血管囊状扩张,
HP:0007722,Retinal pigment epithelial atrophy,视网膜色素上皮萎缩,
HP:0007727,Opacification of the corneal epithelium,角膜上皮混浊,
HP:0007728,Congenital miosis,先天性瞳孔缩小,
HP:0007730,Iris hypopigmentation,虹膜色素减退,
HP:0007731,Chorioretinal dysplasia,脉络膜视网膜发育不良,
HP:0007732,Lacrimal gland hypoplasia,泪腺发育不全,
HP:0007733,Laterally curved eyebrow,横向弧形眉,
HP:0007734,Enlarged lacrimal glands,泪腺增大,
HP:0007737,Bone spicule pigmentation of the retina,骨针样视网膜色素沉着,
HP:0007738,Uncontrolled eye movements,不受控制的眼球运动,
HP:0007740,Long eyelashes in irregular rows,不规则排列的长睫,
HP:0007747,Monocular horizontal nystagmus,单眼水平性眼球震颤,
HP:0007750,Hypoplasia of the fovea,黄斑中心凹发育不全,
HP:0007754,Macular dystrophy,黄斑营养不良,
HP:0007755,Juvenile epithelial corneal dystrophy,青少年型上皮性角膜营养不良,
HP:0007759,Opacification of the corneal stroma,角膜基质的混浊,
HP:0007760,Crystalline corneal dystrophy,结晶状角膜营养不良,
HP:0007761,Pericentral scotoma,中央周围暗点,
HP:0007763,Retinal telangiectasia,视网膜毛细血管扩张,
HP:0007765,Deep anterior chamber,深前房,
HP:0007766,Optic disc hypoplasia,视盘发育不良,
HP:0007768,Central retinal vessel vascular tortuosity,视网膜中央血管迂曲,
HP:0007769,Peripheral retinal degeneration,周边视网膜变性,
HP:0007770,Hypoplasia of the retina,视网膜发育不全,
HP:0007772,Impaired smooth pursuit,平滑追视障碍,
HP:0007773,Vitreoretinopathy,玻璃体视网膜病,
HP:0007774,Hypoplasia of the ciliary body,睫状体发育不全,
HP:0007776,Sparse lower eyelashes,下睫稀疏,
HP:0007777,Chorioretinal scar,脉络膜视网膜瘢痕,
HP:0007778,Posterior retinal neovascularization,视网膜后新生血管形成,
HP:0007779,Anterior segment of eye aplasia,眼前段发育不良,
HP:0007780,Cortical pulverulent cataract,皮层粉状白内障,
HP:0007787,Posterior subcapsular cataract,后囊下白内障,
HP:0007791,Patchy atrophy of the retinal pigment epithelium,视网膜色素上皮斑状萎缩,
HP:0007792,Microsaccadic pursuit,眼球扫视范围变窄,
HP:0007793,Granular macular appearance,斑点状黄斑色素异常,
HP:0007795,Anterior cortical cataract,前皮质性白内障,
HP:0007797,Retinal vascular malformation,视网膜血管畸形,
HP:0007799,Conjunctival whitish salt-like deposits,结膜发白盐状沉积物,
HP:0007800,Increased axial length of the globe,眼球轴长度增加,
HP:0007802,Granular corneal dystrophy,颗粒状角膜营养不良,
HP:0007803,Monochromacy,单色觉,
HP:0007807,Optic nerve compression,视神经受压,
HP:0007809,Punctate corneal dystrophy,点状角膜营养不良,
HP:0007811,Horizontal pendular nystagmus,横向摆动眼球震颤,
HP:0007812,Herpetiform corneal ulceration,泡疹角膜溃疡,
HP:0007813,Nongranulomatous uveitis,非肉芽肿性葡萄膜炎,
HP:0007814,Retinal pigment epithelial mottling,视网膜色素上皮斑驳,
HP:0007815,Abnormal distribution of retinal arterioles and venules,视网膜小动、静脉分布异常,
HP:0007817,Horizontal supranuclear gaze palsy,水平核上性凝视麻痹,
HP:0007818,Central heterochromia,中央虹膜异色,
HP:0007819,Presenile cataracts,早老性白内障,
HP:0007820,Lacrimal punctal atresia,泪点闭锁,
HP:0007822,Central retinal exudate,视网膜中央渗液,
HP:0007824,Total ophthalmoplegia,全眼肌麻痹,
HP:0007827,Nodular corneal dystrophy,结节性角膜营养不良,
HP:0007830,Adult-onset night blindness,成人发病夜盲症,
HP:0007831,Nonprogressive restrictive external ophthalmoplegia,非进行性限制性眼外肌麻痹,
HP:0007832,Pigmentation of the sclera,巩膜色素沉着,
HP:0007833,Anterior chamber synechiae,前房粘连,
HP:0007834,Progressive cataract,渐进性白内障,
HP:0007835,S-shaped palpebral fissures,S形睑裂,
HP:0007836,Mosaic corneal dystrophy,嵌合型角膜营养不良,
HP:0007838,Progressive ptosis,渐进性上睑下垂,
HP:0007840,Long upper eyelashes,长上睫毛,
HP:0007841,Amyloid deposition in the vitreous humor,玻璃体淀粉样蛋白沉积,
HP:0007843,Attenuation of retinal blood vessels,视网膜血管减少,
HP:0007850,Retinal vascular proliferation,视网膜血管增生,
HP:0007854,Glaucomatous visual field defect,青光眼性视野缺损,
HP:0007856,Punctate opacification of the cornea,角膜的点状混浊,
HP:0007858,Chorioretinal lacunae,脉络膜视网膜漏洞,
HP:0007859,Congenital horizontal nystagmus,先天性水平眼球震颤,
HP:0007862,Retinal calcification,视网膜钙化,
HP:0007866,Retinal infarction,局部视网膜梗死,
HP:0007867,Restrictive partial external ophthalmoplegia,限制性部分眼外肌麻痹,
HP:0007872,Choroidal hemangioma,脉络膜血管瘤,
HP:0007873,Abnormally prominent line of Schwalbe,Schwalbe线异常突出,
HP:0007874,Almond-shaped palpebral fissure,杏仁状睑裂,
HP:0007875,Congenital blindness,先天性失明,
HP:0007879,Allergic conjunctivitis,过敏性结膜炎,
HP:0007880,Marginal corneal dystrophy,边缘性角膜营养不良,
HP:0007881,Central corneal dystrophy,中央角膜营养不良,
HP:0007885,Slowed horizontal saccades,水平扫视缓慢,
HP:0007886,Absent extraocular muscles,眼外肌缺如,
HP:0007889,Iridescent posterior subcapsular cataract,彩虹色后囊下白内障,
HP:0007892,Hypoplasia of the lacrimal punctum,泪点发育不全,
HP:0007894,Hypopigmentation of the fundus,眼底的色素沉着不足,
HP:0007898,Exudative retinopathy,渗出性视网膜病变,
HP:0007899,Retinal nonattachment,视网膜无附着,
HP:0007900,Hypoplastic lacrimal duct,泪道发育不全,
HP:0007902,Vitreous hemorrhage,玻璃体出血,
HP:0007903,Paravenous chorioretinal atrophy,静脉旁脉络膜视网膜萎缩,
HP:0007905,Abnormal iris vasculature,虹膜血管异常,
HP:0007906,Ocular hypertension,眼压升高,
HP:0007911,Congenital bilateral ptosis,先天性双侧上睑下垂,
HP:0007913,Reticular retinal dystrophy,网状视网膜营养不良,
HP:0007915,Polymorphous posterior corneal dystrophy,多形性后角膜营养不良,
HP:0007917,Tractional retinal detachment,牵拉性视网膜脱离,
HP:0007922,Hypermyelinated retinal nerve fibers,视网膜神经纤维过度髓化,
HP:0007924,Slow decrease in visual acuity,视力缓慢下降,
HP:0007925,Lacrimal duct aplasia,泪管发育缺陷,
HP:0007928,Abnormal flash visual evoked potentials,闪光视觉诱发电位异常,
HP:0007929,Peripheral retinal detachment,周边视网膜脱离,
HP:0007932,Bilateral congenital mydriasis,先天性双侧瞳孔散大,
HP:0007933,Broad lateral eyebrow,宽侧眉,
HP:0007935,Juvenile posterior subcapsular lenticular opacities,青少年型后囊下晶体混浊,
HP:0007936,Restrictive external ophthalmoplegia,限制性眼外肌麻痹,
HP:0007937,Reticular pigmentary degeneration,网状视网膜色素变性,
HP:0007939,Blue cone monochromacy,蓝锥单色盲,
HP:0007941,Limited extraocular movements,眼球运动受限,
HP:0007942,Internal ophthalmoplegia,眼内肌麻痹,
HP:0007943,Congenital stapes ankylosis,先天性镫骨硬化,
HP:0007944,Intermittent microsaccadic pursuits,眼球微小扫视运动,
HP:0007946,Unilateral narrow palpebral fissure,单侧睑裂狭小,
HP:0007947,Pericentral retinitis pigmentosa,中心周围视网膜色素变性,
HP:0007948,Dense posterior cortical cataract,密集的后皮质性白内障,
HP:0007950,Peripapillary chorioretinal atrophy,乳头旁脉络膜视网膜萎缩,
HP:0007957,Corneal opacity,角膜混浊,
HP:0007958,Optic atrophy from cranial nerve compression,脑神经受压性视神经萎缩,
HP:0007962,Speckled corneal dystrophy,斑点角膜营养不良,
HP:0007963,Pattern dystrophy of the retina,视网膜区块性营养不良,
HP:0007964,Degenerative vitreoretinopathy,退行性玻璃体视网膜病,
HP:0007965,Undetectable visual evoked potentials,视觉诱发电位无波形,
HP:0007968,Remnants of the hyaloid vascular system,玻璃体血管系统残留,
HP:0007970,Congenital ptosis,先天性上睑下垂,
HP:0007971,Lamellar cataract,板层白内障,
HP:0007973,Retinal dysplasia,视网膜发育不良,
HP:0007975,Hypometric horizontal saccades,过慢扫视,
HP:0007976,Cerulean cataract,蔚蓝白内障,
HP:0007979,Gaze-evoked horizontal nystagmus,凝视诱发水平眼震,
HP:0007980,Absent retinal pigment epithelium,视网膜色素上皮缺失,
HP:0007984,Electronegative electroretinogram,视网膜电流图负波形,
HP:0007985,Retinal arteriolar occlusion,视网膜小动脉闭塞,
HP:0007986,Increased retinal vascularity,视网膜血管增多,
HP:0007987,Progressive visual field defects,进行性视野缺失,
HP:0007988,Macular hypopigmentation,黄斑色素减退,
HP:0007989,Intraretinal exudate,视网膜内的渗出液,
HP:0007990,Hypoplastic iris stroma,虹膜基质发育不全,
HP:0007992,Lattice retinal degeneration,格子样视网膜变性,
HP:0007993,Malformed lacrimal duct,泪道畸形,
HP:0007994,Peripheral visual field loss,周边视野缺失,
HP:0008000,Decreased corneal reflex,角膜反射减退,
HP:0008001,Foveal hyperpigmentation,黄斑色素沉着,
HP:0008002,Abnormality of macular pigmentation,黄斑色素沉着异常,
HP:0008003,Jerky ocular pursuit movements,急速眼追踪运动,
HP:0008007,Primary congenital glaucoma,原发性先天性青光眼,
HP:0008009,Three rows of eyelashes,三行睫,
HP:0008011,Peripheral opacification of the cornea,角膜外围混浊,
HP:0008014,Central fundal arteriolar microaneurysms,眼底中央小动脉微血管瘤,
HP:0008019,Superior lens subluxation,上方晶状体半脱位,
HP:0008020,Cone dystrophy,视锥细胞营养不良,
HP:0008026,Horizontal opticokinetic nystagmus,水平性视动性眼球震颤,
HP:0008028,Cystoid macular degeneration,黄斑囊样变性,
HP:0008030,Retinal arteritis,视网膜动脉炎,
HP:0008031,Posterior Y-sutural cataract,后Y缝白内障,
HP:0008034,Abnormal iris pigmentation,虹膜异常色素沉着,
HP:0008035,Retinitis pigmentosa inversa,反常性视网膜色素变性,
HP:0008037,Absent anterior chamber of the eye,眼前房缺如,
HP:0008038,Aplastic/hypoplastic lacrimal glands,泪腺发育缺陷/不全,
HP:0008039,Subepithelial corneal opacities,上皮下角膜混浊,
HP:0008041,Late onset congenital glaucoma,迟发性先天性青光眼,
HP:0008043,Retinal arteriolar constriction,视网膜小动脉收缩,
HP:0008045,Enlarged flash visual evoked potentials,闪光视觉诱发电位增强,
HP:0008046,Abnormal retinal vascular morphology,视网膜脉管形态异常,
HP:0008047,Abnormality of the vasculature of the eye,眼睛脉管系统异常,
HP:0008048,Abnormal line of Schwalbe morphology,Schwalbe线形态异常,
HP:0008049,Abnormality of the extraocular muscles,眼外肌异常,
HP:0008050,Abnormality of the palpebral fissures,睑裂异常,
HP:0008052,Retinal fold,视网膜皱襞,
HP:0008053,Aplasia/Hypoplasia of the iris,虹膜发育缺陷/不全,
HP:0008054,Abnormal morphology of the conjunctival vasculature,结膜血管形态异常,
HP:0008055,Aplasia/Hypoplasia affecting the uvea,葡萄膜发育缺陷/不全,
HP:0008056,Aplasia/Hypoplasia affecting the eye,眼睛发育缺陷/不全,
HP:0008057,Aplasia/Hypoplasia affecting the fundus,眼底发育缺陷/不全,
HP:0008058,Aplasia/Hypoplasia of the optic nerve,视神经发育缺陷/不全,
HP:0008059,Aplasia/Hypoplasia of the macula,黄斑发育缺陷/不全,
HP:0008060,Aplasia/Hypoplasia of the fovea,黄斑中心凹发育缺陷/不全,
HP:0008061,Aplasia/Hypoplasia of the retina,视网膜发育不良/发育不全,
HP:0008062,Aplasia/Hypoplasia affecting the anterior segment of the eye,眼前节发育缺陷/不全,
HP:0008063,Aplasia/Hypoplasia of the lens,晶状体发育缺陷/不全,
HP:0008064,Ichthyosis,鱼鳞病,
HP:0008065,Aplasia/Hypoplasia of the skin,皮肤发育缺陷/不全,
HP:0008066,Abnormal blistering of the skin,皮肤的异常起疱,
HP:0008067,Abnormally lax or hyperextensible skin,皮肤异常松解或伸展过度,
HP:0008069,Neoplasm of the skin,皮肤肿瘤,
HP:0008070,Sparse hair,毛发稀疏,
HP:0008071,Maternal hypertension,妊娠期高血压疾病,
HP:0008072,Maternal virilization in pregnancy,孕期母体男性化,
HP:0008073,Low maternal circulating estriol concentration,母体循环雌三醇水平低,
HP:0008074,Metatarsal periosteal thickening,跖骨骨膜增厚,
HP:0008076,Osteoporotic tarsals,跗骨骨质疏松,
HP:0008078,Thin metatarsal cortices,跖骨皮质薄,
HP:0008079,Absent fifth metatarsal,第五跖骨缺如,
HP:0008080,Hallux varus,拇趾内翻,
HP:0008081,Pes valgus,足外翻,
HP:0008082,Medial deviation of the foot,脚内侧偏斜,
HP:0008083,2nd-5th toe middle phalangeal hypoplasia,第二-五趾中间趾骨发育不全,
HP:0008087,Nonossified fifth metatarsal,第五跖骨未骨化,
HP:0008089,Abnormality of the fifth metatarsal bone,第五跖骨异常,
HP:0008090,Ankylosis of feet small joints,足小关节强直,
HP:0008093,Short 4th toe,第四趾短,
HP:0008094,Widely spaced toes,趾间距宽,
HP:0008095,Osteolysis of talus,距骨骨溶解,
HP:0008096,Medially deviated second toe,第二趾内侧向偏斜,
HP:0008097,Partial fusion of tarsals,跗骨部分融合,
HP:0008102,Expanded metatarsals with widened medullary cavities,髓腔增宽型跖骨膨大,
HP:0008103,Delayed tarsal ossification,跗骨骨化延迟,
HP:0008107,Plantar crease between first and second toes,第一、二脚趾之间足底皱褶,
HP:0008108,Advanced tarsal ossification,跗骨骨化过早,
HP:0008110,Equinovarus deformity,马蹄内翻变形,
HP:0008111,Broad distal hallux,脚拇趾末端粗大,
HP:0008112,Plantar flexion contracture,跖屈挛缩,
HP:0008113,Multiple plantar creases,足底多褶,
HP:0008114,Metatarsal diaphyseal endosteal sclerosis,跖骨骨干骨内膜硬化,
HP:0008115,Clinodactyly of the 3rd toe,第三趾屈趾畸形,
HP:0008116,Flexion limitation of toes,脚趾屈曲限制,
HP:0008117,Shortening of the talar neck,距骨颈短缩,
HP:0008119,Deformed tarsal bones,跗骨变形,
HP:0008122,Calcaneonavicular fusion,跟舟骨融合,
HP:0008124,Talipes calcaneovarus,仰趾内翻足,
HP:0008125,Second metatarsal posteriorly placed,第2跖骨后置,
HP:0008127,Bipartite calcaneus,二分跟骨,
HP:0008131,Tarsal stippling,跗骨点状钙化,
HP:0008132,Medial rotation of the medial malleolus,内踝内旋,
HP:0008133,Distal tapering of metatarsals,跖骨远端逐渐变细,
HP:0008134,Irregular tarsal ossification,跗骨不规则骨化,
HP:0008138,Equinus calcaneus,马蹄足畸形,
HP:0008141,Dislocation of toes,脚趾脱臼,
HP:0008142,Delayed calcaneal ossification,跟骨骨化延迟,
HP:0008144,Flattening of the talar dome,扁平的距骨圆顶,
HP:0008148,Impaired epinephrine-induced platelet aggregation,肾上腺素诱导的血小板聚集障碍,
HP:0008150,Elevated serum transaminases during infections,感染期血清转氨酶升高,
HP:0008151,Prolonged prothrombin time,凝血酶原时间延长,
HP:0008153,Periodic hypokalemic paresis,低钾性周期性麻痹,
HP:0008155,Mucopolysacchariduria,粘多糖尿症,
HP:0008158,Hyperapobetalipoproteinemia,高β-载脂蛋白血症,
HP:0008160,3-hydroxydicarboxylic aciduria,3羟基二羧酸尿症,
HP:0008161,Absent leukocyte alkaline phosphatase,白细胞碱性磷酸酶缺失,
HP:0008162,Asymptomatic hyperammonemia,无症状高氨血症,
HP:0008163,Decreased circulating cortisol level,血皮质醇水平降低,
HP:0008165,Decreased helper T cell proportion,辅助T细胞比例降低,
HP:0008166,Decreased beta-galactosidase activity,β-半乳糖苷酶活性降低,
HP:0008167,Very long chain fatty acid accumulation,极长链脂肪酸堆积,
HP:0008169,Reduced factor VII activity,凝血因子VII活性减低,
HP:0008176,Neonatal unconjugated hyperbilirubinemia,新生儿高非结合胆红素血症,
HP:0008178,Abnormal cartilage matrix,软骨基质异常,
HP:0008179,Decreased Arden ratio of electrooculogram,眼电图Arden比降低,
HP:0008180,Mildly elevated creatine kinase,肌酸磷酸激酶轻度升高,
HP:0008181,Abetalipoproteinemia,无β脂蛋白血症,
HP:0008182,Adrenocortical hypoplasia,肾上腺皮质发育不全,
HP:0008185,Precocious puberty in males,男性性早熟,
HP:0008186,Adrenocortical cytomegaly,肾上腺皮质巨细胞症,
HP:0008187,Absence of secondary sex characteristics,第二性征缺乏,
HP:0008188,Thyroid dysgenesis,甲状腺发育异常,
HP:0008189,Insulin insensitivity,胰岛素不敏感,
HP:0008191,Thyroid agenesis,甲状腺缺如,
HP:0008193,Primary gonadal insufficiency,原发性性腺功能不全,
HP:0008194,Multiple pancreatic beta-cell adenomas,多发胰腺β细胞腺瘤,
HP:0008197,Absence of pubertal development,青春期发育缺失,
HP:0008198,Congenital hypoparathyroidism,先天性甲状旁腺功能减退症,
HP:0008200,Primary hyperparathyroidism,原发性甲状旁腺功能亢进症,
HP:0008202,Reduced circulating prolactin concentration,泌乳素水平下降,
HP:0008204,Precocious puberty with Sertoli cell tumor,性早熟伴睾丸支持细胞瘤,
HP:0008205,Insulin-dependent but ketosis-resistant diabetes,胰岛素依赖性非酮症性糖尿病,
HP:0008207,Primary adrenal insufficiency,原发性肾上腺功能不全,
HP:0008208,Parathyroid hyperplasia,甲状旁腺增生,
HP:0008209,Premature ovarian insufficiency,早发性卵巢功能不全,
HP:0008211,Parathyroid agenesis,甲状旁腺缺如,
HP:0008213,Gonadotropin deficiency,促性腺激素缺乏症,
HP:0008214,Decreased serum estradiol,血清雌二醇水平降低,
HP:0008216,Adrenal gland dysgenesis,肾上腺发育不全,
HP:0008221,Adrenal hyperplasia,肾上腺增生,
HP:0008222,Female infertility,女性不孕症,
HP:0008223,Compensated hypothyroidism,代偿性甲状腺功能减退症,
HP:0008225,Thyroid follicular hyperplasia,甲状腺滤泡增生,
HP:0008226,Androgen insufficiency,雄激素不足,
HP:0008227,Pituitary resistance to thyroid hormone,垂体对甲状腺激素不敏感,
HP:0008229,Thyroid lymphangiectasia,甲状腺淋巴管扩张症,
HP:0008231,Macronodular adrenal hyperplasia,大结节性肾上腺皮质增生症,
HP:0008232,Elevated circulating follicle stimulating hormone level,血液卵泡刺激素水平升高,
HP:0008233,Decreased circulating progesterone,血液孕酮水平降低,
HP:0008236,Isosexual precocious puberty,同性性早熟,
HP:0008237,Hypothalamic hypothyroidism,下丘脑性甲状腺功能减退,
HP:0008239,Adrenal medullary hypoplasia,肾上腺髓质发育不全,
HP:0008240,Secondary growth hormone deficiency,继发性生长激素缺乏症,
HP:0008242,Pseudohypoaldosteronism,假性醛固酮减少症,
HP:0008244,Congenital adrenal hypoplasia,先天性肾上腺发育不全,
HP:0008245,Pituitary hypothyroidism,垂体性甲状腺功能减退症,
HP:0008247,Euthyroid hyperthyroxinemia,甲状腺功能正常的高甲状腺素血症,
HP:0008249,Thyroid hyperplasia,甲状腺增生,
HP:0008251,Congenital goiter,先天性甲状腺肿,
HP:0008255,Transient neonatal diabetes mellitus,新生儿短暂性糖尿病,
HP:0008256,Adrenocortical adenoma,肾上腺皮质腺瘤,
HP:0008258,Congenital adrenal hyperplasia,先天性肾上腺增生症,
HP:0008259,Adrenocorticotropin receptor defect,促肾上腺皮质激素受体缺陷,
HP:0008261,Pancreatic islet cell adenoma,胰岛细胞腺瘤,
HP:0008263,Thyroid defect in oxidation and organification of iodide,甲状腺碘氧化和有机化缺陷,
HP:0008264,Neutrophil inclusion bodies,中性粒细胞包涵体,
HP:0008265,Mitochondrial lysine transport defect,线粒体赖氨酸转运缺陷,
HP:0008269,Increased red cell hemolysis by shear stress,剪切应力相关的红细胞溶血增加,
HP:0008271,Abnormal cartilage collagen,软骨胶原蛋白异常,
HP:0008272,Renal tubular lysine transport defect,肾小管赖氨酸转运缺陷,
HP:0008273,Transient aminoaciduria,短暂性氨基酸尿,
HP:0008275,Abnormal light-adapted electroretinogram,光适应视网膜电图异常,
HP:0008277,Abnormal blood zinc concentration,锌离子稳态平衡异常,
HP:0008278,Cerebellar cortical atrophy,小脑皮质萎缩,
HP:0008279,Transient hyperlipidemia,短暂性高脂血症,
HP:0008281,Acute hyperammonemia,急性高氨血症,
HP:0008282,Unconjugated hyperbilirubinemia,高非结合胆红素血症,
HP:0008283,Fasting hyperinsulinemia,空腹高胰岛素血症,
HP:0008285,Transient hypophosphatemia,短暂性低磷血症,
HP:0008288,Nonketotic hyperglycinemia,非酮症性高甘氨酸血症,
HP:0008290,Partial complement factor H deficiency,补体因子H部分缺陷,
HP:0008291,Pituitary corticotropic cell adenoma,垂体促肾上腺皮质激素腺瘤,
HP:0008293,Long-chain dicarboxylic aciduria,长链二羧基酸尿症,
HP:0008297,Transient hyperphenylalaninemia,短暂性高苯丙氨酸血症,
HP:0008301,Dermatan sulfate excretion in urine,尿液中硫酸皮肤素排泄,
HP:0008303,Olivary degeneration,橄榄变性,
HP:0008305,Exercise-induced myoglobinuria,运动后肌红蛋白尿,
HP:0008306,Abnormal iron deposition in mitochondria,线粒体内铁沉积异常,
HP:0008309,Medium chain dicarboxylic aciduria,中链长二羧酸尿症,
HP:0008311,Spinal cord posterior columns myelin loss,脊髓后柱髓鞘脱失,
HP:0008314,Decreased activity of mitochondrial complex II,线粒体复合物II活性降低,
HP:0008315,Decreased plasma free carnitine,血浆游离肉碱降低,
HP:0008316,Abnormal mitochondria in muscle tissue,肌肉组织中线粒体异常,
HP:0008318,Elevated leukocyte alkaline phosphatase,白细胞碱性磷酸酶活性升高,
HP:0008320,Impaired collagen-induced platelet aggregation,胶原诱导的血小板凝集障碍,
HP:0008321,Reduced factor X activity,凝血因子X活性减低,
HP:0008322,Abnormal mitochondrial morphology,线粒体形态异常,
HP:0008323,Abnormal light- and dark-adapted electroretinogram,异常的明暗适应视网膜电流图,
HP:0008326,Reduced circulating vitamin B6 circulating,循环维生素B6水平降低,
HP:0008327,Microscopic nephrocalcinosis,肾脏微小钙质沉着症,
HP:0008330,Reduced von Willebrand factor activity,血管性血友病因子活性减低,
HP:0008331,Elevated creatine kinase after exercise,运动后肌酸激酶升高,
HP:0008336,Complex organic aciduria,复杂有机酸尿症,
HP:0008338,Partial functional complement factor D deficiency,补体因子D部分功能缺乏,
HP:0008339,Diaminoaciduria,双氨基酸尿,
HP:0008341,Distal renal tubular acidosis,远端肾小管性酸中毒,
HP:0008344,Elevated circulating branched chain amino acid concentration,循环支链氨基酸浓度升高,
HP:0008345,Hypoplasia of the iris dilator muscle,瞳孔开大肌发育不全,
HP:0008346,Increased red cell sickling tendency,镰状红细胞增加倾向,
HP:0008347,Decreased activity of mitochondrial complex IV,线粒体复合物IV活性降低,
HP:0008348,Decreased circulating IgG2 concentration,循环IgG2水平降低,
HP:0008352,Impaired platelet adhesion,血小板粘附障碍,
HP:0008353,Neutral hyperaminoaciduria,中性高氨基酸尿,
HP:0008354,Factor X activation deficiency,凝血因子X活性降低,
HP:0008357,Reduced factor XIII activity,凝血因子XIII活性减低,
HP:0008358,Hyperprolinemia,高脯氨酸血症,
HP:0008360,Neonatal hypoproteinemia,新生儿低蛋白血症,
HP:0008361,Corticospinal tract pallor,皮质脊髓束苍白,
HP:0008362,Aplasia/Hypoplasia of the hallux,拇趾发育不良/发育不全,
HP:0008363,Aplasia/Hypoplasia of the tarsal bones,跗骨发育不良/发育不全,
HP:0008364,Abnormality of the calcaneus,跟骨异常,
HP:0008365,Abnormal talus morphology,距骨形态异常,
HP:0008366,Foot joint contracture,足关节挛缩,
HP:0008368,Tarsal synostosis,跗骨骨性融合,
HP:0008369,Abnormal tarsal ossification,跗骨骨化异常,
HP:0008371,Abnormal metatarsal ossification,跖骨骨化异常,
HP:0008372,Abnormal circulating vitamin A concentration,循环维生素A浓度异常,
HP:0008373,Puberty and gonadal disorders,青春期及性腺疾病,
HP:0008376,Nasal dysarthria,鼻构音障碍,
HP:0008383,Slow-growing nails,甲生长缓慢,
HP:0008386,Aplasia/Hypoplasia of the nails,甲发育缺陷/不全,
HP:0008388,Abnormal toenail morphology,趾甲形态异常,
HP:0008390,Recurrent loss of toenails and fingernails,指（趾）甲反复脱落,
HP:0008391,Dystrophic fingernails,指甲营养不良,
HP:0008392,Subungual hyperkeratosis,甲下角化过度,
HP:0008393,Congenital curved nail of fourth toe,先天性第4趾甲弯曲,
HP:0008394,Congenital onychodystrophy,先天性甲营养不良,
HP:0008396,Chronic monilial nail infection,慢性念珠菌性甲感染,
HP:0008398,Hypoplastic fifth fingernail,第5指甲发育不良,
HP:0008399,Circumungual hyperkeratosis,甲周皮肤角化过度,
HP:0008400,Onycholysis of distal fingernails,指甲末端甲分离,
HP:0008401,Onychogryposis of toenails,趾甲弯曲,
HP:0008402,Ridged fingernail,指甲纵嵴,
HP:0008404,Nail dystrophy,甲营养不良,
HP:0008407,Hyperconvex thumb nails,拇指甲面异常凸起,
HP:0008410,Subungual hyperkeratotic fragments,甲下片状角化过度,
HP:0008414,Lumbar kyphosis in infancy,婴儿期腰椎后凸,
HP:0008416,Six lumbar vertebrae,六块腰椎,
HP:0008417,Vertebral hypoplasia,椎体发育不全,
HP:0008418,Squared-off platyspondyly,方形扁平椎,
HP:0008419,Intervertebral disk degeneration,椎间盘退行性变,
HP:0008420,Punctate vertebral calcifications,椎体点状钙化,
HP:0008421,Tall lumbar vertebral bodies,腰椎椎体的高度增加,
HP:0008422,Vertebral wedging,椎体楔形变,
HP:0008423,Spinal dysplasia,脊柱发育不良,
HP:0008424,Hypoplastic 5th lumbar vertebrae,第五腰椎发育不良,
HP:0008425,Cuboid-shaped thoracolumbar vertebral bodies,胸腰椎椎体呈长方体状,
HP:0008428,Vertebral clefting,椎体裂,
HP:0008430,Anterior beaking of lumbar vertebrae,腰椎前缘鸟喙样凸出,
HP:0008432,Anterior wedging of L1,腰1椎体前侧楔形,
HP:0008433,Reversed usual vertebral column curves,脊柱反向弯曲,
HP:0008434,Hypoplastic cervical vertebrae,颈椎发育不良,
HP:0008435,Absent in utero ossification of vertebral bodies,宫内椎体未骨化,
HP:0008436,Absent/hypoplastic coccyx,尾骨缺如或发育不良,
HP:0008437,Bifid thoracic vertebrae,胸椎纵裂,
HP:0008438,Vertebral arch anomaly,椎弓异常,
HP:0008439,Lumbar hemivertebrae,腰椎半椎体,
HP:0008440,C1-C2 vertebral abnormality,C1-C2寰枢椎椎体异常,
HP:0008441,Herniation of intervertebral nuclei,椎间盘髓核疝出,
HP:0008442,Vertebral hyperostosis,椎体骨质增生,
HP:0008443,Neuropathic spinal arthropathy,神经性脊柱关节病,
HP:0008444,Posterior wedging of vertebral bodies,椎体后侧楔形,
HP:0008445,Cervical spinal canal stenosis,颈椎椎管狭窄,
HP:0008447,Hypoplastic coccygeal vertebrae,尾骨发育不良,
HP:0008449,Progressive cervical vertebral spine fusion,进行性颈椎融合,
HP:0008450,Narrow vertebral interpedicular distance,椎弓根间隙变窄,
HP:0008451,Posterior vertebral hypoplasia,后脊椎发育不良,
HP:0008452,Wafer-thin platyspondyly,极薄的扁平椎体,
HP:0008453,Congenital kyphoscoliosis,先天性脊柱后侧凸畸形,
HP:0008454,Lumbar kyphosis,腰椎后凸,
HP:0008455,Dysplastic sacrum,骶骨发育不良,
HP:0008456,C2-C3 subluxation,C2-C3椎体半脱位,
HP:0008457,Caudal interpedicular narrowing,尾骨椎弓根狭窄,
HP:0008458,Progressive congenital scoliosis,进行性先天性脊柱侧凸,
HP:0008459,Cervical vertebral agenesis,颈椎发育不全,
HP:0008460,Hypoplastic spinal processes,棘突发育不良,
HP:0008461,Cervical vertebral facet hypoplasia,颈椎关节突发育不良,
HP:0008462,Cervical instability,颈椎不稳,
HP:0008463,Central vertebral hypoplasia,环椎发育不良,
HP:0008464,Absent spinous processes of lower thoracic and lumbar vertebrae,下段胸椎和腰椎的棘突缺如,
HP:0008465,Absent vertebra,椎体缺如,
HP:0008467,Thoracic hemivertebrae,胸椎半椎体,
HP:0008468,Abnormal sacral segmentation,骶骨分节异常,
HP:0008469,Cervical vertebral dysplasia,颈椎发育不良,
HP:0008470,Lower thoracic interpediculate narrowness,下段胸椎弓根间隙狭窄,
HP:0008472,Prominent protruding coccyx,尾骨突出,
HP:0008473,Narrow anterio-posterior vertebral body diameter,椎体前后径狭窄,
HP:0008475,Hypoplastic sacral vertebrae,骶椎发育不良,
HP:0008476,Irregular sclerotic endplates,不规则硬化终板,
HP:0008477,Poorly ossified cervical vertebrae,颈椎骨化不良,
HP:0008478,Scheuermann-like vertebral changes,Scheuermann样椎体改变,
HP:0008479,Hypoplastic vertebral bodies,椎体发育不良,
HP:0008480,Cervical spondylosis,颈椎病,
HP:0008482,Asymmetry of spinal facet joints,脊柱小关节不对称,
HP:0008483,Cervical vertebral bodies with decreased anteroposterior diameter,颈椎椎体前后径减少,
HP:0008484,Thoracolumbar interpediculate narrowness,胸腰椎弓根间隙狭窄,
HP:0008486,Lumbar interpedicular narrowing,腰椎弓根间隙缩窄,
HP:0008488,Anterior rounding of vertebral bodies,椎体前侧变圆,
HP:0008489,Spondylolisthesis at L5-S1,L5-S1腰椎滑脱,
HP:0008490,Sacral segmentation defect,骶骨分节缺陷,
HP:0008491,Premature anterior fontanel closure,前囟过早闭合,
HP:0008494,Inferior lens subluxation,晶状体下部半脱位,
HP:0008496,Multiple rows of eyelashes,多行睫,
HP:0008497,Congenital craniofacial dysostosis,先天性颅面骨发育不全,
HP:0008499,High hypermetropia,高度远视,
HP:0008504,Moderate sensorineural hearing impairment,中度感音神经性听力受损,
HP:0008507,Static ophthalmoparesis,静态眼肌瘫痪,
HP:0008509,Aged leonine appearance,衰老的狮面面容,
HP:0008511,Central posterior corneal opacity,中央后角膜混浊,
HP:0008513,Bilateral conductive hearing impairment,双侧传导性听力受损,
HP:0008515,Aplasia/Hypoplasia of the vertebrae,椎体发育不良/发育不全,
HP:0008516,Abnormality of the vertebral spinous processes,椎体棘突异常,
HP:0008517,Aplasia/Hypoplasia of the sacrum,骶骨发育不良/发育不全,
HP:0008518,Aplasia/Hypoplasia involving the vertebral column,脊柱发育不良/发育不全,
HP:0008519,Abnormal coccyx morphology,尾骨形态异常,
HP:0008523,Posterior helix pit,耳轮后凹陷,
HP:0008527,Congenital sensorineural hearing impairment,先天性感音神经性听力受损,
HP:0008528,Long hairs growing from helix of pinna,耳轮毛发过长,
HP:0008529,Absence of acoustic reflex,声反射缺失,
HP:0008537,Cleft at the superior portion of the pinna,上部耳廓裂,
HP:0008541,Superiorly displaced ears,优势替代耳,
HP:0008542,Low-frequency hearing loss,低频听力丧失,
HP:0008544,Abnormally folded helix,耳轮卷曲异常,
HP:0008551,Microtia,小耳畸形,
HP:0008554,Cochlear malformation,耳蜗畸形,
HP:0008555,Absent vestibular function,前庭功能缺失,
HP:0008559,Hypoplastic superior helix,耳轮上部发育不全,
HP:0008568,Vestibular areflexia,前庭反射消失,
HP:0008569,"Microtia, second degree",小耳畸形，2级,
HP:0008573,Low-frequency sensorineural hearing impairment,低频感音神经性听力受损,
HP:0008577,Underfolded helix,耳轮卷曲减少,
HP:0008583,Underfolded superior helices,耳轮上部卷曲减少,
HP:0008586,Hypoplasia of the cochlea,耳蜗发育不全,
HP:0008587,Mild neurosensory hearing impairment,轻度感音神经性听力受损,
HP:0008588,Slit-like opening of the exterior auditory meatus,外耳道隙状开口,
HP:0008589,Hypoplastic helices,耳轮发育不全,
HP:0008591,Congenital conductive hearing impairment,先天性传导性听力受损,
HP:0008593,Prominent antitragus,对耳屏突出,
HP:0008596,Postlingual sensorineural hearing impairment,学语后感音神经性听力受损,
HP:0008598,Mild conductive hearing impairment,轻度传导性听力受损,
HP:0008605,Unilateral external ear deformity,单侧外耳畸形,
HP:0008606,Supraauricular pit,耳前瘘管,
HP:0008607,Progressive conductive hearing impairment,渐进性传导性听力受损,
HP:0008608,Hypertrophic auricular cartilage,耳廓软骨肥大,
HP:0008609,Abnormal middle ear morphology,中耳形态异常,
HP:0008610,Infantile sensorineural hearing impairment,婴幼儿感音神经性听力受损,
HP:0008615,Adult onset sensorineural hearing impairment,成人起病感觉神经性听力受损,
HP:0008619,Bilateral sensorineural hearing impairment,双侧感音神经性听觉受损,
HP:0008625,Severe sensorineural hearing impairment,重度感音神经性听力受损,
HP:0008628,Abnormal stapes morphology,镫骨形态异常,
HP:0008629,Pulsatile tinnitus,搏动性耳鸣,
HP:0008631,Ureteral dysgenesis,输尿管发育不良,
HP:0008633,Agonadism,无性腺症,
HP:0008635,Urinary bladder wall hypertrophy,膀胱壁肥大,
HP:0008639,Gonadal hypoplasia,性腺发育不良,
HP:0008640,Congenital macroorchidism,先天性大睾丸,
HP:0008643,Nephroblastomatosis,肾母细胞瘤病,
HP:0008647,Pubertal developmental failure in females,女性青春期性发育障碍,
HP:0008648,Anteriorly displaced urethral meatus,尿道口向前移位,
HP:0008651,Uric acid urolithiasis independent of gout,非痛风引起的尿路尿酸结石,
HP:0008652,Autonomic erectile dysfunction,自主性勃起功能障碍,
HP:0008653,Crescentic glomerulonephritis,新月体肾小球肾炎,
HP:0008655,Aplasia/Hypoplasia of the fallopian tube,输卵管发育不全/发育不良,
HP:0008656,Incomplete male pseudohermaphroditism,不完全型男性假两性畸形,
HP:0008659,Multiple small medullary renal cysts,多发性肾髓质小囊肿,
HP:0008660,Renotubular dysgenesis,肾小管发育不全,
HP:0008661,Urethral stenosis,尿道狭窄,
HP:0008663,Renal sarcoma,肾肉瘤,
HP:0008664,Urethral sphincter sclerosis,尿道括约肌硬化症,
HP:0008665,Clitoral hypertrophy,阴蒂肥大,
HP:0008666,Impaired histidine renal tubular absorption,肾小管组氨酸吸收障碍,
HP:0008668,"Gonadal dysgenesis, male",男性性腺发育不良,
HP:0008669,Abnormal spermatogenesis,生精异常,
HP:0008670,Partial vaginal septum,部分型阴道膈,
HP:0008672,Calcium oxalate nephrolithiasis,草酸钙肾结石,
HP:0008675,Enlarged polycystic ovaries,增大的多囊卵巢,
HP:0008676,Congenital megaureter,先天性巨输尿管症,
HP:0008677,Congenital nephrotic syndrome,先天性肾病综合征,
HP:0008678,Renal hypoplasia/aplasia,肾发育不良/不全,
HP:0008682,Renal tubular epithelial necrosis,肾小管上皮细胞坏死,
HP:0008683,Enlarged labia minora,小阴唇增大,
HP:0008684,Aplasia/hypoplasia of the uterus,子宫发育不全/发育不良,
HP:0008687,Hypoplasia of the prostate,前列腺发育不良,
HP:0008689,Bilateral cryptorchidism,双侧隐睾,
HP:0008691,Solitary bladder diverticulum,孤立的膀胱憩室,
HP:0008695,Transient nephrotic syndrome,瞬态肾病综合征,
HP:0008696,Renal hamartoma,肾错构瘤,
HP:0008697,Hypoplasia of the fallopian tube,输卵管发育不良,
HP:0008702,Absent internal genitalia,内生殖器缺如,
HP:0008703,Gonadal calcification,性腺钙化,
HP:0008705,Ureteral triplication,三重输尿管,
HP:0008706,Distal urethral duplication,远端尿道重复畸形,
HP:0008707,Absent scrotum,阴囊缺如,
HP:0008708,Partial development of the penile shaft,局部阴茎体发育,
HP:0008711,Benign prostatic hyperplasia,前列腺良性增生,
HP:0008714,Ureterovesical stenosis,输尿管膀胱交界处狭窄,
HP:0008715,Testicular dysgenesis,睾丸发育不全,
HP:0008716,Urethrovaginal fistula,尿道阴道瘘,
HP:0008717,Unilateral renal atrophy,单侧肾萎缩,
HP:0008718,Unilateral renal dysplasia,单侧肾发育不良,
HP:0008720,Primary testicular failure,原发性睾丸功能衰竭,
HP:0008722,Urethral diverticulum,尿道憩室,
HP:0008723,"Gonadal dysgenesis with female appearance, male",男性性腺发育不全，女性外表,
HP:0008724,Hypoplasia of the ovary,卵巢发育不良,
HP:0008726,Hypoplasia of the vagina,阴道发育不良,
HP:0008729,Absence of labia majora,大阴唇缺如,
HP:0008730,"Female external genitalia in individual with 46,XY karyotype","染色体核型为46,XY的个体具有女性外生殖器",
HP:0008732,Renal hypophosphatemia,肾性低磷血症,
HP:0008733,Dysplastic testes,睾丸发育不良,
HP:0008734,Decreased testicular size,睾丸体积过小,
HP:0008736,Hypoplasia of penis,阴茎发育不良,
HP:0008738,Partially duplicated kidney,部分性重复肾,
HP:0008739,Labial pseudohypertrophy,阴唇假性肥厚,
HP:0008740,Longitudinal vaginal septum,阴道纵膈,
HP:0008742,Prominent prostate median bar,前列腺正中脊突出,
HP:0008743,Coronal hypospadias,冠状沟型尿道下裂,
HP:0008744,Abnormal aryepiglottic fold morphology,杓会厌皱襞形态异常,
HP:0008747,Cartilaginous ossification of larynx,喉软骨骨化,
HP:0008749,Laryngeal hypoplasia,喉发育不全,
HP:0008750,Laryngeal atresia,喉闭锁,
HP:0008751,Laryngeal cleft,喉裂,
HP:0008752,Laryngeal cartilage malformation,喉软骨畸形,
HP:0008753,Aplasia of the epiglottis,会厌发育不全,
HP:0008754,Laryngeal calcification,喉钙化,
HP:0008755,Laryngotracheomalacia,喉气管软化,
HP:0008756,Bowing of the vocal cords,声带弯曲,
HP:0008757,Unilateral vocal cord paralysis,单侧声带麻痹,
HP:0008760,Violent behavior,暴力行为,
HP:0008762,Repetitive compulsive behavior,重复强迫行为,
HP:0008763,No social interaction,无社会交往,
HP:0008765,Auditory hallucination,幻听,
HP:0008767,Self-mutilation of tongue and lips due to involuntary movements,不自主运动导致舌头和嘴唇自残,
HP:0008768,Abnormal sexual behavior,异常性行为,
HP:0008770,Obsessive-compulsive trait,强迫特质,
HP:0008771,Aplasia/Hypoplasia of the ear,耳发育缺陷/不全,
HP:0008772,Aplasia/Hypoplasia of the external ear,外耳发育缺陷/不全,
HP:0008773,Aplasia/Hypoplasia of the middle ear,中耳发育缺陷/不全,
HP:0008774,Aplasia/Hypoplasia of the inner ear,内耳发育缺陷/不全,
HP:0008775,Abnormal prostate morphology,前列腺形态异常,
HP:0008776,Abnormal renal artery morphology,肾动脉形态异常,
HP:0008777,Abnormal vocal cord morphology,声带形态异常,
HP:0008780,Congenital bilateral hip dislocation,先天性双侧髋关节脱位,
HP:0008783,Wide proximal femoral metaphysis,股骨近端干骺端增宽,
HP:0008784,Wide capital femoral epiphyses,股骨头骨骺增宽,
HP:0008785,Delayed ossification of pubic rami,耻骨骨化延迟,
HP:0008786,Iliac crest serration,髂嵴锯齿状缘,
HP:0008788,Delayed pubic bone ossification,耻骨骨化延迟,
HP:0008789,Cone-shaped capital femoral epiphysis,锥形股骨头骨骺,
HP:0008794,Dysplastic iliac wing,髂骨翼发育不良,
HP:0008796,Femoral retroversion,股骨后倾,
HP:0008797,Early ossification of capital femoral epiphyses,早发性股骨头骨骺骨化,
HP:0008798,Widened greater sciatic notch,坐骨大切迹变宽,
HP:0008800,Limited hip movement,髋部运动受限,
HP:0008801,Hypoplasia of the lesser trochanter,小转子发育低下,
HP:0008802,Hypoplasia of the femoral head,股骨头发育低下,
HP:0008804,Broad femoral head,股骨头变宽,
HP:0008807,Acetabular dysplasia,髋臼发育不良,
HP:0008808,High iliac wing,高髂骨翼,
HP:0008812,Flattened femoral head,股骨头扁平,
HP:0008817,Aplastic pubic bone,耻骨再生障碍,
HP:0008818,Large iliac wing,大髂骨翼,
HP:0008819,Narrow femoral neck,股骨颈狭窄,
HP:0008820,Absent ossification of capital femoral epiphysis,股骨头骨骺未骨化,
HP:0008821,Hypoplastic inferior ilia,髂骨发育不良,
HP:0008822,Hypoplastic ischiopubic ramus,坐骨耻骨支发育不良,
HP:0008823,Inferior pubic ramus hypoplasia,耻骨下支发育不全,
HP:0008824,Hypoplastic iliac body,髂骨体发育不良,
HP:0008828,Delayed proximal femoral epiphyseal ossification,股骨近端骨骺骨化延迟,
HP:0008829,Delayed femoral head ossification,股骨头骨化延迟,
HP:0008830,Hypoplastic pubic ramus,耻骨支发育不良,
HP:0008833,Irregular acetabular roof,不规则髋臼顶,
HP:0008835,Multicentric femoral head ossification,股骨头多中心骨化,
HP:0008838,Stippled calcification proximal humeral epiphyses,肱骨近端骨骺点状钙化,
HP:0008839,Hypoplastic pelvis,骨盆发育不良,
HP:0008843,Hip osteoarthritis,髋关节骨关节炎,
HP:0008845,Mesomelic short stature,肢中部的身材矮小,
HP:0008846,Severe intrauterine growth retardation,严重的胎儿宫内发育迟缓,
HP:0008848,Moderately short stature,中度身材矮小,
HP:0008850,Severe postnatal growth retardation,严重的产后生长发育迟缓,
HP:0008855,Moderate postnatal growth retardation,中度产后发育迟缓,
HP:0008857,Neonatal short-trunk short stature,新生儿躯干短小,
HP:0008866,Failure to thrive secondary to recurrent infections,反复感染导致发育迟缓,
HP:0008872,Feeding difficulties in infancy,婴儿期喂养困难,
HP:0008873,Disproportionate short-limb short stature,不相称的短肢矮小,
HP:0008883,Mild intrauterine growth retardation,轻度胎儿宫内发育迟缓,
HP:0008887,Adipose tissue loss,脂肪组织丢失,
HP:0008890,Severe short-limb dwarfism,严重的短肢侏儒症,
HP:0008897,Postnatal growth retardation,出生后生长迟缓,
HP:0008905,Rhizomelia,肢体近端缩短,
HP:0008909,Lethal short-limbed short stature,致死性短肢型矮小,
HP:0008915,Childhood-onset truncal obesity,儿童期发病的躯干肥胖,
HP:0008921,Neonatal short-limb short stature,新生儿短肢型矮小,
HP:0008922,Childhood-onset short-trunk short stature,儿童期发病的短躯干矮小,
HP:0008929,Asymmetric short stature,不对称的身材矮小,
HP:0008935,Generalized neonatal hypotonia,全身性新生儿肌张力低下,
HP:0008936,Axial hypotonia,轴向张力减退,
HP:0008940,Generalized lymphadenopathy,全身性淋巴结肿大,
HP:0008942,Acute rhabdomyolysis,急性横纹肌溶解症,
HP:0008944,Distal lower limb amyotrophy,下肢远端肌肉肌萎缩,
HP:0008945,Loss of ability to walk in early childhood,幼儿早期行走能力丧失,
HP:0008946,Pelvic girdle amyotrophy,骨盆带肌萎缩,
HP:0008947,Infantile muscular hypotonia,婴儿型肌张力减退,
HP:0008948,Proximal upper limb amyotrophy,上肢近端肌萎缩,
HP:0008952,Shoulder muscle hypoplasia,肩部肌肉发育不良,
HP:0008953,Pectoralis major hypoplasia,胸大肌发育不良,
HP:0008954,Intrinsic hand muscle atrophy,手部内在肌萎缩,
HP:0008955,Progressive distal muscular atrophy,进行性远端肌萎缩,
HP:0008956,Proximal lower limb amyotrophy,下肢近端肌肉萎缩,
HP:0008959,Distal upper limb muscle weakness,上肢远端肌无力,
HP:0008962,Calf muscle hypoplasia,小腿肌肉发育不良,
HP:0008963,Tibialis muscle weakness,胫骨肌无力,
HP:0008964,Nonprogressive muscular atrophy,非进行性肌萎缩,
HP:0008967,Exercise-induced muscle stiffness,运动诱发的肌肉僵硬,
HP:0008968,Muscle hypertrophy of the lower extremities,下肢肌肥大,
HP:0008969,Leg muscle stiffness,腿部肌肉僵硬,
HP:0008970,Scapulohumeral muscular dystrophy,肩肱肌营养不良,
HP:0008972,Decreased activity of mitochondrial respiratory chain,线粒体呼吸链活性降低,
HP:0008978,Necrotizing myopathy,坏死性肌病,
HP:0008981,Calf muscle hypertrophy,小腿肌肉肥大,
HP:0008984,Neck muscle hypoplasia,颈部肌肉发育不良,
HP:0008985,Increased intramuscular fat,肌内脂肪增多,
HP:0008986,Agenesis of the diaphragm,横膈发育不全,
HP:0008988,Pelvic girdle muscle atrophy,骨盆带肌萎缩,
HP:0008991,Exercise-induced leg cramps,运动诱发腿抽筋,
HP:0008993,Increased intraabdominal fat,腹内脂肪增多,
HP:0008994,Proximal muscle weakness in lower limbs,下肢近端肌无力,
HP:0008997,Proximal muscle weakness in upper limbs,上肢近端肌无力,
HP:0008998,Pectoralis hypoplasia,胸大肌发育不良,
HP:0009002,Loss of truncal subcutaneous adipose tissue,躯干部皮下脂肪组织丢失,
HP:0009003,Increased subcutaneous truncal adipose tissue,躯干部皮下脂肪组织增多,
HP:0009004,Hypoplasia of the musculature,肌肉组织发育不全,
HP:0009005,Weakness of the intrinsic hand muscles,手内在肌无力,
HP:0009007,Biceps hypoplasia,肱二头肌发育不良,
HP:0009011,Hypoplasia of serratus anterior muscle,前锯肌发育不良,
HP:0009013,Congenital absence of gluteal muscles,先天性臀肌缺失,
HP:0009016,Upper limb muscle hypoplasia,上肢肌肉发育不良,
HP:0009017,Loss of gluteal subcutaneous adipose tissue,臀部皮下脂肪组织丢失,
HP:0009019,Progressive loss of facial adipose tissue,进行性面部脂肪组织丢失,
HP:0009020,Exercise-induced muscle fatigue,运动诱发的肌肉疲劳,
HP:0009023,Abdominal wall muscle weakness,腹壁肌无力,
HP:0009025,Increased connective tissue,结缔组织增多,
HP:0009026,Hypoplasia of latissimus dorsi muscle,背阔肌肌发育不良,
HP:0009027,Foot dorsiflexor weakness,足背屈无力,
HP:0009028,Generalized weakness of limb muscles,广泛性四肢肌肉无力,
HP:0009031,Amyotrophy of ankle musculature,踝部肌肉萎缩,
HP:0009037,Segmental spinal muscular atrophy,节段性脊髓性肌萎缩,
HP:0009045,Exercise-induced rhabdomyolysis,运动诱发的横纹肌溶解,
HP:0009046,Difficulty running,跑步困难,
HP:0009049,Peroneal muscle atrophy,腓骨肌萎缩,
HP:0009050,Quadriceps muscle atrophy,股四头肌肌肉萎缩,
HP:0009051,Increased muscle glycogen content,肌糖原含量增加,
HP:0009053,Distal lower limb muscle weakness,下肢远端肌无力,
HP:0009054,Scapuloperoneal myopathy,肩腓肌肌病,
HP:0009055,Generalized limb muscle atrophy,广泛性四肢肌肉萎缩,
HP:0009056,Loss of subcutaneous adipose tissue from upper limbs,上肢皮下脂肪组织丢失,
HP:0009058,Increased muscle lipid content,肌肉脂肪含量增加,
HP:0009059,Congenital generalized lipodystrophy,先天性全身脂肪营养不良,
HP:0009060,Scapular muscle atrophy,肩胛肌萎缩,
HP:0009062,Infantile axial hypotonia,婴儿轴向肌张力减退,
HP:0009063,Progressive distal muscle weakness,进行性远端肌无力,
HP:0009064,Generalized lipodystrophy,全身脂肪营养不良,
HP:0009067,Progressive spinal muscular atrophy,进行性脊髓性肌萎缩,
HP:0009069,Lethal infantile mitochondrial myopathy,致死型婴儿线粒体肌病,
HP:0009071,Inflammatory myopathy,炎症性肌病,
HP:0009072,Decreased Achilles reflex,跟腱反射减弱,
HP:0009073,Progressive proximal muscle weakness,进行性近端肌无力,
HP:0009077,Weakness of long finger extensor muscles,第三指伸肌无力,
HP:0009084,Midline notch of upper alveolar ridge,上牙床中线缺口,
HP:0009085,Alveolar ridge overgrowth,牙槽嵴增生,
HP:0009087,Posteriorly placed tongue,舌后坠,
HP:0009088,Speech articulation difficulties,言语表达困难,
HP:0009092,Progressive alveolar ridge hypertrophy,进行性牙槽嵴肥大,
HP:0009094,Cleft lower alveolar ridge,下牙槽嵴裂,
HP:0009098,Chronic oral candidiasis,慢性口腔念珠菌病,
HP:0009099,Median cleft palate,正中腭裂,
HP:0009100,Thick anterior alveolar ridges,前牙槽嵴厚,
HP:0009101,Submucous cleft lip,粘膜下唇裂,
HP:0009102,Anterior open-bite malocclusion,前牙开咬错位咬合畸形,
HP:0009103,Aplasia/Hypoplasia involving the pelvis,骨盆骨发育不良/发育不全,
HP:0009104,Aplasia/Hypoplasia of the pubic bone,耻骨发育不良/发育不全,
HP:0009105,Abnormal ossification of the pubic bone,耻骨骨化异常,
HP:0009106,Abnormal pelvis bone ossification,骨盆骨骨化异常,
HP:0009107,Abnormal ossification involving the femoral head and neck,股骨颈和股骨头骨化异常,
HP:0009108,Aplasia/Hypoplasia involving the femoral head and neck,股骨头和股骨颈发育不良/发育不全,
HP:0009109,Denervation of the diaphragm,膈肌去神经支配,
HP:0009110,Diaphragmatic eventration,膈肌缺陷,
HP:0009112,Aplasia of the left hemidiaphragm,左侧膈肌发育不良,
HP:0009113,Diaphragmatic weakness,膈肌无力,
HP:0009115,Aplasia/hypoplasia involving the skeleton,骨骼发育不良/发育不全,
HP:0009116,Aplasia/Hypoplasia involving bones of the skull,颅骨发育不良/发育不全,
HP:0009117,Aplasia/Hypoplasia of the maxilla,上颌骨发育不良/发育不全,
HP:0009118,Aplasia/Hypoplasia of the mandible,下颌骨发育不良/发育不全,
HP:0009119,Aplasia/Hypoplasia of the frontal sinuses,额窦发育不良/发育不全,
HP:0009120,Aplasia/Hypoplasia involving the sinuses,鼻窦发育不良/发育不全,
HP:0009121,Abnormal axial skeleton morphology,中轴骨骼形态异常,
HP:0009122,Aplasia/hypoplasia affecting bones of the axial skeleton,中轴骨架骨发育不良/发育不全,
HP:0009123,Mixed hypo- and hyperpigmentation of the skin,皮肤色素减退和色素沉着共存,
HP:0009124,Abnormal adipose tissue morphology,脂肪组织形态异常,
HP:0009125,Lipodystrophy,脂肪营养不良,
HP:0009126,Increased adipose tissue,脂肪组织增多,
HP:0009127,Abnormality of the musculature of the limbs,四肢肌肉异常,
HP:0009128,Aplasia/Hypoplasia involving the musculature of the extremities,四肢肌肉发育不良/发育不全,
HP:0009129,Upper limb amyotrophy,上肢肌萎缩,
HP:0009130,Hand muscle atrophy,手部肌肉萎缩,
HP:0009131,Abnormality of the musculature of the thorax,胸肌组织异常,
HP:0009132,Abnormal tarsal bone mineral density,跗骨骨密度异常,
HP:0009134,Osteolysis involving bones of the feet,脚骨骨质溶解,
HP:0009136,Duplication involving bones of the feet,脚骨骼重复,
HP:0009138,Synostosis involving bones of the lower limbs,下肢骨骼骨性融合,
HP:0009139,Osteolysis involving bones of the lower limbs,下肢骨骼骨质溶解,
HP:0009140,Synostosis involving bones of the feet,足部骨骼骨性融合,
HP:0009141,Depletion of mitochondrial DNA in muscle tissue,肌肉组织中线粒体DNA消耗,
HP:0009142,Duplication of bones involving the upper extremities,上肢骨骼重复,
HP:0009144,Supernumerary bones of the axial skeleton,中轴骨附加骨,
HP:0009145,Abnormal cerebral artery morphology,脑动脉形态异常,
HP:0009147,Enlarged epiphysis of the distal phalanx of the 5th finger,第五指末节指骨骨骺膨大,
HP:0009148,Small epiphysis of the distal phalanx of the 5th finger,第五指末节指骨小骨骺,
HP:0009149,Triangular epiphysis of the distal phalanx of the 5th finger,第五指末节指骨三角形骨骺,
HP:0009150,Abnormality of the proximal phalanx of the 5th finger,第五指近节指骨异常,
HP:0009152,Abnormality of the epiphyses of the 5th finger,第五指骨骺异常,
HP:0009153,Abnormality of the epiphysis of the proximal phalanx of the 5th finger,第五指近节指骨骨骺异常,
HP:0009154,Triangular epiphysis of the proximal phalanx of the 5th finger,第五指近节指骨三角形骨骺,
HP:0009155,Cone-shaped epiphysis of the proximal phalanx of the 5th finger,第五指近节指骨锥形骨骺,
HP:0009157,Ivory epiphysis of the proximal phalanx of the 5th finger,第五指近节指骨象牙色骨骺,
HP:0009158,Enlarged epiphysis of the proximal phalanx of the 5th finger,第五指近节指骨骨骺膨大,
HP:0009159,Small epiphysis of the proximal phalanx of the 5th finger,第五指近节指骨骨骺小,
HP:0009160,Absent epiphysis of the proximal phalanx of the 5th finger,第五指近节指骨骨骺缺如,
HP:0009161,Aplasia/Hypoplasia of the middle phalanx of the 5th finger,第五指中节指骨发育不全/发育不良,
HP:0009162,Absent middle phalanx of 5th finger,第五指中节指骨缺如,
HP:0009164,Abnormal calcification of the carpal bones,腕骨钙化异常,
HP:0009165,Stippling of the epiphysis of the distal phalanx of the 5th finger,第五指末节指骨骨骺点状钙化,
HP:0009166,Fragmentation of the epiphysis of the distal phalanx of the 5th finger,第五指末节指骨骨骺碎裂,
HP:0009167,Irregular epiphysis of the distal phalanx of the 5th finger,第五指末节指骨骨骺不规则,
HP:0009168,Bullet-shaped middle phalanx of the 5th finger,第五指子弹形中节指骨,
HP:0009169,Broad middle phalanx of the 5th finger,第五指中节指骨变宽,
HP:0009170,Osteolytic defects of the middle phalanx of the 5th finger,第五指中节指骨溶骨性缺陷,
HP:0009171,Triangular epiphyses of the metacarpals,掌骨三角形骨骺,
HP:0009172,Abnormal 4th finger phalanx morphology,第四指指骨形态异常,
HP:0009173,Curved middle phalanx of the 5th finger,第五指中节指骨弯曲,
HP:0009174,Abnormality of the epiphyses of the 4th finger,第四指骨骺异常,
HP:0009175,Patchy sclerosis of the middle phalanx of the 5th finger,第五指中节指骨斑片状硬化,
HP:0009177,Proximal/middle symphalangism of 5th finger,第五指近节/中节关节融合,
HP:0009178,Symphalangism of middle phalanx of 5th finger,第五指中节指关节融合,
HP:0009179,Deviation of the 5th finger,第五指偏斜,
HP:0009180,Ulnar deviation of the 5th finger,第五指尺向偏斜,
HP:0009182,Triangular shaped middle phalanx of the 5th finger,第五指三角形中节指骨,
HP:0009183,Joint contracture of the 5th finger,第五指关节挛缩,
HP:0009184,Contracture of the distal interphalangeal joint of the 5th finger,第五指远节指间关节挛缩,
HP:0009185,Contracture of the proximal interphalangeal joint of the 5th finger,第五指近节指间关节挛缩,
HP:0009186,Contracture of the metacarpophalangeal joint of the 5th finger,第五指的掌指关节挛缩,
HP:0009187,Bracket epiphysis of the distal phalanx of the 5th finger,第五指末节指骨夹板样骨骺,
HP:0009188,Pseudoepiphysis of the distal phalanx of the 5th finger,第五指末节指骨假骨骺,
HP:0009189,Fragmentation of the metacarpal epiphyses,掌骨骨骺碎裂,
HP:0009190,Irregular epiphyses of the metacarpals,掌骨骨骺不规则,
HP:0009191,Ivory epiphyses of the metacarpals,掌骨象牙色骨骺,
HP:0009192,Aplasia/Hypoplasia of the proximal phalanx of the 5th finger,第五指近节指骨发育不全/发育不良,
HP:0009193,Metacarpal pseudoepiphysis,掌骨假骨骺,
HP:0009194,Small epiphyses of the metacarpals,掌骨小骨骺,
HP:0009195,Epiphyseal stippling of the metacarpals,掌骨骨骺点状钙化,
HP:0009196,Absent metacarpal epiphyses,掌骨骨骺缺如,
HP:0009197,Bracket epiphysis of the proximal phalanx of the 5th finger,第五指近节指骨夹板样骨骺,
HP:0009198,Abnormality of the epiphysis of the distal phalanx of the 5th finger,第五指末节指骨骨骺异常,
HP:0009199,Irregular epiphysis of the proximal phalanx of the 5th finger,第五指近节指骨骨骺不规则,
HP:0009200,Pseudoepiphysis of the proximal phalanx of the 5th finger,第五指近节指假骨骺,
HP:0009201,Stippling of the epiphysis of the proximal phalanx of the 5th finger,第五指近节指骨骨骺点状钙化,
HP:0009202,Fragmentation of the epiphysis of the proximal phalanx of the 5th finger,第五指近节指骨骨骺碎裂,
HP:0009203,Absent epiphysis of the middle phalanx of the 5th finger,第五指中节指骨骨骺缺如,
HP:0009204,Bracket epiphysis of the middle phalanx of the 5th finger,第五指中节指骨夹板样骨骺,
HP:0009205,Cone-shaped epiphysis of the middle phalanx of the 5th finger,第五指中节指骨锥形骨骺,
HP:0009206,Enlarged epiphysis of the middle phalanx of the 5th finger,第五指中节指骨骨骺膨大,
HP:0009207,Fragmentation of the epiphysis of the middle phalanx of the 5th finger,第五指中节指骨骨骺碎裂,
HP:0009208,Irregular epiphysis of the middle phalanx of the 5th finger,第五指中节指骨骨骺不规则,
HP:0009209,Ivory epiphysis of the middle phalanx of the 5th finger,第五指中节指骨象牙色骨骺,
HP:0009210,Pseudoepiphysis of the middle phalanx of the 5th finger,第五指中节指骨假骨骺,
HP:0009211,Small epiphysis of the middle phalanx of the 5th finger,第五指中节指骨骨骺小,
HP:0009212,Stippling of the epiphysis of the middle phalanx of the 5th finger,第五指中节指骨骨骺点状钙化,
HP:0009213,Triangular epiphysis of the middle phalanx of the 5th finger,第五指中节指骨三角形骨骺,
HP:0009214,Absent epiphysis of the middle phalanx of the 4th finger,第四指中节指骨骨骺缺如,
HP:0009215,Bracket epiphysis of the middle phalanx of the 4th finger,第四指中节指骨夹板样骨骺,
HP:0009216,Cone-shaped epiphysis of the middle phalanx of the 4th finger,第四指中节指骨锥形骨骺,
HP:0009217,Enlarged epiphysis of the middle phalanx of the 4th finger,第四指中节指骨骨骺膨大,
HP:0009218,Fragmentation of the epiphysis of the middle phalanx of the 4th finger,第四指中节指骨骨骺碎裂,
HP:0009219,Irregular epiphysis of the middle phalanx of the 4th finger,第四指中节指骨骨骺不规则,
HP:0009220,Ivory epiphysis of the middle phalanx of the 4th finger,第四指中节指骨象牙色骨骺,
HP:0009221,Pseudoepiphysis of the middle phalanx of the 4th finger,第四手指中节指骨假骨骺,
HP:0009222,Small epiphysis of the middle phalanx of the 4th finger,第四指中节指骨小骨骺,
HP:0009223,Stippling of the epiphysis of the middle phalanx of the 4th finger,第四指中节指骨骨骺点状钙化,
HP:0009224,Triangular epiphysis of the middle phalanx of the 4th finger,第四指中节指骨三角形骨骺,
HP:0009225,Aplasia of the proximal phalanx of the 5th finger,第五指近节指骨发育不全,
HP:0009226,Short proximal phalanx of the 5th finger,第五指近节指骨短,
HP:0009227,Broad proximal phalanx of the 5th finger,第五指近节指骨变宽,
HP:0009228,Bullet-shaped proximal phalanx of the 5th finger,第五指子弹形近节指骨,
HP:0009229,Curved proximal phalanx of the 5th finger,第五指近节指骨弯曲,
HP:0009230,Osteolytic defects of the proximal phalanx of the 5th finger,第五指近节指骨溶骨性缺陷,
HP:0009231,Patchy sclerosis of the proximal phalanx of the 5th finger,第五指近节指骨斑片状硬化,
HP:0009232,Symphalangism affecting the proximal phalanx of the 5th finger,第五指近节指关节粘连,
HP:0009233,Triangular shaped proximal phalanx of the 5th finger,第五指三角形近节指骨,
HP:0009234,Symphalangism of the proximal phalanx of the 5th finger with the 5th metacarpal,第五指近节指骨与第五掌骨掌指关节融合,
HP:0009236,Rhomboid or triangular shaped 5th finger proximal phalanx,第五指近节指骨菱形或三角形,
HP:0009237,Short 5th finger,第五指发育不全或不发育,
HP:0009238,Aplasia of the 5th finger,第五指发育不全,
HP:0009239,Aplasia/Hypoplasia of the distal phalanx of the 5th finger,第五指末节指骨发育不良/发育不全,
HP:0009240,Broad distal phalanx of the 5th finger,第五指末节指骨变宽,
HP:0009241,Bullet-shaped distal phalanx of the 5th finger,第五指子弹形末节指骨,
HP:0009242,Osteolytic defects of the distal phalanx of the 5th finger,第五指末节指骨溶骨性缺陷,
HP:0009243,Patchy sclerosis of the distal phalanx of the 5th finger,第五指末节指骨斑片状硬化,
HP:0009244,Distal/middle symphalangism of 5th finger,第五指末节/中节指关节融合,
HP:0009245,Triangular shaped distal phalanx of the 5th finger,第五指三角形末节指骨,
HP:0009246,Aplasia of the distal phalanx of the 5th finger,第五指末节指骨发育不全,
HP:0009247,Abnormality of the epiphysis of the middle phalanx of the 4th finger,第四指中节指骨骨骺异常,
HP:0009248,Abnormality of the epiphysis of the proximal phalanx of the 4th finger,第四指近端指骨骨骺异常,
HP:0009249,Abnormality of the epiphysis of the distal phalanx of the 4th finger,第四指的末节指骨骨骺异常,
HP:0009250,Absent epiphysis of the distal phalanx of the 4th finger,第四指的末节指骨骨骺缺如,
HP:0009251,Bracket epiphysis of the distal phalanx of the 4th finger,第四指末节指骨夹板样骨骺,
HP:0009252,Cone-shaped epiphysis of the distal phalanx of the 4th finger,第四指的末节指骨锥形骨骺,
HP:0009253,Enlarged epiphysis of the distal phalanx of the 4th finger,第四指末节指骨骨骺膨大,
HP:0009254,Fragmentation of the epiphysis of the distal phalanx of the 4th finger,第四指末节指骨骨骺碎裂,
HP:0009255,Irregular epiphysis of the distal phalanx of the 4th finger,第四指末节指骨不规则骨骺,
HP:0009256,Ivory epiphysis of the distal phalanx of the 4th finger,第四指末节指骨象牙色骨骺,
HP:0009257,Pseudoepiphysis of the distal phalanx of the 4th finger,第四指末节指骨假骨骺,
HP:0009258,Small epiphysis of the distal phalanx of the 4th finger,第四指末节指骨小骨骺,
HP:0009259,Stippling of the epiphysis of the distal phalanx of the 4th finger,第四指末节指骨骨骺点状钙化,
HP:0009260,Triangular epiphysis of the distal phalanx of the 4th finger,第四指末节指骨三角形骨骺,
HP:0009261,Absent epiphysis of the proximal phalanx of the 4th finger,第四指近节指骨骨骺缺如,
HP:0009262,Bracket epiphysis of the proximal phalanx of the 4th finger,第四指近节指骨夹板样骨骺,
HP:0009263,Cone-shaped epiphysis of the proximal phalanx of the 4th finger,第四指近节指骨锥形骨骺,
HP:0009264,Enlarged epiphysis of the proximal phalanx of the 4th finger,第四指近节指骨骨骺膨大,
HP:0009265,Fragmentation of the epiphysis of the proximal phalanx of the 4th finger,第四指近节指骨骨骺碎裂,
HP:0009266,Irregular epiphysis of the proximal phalanx of the 4th finger,第四指近节指骨不规则骨骺,
HP:0009267,Ivory epiphysis of the proximal phalanx of the 4th finger,第四指近节指骨象牙色骨骺,
HP:0009268,Pseudoepiphysis of the proximal phalanx of the 4th finger,第四指近节指骨假骺,
HP:0009269,Small epiphysis of the proximal phalanx of the 4th finger,第四指近节指骨骨骺小,
HP:0009270,Stippling of the epiphysis of the proximal phalanx of the 4th finger,第四指近节指骨骨骺点状钙化,
HP:0009271,Triangular epiphysis of the proximal phalanx of the 4th finger,第四指近节指骨三角形骨骺,
HP:0009272,Aplasia/Hypoplasia of the 4th finger,第四指发育不良/发育不全,
HP:0009273,Deviation of the 4th finger,第四指偏斜,
HP:0009274,Joint contracture of the 4th finger,第四指关节挛缩,
HP:0009275,Contracture of the distal interphalangeal joint of the 4th finger,第四指的远端指间关节挛缩,
HP:0009276,Contracture of the proximal interphalangeal joint of the 4th finger,第四指的近端指间关节挛缩,
HP:0009277,Contracture of the metacarpophalangeal joint of the 4th finger,第四指的掌指关节挛缩,
HP:0009278,Ulnar deviation of the 4th finger,第四指尺向偏斜,
HP:0009279,Radial deviation of the 4th finger,第四指桡向偏斜,
HP:0009280,Short 4th finger,第四指中节指骨短,
HP:0009281,Aplasia of the 4th finger,第四指发育不全,
HP:0009282,Abnormality of the distal phalanx of the 4th finger,第四指末节指骨异常,
HP:0009283,Abnormality of the middle phalanx of the 4th finger,第四指中节指骨异常,
HP:0009284,Abnormality of the proximal phalanx of the 4th finger,第四指近节指骨异常,
HP:0009285,Curved phalanges of the 4th finger,第四指指骨弯曲,
HP:0009286,Curved distal phalanx of the 4th finger,第四指末节指骨弯曲,
HP:0009287,Curved middle phalanx of the 4th finger,第四指中节指骨弯曲,
HP:0009288,Curved proximal phalanx of the 4th finger,第四指近节指骨弯曲,
HP:0009289,Aplasia/Hypoplasia of the distal phalanx of the 4th finger,第四指末节指骨发育不良/发育不全,
HP:0009290,Short distal phalanx of the 4th finger,第四指末节指骨短,
HP:0009291,Aplasia of the distal phalanx of the 4th finger,第四指末节指骨发育不全,
HP:0009292,Broad distal phalanx of the 4th finger,第四指末节指骨变宽,
HP:0009293,Broad middle phalanx of the 4th finger,第四指中节指骨变宽,
HP:0009294,Absent middle phalanx of 4th finger,第四指中节指骨缺如,
HP:0009295,Short middle phalanx of the 4th finger,第四指中节指骨短,
HP:0009296,Bullet-shaped middle phalanx of the 4th finger,第四指子弹形中节指骨,
HP:0009297,Osteolytic defects of the middle phalanx of the 4th finger,第四指中节指骨溶骨性缺陷,
HP:0009298,Aplasia of the proximal phalanx of the 4th finger,第四指近节指骨发育不全,
HP:0009299,Aplasia/Hypoplasia of the middle phalanx of the 4th finger,第四指中节指骨发育不良/发育不全,
HP:0009300,Aplasia/Hypoplasia of the proximal phalanx of the 4th finger,第四指近节指骨发育不良/发育不全,
HP:0009301,Short proximal phalanx of the 4th finger,第四手指近节指骨短,
HP:0009302,Bullet-shaped distal phalanx of the 4th finger,第四指子弹形末节指骨,
HP:0009303,Osteolytic defects of the distal phalanx of the 4th finger,第四手指末节指骨溶骨性缺陷,
HP:0009304,Patchy sclerosis of the distal phalanx of the 4th finger,第四手指末节指骨斑片状硬化,
HP:0009305,Distal/middle symphalangism of 4th finger,第四指末节/中节指骨融合,
HP:0009306,Triangular shaped distal phalanx of the 4th finger,第四指三角形末节指骨,
HP:0009307,Patchy sclerosis of the middle phalanx of the 4th finger,第四指中节指斑片状骨硬化,
HP:0009308,Symphalangism of middle phalanx of 4th finger,第四指中节指关节融合,
HP:0009309,Triangular shaped middle phalanx of the 4th finger,第四指三角形中节指骨,
HP:0009310,Broad proximal phalanx of the 4th finger,第四指近节指骨变宽,
HP:0009311,Bullet-shaped proximal phalanx of the 4th finger,第四指子弹形近节指骨,
HP:0009312,Osteolytic defects of the proximal phalanx of the 4th finger,第四指近节指骨溶骨性缺陷,
HP:0009313,Patchy sclerosis of the proximal phalanx of the 4th finger,第四指近节指骨斑片状硬化,
HP:0009314,Symphalangism affecting the proximal phalanx of the 4th finger,第四指近节指关节融合,
HP:0009315,Triangular shaped proximal phalanx of the 4th finger,第四指三角形近节指骨,
HP:0009316,Abnormal 3rd finger phalanx morphology,第三指指骨形态异常,
HP:0009317,Deviation of the 3rd finger,第三指偏离,
HP:0009318,Aplasia/Hypoplasia of the 3rd finger,第三指发育不全/发育不良,
HP:0009319,Joint contracture of the 3rd finger,第三指关节挛缩,
HP:0009320,Abnormality of the epiphyses of the 3rd finger,第三指骨骺异常,
HP:0009321,Absent epiphysis of the middle phalanx of the 3rd finger,第三指中节指骨骨骺缺如,
HP:0009322,Bracket epiphysis of the middle phalanx of the 3rd finger,第三指中节指骨夹板样骨骺,
HP:0009323,Cone-shaped epiphysis of the middle phalanx of the 3rd finger,第三指中节指骨锥形骨骺,
HP:0009324,Enlarged epiphysis of the middle phalanx of the 3rd finger,第三指中节指骨骨骺膨大,
HP:0009325,Fragmentation of the epiphysis of the middle phalanx of the 3rd finger,第三指中节指骨骨骺碎裂,
HP:0009326,Irregular epiphysis of the middle phalanx of the 3rd finger,第三指中节指骨不规则骨骺,
HP:0009327,Ivory epiphysis of the middle phalanx of the 3rd finger,第三指中节指骨象牙色骨骺,
HP:0009328,Pseudoepiphysis of the middle phalanx of the 3rd finger,第三指中节指骨假骨骺,
HP:0009329,Small epiphysis of the middle phalanx of the 3rd finger,第三指中节指骨骨骺小,
HP:0009330,Stippling of the epiphysis of the middle phalanx of the 3rd finger,第三指中节指骨骨骺点状钙化,
HP:0009331,Triangular epiphysis of the middle phalanx of the 3rd finger,第三指中节指骨三角形骨骺,
HP:0009332,Abnormality of the epiphysis of the distal phalanx of the 3rd finger,第三指末节指骨骨骺异常,
HP:0009333,Abnormality of the epiphysis of the proximal phalanx of the 3rd finger,第三指近节指骨骨骺异常,
HP:0009334,Abnormality of the epiphysis of the middle phalanx of the 3rd finger,第三指中节指骨骨骺异常,
HP:0009335,Absent epiphysis of the distal phalanx of the 3rd finger,第三指末节指骨骨骺缺如,
HP:0009336,Bracket epiphysis of the distal phalanx of the 3rd finger,第三指末节指骨夹板样骨骺,
HP:0009337,Cone-shaped epiphysis of the distal phalanx of the 3rd finger,第三指末节指骨锥形骨骺,
HP:0009338,Enlarged epiphysis of the distal phalanx of the 3rd finger,第三指末节指骨骨骺膨大,
HP:0009339,Fragmentation of the epiphysis of the distal phalanx of the 3rd finger,第三指末节指骨骨骺碎裂,
HP:0009340,Irregular epiphysis of the distal phalanx of the 3rd finger,第三指末节指骨不规则骨骺,
HP:0009341,Ivory epiphysis of the distal phalanx of the 3rd finger,第三指末节指骨象牙色骨骺,
HP:0009342,Pseudoepiphysis of the distal phalanx of the 3rd finger,第三指末节指骨假骨骺,
HP:0009343,Small epiphysis of the distal phalanx of the 3rd finger,第三指末节指骨小骨骺,
HP:0009344,Stippling of the epiphysis of the distal phalanx of the 3rd finger,第三指末节指骨骨骺点状钙化,
HP:0009345,Triangular epiphysis of the distal phalanx of the 3rd finger,第三指末节指骨三角形骨骺,
HP:0009346,Absent epiphysis of the proximal phalanx of the 3rd finger,第三指近节指骨骨骺缺如,
HP:0009347,Bracket epiphysis of the proximal phalanx of the 3rd finger,第三指近节指骨夹板样骨骺,
HP:0009348,Cone-shaped epiphysis of the proximal phalanx of the 3rd finger,第三指近节指骨锥形骨骺,
HP:0009349,Enlarged epiphysis of the proximal phalanx of the 3rd finger,第三指近节指骨骨骺膨大,
HP:0009350,Fragmentation of the epiphysis of the proximal phalanx of the 3rd finger,第三指近节指骨骨骺碎裂,
HP:0009351,Irregular epiphysis of the proximal phalanx of the 3rd finger,第三指近节指骨不规则骨骺,
HP:0009352,Ivory epiphysis of the proximal phalanx of the 3rd finger,第三指近节趾骨象牙化骨骺,
HP:0009353,Pseudoepiphysis of the proximal phalanx of the 3rd finger,第三指近节指骨假骨骺,
HP:0009354,Small epiphysis of the proximal phalanx of the 3rd finger,第三指近节指骨骨骺小,
HP:0009355,Stippling of the epiphysis of the proximal phalanx of the 3rd finger,第三指近节指骨骨骺点状钙化,
HP:0009356,Triangular epiphysis of the proximal phalanx of the 3rd finger,第三指近节指骨三角形骨骺,
HP:0009357,Abnormality of the distal phalanx of the 3rd finger,第三指末节指骨异常,
HP:0009358,Abnormality of the proximal phalanx of the 3rd finger,第三指近节指骨异常,
HP:0009370,Type A brachydactyly,A型短指,
HP:0009371,Type A1 brachydactyly,A1型短指,
HP:0009372,Type A2 brachydactyly,A2型短指,
HP:0009373,Type C brachydactyly,C型短指,
HP:0009374,Broad phalanges of the 5th finger,第五指指骨变宽,
HP:0009375,Bullet-shaped phalanges of the 5th finger,第五指子弹形指骨,
HP:0009376,Aplasia/Hypoplasia of the phalanges of the 5th finger,第五指指骨发育不全/发育不良,
HP:0009377,Patchy sclerosis of 5th finger phalanx,第五指指骨斑片状硬化,
HP:0009378,Triangular shaped phalanges of the 5th finger,第五指三角形指骨,
HP:0009379,Rhomboid or triangular shaped 5th finger distal phalanx,第五指末节指骨菱形或三角形样,
HP:0009380,Finger aplasia,手指发育不全,
HP:0009381,Short finger,短指畸形,
HP:0009382,Absent epiphyses of the 5th finger,第五指骨骺缺如,
HP:0009383,Bracket epiphyses of the 5th finger,第五指夹板样骨骺,
HP:0009384,Cone-shaped epiphyses of the 5th finger,第五指锥形骨骺,
HP:0009385,Enlarged epiphyses of the 5th finger,第五指骨骺膨大,
HP:0009386,Fragmentation of the epiphyses of the 5th finger,第五指骨骺碎裂,
HP:0009387,Irregular epiphyses of the 5th finger,第五指不规则骨骺,
HP:0009388,Ivory epiphyses of the 5th finger,第五指象牙色骨骺,
HP:0009389,Pseudoepiphyses of the 5th finger,第五指假骨骺,
HP:0009390,Small epiphyses of the 5th finger,第五指小骨骺,
HP:0009391,Stippling of the epiphyses of the 5th finger,第五指骨骺点状钙化,
HP:0009392,Triangular epiphyses of the 5th finger,第五指三角形骨骺,
HP:0009393,Absent epiphyses of the 4th finger,第四指骨骺缺如,
HP:0009394,Bracket epiphyses of the 4th finger,第四指夹板样骨骺,
HP:0009395,Cone-shaped epiphyses of the 4th finger,第四指锥形骨骺,
HP:0009396,Enlarged epiphyses of the 4th finger,第四指骨骺膨大,
HP:0009397,Fragmentation of the epiphyses of the 4th finger,第四指骨骺碎裂,
HP:0009398,Irregular epiphyses of the 4th finger,第四指不规则骨骺,
HP:0009399,Ivory epiphyses of the 4th finger,第四指象牙色骨骺,
HP:0009400,Pseudoepiphyses of the 4th finger,第四指假骨骺,
HP:0009401,Small epiphyses of the 4th finger,第四指小骨骺,
HP:0009402,Stippling of the epiphyses of the 4th finger,第四指骨骺点状钙化,
HP:0009403,Triangular epiphyses of the 4th finger,第四指三角形骨骺,
HP:0009404,Broad phalanges of the 4th finger,第四指指骨变宽,
HP:0009405,Bullet-shaped phalanges of the 4th finger,第四指子弹形指骨,
HP:0009406,Patchy sclerosis of 4th finger phalanx,第四指指骨斑片状硬化,
HP:0009407,Triangular shaped phalanges of the 4th finger,第四指三角形指骨,
HP:0009408,Aplasia/Hypoplasia of the phalanges of the 4th finger,第四指指骨发育不全/发育不良,
HP:0009410,Absent epiphyses of the 3rd finger,第三指骨骺缺失,
HP:0009411,Bracket epiphyses of the 3rd finger,第三指夹板样骨骺,
HP:0009412,Cone-shaped epiphyses of the 3rd finger,第三指锥形骨骺,
HP:0009413,Enlarged epiphyses of the 3rd finger,第三指骨骺膨大,
HP:0009414,Fragmentation of the epiphyses of the 3rd finger,第三指骨骺碎裂,
HP:0009415,Irregular epiphyses of the 3rd finger,第三指不规则骨骺,
HP:0009416,Ivory epiphyses of the 3rd finger,第三指象牙色骨骺,
HP:0009417,Pseudoepiphyses of the 3rd finger,第三指假骨骺,
HP:0009418,Small epiphyses of the 3rd finger,第三指小骨骺,
HP:0009419,Stippling of the epiphyses of the 3rd finger,第三指骨骺点状钙化,
HP:0009420,Triangular epiphyses of the 3rd finger,第三指三角形骨骺,
HP:0009421,Aplasia/Hypoplasia of the distal phalanx of the 3rd finger,第三指末节指骨发育不良或发育不全,
HP:0009422,Broad distal phalanx of the 3rd finger,第三指末节指骨变宽,
HP:0009423,Bullet-shaped distal phalanx of the 3rd finger,第三指子弹形末节指骨,
HP:0009424,Osteolytic defects of the distal phalanx of the 3rd finger,第三指末节指骨溶骨性缺陷,
HP:0009425,Patchy sclerosis of the distal phalanx of the 3rd finger,第三指末节指骨斑片状硬化,
HP:0009426,Distal/middle symphalangism of 3rd finger,第三指末节/中节指骨融合,
HP:0009427,Triangular shaped distal phalanx of the 3rd finger,第三指三角形末节指骨,
HP:0009428,Curved distal phalanx of the 3rd finger,第三指末节指骨弯曲,
HP:0009429,Aplasia of the distal phalanx of the 3rd finger,第三指末节指骨发育不全,
HP:0009430,Broad middle phalanx of the 3rd finger,第三指中节指骨变宽,
HP:0009431,Bullet-shaped middle phalanx of the 3rd finger,第三指子弹形中节指骨,
HP:0009432,Curved middle phalanx of the 3rd finger,第三指中节指骨弯曲,
HP:0009433,Osteolytic defects of the middle phalanx of the 3rd finger,第三指中节指骨溶骨性缺陷,
HP:0009434,Patchy sclerosis of the middle phalanx of the 3rd finger,第三指中节指骨斑片状硬化,
HP:0009435,Symphalangism of middle phalanx of 3rd finger,第三指中节指关节融合,
HP:0009436,Triangular shaped middle phalanx of the 3rd finger,第三指三角形中节指骨,
HP:0009437,Aplasia/Hypoplasia of the middle phalanx of the 3rd finger,第三指中节指骨发育不良/发育不全,
HP:0009438,Absent middle phalanx of 3rd finger,第三指中节指骨缺如,
HP:0009439,Short middle phalanx of the 3rd finger,第三指中节指骨短,
HP:0009440,Broad phalanges of the 3rd finger,第三指指骨变宽,
HP:0009441,Bullet-shaped phalanges of the 3rd finger,第三指子弹形指骨,
HP:0009442,Curved phalanges of the 3rd finger,第三指指骨弯曲,
HP:0009443,Osteolytic defects of the phalanges of the 3rd finger,第三指指骨溶骨性缺陷,
HP:0009444,Patchy sclerosis of 3rd finger phalanx,第三指指骨斑片状硬化,
HP:0009445,Symphalangism of the 3rd finger,第三指指关节融合,
HP:0009446,Triangular shaped phalanges of the 3rd finger,第三指三角形指骨,
HP:0009447,Aplasia/Hypoplasia of the phalanges of the 3rd finger,第三指指骨发育不良/发育不全,
HP:0009450,Broad proximal phalanx of the 3rd finger,第三指近节指骨变宽,
HP:0009451,Bullet-shaped proximal phalanx of the 3rd finger,第三指子弹形近节指骨,
HP:0009452,Curved proximal phalanx of the 3rd finger,第三指近节指骨弯曲,
HP:0009453,Osteolytic defects of the proximal phalanx of the 3rd finger,第三指近节指骨溶骨性缺陷,
HP:0009454,Patchy sclerosis of the proximal phalanx of the 3rd finger,第三指近节指骨斑片状钙化,
HP:0009455,Symphalangism affecting the proximal phalanx of the 3rd finger,第三指近节指关节融合,
HP:0009456,Triangular shaped proximal phalanx of the 3rd finger,第三指三角形近节指骨,
HP:0009457,Aplasia/Hypoplasia of the proximal phalanx of the 3rd finger,第三指近节指骨发育不良或发育不全,
HP:0009458,Aplasia of the proximal phalanx of the 3rd finger,第三指近节指骨发育不全,
HP:0009459,Short proximal phalanx of the 3rd finger,第三手指近节指骨短,
HP:0009460,Aplasia of the 3rd finger,第三指发育不全,
HP:0009461,Short 3rd finger,第三指短,
HP:0009462,Radial deviation of the 3rd finger,第三指桡侧偏,
HP:0009463,Ulnar deviation of the 3rd finger,第三指向尺侧偏斜,
HP:0009464,Ulnar deviation of the 2nd finger,第二指向尺侧偏斜,
HP:0009465,Ulnar deviation of finger,手指尺侧偏斜,
HP:0009466,Radial deviation of finger,手指桡侧偏斜,
HP:0009467,Radial deviation of the 2nd finger,第二指桡侧偏斜,
HP:0009468,Deviation of the 2nd finger,第二指偏离,
HP:0009469,Contracture of the distal interphalangeal joint of the 3rd finger,第三指远节指间关节挛缩,
HP:0009470,Contracture of the metacarpophalangeal joint of the 3rd finger,第三指掌指关节挛缩,
HP:0009471,Contracture of the proximal interphalangeal joint of the 3rd finger,第三指近端指间关节挛缩,
HP:0009473,Joint contracture of the hand,手指关节痉挛,
HP:0009477,Proximal/middle symphalangism of 4th finger,第四手指近、中节指关节融合,
HP:0009478,Symphalangism of the proximal phalanx of the 4th finger with the 4th metacarpal,第四指近节掌指关节融合,
HP:0009482,Proximal/middle symphalangism of 3rd finger,第三指近、中节指骨指关节融合,
HP:0009483,Symphalangism of the proximal phalanx of the 3rd finger with the 3rd metacarpal,第三指近端掌指关节融合,
HP:0009484,Deviation of the hand or of fingers of the hand,手部或手指骨偏斜,
HP:0009485,Radial deviation of the hand or of fingers of the hand,手部或者手指桡侧偏斜,
HP:0009486,Radial deviation of the hand,手桡侧偏斜,
HP:0009487,Ulnar deviation of the hand,手向尺侧偏斜,
HP:0009488,Absent epiphyses of the 2nd finger,第二指骨骺缺如,
HP:0009489,Bracket epiphyses of the 2nd finger,第二指夹板样骨骺,
HP:0009490,Cone-shaped epiphyses of the 2nd finger,第二指锥形骨骺,
HP:0009491,Enlarged epiphyses of the 2nd finger,第二指骨骺膨大,
HP:0009492,Fragmentation of the epiphyses of the 2nd finger,第二指骨骺碎裂,
HP:0009493,Irregular epiphyses of the 2nd finger,第二指不规则骨骺,
HP:0009494,Ivory epiphyses of the 2nd finger,第二指象牙色骨骺,
HP:0009495,Pseudoepiphysis of the 2nd finger,第二指假骨骺,
HP:0009496,Small epiphyses of the 2nd finger,第二指小骨骺,
HP:0009497,Stippling of the epiphyses of the 2nd finger,第二指骨骺点状钙化,
HP:0009498,Triangular epiphyses of the 2nd finger,第二指三角形骨骺,
HP:0009499,Abnormality of the epiphysis of the distal phalanx of the 2nd finger,第二指末节指骨骨骺异常,
HP:0009500,Abnormality of the epiphysis of the middle phalanx of the 2nd finger,第二指中节指骨骨骺异常,
HP:0009501,Abnormality of the epiphysis of the proximal phalanx of the 2nd finger,第二手指近节指骨骨骺异常,
HP:0009502,Absent epiphysis of the distal phalanx of the 2nd finger,第二指末节指骨骨骺缺如,
HP:0009503,Bracket epiphysis of the distal phalanx of the 2nd finger,第二指末节指骨夹板样骨骺,
HP:0009504,Cone-shaped epiphysis of the distal phalanx of the 2nd finger,第二指末节指骨锥形骨骺,
HP:0009505,Enlarged epiphysis of the distal phalanx of the 2nd finger,第二指末节指骨骨骺膨大,
HP:0009506,Fragmentation of the epiphysis of the distal phalanx of the 2nd finger,第二指末节指骨骨骺碎裂,
HP:0009507,Irregular epiphysis of the distal phalanx of the 2nd finger,第二指末节指骨不规则骨骺,
HP:0009508,Ivory epiphysis of the distal phalanx of the 2nd finger,第二指末节指骨象牙色骨骺,
HP:0009509,Pseudoepiphysis of the distal phalanx of the 2nd finger,第二指末节指骨假骨骺,
HP:0009510,Small epiphysis of the distal phalanx of the 2nd finger,第二指末节指骨小骨骺,
HP:0009511,Stippling of the epiphysis of the distal phalanx of the 2nd finger,第二指末节指骨骨骺点状钙化,
HP:0009512,Triangular epiphysis of the distal phalanx of the 2nd finger,第二指末节指骨三角形骨骺,
HP:0009513,Absent epiphysis of the middle phalanx of the 2nd finger,第二指中节指骨骨骺缺如,
HP:0009514,Bracket epiphysis of the middle phalanx of the 2nd finger,第二指中节指骨夹板样骨骺,
HP:0009515,Cone-shaped epiphysis of the middle phalanx of the 2nd finger,第二指中节指骨的锥形骨骺,
HP:0009516,Enlarged epiphysis of the middle phalanx of the 2nd finger,第二指中节指骨骨骺膨大,
HP:0009517,Fragmentation of the epiphysis of the middle phalanx of the 2nd finger,第二指中节指骨骨骺碎裂,
HP:0009518,Irregular epiphysis of the middle phalanx of the 2nd finger,第二指中节指骨不规则骨骺,
HP:0009519,Ivory epiphysis of the middle phalanx of the 2nd finger,第二指中节指骨象牙色骨骺,
HP:0009520,Pseudoepiphysis of the middle phalanx of the 2nd finger,第二指中节指骨假骨骺,
HP:0009521,Small epiphysis of the middle phalanx of the 2nd finger,第二指中节指骨小骨骺,
HP:0009522,Stippling of the epiphysis of the middle phalanx of the 2nd finger,第二指中节指骨骨骺点状钙化,
HP:0009523,Triangular epiphysis of the middle phalanx of the 2nd finger,第二指中节指骨三角形骨骺,
HP:0009524,Absent epiphysis of the proximal phalanx of the 2nd finger,第二指近节指骨骨骺缺如,
HP:0009525,Bracket epiphysis of the proximal phalanx of the 2nd finger,第二指近节指骨夹板样骨骺,
HP:0009526,Cone-shaped epiphysis of the proximal phalanx of the 2nd finger,第二指近节指骨锥形骨骺,
HP:0009527,Enlarged epiphysis of the proximal phalanx of the 2nd finger,第二指近节指骨骨骺膨大,
HP:0009528,Fragmentation of the epiphysis of the proximal phalanx of the 2nd finger,第二指近节指骨骨骺碎裂,
HP:0009529,Irregular epiphysis of the proximal phalanx of the 2nd finger,第二指近节指骨不规则骨骺,
HP:0009530,Ivory epiphysis of the proximal phalanx of the 2nd finger,第二指近节指骨象牙色骨骺,
HP:0009531,Pseudoepiphysis of the proximal phalanx of the 2nd finger,第二指近节指骨假骺,
HP:0009532,Small epiphysis of the proximal phalanx of the 2nd finger,第二指近节指骨小骨骺,
HP:0009533,Stippling of the epiphysis of the proximal phalanx of the 2nd finger,第二指近节指骨骨骺点状钙化,
HP:0009534,Triangular epiphysis of the proximal phalanx of the 2nd finger,第二指近节指骨三角形骨骺,
HP:0009535,Aplasia of the 2nd finger,第二指发育不全,
HP:0009536,Short 2nd finger,第二指短,
HP:0009537,Flexion contracture of the 2nd finger,第二指屈曲挛缩,
HP:0009538,Contracture of the distal interphalangeal joint of the 2nd finger,第二指远节指间关节挛缩,
HP:0009539,Contracture of the metacarpophalangeal joint of the 2nd finger,第二指的掌指关节挛缩,
HP:0009540,Contracture of the proximal interphalangeal joint of the 2nd finger,第二指的近节指骨间关节挛缩,
HP:0009541,Abnormality of the phalanges of the 2nd finger,第二指指骨异常,
HP:0009542,Abnormality of the distal phalanx of the 2nd finger,第二指末节指骨异常,
HP:0009543,Abnormality of the middle phalanx of the 2nd finger,第二指中节指骨异常,
HP:0009544,Abnormality of the proximal phalanx of the 2nd finger,第二指近节指骨异常,
HP:0009545,Symphalangism of the 2nd finger,第二指指关节融合,
HP:0009546,Triangular shaped phalanges of the 2nd finger,第二指三角形指骨,
HP:0009547,Broad phalanges of the 2nd finger,第二指指骨变宽,
HP:0009548,Bullet-shaped phalanges of the 2nd finger,第二指子弹形指骨,
HP:0009549,Curved phalanges of the 2nd finger,第二指指骨弯曲,
HP:0009550,Osteolytic defects of the phalanges of the 2nd finger,第二指的指骨溶骨缺陷,
HP:0009551,Patchy sclerosis of 2nd finger phalanx,第二指指骨斑片状硬化,
HP:0009552,Aplasia/Hypoplasia of the phalanges of the 2nd finger,第二指指骨不发育或发育低下,
HP:0009553,Abnormality of the hairline,发际线异常,
HP:0009554,Preauricular hair displacement,耳前毛发移位,
HP:0009555,Hypoplasia of the pharynx,咽发育不全,
HP:0009556,Absent tibia,胫骨缺如,
HP:0009557,Aplasia/Hypoplasia of the distal phalanx of the 2nd finger,第二指末节指骨发育不良/发育不全,
HP:0009558,Broad distal phalanx of the 2nd finger,第二指末节指骨变宽,
HP:0009559,Bullet-shaped distal phalanx of the 2nd finger,第二指子弹形末节指骨,
HP:0009560,Curved distal phalanx of the 2nd finger,第二指末节指骨弯曲,
HP:0009561,Osteolytic defects of the distal phalanx of the 2nd finger,第二手指末节指骨溶骨性缺陷,
HP:0009562,Patchy sclerosis of the distal phalanx of the 2nd finger,第二手指末节指骨硬化,
HP:0009563,Distal/middle symphalangism of 2nd finger,第二指末节/中节指关节融合,
HP:0009564,Triangular shaped distal phalanx of the 2nd finger,第二指三角形末节指骨,
HP:0009565,Aplasia of the distal phalanx of the 2nd finger,第二指末节指骨发育不全,
HP:0009566,Short distal phalanx of the 2nd finger,第二指末节短指骨,
HP:0009568,Aplasia/Hypoplasia of the middle phalanx of the 2nd finger,第二指中节指骨发育不全或发育不良,
HP:0009569,Broad middle phalanx of the 2nd finger,第二指中节指骨变宽,
HP:0009570,Bullet-shaped middle phalanx of the 2nd finger,第二指子弹形中节指骨,
HP:0009571,Curved middle phalanx of the 2nd finger,第二指中节指骨弯曲,
HP:0009572,Osteolytic defects of the middle phalanx of the 2nd finger,第二指中节指骨溶骨性缺陷,
HP:0009573,Patchy sclerosis of the middle phalanx of the 2nd finger,第二指中节指骨斑片状硬化,
HP:0009574,Symphalangism of middle phalanx of 2nd finger,第二指中节指骨关节融合,
HP:0009575,Triangular shaped middle phalanx of the 2nd finger,第二指三角形中节指骨,
HP:0009576,Absent middle phalanx of 2nd finger,第二指中节指骨缺如,
HP:0009577,Short middle phalanx of the 2nd finger,第二指中节短指骨,
HP:0009579,Proximal/middle symphalangism of the 2nd finger,第二指近、中节指关节融合,
HP:0009580,Aplasia/Hypoplasia of the proximal phalanx of the 2nd finger,第二指近节指骨发育不全/发育不良,
HP:0009581,Broad proximal phalanx of the 2nd finger,第二指近节指骨变宽,
HP:0009582,Bullet-shaped proximal phalanx of the 2nd finger,第二指子弹形近节指骨,
HP:0009583,Curved proximal phalanx of the 2nd finger,第二指近节指骨弯曲,
HP:0009584,Osteolytic defects of the proximal phalanx of the 2nd finger,第二指近节指骨溶骨性缺陷,
HP:0009585,Patchy sclerosis of the proximal phalanx of the 2nd finger,第二指近节指骨斑片状硬化,
HP:0009586,Symphalangism affecting the proximal phalanx of the 2nd finger,第二指近节指关节融合,
HP:0009587,Triangular shaped proximal phalanx of the 2nd finger,第二指三角形近节指骨,
HP:0009588,Vestibular schwannoma,前庭神经鞘瘤,
HP:0009589,Bilateral vestibular schwannoma,双侧前庭神经鞘瘤,
HP:0009590,Unilateral vestibular schwannoma,单侧前庭神经鞘瘤,
HP:0009591,Abnorma vestibulocochlear nerve morphology,前庭耳蜗神经形态异常,
HP:0009592,Astrocytoma,星形细胞瘤,
HP:0009593,Peripheral schwannoma,周围神经鞘瘤,
HP:0009594,Retinal hamartoma,视网膜错构瘤,
HP:0009596,Aplasia of the proximal phalanx of the 2nd finger,第二指近节指骨不发育,
HP:0009597,Short proximal phalanx of the 2nd finger,第二指近节指骨短,
HP:0009598,Symphalangism of the proximal phalanx of the 2nd finger with the 2nd metacarpal,第二指近节指骨与掌骨关节融合,
HP:0009599,Abnormality of thumb epiphysis,拇指骨骺异常,
HP:0009600,Thumb contracture,拇指挛缩,
HP:0009601,Aplasia/Hypoplasia of the thumb,拇指发育不全或发育不良,
HP:0009602,Abnormality of thumb phalanx,拇指指骨异常,
HP:0009603,Deviation of the thumb,拇指偏离/移位,
HP:0009606,Complete duplication of distal phalanx of the thumb,拇指末节指骨完全重复,
HP:0009608,Complete duplication of proximal phalanx of the thumb,拇指近节指骨完全重复,
HP:0009609,Duplication of the 1st metacarpal,第一掌骨重复,
HP:0009611,Bifid distal phalanx of the thumb,拇指末节指骨部分重复,
HP:0009612,Duplication of the distal phalanx of the thumb,拇指末节指骨重复,
HP:0009613,Duplication of the proximal phalanx of the thumb,拇指近节指骨重复,
HP:0009614,Bifid proximal phalanx of the thumb,拇指近节指骨部分重复,
HP:0009615,Complete duplication of the first metacarpal,第一掌骨完全重复,
HP:0009616,Bifid first metacarpal,第一掌骨部分重复,
HP:0009617,Abnormality of the distal phalanx of the thumb,拇指末节指骨异常,
HP:0009618,Abnormality of the proximal phalanx of the thumb,拇指近节指骨异常,
HP:0009622,Distally placed thumb,拇指远置,
HP:0009623,Proximal placement of thumb,拇指近置,
HP:0009624,Carpometacarpal thumb joint contracture,拇指腕掌关节挛缩,
HP:0009625,Metacarpophalangeal thumb joint contracture,拇指掌指关节挛缩,
HP:0009626,Interphalangeal thumb joint contracture,拇指指间关节挛缩,
HP:0009629,Aplasia/Hypoplasia of the proximal phalanx of the thumb,拇指近节指骨发育不全或发育不良,
HP:0009630,Broad proximal phalanx of the thumb,拇指近节指骨变宽,
HP:0009631,Bullet-shaped proximal phalanx of the thumb,拇指子弹形近节指骨,
HP:0009632,Curved proximal phalanx of the thumb,拇指近节指骨弯曲,
HP:0009633,Osteolytic defect of the proximal phalanx of the thumb,拇指近节指骨溶骨性缺陷,
HP:0009634,Patchy sclerosis of the proximal phalanx of the thumb,拇指近节指骨斑片状硬化,
HP:0009635,Synostosis of thumb phalanx,拇指指骨骨性连合,
HP:0009636,Triangular shaped proximal phalanx of the thumb,拇指三角形近节指骨,
HP:0009637,Absent proximal phalanx of thumb,拇指近节指骨缺如,
HP:0009638,Short proximal phalanx of thumb,拇指近节指骨缩短,
HP:0009640,Synostosis of the proximal phalanx of the thumb with the 1st metacarpal,拇指近节指骨与第一掌骨骨性连合,
HP:0009641,Aplasia/Hypoplasia of the distal phalanx of the thumb,拇指末节指骨发育不全或发育不良,
HP:0009642,Broad distal phalanx of the thumb,拇指末节指骨增宽,
HP:0009643,Bullet-shaped distal phalanx of the thumb,拇指子弹形末节指骨,
HP:0009644,Curved distal phalanx of the thumb,拇指末节指骨弯曲,
HP:0009645,Osteolytic defect of the distal phalanx of the thumb,拇指末节指骨溶骨性缺陷,
HP:0009646,Patchy sclerosis of the distal phalanx of the thumb,拇指末节指骨斑片状硬化,
HP:0009648,Triangular shaped distal phalanx of the thumb,拇指三角形末节指骨,
HP:0009649,Aplasia of the distal phalanx of the thumb,拇指末节指骨发育不全,
HP:0009650,Short distal phalanx of the thumb,拇指远节指骨缩短,
HP:0009652,Bullet-shaped thumb phalanx,子弹形拇指指骨,
HP:0009653,Curved thumb phalanx,拇指指骨弯曲,
HP:0009654,Osteolytic defect of thumb phalanx,拇指指骨溶骨性缺陷,
HP:0009655,Patchy sclerosis of thumb phalanx,拇指指骨斑片状硬化,
HP:0009656,Symphalangism of the thumb,拇指指关节融合,
HP:0009657,Triangular shaped thumb phalanx,拇指三角形指骨,
HP:0009658,Aplasia/Hypoplasia of the phalanges of the thumb,拇指指骨发育不全或发育不良,
HP:0009659,Partial absence of thumb,拇指部分缺如,
HP:0009660,Short phalanx of the thumb,拇指指骨缩短,
HP:0009662,Abnormality of the epiphysis of the distal phalanx of the thumb,拇指末节指骨骨骺异常,
HP:0009663,Abnormality of the epiphysis of the proximal phalanx of the thumb,拇指近节指骨骨骺异常,
HP:0009664,Absent epiphysis of the proximal phalanx of the thumb,拇指近节指骨骨骺缺如,
HP:0009665,Bracket epiphysis of the proximal phalanx of the thumb,拇指近节指骨夹板样骨骺,
HP:0009666,Cone-shaped epiphysis of the proximal phalanx of the thumb,拇指近节指骨的锥形骨骺,
HP:0009667,Enlarged epiphysis of the proximal phalanx of the thumb,拇指近节指骨骨骺膨大,
HP:0009668,Fragmentation of the epiphysis of the proximal phalanx of the thumb,拇指近节指骨骨骺碎裂,
HP:0009669,Irregular epiphysis of the proximal phalanx of the thumb,拇指近节指骨不规则骨骺,
HP:0009670,Ivory epiphysis of the proximal phalanx of the thumb,拇指近节指骨象牙色骨骺,
HP:0009671,Pseudoepiphysis of the proximal phalanx of the thumb,拇指近节指骨假骨骺,
HP:0009672,Small epiphysis of the proximal phalanx of the thumb,拇指近节指骨小骨骺,
HP:0009673,Stippling of the epiphysis of the proximal phalanx of the thumb,拇指近节指骨骨骺点状钙化,
HP:0009674,Triangular epiphysis of the proximal phalanx of the thumb,拇指近节指骨三角形骨骺,
HP:0009675,Absent epiphysis of the distal phalanx of the thumb,拇指末节指骨骨骺缺如,
HP:0009676,Bracket epiphysis of the distal phalanx of the thumb,拇指末节指骨夹板样骨骺,
HP:0009677,Cone-shaped epiphysis of the distal phalanx of the thumb,拇指末节指骨锥形骨骺,
HP:0009678,Enlarged epiphysis of the distal phalanx of the thumb,拇指末节指骨骨骺膨大,
HP:0009679,Fragmentation of the epiphysis of the distal phalanx of the thumb,拇指末节指骨骨骺碎裂,
HP:0009680,Irregular epiphysis of the distal phalanx of the thumb,拇指末节指骨不规则骨骺,
HP:0009681,Ivory epiphysis of the distal phalanx of the thumb,拇指末节指骨象牙色骨骺,
HP:0009682,Pseudoepiphysis of the distal phalanx of the thumb,拇指末节指骨假骨骺,
HP:0009683,Small epiphysis of the distal phalanx of the thumb,拇指末节指骨小骨骺,
HP:0009684,Stippling of the epiphysis of the distal phalanx of the thumb,拇指末节指骨骨骺点状钙化,
HP:0009685,Triangular epiphysis of the distal phalanx of the thumb,拇指末节指骨三角形骨骺,
HP:0009686,Absent epiphyses of the thumb,拇指骨骺缺如,
HP:0009687,Bracket epiphyses of the thumb,拇指夹板样骨骺,
HP:0009688,Cone-shaped epiphysis of the thumb,拇指锥形骨骺,
HP:0009689,Enlarged thumb epiphysis,拇指骨骺膨大,
HP:0009690,Fragmentation of thumb epiphysis,拇指骨骺碎裂,
HP:0009691,Irregular thumb epiphysis,拇指不规则骨骺,
HP:0009692,Ivory epiphysis of the thumb,拇指骨象牙色骨骺,
HP:0009693,Pseudoepiphysis of the thumb,拇指假骨骺,
HP:0009694,Small thumb epiphysis,拇指小骨骺,
HP:0009695,Stippling of thumb epiphysis,拇指骨骺点状钙化,
HP:0009696,Triangular epiphyses of the thumb,拇指三角形骨骺,
HP:0009697,Contracture of the distal interphalangeal joint of the fingers,远端指关节挛缩,
HP:0009699,Osteolytic defects of the hand bones,手部骨骼溶骨性缺陷,
HP:0009700,Finger symphalangism,指骨骨性融合,
HP:0009701,Metacarpal synostosis,掌骨骨性融合,
HP:0009702,Carpal synostosis,腕骨骨性融合,
HP:0009703,Synostosis involving the 1st metacarpal,第一掌骨的骨性连合,
HP:0009704,Chronic CSF lymphocytosis,慢性脑脊液淋巴细胞增多,
HP:0009705,Synostosis involving the 2nd metacarpal,第二掌骨的骨性融合,
HP:0009706,Synostosis involving the 3rd metacarpal,第三掌骨的骨性融合,
HP:0009707,Synostosis involving the 4th metacarpal,第四掌骨的骨性融合,
HP:0009708,Synostosis involving the 5th metacarpal,第五掌骨的骨性融合,
HP:0009709,Increased CSF interferon alpha,脑脊液干扰素α升高,
HP:0009710,Chilblains,冻疮,
HP:0009711,Retinal capillary hemangioma,视网膜毛细血管瘤,
HP:0009713,Spinal hemangioblastoma,脊髓血管母细胞瘤,
HP:0009714,Abnormal epididymis morphology,附睾形态异常,
HP:0009715,Papillary cystadenoma of the epididymis,附睾乳头状囊腺瘤,
HP:0009716,Subependymal nodules,室管膜下结节,
HP:0009717,Cortical tubers,皮质结节,
HP:0009718,Subependymal giant-cell astrocytoma,室管膜下巨细胞星形细胞瘤,
HP:0009719,Hypomelanotic macule,色素脱失斑,
HP:0009720,Adenoma sebaceum,皮脂腺腺瘤,
HP:0009721,Shagreen patch,鲨鱼皮样斑,
HP:0009722,Dental enamel pits,牙釉质凹陷,
HP:0009723,Abnormality of the subungual region,甲下组织异常,
HP:0009724,Subungual fibromas,甲下纤维瘤,
HP:0009725,Bladder neoplasm,膀胱肿瘤,
HP:0009726,Renal neoplasm,肾肿瘤,
HP:0009727,Achromatic retinal patches,无色素性视网膜斑块,
HP:0009728,Neoplasm of striated muscle,横纹肌肿瘤,
HP:0009729,Cardiac rhabdomyoma,心脏横纹肌瘤,
HP:0009730,Rhabdomyoma,横纹肌瘤,
HP:0009731,Cerebral hamartoma,脑错构瘤,
HP:0009732,Plexiform neurofibroma,丛状神经纤维瘤,
HP:0009733,Glioma,神经胶质瘤,
HP:0009734,Optic nerve glioma,视神经胶质瘤,
HP:0009735,Spinal neurofibroma,脊髓神经纤维瘤,
HP:0009736,Tibial pseudarthrosis,胫骨假关节,
HP:0009737,Lisch nodules,Lisch结节,
HP:0009738,Abnormal antihelix morphology,对耳轮形态异常,
HP:0009739,Hypoplasia of the antihelix,对耳轮发育不全,
HP:0009740,Aplasia of the parotid gland,腮腺未发育,
HP:0009741,Nephrosclerosis,肾硬化,
HP:0009742,Stiff shoulders,肩部僵硬,
HP:0009743,Distichiasis,双行睫,
HP:0009744,Abnormal spinal dura mater morphology,脊髓硬膜形态异常,
HP:0009745,Spinal arachnoid cyst,脊髓蛛网膜囊肿,
HP:0009746,Thick nasal septum,鼻中隔增厚,
HP:0009747,Lumbosacral hirsutism,腰骶部多毛症,
HP:0009748,Large earlobe,大耳垂,
HP:0009751,Aplasia of the pectoralis major muscle,胸大肌发育不全,
HP:0009752,Cleft in skull base,颅底裂,
HP:0009754,Fibrous syngnathia,纤维性牙槽嵴融合,
HP:0009755,Ankyloblepharon,睑缘粘连,
HP:0009756,Popliteal pterygium,腘窝翼状胬肉,
HP:0009757,Intercrural pterygium,腹股沟翼状胬肉,
HP:0009758,Pyramidal skinfold extending from the base to the top of the nails,甲近端向远端锥形分布的皮褶,
HP:0009759,Neck pterygia,颈部翼状胬肉,
HP:0009760,Antecubital pterygium,肘前翼状胬肉,
HP:0009761,Anterior clefting of vertebral bodies,椎体前缘裂隙,
HP:0009762,Facial wrinkling,面部皱褶,
HP:0009763,Limb pain,肢体疼痛,
HP:0009765,Low hanging columella,鼻小柱下垂,
HP:0009767,Aplasia/Hypoplasia of the phalanges of the hand,指骨发育不良/发育不全,
HP:0009768,Broad phalanges of the hand,指骨变宽,
HP:0009769,Bullet-shaped phalanges of the hand,子弹形指骨,
HP:0009770,Curved phalanges of the hand,指骨弯曲,
HP:0009771,Osteolytic defects of the phalanges of the hand,指骨溶骨缺陷,
HP:0009772,Patchy sclerosis of finger phalanx,指骨斑片状硬化,
HP:0009773,Symphalangism affecting the phalanges of the hand,指关节融合,
HP:0009774,Triangular shaped phalanges of the hand,三角形指骨,
HP:0009775,Amniotic constriction ring,羊膜带狭窄环,
HP:0009776,Adactyly,先天性无指,
HP:0009777,Absent thumb,拇指缺如,
HP:0009778,Short thumb,短拇指,
HP:0009779,3-4 toe syndactyly,第三、四脚趾并趾,
HP:0009780,Iliac horns,髂骨角畸形,
HP:0009781,Lester's sign,Lester标志,
HP:0009782,Aplasia/Hypoplasia of the biceps,肱二头肌发育不良/发育不全,
HP:0009783,Biceps aplasia,肱二头肌发育不全,
HP:0009784,Aplasia/Hypoplasia of the triceps,肱三头肌发育不良/发育不全,
HP:0009785,Triceps aplasia,肱三头肌发育不全,
HP:0009786,Aplasia/Hypoplasia of the musculature of the thigh,大腿肌肉组织发育不良/发育不全,
HP:0009787,Aplasia/Hypoplasia of the quadriceps,股四头肌发育不良/发育不全,
HP:0009788,Quadriceps aplasia,股四头肌发育不全,
HP:0009789,Perianal abscess,肛周脓肿,
HP:0009790,Hemisacrum,半骶骨（S2-S5）,
HP:0009791,Bifid sacrum,骶骨裂,
HP:0009792,Teratoma,畸胎瘤,
HP:0009793,Presacral teratoma,骶前畸胎瘤,
HP:0009794,Branchial anomaly,鳃裂异常,
HP:0009795,Branchial fistula,鳃裂瘘管,
HP:0009796,Branchial cyst,鳃裂囊肿,
HP:0009797,Cholesteatoma,胆脂瘤,
HP:0009798,Euthyroid goiter,甲状腺功能正常的甲状腺肿,
HP:0009799,Supernumerary spleens,多脾,
HP:0009800,Maternal diabetes,母体糖尿病,
HP:0009802,Aplasia of the phalanges of the hand,指骨发育不全,
HP:0009803,Short phalanx of finger,指骨短,
HP:0009804,Tooth agenesis,牙齿发育不全,
HP:0009805,Low-output congestive heart failure,低输出型充血性心力衰竭,
HP:0009806,Nephrogenic diabetes insipidus,肾性尿崩症,
HP:0009808,Anomaly of the upper limb diaphyses,上肢骨干异常,
HP:0009809,Abnormal upper limb metaphysis morphology,上肢干骺端形态异常,
HP:0009810,Abnormality of upper limb joint,上肢关节异常,
HP:0009811,Abnormality of the elbow,肘部异常,
HP:0009812,Amelia involving the upper limbs,上肢缺肢,
HP:0009813,Upper limb phocomelia,上肢短肢畸形,
HP:0009814,Upper limb peromelia,上肢不全,
HP:0009815,Aplasia/hypoplasia of the extremities,肢体发育不良/发育不全,
HP:0009816,Lower limb undergrowth,下肢发育不良,
HP:0009817,Aplasia involving bones of the lower limbs,下肢骨骼发育不全,
HP:0009818,Amelia involving the lower limbs,下肢缺肢,
HP:0009819,Lower limb phocomelia,下肢短肢畸形,
HP:0009820,Lower limb peromelia,下肢发育不全,
HP:0009821,Forearm undergrowth,前臂发育不良,
HP:0009822,Aplasia involving forearm bones,前臂骨发育不全,
HP:0009823,Aplasia involving bones of the upper limbs,上肢骨发育不全,
HP:0009824,Upper limb undergrowth,上肢发育不良,
HP:0009825,Aplasia involving bones of the extremities,肢体骨发育不全,
HP:0009826,Limb undergrowth,肢体发育不良,
HP:0009827,Amelia,缺肢,
HP:0009828,Peromelia,四肢不全,
HP:0009829,Phocomelia,短肢畸形,
HP:0009830,Peripheral neuropathy,周围神经病,
HP:0009831,Mononeuropathy,单神经病,
HP:0009832,Abnormal distal phalanx morphology of finger,末节指骨形态异常,
HP:0009833,Abnormal middle phalanx morphology of the hand,中节指骨形态异常,
HP:0009834,Abnormal proximal phalanx morphology of the hand,手指近节指骨形态异常,
HP:0009835,Aplasia/Hypoplasia of the distal phalanges of the hand,末节指骨发育不良/发育不全,
HP:0009836,Broad distal phalanx of finger,末节指骨变宽,
HP:0009837,Bullet-shaped distal phalanges of the hand,子弹形末节指骨,
HP:0009838,Curved distal phalanges of the hand,末节指骨弯曲,
HP:0009839,Osteolytic defects of the distal phalanges of the hand,手末节指骨溶骨性缺陷,
HP:0009840,Patchy sclerosis of distal phalanx of finger,末节指骨斑片状硬化,
HP:0009843,Aplasia/Hypoplasia of the middle phalanges of the hand,中节指骨发育不良/发育不全,
HP:0009844,Broad middle phalanx of finger,中节指骨变宽,
HP:0009845,Bullet-shaped middle phalanges of the hand,子弹形中节指骨,
HP:0009846,Curved middle phalanges of the hand,中节指骨弯曲,
HP:0009847,Osteolytic defects of the middle phalanges of the hand,中节指骨溶骨缺陷,
HP:0009848,Patchy sclerosis of middle phalanx of finger,中节指骨斑片状硬化,
HP:0009849,Symphalangism of middle phalanx of finger,中节指关节融合,
HP:0009850,Triangular shaped middle phalanges of the hand,三角形中节指骨,
HP:0009851,Aplasia/Hypoplasia of the proximal phalanges of the hand,近节指骨发育不良/发育不全,
HP:0009852,Broad proximal phalanges of the hand,近节指骨变宽,
HP:0009853,Bullet-shaped proximal phalanges of the hand,子弹形近节指骨,
HP:0009854,Curved proximal phalanges of the hand,近节指骨弯曲,
HP:0009855,Osteolytic defects of the proximal phalanges of the hand,近节指骨溶骨缺陷,
HP:0009856,Patchy sclerosis of proximal phalanx of finger,近节指骨斑片状硬化,
HP:0009857,Symphalangism affecting the proximal phalanges of the hand,近节指关节融合,
HP:0009858,Triangular shaped proximal phalanges of the hand,三角形近节指骨,
HP:0009875,Triangular shaped distal phalanges of the hand,三角形末节指骨,
HP:0009878,Cerebellar ataxia associated with quadrupedal gait,小脑性共济失调与四足步态相关,
HP:0009879,Simplified gyral pattern,简化脑回模式,
HP:0009880,Broad distal phalanges of all fingers,所有手指末节指骨变宽,
HP:0009881,Aplasia of the distal phalanges of the hand,末节指骨发育不全,
HP:0009882,Short distal phalanx of finger,末节指骨短,
HP:0009883,Duplication of the distal phalanx of hand,末节指骨重复,
HP:0009884,Tapered distal phalanges of finger,锥形末节指骨,
HP:0009886,Trichorrhexis nodosa,结节性脆发症,
HP:0009887,Abnormality of hair pigmentation,毛发着色异常,
HP:0009888,Abnormality of secondary sexual hair,第二性征毛发异常,
HP:0009889,Localized hirsutism,局部多毛症,
HP:0009890,High anterior hairline,前发际高,
HP:0009891,Underdeveloped supraorbital ridges,眶上嵴发育不全,
HP:0009892,Anotia,无耳畸形,
HP:0009893,Telangiectasia of the ear,耳毛细血管扩张,
HP:0009894,Thickened ears,肥厚耳,
HP:0009895,Abnormality of the crus of the helix,耳轮脚异常,
HP:0009896,Abnormal antitragus morphology,对耳屏形态异常,
HP:0009897,Horizontal crus of helix,耳轮脚横向,
HP:0009898,Underdeveloped crus of the helix,耳轮脚发育不良,
HP:0009899,Prominent crus of helix,耳轮脚突出,
HP:0009900,Unilateral deafness,单侧耳聋,
HP:0009901,Crumpled ear,皱耳,
HP:0009902,Cleft helix,耳轮裂,
HP:0009903,Conjunctival nodule,结膜结节,
HP:0009904,Prominent ear helix,耳轮突出,
HP:0009905,Thin ear helix,耳轮变薄,
HP:0009906,Aplasia/Hypoplasia of the earlobes,耳垂发育缺陷/不全,
HP:0009907,Attached earlobe,附耳垂,
HP:0009908,Anterior creases of earlobe,耳垂前襞,
HP:0009909,Uplifted earlobe,耳垂方向异常,
HP:0009910,Aplasia of the middle ear ossicles,中耳听小骨发育缺陷,
HP:0009911,Abnormal temporal bone morphology,颞骨形态异常,
HP:0009912,Abnormal tragus morphology,耳屏形态异常,
HP:0009913,Aplasia/Hypoplasia of the tragus,耳屏发育缺陷/不全,
HP:0009914,Cyclopia,独眼,
HP:0009915,Corneal asymmetry,角膜不对称,
HP:0009916,Anisocoria,瞳孔不等,
HP:0009917,Persistent pupillary membrane,瞳孔膜存留,
HP:0009918,Ectopia pupillae,瞳孔异位,
HP:0009919,Retinoblastoma,视网膜母细胞瘤,
HP:0009920,Nevus of Ota,上腭部褐青色痣、眼皮肤黑素细胞增生病,
HP:0009921,Duane anomaly,Duane 异常,
HP:0009922,Vascular remnant arising from the disk,起源于视盘的血管残余,
HP:0009924,Aplasia/Hypoplasia involving the nose,鼻发育不全／未发育,
HP:0009926,Epiphora,泪液分泌增加,
HP:0009927,Aplasia of the nose,鼻发育不全,
HP:0009928,Thick nasal alae,鼻翼增厚,
HP:0009929,Abnormal columella morphology,鼻小柱形态异常,
HP:0009930,Asymmetry of the nares,鼻孔不对称,
HP:0009931,Enlarged naris,大鼻孔,
HP:0009932,Single naris,单鼻孔,
HP:0009933,Narrow naris,鼻孔狭窄,
HP:0009934,Supernumerary naris,多鼻孔畸形,
HP:0009935,Aplasia/Hypoplasia of the nasal septum,鼻中隔发育不全／未发育,
HP:0009936,Narrow nasal septum,鼻中隔狭窄,
HP:0009937,Facial hirsutism,面部多毛症,
HP:0009938,Sunken cheeks,脸颊凹陷,
HP:0009939,Mandibular aplasia,下颌骨发育不全,
HP:0009940,Asymmetry of the mandible,下颌骨不对称,
HP:0009941,Asymmetry of the mouth,嘴不对称,
HP:0009942,Duplication of thumb phalanx,拇指重复,
HP:0009943,Complete duplication of thumb phalanx,拇指指骨完全重复,
HP:0009944,Partial duplication of thumb phalanx,拇指指骨部分重复,
HP:0009945,Duplication of phalanx of 2nd finger,第二指指骨重复,
HP:0009946,Polydactyly affecting the 2nd finger,第二指多指,
HP:0009947,Duplication of the proximal phalanx of the 2nd finger,第二指近节指骨重复,
HP:0009948,Duplication of the distal phalanx of the 2nd finger,第二指末节指骨重复,
HP:0009949,Duplication of the middle phalanx of the 2nd finger,第二指中节指骨重复,
HP:0009950,Complete duplication of the distal phalanx of the 2nd finger,第二指末节指骨的完全重复,
HP:0009951,Partial duplication of the distal phalanx of the 2nd finger,第二指末节指骨部分重复,
HP:0009952,Complete duplication of the middle phalanx of the 2nd finger,第二指中节指骨完全重复,
HP:0009953,Partial duplication of the middle phalanx of the 2nd finger,第二指中节指骨部分重复,
HP:0009954,Complete duplication of the proximal phalanx of the 2nd finger,第二指近节指骨完全重复,
HP:0009955,Partial duplication of the proximal phalanx of the 2nd finger,第二指近节指骨部分重复,
HP:0009956,Partial duplication of the phalanges of the 2nd finger,第二指指骨部分重复,
HP:0009957,Complete duplication of the phalanges of the 2nd finger,第二指指骨完全重复,
HP:0009958,Polydactyly affecting the 3rd finger,第三指多指,
HP:0009959,Duplication of phalanx of 3rd finger,第三指指骨重复,
HP:0009960,Complete duplication of the phalanges of the 3rd finger,第三指指骨完全重复,
HP:0009961,Partial duplication of the phalanges of the 3rd finger,第三指指骨部分重复,
HP:0009962,Duplication of the distal phalanx of the 3rd finger,第三指末节指骨重复,
HP:0009963,Duplication of the middle phalanx of the 3rd finger,第三指中节指骨重复,
HP:0009964,Duplication of the proximal phalanx of the 3rd finger,第三指近节指骨重复,
HP:0009965,Complete duplication of the distal phalanx of the 3rd finger,第三指末节指骨完全重复,
HP:0009966,Complete duplication of the middle phalanx of the 3rd finger,第三指中节指骨完全重复,
HP:0009967,Complete duplication of the proximal phalanx of the 3rd finger,第三指近节指骨的完全重复,
HP:0009968,Partial duplication of the distal phalanx of the 3rd finger,第三指末节指骨部分重复,
HP:0009969,Partial duplication of the middle phalanx of the 3rd finger,第三指中节指骨部分重复,
HP:0009970,Partial duplication of the proximal phalanx of the 3rd finger,第三指近节指骨部分重复,
HP:0009971,Polydactyly affecting the 4th finger,第四指多指,
HP:0009972,Duplication of phalanx of 4th finger,第四指指骨重复,
HP:0009973,Complete duplication of the phalanges of the 4th finger,第四指指骨完全重复,
HP:0009974,Partial duplication of the phalanges of the 4th finger,第四指指骨部分重复,
HP:0009975,Duplication of the distal phalanx of the 4th finger,第四指末节指骨重复,
HP:0009976,Duplication of the middle phalanx of the 4th finger,第四指中节指骨重复,
HP:0009977,Duplication of the proximal phalanx of the 4th finger,第四指近节指骨重复,
HP:0009978,Complete duplication of the distal phalanx of the 4th finger,第四指末节指骨完全重复,
HP:0009979,Complete duplication of the middle phalanx of the 4th finger,第四指中节指骨完全重复,
HP:0009980,Complete duplication of the proximal phalanx of the 4th finger,第四指近节指骨完全重复,
HP:0009981,Partial duplication of the distal phalanx of the 4th finger,第四指末节指骨部分重复,
HP:0009982,Partial duplication of the middle phalanx of the 4th finger,第四指中节指骨部分重复,
HP:0009983,Partial duplication of the proximal phalanx of the 4th finger,第四指近节指骨部分重复,
HP:0009985,Duplication of phalanx of 5th finger,第五指指骨重复,
HP:0009986,Complete duplication of the phalanges of the 5th finger,第五指指骨完全重复,
HP:0009987,Partial duplication of the phalanges of the 5th finger,第五指指骨部分重复,
HP:0009988,Duplication of the distal phalanx of the 5th finger,第五指末节指骨重复,
HP:0009989,Duplication of the middle phalanx of the 5th finger,第五指中节指骨重复,
HP:0009990,Duplication of the proximal phalanx of the 5th finger,第五指近节指骨重复,
HP:0009991,Complete duplication of the distal phalanx of the 5th finger,第五指末节指骨完全重复,
HP:0009992,Complete duplication of the middle phalanx of the 5th finger,第五指中节指骨完全重复,
HP:0009993,Complete duplication of the proximal phalanx of the 5th finger,第五指近节指骨完全重复,
HP:0009994,Partial duplication of the distal phalanx of the 5th finger,第五指末节指骨部分重复,
HP:0009995,Partial duplication of the middle phalanx of the 5th finger,第五指中节指骨部分重复,
HP:0009996,Partial duplication of the proximal phalanx of the 5th finger,第五指近节指骨部分重复,
HP:0009997,Duplication of phalanx of hand,指骨重复,
HP:0009998,Complete duplication of phalanx of hand,指骨完全重复,
HP:0009999,Partial duplication of the phalanx of hand,指骨部分重复,
HP:0010000,Complete duplication of the proximal phalanges of the hand,近节指骨完全重复,
HP:0010001,Complete duplication of the distal phalanges of the hand,末节指骨完全重复,
HP:0010002,Complete duplication of the middle phalanges of the hand,中节指骨完全重复,
HP:0010003,Partial duplication of the proximal phalanges of the hand,近节指骨部分重复,
HP:0010004,Partial duplication of the distal phalanges of the hand,末节指骨部分重复,
HP:0010005,Partial duplication of the middle phalanges of the hand,中节指骨部分重复,
HP:0010006,Duplication of the proximal phalanx of hand,近节指骨重复,
HP:0010008,Duplication of the middle phalanx of hand,中节指骨重复,
HP:0010009,Abnormal 1st metacarpal morphology,第一掌骨形态异常,
HP:0010010,Abnormal 2nd metacarpal morphology,第二掌骨形态异常,
HP:0010011,Abnormal 3rd metacarpal morphology,第三掌骨形态异常,
HP:0010012,Abnormal 4th metacarpal morphology,第四掌骨形态异常,
HP:0010013,Abnormal 5th metacarpal morphology,第五掌骨形态异常,
HP:0010014,Abnormality of the epiphysis of the 1st metacarpal,第一掌骨骨骺异常,
HP:0010015,Absent epiphysis of the 1st metacarpal,第一掌骨骨骺缺如,
HP:0010016,Bracket epiphysis of the 1st metacarpal,第一掌骨夹板样骨骺,
HP:0010017,Cone-shaped epiphysis of the 1st metacarpal,第一掌骨锥形骨骺,
HP:0010018,Enlarged epiphysis of the 1st metacarpal,第一掌骨骨骺膨大,
HP:0010019,Fragmentation of the epiphysis of the 1st metacarpal,第一掌骨骨骺碎裂,
HP:0010020,Irregular epiphysis of the 1st metacarpal,第一掌骨不规则骨骺,
HP:0010021,Ivory epiphysis of the 1st metacarpal,第一掌骨象牙色骨骺,
HP:0010022,Pseudoepiphysis of the 1st metacarpal,第一掌骨假骨骺,
HP:0010023,Small epiphysis of the 1st metacarpal,第一掌骨小骨骺,
HP:0010024,Epiphyseal stippling of the first metacarpal,第一掌骨骨骺点状钙化,
HP:0010025,Triangular epiphysis of the 1st metacarpal,第一掌骨三角形骨骺,
HP:0010026,Aplasia/Hypoplasia of the 1st metacarpal,第一掌骨发育不良或发育不全,
HP:0010027,Broad 1st metacarpal,第一掌骨变宽,
HP:0010028,Bullet-shaped 1st metacarpal,子弹形第一掌骨,
HP:0010029,Curved 1st metacarpal,第一掌骨弯曲,
HP:0010030,Osteolytic defects of the 1st metacarpal,第一掌骨溶骨性缺陷,
HP:0010031,Patchy sclerosis of the 1st metacarpal,第一掌骨斑片状硬化,
HP:0010033,Triangular shaped 1st metacarpal,第一掌骨呈三角形,
HP:0010034,Short 1st metacarpal,第一掌骨短,
HP:0010035,Aplasia of the 1st metacarpal,第一掌骨发育不全,
HP:0010036,Aplasia/Hypoplasia of the 2nd metacarpal,第二掌骨发育不良或发育不全,
HP:0010037,Aplasia of the 2nd metacarpal,第二掌骨发育不全,
HP:0010038,Short 2nd metacarpal,第二掌骨短,
HP:0010039,Aplasia/Hypoplasia of the 3rd metacarpal,第三掌骨发育不良或发育不全,
HP:0010040,Aplasia of the 3rd metacarpal,第三掌骨发育不全,
HP:0010041,Short 3rd metacarpal,第三掌骨短,
HP:0010042,Aplasia/Hypoplasia of the 4th metacarpal,第四掌骨发育不良或发育不全,
HP:0010043,Aplasia of the 4th metacarpal,第四掌骨不发育,
HP:0010044,Short 4th metacarpal,第四掌骨短,
HP:0010045,Aplasia/Hypoplasia of the 5th metacarpal,第五掌骨发育不良或发育不全,
HP:0010046,Aplasia of the 5th metacarpal,第五掌骨发育不全,
HP:0010047,Short 5th metacarpal,第五掌骨短小,
HP:0010048,Aplasia of metacarpal bones,掌骨不发育,
HP:0010049,Short metacarpal,掌骨短,
HP:0010051,Deviation of the hallux,拇趾偏斜,
HP:0010052,Abnormal morphology of the proximal phalanx of the hallux,拇趾近节趾骨形态异常,
HP:0010053,Abnormality of the distal phalanx of the hallux,拇趾末节趾骨异常,
HP:0010054,Abnormality of the first metatarsal bone,第一跖骨异常,
HP:0010055,Broad hallux,拇趾变宽,
HP:0010056,Abnormality of the epiphyses of the hallux,拇趾骨骺异常,
HP:0010057,Abnormal hallux phalanx morphology,拇趾骨形态异常,
HP:0010058,Aplasia/Hypoplasia of the phalanges of the hallux,拇趾骨发育不良或发育不全,
HP:0010059,Broad hallux phalanx,拇趾骨变宽,
HP:0010060,Bullet-shaped hallux phalanx,拇趾子弹形趾骨,
HP:0010061,Curved hallux phalanx,拇趾趾骨弯曲,
HP:0010062,Osteolytic defects of the phalanges of the hallux,拇趾骨溶骨性缺陷,
HP:0010063,Patchy sclerosis of hallux phalanx,拇趾趾骨斑片状硬化,
HP:0010064,Symphalangism affecting the phalanges of the hallux,拇趾趾关节融合,
HP:0010065,Triangular shaped phalanges of the hallux,拇趾三角形趾骨,
HP:0010066,Duplication of phalanx of hallux,拇趾骨重复,
HP:0010067,Aplasia/hypoplasia of the 1st metatarsal,第一跖骨发育不良或发育不全,
HP:0010068,Broad first metatarsal,第一跖骨粗大,
HP:0010069,Bullet-shaped 1st metatarsal,子弹形第一跖骨,
HP:0010070,Curved 1st metatarsal,第一跖骨弯曲,
HP:0010071,Osteolytic defects of the 1st metatarsal,第一跖骨溶骨性缺陷,
HP:0010072,Patchy sclerosis of the 1st metatarsal,第一跖骨斑片状硬化,
HP:0010073,Synostosis involving the 1st metatarsal,第一跖骨骨性融合,
HP:0010074,Triangular shaped 1st metatarsal,第一跖骨呈三角形,
HP:0010075,Duplication of the 1st metatarsal,第一跖骨重复,
HP:0010076,Aplasia/Hypoplasia of the distal phalanx of the hallux,拇趾末节趾骨发育不良或发育不全,
HP:0010077,Broad distal phalanx of the hallux,拇趾远节趾骨变宽,
HP:0010078,Bullet-shaped distal phalanx of the hallux,拇趾子弹形末节趾骨,
HP:0010079,Curved distal phalanx of the hallux,拇趾末节趾骨弯曲,
HP:0010080,Osteolytic defects of the distal phalanx of the hallux,拇趾末节趾骨溶骨性缺陷,
HP:0010081,Patchy sclerosis of the distal phalanx of the hallux,拇趾末节趾骨斑片状硬化,
HP:0010082,Symphalangism affecting the distal phalanx of the hallux,拇趾末节趾关节融合,
HP:0010083,Triangular shaped distal phalanx of the hallux,拇趾三角形末节趾骨,
HP:0010084,Duplication of the distal phalanx of the hallux,拇趾末节趾骨重复,
HP:0010085,Aplasia/Hypoplasia of the proximal phalanx of the hallux,拇趾近节趾骨发育不良或发育不全,
HP:0010086,Broad proximal phalanx of the hallux,拇趾近节趾骨变宽,
HP:0010087,Bullet-shaped proximal phalanx of the hallux,拇趾子弹形近节指骨,
HP:0010088,Curved proximal phalanx of the hallux,拇趾近节趾骨弯曲,
HP:0010089,Osteolytic defects of the proximal phalanx of the hallux,拇趾近节趾骨溶骨性缺陷,
HP:0010090,Patchy sclerosis of the proximal phalanx of the hallux,拇趾近节趾骨斑片状硬化,
HP:0010091,Symphalangism affecting the proximal phalanx of the hallux,拇趾近节趾关节融合,
HP:0010092,Triangular shaped proximal phalanx of the hallux,拇趾三角形近节趾骨,
HP:0010093,Duplication of the proximal phalanx of the hallux,拇趾近节趾骨重复,
HP:0010094,Complete duplication of the proximal phalanx of the hallux,拇趾近节趾骨完全重复,
HP:0010095,Partial duplication of the proximal phalanx of the hallux,拇趾近节趾骨部分重复,
HP:0010096,Complete duplication of the distal phalanx of the hallux,拇趾末节趾骨完全重复,
HP:0010097,Partial duplication of the distal phalanx of the hallux,拇趾末节指骨部分重复,
HP:0010098,Complete duplication of the 1st metatarsal,第一跖骨完全重复,
HP:0010099,Partial duplication of the 1st metatarsal,第一跖骨部分重复,
HP:0010100,Complete duplication of hallux phalanx,拇趾趾骨完全重复,
HP:0010101,Partial duplication of the phalanges of the hallux,拇趾趾骨部分重复,
HP:0010102,Aplasia of the distal phalanx of the hallux,拇趾末节趾骨发育不全,
HP:0010103,Short distal phalanx of hallux,拇趾末节趾骨短,
HP:0010104,Absent first metatarsal,第一跖骨缺如,
HP:0010105,Short first metatarsal,第一跖骨短,
HP:0010106,Aplasia of the proximal phalanx of the hallux,拇趾近节趾骨发育不全,
HP:0010107,Short proximal phalanx of hallux,拇趾近节指骨短,
HP:0010109,Short hallux,短拇趾,
HP:0010110,Aplasia of the phalanges of the hallux,拇趾趾骨发育不全,
HP:0010111,Short phalanx of hallux,拇趾短趾骨,
HP:0010112,Mesoaxial foot polydactyly,足中轴型多趾,
HP:0010113,Absent hallux epiphysis,拇趾骨骺缺如,
HP:0010114,Bracket epiphyses of the hallux,拇指夹板样骨骺,
HP:0010115,Cone-shaped epiphyses of the hallux,拇趾锥形骨骺,
HP:0010116,Enlarged epiphyses of the hallux,拇趾骨骺膨大,
HP:0010117,Fragmentation of the epiphyses of the hallux,拇趾骨骺碎裂,
HP:0010118,Irregular epiphyses of the hallux,拇趾不规则骨骺,
HP:0010119,Ivory epiphyses of the hallux,拇趾象牙色骨骺,
HP:0010120,Pseudoepiphyses of the hallux,拇趾假骨骺,
HP:0010121,Small epiphyses of the hallux,拇趾小骨骺,
HP:0010122,Stippling of the epiphyses of the hallux,拇趾骨骺点状钙化,
HP:0010123,Triangular epiphyses of the hallux,拇趾三角形骨骺,
HP:0010124,Abnormality of the epiphysis of the distal phalanx of the hallux,拇趾末节趾骨骨骺异常,
HP:0010125,Abnormality of the epiphysis of the 1st metatarsal,第一跖骨骨骺异常,
HP:0010126,Abnormality of the epiphysis of the proximal phalanx of the hallux,拇趾近节趾骨骨骺异常,
HP:0010127,Absent epiphysis of the proximal phalanx of the hallux,拇趾近节趾骨骨骺缺如,
HP:0010128,Bracket epiphysis of the proximal phalanx of the hallux,姆趾近节趾骨夹板样骨骺,
HP:0010129,Cone-shaped epiphysis of the proximal phalanx of the hallux,拇趾近节趾骨锥形骨骺,
HP:0010130,Enlarged epiphysis of the proximal phalanx of the hallux,拇趾近节趾骨骨骺膨大,
HP:0010131,Fragmentation of the epiphysis of the proximal phalanx of the hallux,拇趾近节趾骨骨骺碎裂,
HP:0010132,Irregular epiphysis of the proximal phalanx of the hallux,拇趾近节趾骨不规则骨骺,
HP:0010133,Ivory epiphysis of the proximal phalanx of the hallux,拇趾近节趾骨象牙色骨骺,
HP:0010134,Pseudoepiphysis of the proximal phalanx of the hallux,拇趾近节趾骨假骨骺,
HP:0010135,Small epiphysis of the proximal phalanx of the hallux,拇趾近节趾骨小骨骺,
HP:0010136,Stippling of the epiphysis of the proximal phalanx of the hallux,拇趾近节趾骨骨骺点状钙化,
HP:0010137,Triangular epiphysis of the proximal phalanx of the hallux,拇趾近节跖骨三角形骨骺,
HP:0010138,Absent epiphysis of the distal phalanx of the hallux,拇趾末节趾骨骨骺缺如,
HP:0010139,Bracket epiphysis of the distal phalanx of the hallux,拇趾末节跖骨夹板样骨骺,
HP:0010140,Cone-shaped epiphysis of the distal phalanx of the hallux,拇趾末节趾骨锥形骨骺,
HP:0010141,Enlarged epiphysis of the distal phalanx of the hallux,拇趾末节趾骨骨骺膨大,
HP:0010142,Fragmentation of the epiphysis of the distal phalanx of the hallux,拇趾末节跖骨骨骺碎裂,
HP:0010143,Irregular epiphysis of the distal phalanx of the hallux,拇趾末节趾骨不规则骨骺,
HP:0010144,Ivory epiphysis of the distal phalanx of the hallux,拇趾末节趾骨象牙色骨骺,
HP:0010145,Pseudoepiphysis of the distal phalanx of the hallux,拇趾末节趾骨假骨骺,
HP:0010146,Small epiphysis of the distal phalanx of the hallux,拇趾末节趾骨小骨骺,
HP:0010147,Stippling of the epiphysis of the distal phalanx of the hallux,拇趾末节趾骨骨骺点状钙化,
HP:0010148,Triangular epiphysis of the distal phalanx of the hallux,拇趾末节趾骨三角形骨骺,
HP:0010149,Absent epiphysis of the 1st metatarsal,第一跖骨骨骺缺如,
HP:0010150,Bracket epiphysis of the 1st metatarsal,第一跖骨夹板样骨骺,
HP:0010151,Cone-shaped epiphysis of the 1st metatarsal,第一跖骨锥形骨骺,
HP:0010152,Enlarged epiphysis of the 1st metatarsal,第一跖骨骨骺膨大,
HP:0010153,Fragmentation of the epiphysis of the 1st metatarsal,第一跖骨骨骺碎裂,
HP:0010154,Irregular epiphysis of the 1st metatarsal,第一跖骨不规则骨骺,
HP:0010155,Ivory epiphysis of the 1st metatarsal,第一跖骨象牙色骨骺,
HP:0010156,Pseudoepiphysis of the 1st metatarsal,第一跖骨假骨骺,
HP:0010157,Small epiphysis of the 1st metatarsal,第一跖骨小骨骺,
HP:0010158,Stippling of the epiphysis of the 1st metatarsal,第一跖骨骨骺点状钙化,
HP:0010159,Triangular epiphysis of the 1st metatarsal,第一跖骨三角形骨骺,
HP:0010160,Abnormal toe epiphysis morphology,脚趾骨骺形态异常,
HP:0010161,Abnormal toe phalanx morphology,趾骨形态异常,
HP:0010162,Absent epiphyses of the toes,趾骨骨骺缺如,
HP:0010163,Bracket epiphyses of the toes,趾骨夹板样骨骺,
HP:0010164,Cone-shaped epiphyses of the toes,跖骨锥形骨骺,
HP:0010165,Enlarged epiphyses of the toes,趾骨骨骺膨大,
HP:0010166,Fragmentation of the epiphyses of the toes,趾骨骨骺碎裂,
HP:0010167,Irregular epiphyses of the toes,趾骨骨骺不规则,
HP:0010168,Ivory epiphyses of the toes,趾骨象牙色骨骺,
HP:0010169,Pseudoepiphyses of the toes,趾骨假骨骺,
HP:0010170,Small epiphyses of the toes,趾骨小骨骺,
HP:0010171,Epiphyseal stippling of toe phalanges,趾骨骨骺点状钙化,
HP:0010172,Triangular epiphyses of the toes,脚趾三角形骨骺,
HP:0010173,Aplasia/Hypoplasia of the phalanges of the toes,趾骨发育不良或发育不全,
HP:0010174,Broad phalanx of the toes,趾骨粗大,
HP:0010175,Bullet-shaped toe phalanx,子弹形趾骨,
HP:0010176,Curved toe phalanx,趾骨弯曲,
HP:0010177,Osteolytic defects of the phalanges of the toes,趾骨溶骨性缺陷,
HP:0010178,Patchy sclerosis of toe phalanx,趾骨斑片状硬化,
HP:0010179,Symphalangism affecting the phalanges of the toes,趾骨关节融合,
HP:0010180,Triangular shaped phalanges of the toes,三角形趾骨,
HP:0010181,Duplication of phalanx of toe,趾骨重复,
HP:0010182,Abnormality of the distal phalanges of the toes,末节趾骨异常,
HP:0010183,Abnormality of the middle phalanges of the toes,中节趾骨异常,
HP:0010184,Abnormality of toe proximal phalanx,近节趾骨异常,
HP:0010185,Aplasia/Hypoplasia of the distal phalanges of the toes,末节趾骨发育不良/发育不全,
HP:0010186,Broad distal phalanx of the toes,末节趾骨变宽,
HP:0010187,Bullet-shaped distal toe phalanx,子弹形末节趾骨,
HP:0010188,Curved distal toe phalanx,末节趾骨弯曲,
HP:0010189,Osteolytic defects of the distal phalanges of the toes,末节趾骨溶骨性缺陷,
HP:0010190,Patchy sclerosis of distal toe phalanx,末节趾骨斑片状硬化,
HP:0010191,Symphalangism affecting the distal phalanges of the toes,末节趾关节融合,
HP:0010192,Triangular shaped distal phalanges of the toes,三角形末节趾骨,
HP:0010193,Duplication of distal phalanx of toe,末节趾骨重复,
HP:0010194,Aplasia/Hypoplasia of the middle phalanges of the toes,中节趾骨发育不全或发育不良,
HP:0010195,Broad middle phalanges of the toes,中节趾骨变宽,
HP:0010196,Bullet-shaped middle toe phalanx,子弹形中节趾骨,
HP:0010197,Curved middle toe phalanx,中节趾骨弯曲,
HP:0010198,Osteolytic defects of the middle phalanges of the toes,中节趾骨溶骨性缺陷,
HP:0010199,Patchy sclerosis of middle toe phalanx,中节趾趾骨斑片状硬化,
HP:0010200,Symphalangism affecting the middle phalanges of the toes,中节趾关节融合,
HP:0010201,Triangular shaped middle phalanges of the toes,三角形中节趾骨,
HP:0010202,Duplication of middle phalanx of toe,中节趾骨重复,
HP:0010203,Aplasia/hypoplasia of proximal toe phalanx,近节趾骨发育不全或发育不良,
HP:0010204,Broad proximal phalanx of toe,近节趾骨宽大,
HP:0010205,Bullet-shaped proximal toe phalanx,子弹形近节趾骨,
HP:0010206,Curved proximal toe phalanx,近节趾骨弯曲,
HP:0010207,Osteolytic defect of the proximal toe phalanx,近节趾骨溶骨性缺陷,
HP:0010208,Patchy sclerosis of proximal toe phalanx,近节趾骨斑片状硬化,
HP:0010209,Symphalangism affecting the proximal phalanges of the toes,近节趾关节融合,
HP:0010210,Triangular shaped proximal phalanges of the toes,三角形近节趾骨,
HP:0010211,Duplication of proximal phalanx of toe,近节趾骨重复,
HP:0010212,Flexion contracture of the hallux,拇趾屈曲挛缩,
HP:0010213,Contracture of the tarsometatarsal joint of the hallux,拇趾跖跗关节挛缩,
HP:0010214,Contracture of the interphalangeal joint of the hallux,拇趾趾间关节挛缩,
HP:0010215,Contractures of the metatarsophalangeal joint of the hallux,拇趾跖趾关节挛缩,
HP:0010219,Structural foot deformity,足结构性畸形,
HP:0010220,Abnormality of the epiphysis of the 2nd metacarpal,第二掌骨骨骺异常,
HP:0010222,Abnormal 3rd metacarpal epiphysis morphology,第三掌骨骨骺形态异常,
HP:0010223,Pseudoepiphysis of the 3rd metacarpal,第三掌骨假骨骺,
HP:0010224,Abnormal 4th metacarpal epiphysis morphology,第四掌骨骨骺形态异常,
HP:0010225,Pseudoepiphysis of the 4th metacarpal,第四掌骨假骨骺,
HP:0010226,Abnormal 5th metacarpal epiphysis morphology,第五掌骨骨骺形态异常,
HP:0010227,Pseudoepiphysis of the 5th metacarpal,第五掌骨假骨骺,
HP:0010228,Absent epiphyses of the phalanges of the hand,指骨骨骺缺如,
HP:0010229,Bracket epiphyses of the phalanges of the hand,指骨夹板样骨骺,
HP:0010230,Cone-shaped epiphyses of the phalanges of the hand,指骨锥形骨骺,
HP:0010231,Enlarged epiphyses of the phalanges of the hand,指骨骨骺膨大,
HP:0010232,Fragmentation of the epiphyses of the phalanges of the hand,指骨骨骺碎裂,
HP:0010233,Irregular epiphyses of the phalanges of the hand,指骨不规则骨骺,
HP:0010234,Ivory epiphyses of the phalanges of the hand,指骨象牙色骨骺,
HP:0010235,Pseudoepiphyses of the phalanges of the hand,手指骨假骨骺,
HP:0010236,Small epiphyses of the phalanges of the hand,指骨小骨骺,
HP:0010237,Epiphyseal stippling of finger phalanges,指骨骨骺点状钙化,
HP:0010238,Triangular epiphyses of the phalanges of the hand,指骨三角形骨骺,
HP:0010239,Aplasia of the middle phalanx of the hand,中节指骨发育不全,
HP:0010241,Short proximal phalanx of finger,近节指骨短小,
HP:0010242,Aplasia of the proximal phalanges of the hand,近节指骨发育不全,
HP:0010243,Abnormality of the epiphyses of the distal phalanx of finger,末节指骨骨骺异常,
HP:0010244,Abnormality of the epiphyses of the middle phalanges of the hand,中节指骨骨骺异常,
HP:0010245,Abnormality of the epiphyses of the proximal phalanges of the hand,近节指骨骨骺异常,
HP:0010246,Absent epiphyses of the distal phalanges of the hand,末节指骨骨骺缺如,
HP:0010247,Bracket epiphyses of the distal phalanges of the hand,末节指骨夹板样骨骺,
HP:0010248,Cone-shaped epiphyses of the distal phalanges of the hand,末节指骨的锥形骨骺,
HP:0010249,Enlarged epiphyses of the distal phalanges of the hand,末节指骨骨骺膨大,
HP:0010250,Fragmentation of the epiphyses of the distal phalanges of the hand,末节指骨骨骺碎裂,
HP:0010251,Irregular epiphyses of the distal phalanges of the hand,末节指骨不规则骨骺,
HP:0010252,Ivory epiphyses of the distal phalanges of the hand,末节指骨象牙色骨骺,
HP:0010253,Pseudoepiphyses of the distal phalanges of the hand,末节指骨假骨骺,
HP:0010254,Small epiphyses of the distal phalanges of the hand,末节指骨小骨骺,
HP:0010255,Stippling of the epiphyses of the distal phalanges of the hand,末节指骨骨骺点状钙化,
HP:0010256,Triangular epiphyses of the distal phalanges of the hand,末节指骨三角形骨骺,
HP:0010257,Absent epiphyses of the middle phalanges of the hand,中节指骨骨骺缺如,
HP:0010258,Bracket epiphyses of the middle phalanges of the hand,中节指骨夹板样骨骺,
HP:0010259,Cone-shaped epiphyses of the middle phalanges of the hand,中节指骨锥形骨骺,
HP:0010260,Enlarged epiphyses of the middle phalanges of the hand,中节指骨骨骺膨大,
HP:0010261,Fragmentation of the epiphyses of the middle phalanges of the hand,中节指骨骨骺碎裂,
HP:0010262,Irregular epiphyses of the middle phalanges of the hand,中节指骨不规则骨骺,
HP:0010263,Ivory epiphyses of the middle phalanges of the hand,中节指骨象牙色骨骺,
HP:0010264,Pseudoepiphyses of the middle phalanges of the hand,中节指骨假骨骺,
HP:0010265,Small epiphyses of the middle phalanges of the hand,中节指骨小骨骺,
HP:0010266,Stippling of the epiphyses of the middle phalanges of the hand,中节指骨骨骺点状钙化,
HP:0010267,Triangular epiphyses of the middle phalanges of the hand,中节指骨三角形骨骺,
HP:0010268,Absent epiphyses of the proximal phalanges of the hand,近节指骨骨骺缺如,
HP:0010269,Bracket epiphyses of the proximal phalanges of the hand,近节指骨夹板样骨骺,
HP:0010270,Cone-shaped epiphyses of the proximal phalanges of the hand,近节指骨锥形骨骺,
HP:0010271,Enlarged epiphyses of the proximal phalanges of the hand,近节指骨骨骺膨大,
HP:0010272,Fragmentation of the epiphyses of the proximal phalanges of the hand,近节指骨骨骺碎裂,
HP:0010273,Irregular epiphyses of the proximal phalanges of the hand,近节指骨不规则骨骺,
HP:0010274,Ivory epiphyses of the proximal phalanges of the hand,近节指骨象牙色骨骺,
HP:0010275,Pseudoepiphyses of the proximal phalanges of the hand,近节指骨假骨骺,
HP:0010276,Small epiphyses of the proximal phalanges of the hand,近节指骨小骨骺,
HP:0010277,Stippling of the epiphyses of the proximal phalanges of the hand,近节指骨骨骺点状钙化,
HP:0010278,Triangular epiphyses of the proximal phalanges of the hand,近节指骨三角形骨骺,
HP:0010280,Stomatitis,口腔炎,
HP:0010281,Cleft lower lip,下唇裂,
HP:0010282,Thin lower lip vermilion,上红唇薄,
HP:0010284,Intra-oral hyperpigmentation,口内色素沉着,
HP:0010285,Oral synechia,口腔粘连,
HP:0010286,Abnormal salivary gland morphology,唾液腺形态异常,
HP:0010287,Abnormality of the submandibular glands,颌下腺异常,
HP:0010288,Abnormality of the sublingual glands,舌下腺异常,
HP:0010289,Cleft maxillary alveolar ridge,上颌牙槽嵴裂,
HP:0010290,Short hard palate,短硬腭,
HP:0010291,Prominent palatine ridges,腭嵴突出,
HP:0010292,Absent uvula,悬雍垂缺如,
HP:0010293,Aplasia/Hypoplasia of the uvula,悬雍垂发育不全／未发育,
HP:0010294,Palate fistula,腭瘘,
HP:0010295,Aplasia/Hypoplasia of the tongue,舌未发育/舌发育不全,
HP:0010296,Ankyloglossia,舌系带短缩,
HP:0010297,Bifid tongue,舌裂,
HP:0010298,Smooth tongue,光舌,
HP:0010299,Abnormal dentin morphology,牙本质形态异常,
HP:0010300,Abnormally low-pitched voice,异常低声调,
HP:0010301,Spinal dysraphism,椎管闭合不全,
HP:0010302,Spinal cord tumor,脊髓肿瘤,
HP:0010303,Abnormal spinal meningeal morphology,脊髓脊膜形态异常,
HP:0010304,Spinal meningeal diverticulum,脊髓脊膜憩室,
HP:0010305,Absence of the sacrum,骶骨缺如,
HP:0010306,Short thorax,胸部短小,
HP:0010307,Stridor,喘鸣,
HP:0010308,Asternia,无胸骨畸形,
HP:0010309,Bifid sternum,胸骨裂,
HP:0010310,Chylothorax,乳糜胸,
HP:0010311,Aplasia/Hypoplasia of the breasts,乳房发育不全/不良,
HP:0010312,Asymmetry of the breasts,乳房不对称,
HP:0010313,Breast hypertrophy,乳房肥大,
HP:0010314,Premature thelarche,乳房早熟,
HP:0010315,Aplasia/Hypoplasia of the diaphragm,横膈发育不全/发育不良,
HP:0010316,Ebstein anomaly of the tricuspid valve,三尖瓣Ebstein畸形,
HP:0010317,Scapular aplasia,肩胛骨发育不全,
HP:0010318,Aplasia/Hypoplasia of the abdominal wall musculature,腹壁肌群发育不良/发育不全,
HP:0010319,Abnormal second toe morphology,第二趾形态异常,
HP:0010320,Abnormal third toe morphology,第三趾形态异常,
HP:0010321,Abnormal fourth toe morphology,第四趾形态异常,
HP:0010322,Abnormal fifth toe morphology,第五趾形态异常,
HP:0010323,Abnormality of the epiphyses of the 2nd toe,第二趾骨骺异常,
HP:0010324,Abnormal morphology of phalanx of the 2nd toe,第二趾趾骨形态异常,
HP:0010325,Aplasia/Hypoplasia of the 2nd toe,第二趾发育不良/发育不全,
HP:0010326,Deviation of the 2nd toe,第二趾偏斜,
HP:0010327,Flexion contracture of the 2nd toe,第二趾屈曲挛缩,
HP:0010328,Polydactyly affecting the 2nd toe,第二趾多趾,
HP:0010329,Abnormality of the epiphyses of the 3rd toe,第三趾骨骺异常,
HP:0010330,Abnormality of the phalanges of the 3rd toe,第三趾趾骨异常,
HP:0010331,Aplasia/Hypoplasia of the 3rd toe,第三趾趾骨发育不良/发育不全,
HP:0010332,Deviation of the 3rd toe,第三趾偏斜,
HP:0010333,Flexion contracture of 3rd toe,第三趾屈曲挛缩,
HP:0010334,Polydactyly affecting the 3rd toe,第三趾多趾,
HP:0010335,Abnormality of the epiphyses of the 4th toe,第四趾骨骺异常,
HP:0010336,Abnormality of the phalanges of the 4th toe,第四趾趾骨异常,
HP:0010337,Aplasia/Hypoplasia of the 4th toe,第四趾发育不良/发育不全,
HP:0010338,Deviation of the 4th toe,第四趾偏斜,
HP:0010339,Flexion contracture of the 4th toe,第四趾屈曲挛缩,
HP:0010340,Polydactyly affecting the 4th toe,第四趾多趾,
HP:0010341,Abnormality of the epiphyses of the 5th toe,第五趾骨骺异常,
HP:0010342,Abnormality of the phalanges of the 5th toe,第五趾趾骨异常,
HP:0010343,Aplasia/Hypoplasia of the 5th toe,第五趾发育不良/发育不全,
HP:0010344,Deviation of the 5th toe,第五趾偏斜,
HP:0010345,Flexion contracture of the 5th toe,第五趾屈曲挛缩,
HP:0010347,Aplasia/Hypoplasia of the phalanges of the 2nd toe,第二趾趾骨发育不良/发育不全,
HP:0010348,Broad phalanges of the 2nd toe,第二趾趾骨膨大,
HP:0010349,Bullet-shaped 2nd toe phalanx,第二趾子弹形趾骨,
HP:0010350,Curved 2nd toe phalanx,第二趾趾骨弯曲,
HP:0010351,Osteolytic defects of the phalanges of the 2nd toe,第二趾趾骨溶骨性缺陷,
HP:0010352,Patchy sclerosis of 2nd toe phalanx,第二趾趾骨斑片状硬化,
HP:0010353,Second toe symphalangism,第二趾关节粘连,
HP:0010354,Triangular shaped phalanges of the 2nd toe,第二趾三角形趾骨,
HP:0010355,Duplication of the phalanges of the 2nd toe,第二趾趾骨重复,
HP:0010356,Abnormality of the distal phalanx of the 2nd toe,第二趾末节趾骨异常,
HP:0010357,Abnormality of the middle phalanx of the 2nd toe,第二趾中节趾骨异常,
HP:0010358,Abnormal morphology of the proximal phalanx of the 2nd toe,第二趾近节趾骨形态异常,
HP:0010359,Aplasia/Hypoplasia of the phalanges of the 3rd toe,第三趾趾骨发育不良/发育不全,
HP:0010360,Broad phalanges of the 3rd toe,第三趾趾骨膨大,
HP:0010361,Bullet-shaped 3rd toe phalanx,第三趾子弹形趾骨,
HP:0010362,Curved 3rd toe phalanx,第三趾趾骨弯曲,
HP:0010363,Osteolytic defects of the phalanges of the 3rd toe,第三趾趾骨溶骨性缺陷,
HP:0010364,Patchy sclerosis of 3rd toe phalanx,第三趾趾骨斑片状硬化,
HP:0010365,Symphalangism affecting the phalanges of the 3rd toe,第三趾趾关节融合,
HP:0010366,Triangular shaped phalanges of the 3rd toe,第三趾三角形趾骨,
HP:0010367,Duplication of phalanx of the 3rd toe,第三趾趾骨重复,
HP:0010368,Abnormality of the distal phalanx of the 3rd toe,第三趾末节趾骨异常,
HP:0010369,Abnormality of the middle phalanx of the 3rd toe,第三脚趾中节趾骨异常,
HP:0010370,Abnormal morphology of the proximal phalanx of the 3rd toe,第三趾近节趾骨形态异常,
HP:0010371,Aplasia/Hypoplasia of the phalanges of the 4th toe,第四趾趾骨发育不全/发育不良,
HP:0010372,Broad phalanges of the 4th toe,第四趾趾骨膨大,
HP:0010373,Bullet-shaped 4th toe phalanx,第四趾子弹形趾骨,
HP:0010374,Curved 4th toe phalanx,第四趾趾骨弯曲,
HP:0010375,Osteolytic defects of the phalanges of the 4th toe,第四趾趾骨溶骨性缺陷,
HP:0010376,Patchy sclerosis of 4th toe phalanx,第四趾趾骨斑片状硬化,
HP:0010377,Symphalangism affecting the phalanges of the 4th toe,第四趾趾关节融合,
HP:0010378,Triangular shaped phalanges of the 4th toe,第四趾三角形趾骨,
HP:0010379,Duplication of phalanx of the 4th toe,第四趾骨重复,
HP:0010380,Abnormality of the distal phalanx of the 4th toe,第四趾末节趾骨异常,
HP:0010381,Abnormality of the middle phalanx of the 4th toe,第四趾中节趾骨异常,
HP:0010382,Abnormal morphology of the proximal phalanx of the 4th toe,第四趾近节趾骨形态异常,
HP:0010383,Aplasia/Hypoplasia of the phalanges of the 5th toe,第五趾趾骨发育不全/发育不良,
HP:0010384,Broad phalanges of the 5th toe,第五趾趾骨膨大,
HP:0010385,Bullet-shaped 5th toe phalanx,第五趾子弹形趾骨,
HP:0010386,Curved 5th toe phalanx,第五趾趾骨弯曲,
HP:0010387,Osteolytic defects of the phalanges of the 5th toe,第五趾趾骨溶骨性缺陷,
HP:0010388,Patchy sclerosis of 5th toe phalanx,第五趾趾骨斑片状硬化,
HP:0010389,Symphalangism affecting the phalanges of the 5th toe,第五趾趾关节融合,
HP:0010390,Triangular shaped phalanges of the 5th toe,第五趾三角形趾骨,
HP:0010391,Duplication of the phalanges of the 5th toe,第五趾趾骨重复,
HP:0010392,Abnormality of the distal phalanx of the 5th toe,第五趾末节趾骨异常,
HP:0010393,Abnormality of the middle phalanx of the 5th toe,第五趾中节趾骨异常,
HP:0010394,Abnormal morphology of the proximal phalanx of the 5th toe,第五趾近节趾骨形态异常,
HP:0010395,Aplasia/hypoplasia of the proximal phalanx of the 2nd toe,第二趾近节趾骨发育不了/发育不全,
HP:0010396,Broad proximal phalanx of the 2nd toe,第二趾近端趾骨变宽,
HP:0010397,Bullet-shaped proximal phalanx of the 2nd toe,第二趾子弹形近端趾骨,
HP:0010398,Curved proximal phalanx of the 2nd toe,第二趾近节趾骨弯曲,
HP:0010399,Osteolytic defects of the proximal phalanx of the 2nd toe,第二趾近节趾骨溶骨性缺陷,
HP:0010400,Patchy sclerosis of the proximal phalanx of the 2nd toe,第二趾近节趾骨斑块状硬化,
HP:0010401,Symphalangism affecting the proximal phalanx of the 2nd toe,第二趾近节趾关节融合,
HP:0010402,Triangular shaped proximal phalanx of the 2nd toe,第二趾三角形近节趾骨,
HP:0010403,Duplication of the proximal phalanx of the 2nd toe,第二趾近节趾骨重复,
HP:0010404,Aplasia/Hypoplasia of the middle phalanx of the 2nd toe,第二趾中节趾骨发育不全/发育不良,
HP:0010405,Broad middle phalanx of the 2nd toe,第二趾中节趾骨变宽,
HP:0010406,Bullet-shaped middle phalanx of the 2nd toe,第二趾子弹形中节趾骨,
HP:0010407,Curved middle phalanx of the 2nd toe,第二趾中节趾骨弯曲,
HP:0010408,Osteolytic defects of the middle phalanx of the 2nd toe,第二趾中节趾骨溶骨性缺陷,
HP:0010409,Patchy sclerosis of the middle phalanx of the 2nd toe,第二趾中节趾斑片状硬化,
HP:0010410,Symphalangism affecting the middle phalanx of the 2nd toe,第二趾中节趾关节的融合,
HP:0010411,Triangular shaped middle phalanx of the 2nd toe,第二趾三角形中节趾骨,
HP:0010412,Duplication of the middle phalanx of the 2nd toe,第二趾中节趾骨重复,
HP:0010413,Aplasia/Hypoplasia of the distal phalanx of the 2nd toe,第二趾末节趾骨发育不良/发育不全,
HP:0010414,Broad distal phalanx of the 2nd toe,第二趾末节趾骨变宽,
HP:0010415,Bullet-shaped distal phalanx of the 2nd toe,第二趾子弹形末节趾骨,
HP:0010416,Curved distal phalanx of the 2nd toe,第二趾末节趾骨弯曲,
HP:0010417,Osteolytic defects of the distal phalanx of the 2nd toe,第二趾末节趾骨溶骨性缺陷,
HP:0010418,Patchy sclerosis of the distal phalanx of the 2nd toe,第二趾末节趾骨斑片状硬化,
HP:0010419,Symphalangism affecting the distal phalanx of the 2nd toe,第二趾末节趾关节融合,
HP:0010420,Triangular shaped distal phalanx of the 2nd toe,第二趾三角形末节趾骨,
HP:0010421,Duplication of the distal phalanx of the 2nd toe,第二趾末节趾骨重复,
HP:0010422,Complete duplication of the proximal phalanx of the 2nd toe,第二趾近节趾骨的完全重复,
HP:0010423,Partial duplication of the proximal phalanx of the 2nd toe,第二趾近节趾骨部分重复,
HP:0010424,Complete duplication of the distal phalanx of the 2nd toe,第二趾的末节趾骨的完全重复,
HP:0010425,Partial duplication of the distal phalanx of the 2nd toe,第二趾末节趾骨部分重复,
HP:0010426,Complete duplication of the middle phalanx of the 2nd toe,第二趾中节趾骨的完全重复,
HP:0010427,Partial duplication of the middle phalanx of the 2nd toe,第二趾中节趾骨部分重复,
HP:0010428,Partial duplication of phalanx of the 2nd toe,第二趾趾骨部分重复,
HP:0010429,Complete duplication of the phalanges of the 2nd toe,第二趾趾骨的完全重复,
HP:0010430,Aplasia of the phalanges of the 2nd toe,第二趾趾骨发育不全,
HP:0010431,Short phalanx of the 2nd toe,第二趾趾骨短,
HP:0010432,Absent distal phalanx of the 2nd toe,第二趾末节趾骨缺如,
HP:0010433,Short distal phalanx of the 2nd toe,第二趾短末节趾骨,
HP:0010434,Aplasia of the middle phalanx of the 2nd toe,第二趾中节趾骨发育不全,
HP:0010435,Short middle phalanx of the 2nd toe,第二趾中节趾骨短,
HP:0010436,Aplasia of the proximal phalanx of the 2nd toe,第二趾近节趾骨发育不全,
HP:0010437,Short proximal phalanx of the 2nd toe,第二趾近节趾骨短,
HP:0010438,Abnormal ventricular septum morphology,室间隔形态异常,
HP:0010440,Ectopic accessory toe-like appendage,异位趾状附属物,
HP:0010441,Ectopic accessory finger-like appendage,异位性手指样附属物,
HP:0010442,Polydactyly,多指（趾）畸形,
HP:0010443,Bifid femur,股骨骨裂,
HP:0010444,Pulmonic regurgitation,肺动脉反流,
HP:0010445,Primum atrial septal defect,原发孔型房间隔缺损,
HP:0010446,Tricuspid stenosis,三尖瓣狭窄,
HP:0010447,Anal fistula,肛瘘,
HP:0010448,Colonic atresia,结肠闭锁,
HP:0010450,Esophageal stenosis,食管狭窄,
HP:0010451,Aplasia/Hypoplasia of the spleen,脾未发育/发育不全,
HP:0010452,Ectopia of the spleen,脾异位,
HP:0010453,Pelvic bone asymmetry,骨盆不对称,
HP:0010454,Acetabular spurs,髋臼骨刺,
HP:0010455,Steep acetabular roof,陡峭的髋臼顶,
HP:0010456,Abnormal greater sciatic notch morphology,坐骨大切迹形态异常,
HP:0010458,Female pseudohermaphroditism,女性假两性畸形,
HP:0010459,True hermaphroditism,真两性畸形,
HP:0010460,Abnormality of the female genitalia,女性生殖器官异常,
HP:0010461,Abnormality of the male genitalia,男性生殖器异常,
HP:0010462,Aplasia/Hypoplasia of the ovary,卵巢发育不全/发育不良,
HP:0010463,Aplasia of the ovary,卵巢发育不全,
HP:0010464,Streak ovary,条索状卵巢,
HP:0010465,Precocious puberty in females,女性性早熟,
HP:0010468,Aplasia/Hypoplasia of the testes,睾丸发育不全/发育不良,
HP:0010469,Absent testis,睾丸缺如,
HP:0010470,Supernumerary testes,多睾症,
HP:0010471,Oligosacchariduria,寡糖尿症,
HP:0010472,Abnormal circulating porphyrin concentration,血红素生物合成途径异常,
HP:0010473,Porphyrinuria,卟啉尿症,
HP:0010474,Bladder stones,膀胱结石,
HP:0010475,Cloacal exstrophy,泄殖腔外翻,
HP:0010476,Aplasia/Hypoplasia of the bladder,膀胱发育不全/发育不良,
HP:0010477,Aplasia of the bladder,膀胱发育不全,
HP:0010478,Abnormality of the urachus,脐尿管异常,
HP:0010479,Patent urachus,脐尿管未闭,
HP:0010480,Urethral fistula,尿道瘘,
HP:0010481,Urethral valve,尿道瓣膜,
HP:0010482,Acromelia of the upper limbs,上肢肢端短缩,
HP:0010483,Amniotic constriction rings of arms,臂部的羊膜缩窄环,
HP:0010484,Hypertrophy of the upper limb,上肢肥大,
HP:0010485,Hyperextensibility at elbow,肘关节过伸,
HP:0010486,Abnormality of the hypothenar eminence,小鱼际隆起异常,
HP:0010487,Small hypothenar eminence,小鱼际小,
HP:0010488,Aplasia/Hypoplasia of the palmar creases,手掌掌纹发育不全,
HP:0010489,Absent palmar crease,掌纹缺失,
HP:0010490,Abnormality of the palmar creases,掌纹异常,
HP:0010491,Digital constriction ring,指趾缩窄环,
HP:0010492,Osseous finger syndactyly,骨性融合性并指畸形,
HP:0010493,Long metacarpals,长掌骨,
HP:0010494,Acromelia of the lower limbs,下肢短,
HP:0010495,Amniotic constriction rings of legs,腿部的羊膜缩窄环,
HP:0010496,Hypertrophy of the lower limb,下肢肥大,
HP:0010497,Sirenomelia,美人鱼综合症（并腿畸形）,
HP:0010498,Bipartite patella,二分髌骨,
HP:0010499,Patellar subluxation,髌骨半脱位,
HP:0010500,Hyperextensibility of the knee,膝关节过伸,
HP:0010501,Limitation of knee mobility,膝关节活动受限,
HP:0010502,Fibular bowing,腓骨弯曲,
HP:0010503,Fibular duplication,腓骨重复,
HP:0010504,Increased length of the tibia,胫骨过长,
HP:0010505,Limitation of movement at ankles,踝关节运动受限,
HP:0010506,Abnormal plantar dermatoglyphics,跖部异常皮纹,
HP:0010507,Foot asymmetry,脚不对称,
HP:0010508,Metatarsus valgus,跖骨外翻,
HP:0010509,Aplasia of the tarsal bones,跗骨发育不全,
HP:0010510,Hypermobility of toe joints,趾关节活动过度,
HP:0010511,Long toe,长脚趾,
HP:0010512,Adrenal calcification,肾上腺钙化,
HP:0010513,Pituitary calcification,垂体钙化,
HP:0010514,Hyperpituitarism,垂体功能亢进症,
HP:0010515,Aplasia/Hypoplasia of the thymus,胸腺未发育/发育不全,
HP:0010516,Thymus hyperplasia,胸腺增生,
HP:0010517,Ectopic thymus tissue,异位胸腺组织,
HP:0010518,Thyroglossal cyst,甲状舌管囊肿,
HP:0010519,Increased fetal movement,胎动增加,
HP:0010521,Gait apraxia,步态失用,
HP:0010522,Dyslexia,失读症,
HP:0010523,Alexia,失读症,
HP:0010524,Disturbed sensory perception,感官知觉受干扰,
HP:0010525,Finger agnosia,手指失认,
HP:0010526,Dysgraphia,书写困难,
HP:0010527,Astereognosis,实体觉缺失,
HP:0010528,Prosopagnosia,面孔失认症,
HP:0010529,Echolalia,模仿性言语,
HP:0010530,Palatal tremor,腭肌阵挛,
HP:0010531,Spinal myoclonus,脊髓性肌阵挛,
HP:0010532,Paroxysmal vertigo,发作性眩晕,
HP:0010533,Spasmus nutans,点头状痉挛,
HP:0010534,Transient global amnesia,短暂性全面性遗忘症,
HP:0010535,Sleep apnea,睡眠呼吸暂停,
HP:0010536,Central sleep apnea,中枢性睡眠呼吸暂停,
HP:0010537,Wide cranial sutures,颅缝增宽,
HP:0010538,Small sella turcica,小蝶鞍,
HP:0010539,Thin calvarium,颅骨薄,
HP:0010540,Advanced pneumatization of cranial sinuses,颅窦过度气化,
HP:0010541,Cutis gyrata of scalp,头皮回状纹,
HP:0010542,Vestibular nystagmus,前庭性眼震,
HP:0010543,Opsoclonus,斜视眼阵挛,
HP:0010544,Vertical nystagmus,垂直眼球震颤,
HP:0010545,Downbeat nystagmus,下击型眼球震颤,
HP:0010546,Muscle fibrillation,肌纤维颤动,
HP:0010547,Muscle flaccidity,肌无力,
HP:0010548,Percussion myotonia,敲击性肌强直,
HP:0010549,Weakness due to upper motor neuron dysfunction,上运动神经元功能障碍导致的无力,
HP:0010550,Paraplegia,截瘫,
HP:0010551,Paraplegia/paraparesis,截瘫,
HP:0010553,Oculogyric crisis,动眼神经危象,
HP:0010554,Cutaneous finger syndactyly,手指皮肤性并指,
HP:0010557,Overlapping fingers,指交叠,
HP:0010558,Abnormality of the clivus,斜坡异常,
HP:0010559,Vertical clivus,斜坡垂直,
HP:0010560,Undulate clavicles,波浪状锁骨,
HP:0010561,Undulate ribs,波浪状肋骨,
HP:0010562,Keloids,瘢痕疙瘩,
HP:0010564,Bifid epiglottis,会厌分叉,
HP:0010565,Aplasia/Hypoplasia of the Epiglottis,会厌的发育缺陷/不全,
HP:0010566,Hamartoma,错构瘤,
HP:0010567,Y-shaped metatarsals,Y形跖骨,
HP:0010568,Hamartoma of the eye,眼部错构瘤,
HP:0010569,Elevated circulating 7-dehydrocholesterol concentration,循环7-脱氢胆固醇浓度升高,
HP:0010570,Low maternal circulating alpha-fetoprotein concentration,母体循环甲胎蛋白水平降低,
HP:0010571,Elevated circulating phytanic acid concentration,循环植烷酸浓度升高,
HP:0010574,Abnormality of the epiphysis of the femoral head,股骨头骨骺异常,
HP:0010575,Dysplasia of the femoral head,股骨头发育不良,
HP:0010576,Intracranial cystic lesion,颅内囊性病变,
HP:0010577,Absent epiphyses,骨骺缺如,
HP:0010578,Bracket epiphyses,夹板型骨骺,
HP:0010579,Cone-shaped epiphysis,锥形骨骺,
HP:0010580,Enlarged epiphyses,骨骺膨大,
HP:0010582,Irregular epiphyses,不规则骨骺,
HP:0010583,Ivory epiphyses,象牙化骨骺,
HP:0010584,Pseudoepiphyses,假骨骺,
HP:0010585,Small epiphyses,小骨骺,
HP:0010587,Triangular epiphysis,三角形骨骺,
HP:0010588,Premature epimetaphyseal fusion,干骺端融合过早,
HP:0010590,Abnormality of the distal femoral epiphysis,股骨远端骨骺异常,
HP:0010591,Abnormality of the proximal tibial epiphysis,胫骨近端骨骺异常,
HP:0010592,Abnormality of the distal tibial epiphysis,胫骨远端骨骺异常,
HP:0010593,Abnormal fibular epiphysis morphology,腓骨骨骺形态异常,
HP:0010594,Abnormality of the proximal fibular epiphysis,腓骨近端骨骺异常,
HP:0010595,Abnormality of the distal fibular epiphysis,腓骨远端骨骺异常,
HP:0010596,Abnormality of the proximal radial epiphysis,桡骨近端骨骺异常,
HP:0010597,Abnormality of the distal radial epiphysis,桡骨远端骨骺异常,
HP:0010598,Abnormality of the proximal humeral epiphysis,肱骨近端骨骺异常,
HP:0010599,Abnormality of the distal humeral epiphysis,肱骨远端骨骺异常,
HP:0010600,Abnormal distal ulnar epiphysis morphology,尺骨远端骨骺形态异常,
HP:0010601,Abnormal proximal ulnar epiphysis morphology,尺骨近端骨骺形态异常,
HP:0010602,Type 2 muscle fiber predominance,2型肌纤维占优势,
HP:0010603,Odontogenic keratocysts of the jaw,颌骨牙源性角化囊肿,
HP:0010604,Cyst of the eyelid,眼睑囊肿,
HP:0010605,Chalazion,睑板腺囊肿,
HP:0010606,Hordeolum,麦粒肿,
HP:0010607,Hordeolum externum,外麦粒肿,
HP:0010608,Hordeolum internum,内麦粒肿,
HP:0010609,Skin tags,皮赘,
HP:0010610,Palmar pits,手掌点状隐窝,
HP:0010612,Plantar pits,跖部隐窝,
HP:0010614,Fibroma,纤维瘤,
HP:0010615,Angiofibromas,血管纤维瘤,
HP:0010616,Lung fibroma,肺纤维瘤,
HP:0010617,Cardiac fibroma,心脏纤维瘤,
HP:0010618,Ovarian fibroma,卵巢纤维瘤,
HP:0010619,Fibroadenoma of the breast,乳腺纤维腺瘤,
HP:0010620,Malar prominence,颧骨突出,
HP:0010621,Cutaneous syndactyly of toes,脚趾皮肤性并趾,
HP:0010622,Neoplasm of the skeletal system,骨骼系统肿瘤,
HP:0010624,Aplastic/hypoplastic toenail,趾甲发育缺陷/不全,
HP:0010625,Anterior pituitary dysgenesis,垂体前叶发育不良,
HP:0010626,Anterior pituitary agenesis,垂体前叶缺失,
HP:0010627,Anterior pituitary hypoplasia,垂体前叶发育不全,
HP:0010628,Facial palsy,面部神经麻痹,
HP:0010629,Abnormal morphology of the cortex of the humerus,肱骨皮质形态异常,
HP:0010630,Abnormal metatarsal epiphysis morphology,跖骨骨骺形态异常,
HP:0010631,Abnormality of the epiphyses of the feet,足骨骺异常,
HP:0010632,Total anosmia,全面嗅觉缺失,
HP:0010633,Partial anosmia,部分嗅觉缺失,
HP:0010634,Total hyposmia,全面嗅觉减退,
HP:0010635,Partial hyposmia,部分嗅觉减退,
HP:0010636,Schizencephaly,脑裂畸形,
HP:0010637,Conjunctival amyloidosis,结膜淀粉样变性,
HP:0010638,Elevated alkaline phosphatase of hepatic origin,肝源性碱性磷酸酶升高,
HP:0010639,Elevated alkaline phosphatase of bone origin,骨源性碱性磷酸酶升高,
HP:0010640,Abnormal nasal cavity morphology,鼻腔形态异常,
HP:0010641,Abnormality of the midnasal cavity,鼻中腔异常,
HP:0010643,Midnasal atresia,中鼻道闭锁,
HP:0010644,Midnasal stenosis,中鼻道狭窄,
HP:0010645,Aplasia of the distal phalanges of the toes,脚趾的末节趾骨发育不全,
HP:0010646,Cervical spine instability,颈椎不稳,
HP:0010647,Abnormal elasticity of skin,皮肤弹性异常,
HP:0010648,Dermal translucency,半透明状皮肤,
HP:0010649,Flat nasal alae,鼻翼扁平,
HP:0010650,Hypoplasia of the premaxilla,前颌骨发育不良,
HP:0010651,Abnormal meningeal morphology,脑膜形态异常,
HP:0010652,Abnormal dura mater morphology,硬膜形态异常,
HP:0010653,Abnormality of the falx cerebri,大脑镰异常,
HP:0010654,Aplasia of the falx cerebri,大脑镰发育缺陷,
HP:0010655,Epiphyseal stippling,骨骺点状钙化,
HP:0010656,Abnormal epiphyseal ossification,骨骺骨化异常,
HP:0010657,Patchy reduction of bone mineral density,骨密度斑片状降低,
HP:0010658,Patchy changes of bone mineral density,骨密度斑片状改变,
HP:0010659,Patchy variation in bone mineral density,骨密度斑片状变化,
HP:0010660,Abnormal hand bone ossification,手骨骨化异常,
HP:0010661,Absence of the third cerebral ventricle,第三脑室缺如,
HP:0010662,Abnormal diencephalon morphology,间脑形态异常,
HP:0010663,Abnormal thalamus morphology,丘脑形态异常,
HP:0010664,Fusion of the left and right thalami,左右丘脑融合,
HP:0010665,Bilateral coxa valga,双侧髋外翻,
HP:0010666,Hypoplasia of the anterior nasal spine,前鼻棘发育不良,
HP:0010667,Aplasia of the maxilla,上颌骨发育不全,
HP:0010668,Abnormal zygomatic bone morphology,颧骨形态异常,
HP:0010669,Hypoplasia of the zygomatic bone,颧骨发育不良,
HP:0010672,Abnormality of the third metatarsal bone,第三跖骨异常,
HP:0010674,Abnormal curvature of the vertebral column,脊柱异常弯曲,
HP:0010675,Abnormal foot bone ossification,足骨骨化异常,
HP:0010676,Mechanical ileus,机械性肠梗阻,
HP:0010677,Enuresis nocturna,遗尿症,
HP:0010678,Enuresis diurna,日间遗尿症,
HP:0010679,Elevated tissue non-specific alkaline phosphatase,组织非特异性碱性磷酸酶升高,
HP:0010680,Elevated alkaline phosphatase of renal origin,肾源性碱性磷酸酶升高,
HP:0010681,Elevated intestinal alkaline phosphatase,肠内碱性磷酸酶升高,
HP:0010682,Elevated placental alkaline phosphatase,胎盘内碱性磷酸酶升高,
HP:0010683,Low tissue non-specific alkaline phosphatase,组织非特异性碱性磷酸酶偏低,
HP:0010684,Low alkaline phosphatase of bone origin,骨源性碱性磷酸酶偏低,
HP:0010685,Low alkaline phosphatase of renal origin,肾源性碱性磷酸酶偏低,
HP:0010686,Low alkaline phosphatase of hepatic origin,肝源碱性磷酸酶偏低,
HP:0010687,Low intestinal alkaline phosphatase,肠内碱性磷酸酶偏低,
HP:0010688,Low placental alkaline phosphatase,胎盘内碱性磷酸酶偏低,
HP:0010689,Mirror image polydactyly,镜像多指（趾）,
HP:0010690,Mirror image hand polydactyly,镜像多指,
HP:0010691,Mirror image foot polydactyly,镜像多趾,
HP:0010693,Pulverulent cataract,粉状白内障,
HP:0010694,Lamellar pulverulent cataract,片状粉末状白内障,
HP:0010695,Sutural cataract,缝性白内障,
HP:0010696,Polar cataract,极性白内障,
HP:0010697,Anterior pyramidal cataract,前园锥状白内障,
HP:0010698,Nuclear pulverulent cataract,核性粉尘状白内障,
HP:0010699,Triangular nuclear cataract,三角核性白内障,
HP:0010701,Abnormal circulating immunoglobulin concentration,循环免疫球蛋白水平异常,
HP:0010702,Increased circulating antibody concentration,循环抗体水平升高,
HP:0010704,1-2 finger cutaneous syndactyly,第一-二指皮肤并指畸形,
HP:0010705,4-5 finger cutaneous syndactyly,第四-五指皮肤并指畸形,
HP:0010706,1-3 finger cutaneous syndactyly,第一-三指皮肤并指畸形,
HP:0010707,1-4 finger cutaneous syndactyly,第一-四指皮肤并指畸形,
HP:0010708,1-5 finger cutaneous syndactyly,第一-五指皮肤并指畸形,
HP:0010709,2-4 finger cutaneous syndactyly,第二-四指皮肤并指畸形,
HP:0010710,3-5 finger syndactyly,第三-五指并指,
HP:0010711,1-2 toe syndactyly,第一、二脚趾并趾,
HP:0010712,1-4 toe syndactyly,第一至四脚趾并趾,
HP:0010713,1-5 toe syndactyly,第一至第五脚趾并趾,
HP:0010714,2-4 toe syndactyly,第二至第四脚趾并趾,
HP:0010715,2-5 toe syndactyly,第二至第五脚趾并趾,
HP:0010716,3-5 toe syndactyly,第三至第五脚趾并趾,
HP:0010717,Osseous syndactyly of toes,趾骨骨性并趾,
HP:0010719,Abnormality of hair texture,发质异常,
HP:0010720,Abnormal hair pattern,毛发分布异常,
HP:0010721,Abnormal hair whorl,毛发异常旋涡式生长,
HP:0010722,Asymmetry of the ears,耳朵不对称,
HP:0010723,Cystic lesions of the pinnae,耳廓囊性病变,
HP:0010724,Advanced pneumatization of the mastoid process,乳突过度气化,
HP:0010726,Prominent corneal nerve fibers,角膜神经纤维突出,
HP:0010727,Spontaneous rupture of the globe,眼球自发破裂,
HP:0010728,Aplasia of the retina,视网膜发育缺陷,
HP:0010729,Cherry red spot of the macula,黄斑樱桃红斑,
HP:0010730,Double eyebrow,双眉,
HP:0010731,Extension of eyebrows towards upper eyelid,眉毛朝上眼睑延伸,
HP:0010732,Nodular changes affecting the eyelids,眼睑的结节样改变,
HP:0010733,Naevus flammeus of the eyelid,眼睑鲜红斑痣,
HP:0010734,Fibrous dysplasia of the bones,骨纤维发育不良,
HP:0010735,Polyostotic fibrous dysplasia,多骨性骨纤维发育不良,
HP:0010736,Monostotic fibrous dysplasia,单骨性骨纤维发育不良,
HP:0010739,Osteopoikilosis,骨斑点症,
HP:0010740,Osteopathia striata,纹状骨病,
HP:0010741,Pedal edema,下肢水肿,
HP:0010742,Edema of the upper limbs,上肢水肿,
HP:0010743,Short metatarsal,短跖骨,
HP:0010744,Absent metatarsal bone,跖骨缺失,
HP:0010745,Aplasia of the phalanges of the toes,趾骨发育不全,
HP:0010746,Hypoplasia of the phalanges of the toes,趾骨发育不良,
HP:0010747,Medial flaring of the eyebrow,眉中部发散扩展,
HP:0010748,Ectopic lacrimal punctum,泪点异位,
HP:0010749,Blepharochalasis,眼皮松弛,
HP:0010750,Dermatochalasis,眼皮松弛,
HP:0010751,Dimple chin,下巴浅凹,
HP:0010752,Cleft mandible,下颌骨裂,
HP:0010753,Midline defect of mandible,下颚骨中线畸形,
HP:0010754,Abnormality of the temporomandibular joint,颞下颌关节异常,
HP:0010755,Asymmetry of the maxilla,上颌骨不对称,
HP:0010756,Aplasia/Hypoplasia of the premaxilla,前颌骨发育不全/发育不良,
HP:0010757,Aplasia of the premaxilla,前颌骨发育不全,
HP:0010758,Abnormality of the premaxilla,前颌骨异常,
HP:0010759,Prominence of the premaxilla,前颌骨突出,
HP:0010760,Absent toe,脚趾缺如,
HP:0010761,Broad columella,宽鼻小柱,
HP:0010762,Chordoma,脊索瘤,
HP:0010763,Low insertion of columella,鼻小柱低插入,
HP:0010764,Short eyelashes,短睫,
HP:0010765,Palmar hyperkeratosis,掌部角化过度,
HP:0010766,Ectopic calcification,异位钙化,
HP:0010767,Sacrococcygeal pilonidal abnormality,骶尾部藏毛异常,
HP:0010769,Pilonidal sinus,藏毛窦,
HP:0010770,Pilonidal fistula,藏毛瘘,
HP:0010771,Pilonidal abscess,藏毛脓肿,
HP:0010772,Anomalous pulmonary venous return,肺静脉回流异常,
HP:0010773,Partial anomalous pulmonary venous return,部分肺静脉回流异常,
HP:0010774,Cor triatriatum,三房心,
HP:0010775,Vascular ring,血管环,
HP:0010776,Tracheobronchmegaly,气管支气管肥大,
HP:0010777,Bronchomegaly,支气管肥大,
HP:0010778,Tracheomegaly,气管肥大,
HP:0010779,Large pelvis bone,大骨盆骨,
HP:0010780,Hyperacusis,听觉过敏,
HP:0010781,Skin dimple,皮肤酒窝征,
HP:0010782,Shoulder dimple,肩酒窝征,
HP:0010783,Erythema,红斑,
HP:0010784,Uterine neoplasm,子宫肿瘤,
HP:0010785,Gonadal neoplasm,性腺肿瘤,
HP:0010786,Urinary tract neoplasm,泌尿系肿瘤,
HP:0010787,Genital neoplasm,生殖器肿瘤,
HP:0010788,Testicular neoplasm,睾丸肿瘤,
HP:0010789,Abnormality of the Leydig cells,睾丸间质细胞异常,
HP:0010790,Hypoplasia of the Leydig cells,睾丸间质细胞发育不全,
HP:0010791,Hyperplasia of the Leydig cells,睾丸间质细胞增生,
HP:0010793,Bifid nail,甲分离,
HP:0010794,Impaired visuospatial constructive cognition,视空间结构认知障碍,
HP:0010795,Cerebellar glioma,小脑胶质瘤,
HP:0010796,Brainstem glioma,脑干胶质瘤,
HP:0010797,Hemangioblastoma,血管母细胞瘤,
HP:0010798,Lip freckle,唇雀斑,
HP:0010799,Pinealoma,松果体瘤,
HP:0010800,Absent cupid's bow,丘比特弓缺失,
HP:0010801,Underdeveloped nasolabial fold,鼻唇区发育不全,
HP:0010802,Perioral hyperpigmentation,口周色素沉着过度,
HP:0010803,Everted upper lip vermilion,上唇唇红外翻,
HP:0010804,Tented upper lip vermilion,帐篷状上唇,
HP:0010805,Upturned corners of mouth,嘴角上翘,
HP:0010806,U-Shaped upper lip vermilion,U型上红唇,
HP:0010807,Open bite,开牙合,
HP:0010808,Protruding tongue,舌头过长,
HP:0010809,Broad uvula,宽悬雍垂,
HP:0010810,Long uvula,长悬雍垂,
HP:0010811,Narrow uvula,悬雍垂狭窄,
HP:0010812,Short uvula,悬雍垂短小,
HP:0010813,Abnormal number of hair whorls,发旋数量异常,
HP:0010814,Abnormal position of hair whorl,发旋位置异常,
HP:0010815,Nevus sebaceous,皮脂腺痣,
HP:0010816,Epidermal nevus,表皮痣,
HP:0010817,Linear nevus sebaceous,线状皮脂腺痣,
HP:0010818,Generalized tonic seizure,全面性强直发作,
HP:0010819,Atonic seizure,失张力癫痫发作,
HP:0010820,Focal emotional seizure with crying,伴哭泣的局灶情绪性发作,
HP:0010821,Focal emotional seizure with laughing,伴大笑的局灶情绪性发作,
HP:0010822,Scintillating scotoma,闪烁的暗点,
HP:0010823,Ridged cranial sutures,脊状颅缝,
HP:0010824,Abnormal fifth cranial nerve morphology,第V颅神经形态异常,
HP:0010825,Abnormality of the eleventh cranial nerve,第十一对颅神经异常,
HP:0010826,Abnormality of the twelfth cranial nerve,第十二对颅神经异常,
HP:0010827,Abnormal seventh cranial physiology,第七颅骨生理异常,
HP:0010828,Hemifacial spasm,偏侧面肌痉挛,
HP:0010829,Impaired temperature sensation,温度觉障碍,
HP:0010830,Impaired tactile sensation,触觉障碍,
HP:0010831,Impaired proprioception,本体感觉障碍,
HP:0010832,Abnormality of pain sensation,痛觉异常,
HP:0010833,Spontaneous pain sensation,自发性疼痛感,
HP:0010834,Trophic changes related to pain,与疼痛相关的营养改变,
HP:0010835,Dissociated sensory loss,分离性感觉缺失,
HP:0010836,Abnormal circulating copper concentration,铜稳态平衡异常,
HP:0010837,Decreased circulating ceruloplasmin concentration,血清铜蓝蛋白降低,
HP:0010838,High nonceruloplasmin-bound serum copper,高浓度非铜蓝蛋白结合型血清铜离子,
HP:0010839,Increased urinary copper concentration,尿液铜浓度增高,
HP:0010841,Multifocal epileptiform discharges,多灶性痫样放电,
HP:0010843,EEG with focal slow activity,脑电图局灶性慢活动,
HP:0010844,EEG with multifocal slow activity,脑电图，多灶性慢活动,
HP:0010845,EEG with generalized slow activity,脑电图，广泛性慢活动,
HP:0010846,EEG with persistent abnormal rhythmic activity,脑电图，异常的持续性节律活动,
HP:0010847,EEG with spike-wave complexes (<2.5 Hz),小于2.5赫兹棘慢复合波脑电图,
HP:0010848,EEG with spike-wave complexes (2.5-3.5 Hz),脑电图，棘慢复合波（2.5-3.5赫兹）,
HP:0010849,EEG with spike-wave complexes (>3.5 Hz),大于3.5赫兹棘慢复合波脑电图,
HP:0010850,EEG with spike-wave complexes,脑电图，棘慢复合波,
HP:0010851,EEG with burst suppression,EEG伴爆发抑制,
HP:0010852,EEG with photoparoxysmal response,脑电图，光阵发性反应,
HP:0010853,EEG with periodic lateralized epileptiform discharges,脑电图，周期性一侧癫痫样放电,
HP:0010854,EEG with generalized low amplitude activity,脑电图，广泛性低波幅活动,
HP:0010855,EEG with localized low amplitude activity,脑电图，局部低波幅活动,
HP:0010856,EEG with periodic complexes,脑电图，周期复合波,
HP:0010857,EEG with periodic abnormalities,脑电图，周期性异常,
HP:0010858,EEG with hyperventilation-induced epileptiform discharges,脑电图，过度换气诱发的癫痫样放电,
HP:0010859,Frank breech presentation,单臀先露,
HP:0010860,Complete breech presentation,完全臀先露,
HP:0010861,Incomplete breech presentation,不完全臀先露,
HP:0010862,Delayed fine motor development,精细动作发育迟缓,
HP:0010863,Receptive language delay,接受性语言发育迟缓,
HP:0010864,"Intellectual disability, severe",重度智力障碍,
HP:0010865,Oppositional defiant disorder,对立违抗性障碍,
HP:0010866,Abdominal wall defect,腹壁缺损,
HP:0010867,Dyssynergia,协同失调,
HP:0010868,Ocular dyssynergia,眼协同失调,
HP:0010869,Asynergia,协调不能,
HP:0010871,Sensory ataxia,感觉性共济失调,
HP:0010872,T-wave inversion,T波倒置,
HP:0010873,Cervical spinal cord atrophy,颈髓萎缩,
HP:0010874,Tendon xanthomatosis,腱黄瘤病,
HP:0010875,Chaddock reflex,Chaddock 反射,
HP:0010876,Abnormal circulating protein concentration,血液蛋白水平异常,
HP:0010877,Monocular strabismus,单眼斜视,
HP:0010878,Fetal cystic hygroma,胎儿囊状水瘤,
HP:0010879,Postnatal cystic hygroma,出生后囊状水瘤,
HP:0010880,Increased nuchal translucency,颈部透明层厚度增加,
HP:0010881,Abnormality of the umbilical cord,脐带异常,
HP:0010882,Pulmonary valve atresia,肺动脉瓣闭锁,
HP:0010883,Aortic valve atresia,主动脉瓣闭锁,
HP:0010884,Acromelia,肢端短缩,
HP:0010885,Avascular necrosis,缺血性坏死,
HP:0010886,Osteochondritis dissecans,剥脱性骨软骨炎,
HP:0010888,Morbus Koehler,Koehler病,
HP:0010889,Morbus Kienboeck,Kienboeck病,
HP:0010890,Morbus Osgood-Schlatter,Osgood-Schlatter病,
HP:0010891,Morbus Scheuermann,Scheuermann病,
HP:0010892,Abnormal circulating branched chain amino acid concentration,支链族氨基酸代谢异常,
HP:0010893,Abnormal circulating phenylalanine concentration,苯丙氨酸代谢异常,
HP:0010894,Abnormal circulating serine family amino acid concentration,丝氨酸族氨基酸代谢异常,
HP:0010895,Abnormal circulating glycine concentration,甘氨酸代谢异常,
HP:0010896,Hypersarcosinemia,高肌氨酸血症,
HP:0010897,Hypersarcosinuria,高肌氨酸尿症,
HP:0010898,Abnormal circulating sarcosine concentration,肌氨酸代谢异常,
HP:0010899,Abnormal circulating aspartate family amino acid concentration,天冬氨酸族的氨基酸代谢异常,
HP:0010900,Abnormal circulating threonine concentration,苏氨酸代谢异常,
HP:0010901,Abnormal circulating methionine concentration,甲硫氨酸代谢异常,
HP:0010902,Abnormal circulating glutamine family amino acid concentration,谷氨酰胺族氨基酸代谢异常,
HP:0010903,Abnormal circulating glutamine concentration,谷氨酰胺代谢异常,
HP:0010904,Abnormal circulating histidine concentration,组氨酸族氨基酸代谢异常,
HP:0010906,Hyperhistidinemia,高组氨酸血症,
HP:0010907,Abnormal circulating proline concentration,脯氨酸代谢异常,
HP:0010908,Abnormal circulating lysine concentration,赖氨酸代谢异常,
HP:0010909,Abnormal circulating arginine concentration,精氨酸代谢异常,
HP:0010910,Hypervalinemia,高缬氨酸血症,
HP:0010911,Hyperleucinemia,高亮氨酸血症,
HP:0010912,Abnormal circulating isoleucine concentration,异亮氨酸代谢异常,
HP:0010913,Hyperisoleucinemia,高异亮氨酸血症,
HP:0010914,Abnormal circulating valine concentration,缬氨酸代谢异常,
HP:0010915,Abnormal circulating pyruvate family amino acid concentration,丙酮酸族氨基酸代谢异常,
HP:0010916,Abnormal circulating alanine concentration,丙氨酸代谢异常,
HP:0010917,Abnormal circulating tyrosine concentration,酪氨酸代谢异常,
HP:0010918,Abnormal circulating cysteine concentration,半胱氨酸代谢异常,
HP:0010919,Abnormal circulating homocysteine concentration,同型半胱氨酸代谢异常,
HP:0010920,Zonular cataract,带状白内障,
HP:0010921,Coralliform cataract,珊瑚状白内障,
HP:0010922,Membranous cataract,膜性白内障,
HP:0010923,Anterior subcapsular cataract,前囊下白内障,
HP:0010924,Posterior cortical cataract,后皮质型白内障,
HP:0010925,Nuclear punctate cataract,核性点状白内障,
HP:0010926,Aculeiform cataract,皮刺状白内障,
HP:0010927,Abnormal blood inorganic cation concentration,二价无机阳离子稳态平衡异常,
HP:0010929,Abnormal blood cation concentration,阳离子的稳态平衡异常,
HP:0010930,Abnormal blood monovalent inorganic cation concentration,单价无机阳离子稳态平衡异常,
HP:0010931,Abnormal blood sodium concentration,钠离子稳态平衡异常,
HP:0010932,Abnormal circulating nucleobase concentration,核碱基代谢异常,
HP:0010933,Hyperxanthinemia,黄嘌呤代谢异常,
HP:0010934,Xanthinuria,黄嘌呤尿症,
HP:0010935,Abnormality of the upper urinary tract,上尿路异常,
HP:0010936,Abnormality of the lower urinary tract,下尿路异常,
HP:0010937,Abnormal nasal skeleton morphology,鼻骨形态异常,
HP:0010938,Abnormal external nose morphology,外鼻形态异常,
HP:0010939,Abnormal nasal bone morphology,鼻骨骼形态异常,
HP:0010940,Aplasia/Hypoplasia of the nasal bone,鼻骨发育不全/发育不良,
HP:0010941,Aplasia of the nasal bone,鼻骨未发育,
HP:0010942,Echogenic intracardiac focus,心室强光点,
HP:0010943,Echogenic fetal bowel,胎儿肠管回声增强,
HP:0010944,Abnormal renal pelvis morphology,肾盂形态异常,
HP:0010945,Fetal pyelectasis,胎儿肾盂扩张,
HP:0010946,Dilatation of the renal pelvis,肾盂扩张,
HP:0010947,Abnormality of ductus venosus blood flow,静脉导管血流异常,
HP:0010948,Abnormal fetal cardiovascular morphology,胎儿心血管形态异常,
HP:0010949,Abnormality of umbilical vein blood flow,脐静脉血流异常,
HP:0010950,Abnormal fourth ventricle morphology,第四脑室形态异常,
HP:0010951,Abnormal third ventricle morphology,第三脑室形态异常,
HP:0010952,Mild fetal ventriculomegaly,轻度胎儿脑室扩大,
HP:0010953,Noncommunicating hydrocephalus,非交通性脑积水,
HP:0010954,Hypoplastic right heart,右心发育不全,
HP:0010955,Dilatation of the bladder,膀胱扩张,
HP:0010956,Fetal megacystis,胎儿巨膀胱症,
HP:0010957,Congenital posterior urethral valve,先天性后尿道瓣膜,
HP:0010958,Bilateral renal agenesis,双肾缺如,
HP:0010959,Congenital pulmonary airway malformation,先天性肺气道畸形,
HP:0010963,Absence of stomach bubble on fetal sonography,胎儿超声下胃泡缺如,
HP:0010964,Abnormal circulating long-chain fatty-acid concentration,长链脂肪酸代谢异常,
HP:0010965,Abnormal circulating phytanic acid concentration,植烷酸代谢异常,
HP:0010966,Abnormal circulating fatty-acid anion concentration,脂肪酸阴离子代谢异常,
HP:0010967,Abnormal circulating carnitine concentration,肉碱代谢异常,
HP:0010968,Abnormality of liposaccharide metabolism,脂多糖代谢异常,
HP:0010969,Abnormality of glycolipid metabolism,糖脂代谢异常,
HP:0010970,Blood group antigen abnormality,血型抗原异常,
HP:0010971,Absence of Lutheran antigen on erythrocytes,红细胞Lutheran抗原缺失,
HP:0010972,Anemia of inadequate production,红细胞 生成不足性贫血,
HP:0010974,Abnormal myeloid leukocyte morphology,髓系白细胞形态异常,
HP:0010975,Abnormal B cell count,B细胞数量异常,
HP:0010976,B lymphocytopenia,B淋巴细胞减少症,
HP:0010977,Abnormal phagocytosis,吞噬作用异常,
HP:0010978,Abnormality of immune system physiology,免疫系统功能异常,
HP:0010979,Abnormality of lipoprotein cholesterol concentration,脂蛋白胆固醇水平的异常,
HP:0010980,Hyperlipoproteinemia,高脂蛋白血症,
HP:0010981,Hypolipoproteinemia,低脂蛋白血症,
HP:0010982,Polygenic inheritance,多基因遗传,
HP:0010983,Oligogenic inheritance,寡基因遗传,
HP:0010984,Digenic inheritance,双基因遗传,
HP:0010987,Abnormal cellular immune system morphology,细胞免疫系统形态异常,
HP:0010988,Abnormality of the extrinsic pathway,外源性凝血异常,
HP:0010989,Abnormality of the intrinsic pathway,内源性凝血异常,
HP:0010990,Abnormality of the common coagulation pathway,共同凝血途径异常,
HP:0010991,Abnormal morphology of the abdominal musculature,腹部肌肉组织形态异常,
HP:0010992,Stress urinary incontinence,应激性尿失禁,
HP:0010993,Abnormal cerebral subcortex morphology,大脑皮质下形态异常,
HP:0010994,Abnormal corpus striatum morphology,纹状体形态异常,
HP:0010995,Abnormal circulating dicarboxylic acid concentration,二羧酸代谢异常,
HP:0010996,Abnormal circulating monocarboxylic acid concentration,循环单羧酸水平异常,
HP:0010997,Chromosomal breakage induced by ionizing radiation,电离辐射诱发的染色体断裂,
HP:0010998,Increased susceptibility to spontaneous sister chromatid exchange,姐妹染色单体自发性交换的易发性增高,
HP:0010999,Aplasia of the optic tract,视束的发育缺陷,
HP:0011000,Aplasia/Hypoplasia of the optic tract,视束发育缺陷/发育不全,
HP:0011001,Increased bone mineral density,骨密度增加,
HP:0011002,Osteopetrosis,骨硬化,
HP:0011003,High myopia,高度近视,
HP:0011004,Abnormal systemic arterial morphology,全身动脉形态异常,
HP:0011005,Mixed cirrhosis,混合性肝硬化,
HP:0011006,Abnormal morphology of the musculature of the neck,颈部肌肉形态异常,
HP:0011008,Temporal pattern,疾病进展的时限性,
HP:0011009,Acute,急性,
HP:0011010,Chronic,慢性,
HP:0011011,Subacute,亚急性,
HP:0011012,Abnormal circulating polysaccharide concentration,多糖代谢异常,
HP:0011013,Abnormal circulating carbohydrate concentration,碳水化合物代谢/体内稳态平衡异常,
HP:0011014,Abnormal glucose homeostasis,葡萄糖内稳态平衡异常,
HP:0011015,Abnormal blood glucose concentration,血糖浓度异常,
HP:0011017,Abnormal cellular physiology,细胞生理异常,
HP:0011018,Abnormality of the cell cycle,细胞周期异常,
HP:0011019,Abnormality of chromosome condensation,染色体凝缩异常,
HP:0011020,Abnormality of mucopolysaccharide metabolism,粘多糖代谢异常,
HP:0011021,Abnormal circulating enzyme concentration,循环酶水平异常,
HP:0011022,Abnormal circulating unsaturated fatty acid concentration,不饱和脂肪酸代谢异常,
HP:0011023,Abnormal circulating prostaglandin circulation,前列腺素代谢异常,
HP:0011024,Abnormality of the gastrointestinal tract,胃肠道异常,
HP:0011025,Abnormal cardiovascular system physiology,心血管系统生理异常,
HP:0011026,Aplasia/Hypoplasia of the vagina,阴道发育不全/发育不良,
HP:0011027,Abnormal fallopian tube morphology,输卵管形态异常,
HP:0011028,Abnormality of blood circulation,血液循环异常,
HP:0011029,Internal hemorrhage,内出血,
HP:0011030,Abnormal blood transition element cation concentration,过渡元素阳离子稳态平衡异常,
HP:0011031,Abnormality of iron homeostasis,铁紊乱,
HP:0011032,Abnormality of fluid regulation,体液调节异常,
HP:0011033,Impairment of fructose metabolism,果糖代谢障碍,
HP:0011034,Amyloidosis,淀粉样变,
HP:0011035,Abnormal renal cortex morphology,肾皮质形态异常,
HP:0011036,Abnormality of renal excretion,肾排泄异常,
HP:0011037,Decreased urine output,少尿,
HP:0011038,Abnormal renal tubular resorption,肾小管重吸收异常,
HP:0011039,Abnormal helix morphology,耳轮形态异常,
HP:0011040,Abnormal intrahepatic bile duct morphology,肝内胆管形态异常,
HP:0011041,Aplasia/Hypoplasia of the cervical spine,颈椎发育不全/发育不良,
HP:0011042,Abnormal blood potassium concentration,钾离子稳态平衡异常,
HP:0011043,Abnormal circulating adrenocorticotropin concentration,循环促肾上腺皮质激素水平异常,
HP:0011044,Abnormal number of permanent teeth,恒牙数目异常,
HP:0011045,Agenesis of permanent maxillary central incisor,上颌恒中切牙发育不全,
HP:0011046,Agenesis of primary maxillary central incisor,乳上颌中切牙发育不全,
HP:0011047,Agenesis of primary mandibular central incisor,乳下颌中切牙发育不全,
HP:0011048,Agenesis of permanent mandibular central incisor,下颌恒中切牙发育不全,
HP:0011049,Agenesis of primary maxillary lateral incisor,乳上颌侧切牙发育不全,
HP:0011050,Agenesis of permanent maxillary lateral incisor,恒上颌侧切牙发育不全,
HP:0011051,Agenesis of premolar,前磨牙发育不全,
HP:0011052,Agenesis of maxillary premolar,上颌小臼齿发育不全,
HP:0011053,Agenesis of mandibular premolar,下颌前臼齿（前磨牙）发育不全,
HP:0011054,Agenesis of molar,大臼齿未发育,
HP:0011055,Agenesis of permanent molar,恒大臼齿发育不全,
HP:0011056,Agenesis of first permanent molar tooth,第一恒磨牙发育不全,
HP:0011057,Agenesis of second permanent molar,第二恒磨牙发育不全,
HP:0011058,Generalized periodontitis,泛发性牙周炎,
HP:0011059,Localized periodontitis,局部牙周炎,
HP:0011060,Dentinogenesis imperfecta limited to primary teeth,乳牙牙本质发育不良,
HP:0011061,Abnormality of dental structure,牙齿结构异常,
HP:0011062,Misalignment of incisors,门牙错位,
HP:0011063,Abnormal incisor morphology,门齿形态异常,
HP:0011064,Abnormal number of incisors,切牙数目异常,
HP:0011065,Conical incisor,锥状切牙,
HP:0011067,Mesiodens,正中多生牙,
HP:0011068,Odontoma,牙瘤,
HP:0011069,Supernumerary tooth,多生牙,
HP:0011070,Abnormal molar morphology,大臼齿形态异常,
HP:0011071,Abnormal permanent molar morphology,恒磨牙形态异常,
HP:0011072,Rootless teeth,无根牙,
HP:0011073,Abnormality of dental color,牙齿颜色异常,
HP:0011074,Localized hypoplasia of dental enamel,局部牙釉质发育不良,
HP:0011075,Green teeth,绿色牙齿,
HP:0011076,Abnormality of premolar,小臼齿恒牙异常,
HP:0011077,Abnormality of molar,大臼齿异常,
HP:0011078,Abnormality of canine,犬齿异常,
HP:0011079,Impacted tooth,阻生牙,
HP:0011080,Abnormal premolar morphology,小臼齿恒牙形态异常,
HP:0011081,Incisor macrodontia,巨大切牙,
HP:0011082,Conical primary incisor,锥状乳切牙,
HP:0011083,Conical maxillary incisor,锥状上切牙,
HP:0011084,Hypocalcification of dental enamel,牙釉质钙化不全,
HP:0011085,Hypomature dental enamel,牙釉质发育不全,
HP:0011086,Dentinogenesis imperfecta of primary and permanent teeth,乳牙与恒牙牙本质发育不良,
HP:0011087,Talon cusp,副牙尖,
HP:0011088,Dens in dente,齿中齿,
HP:0011089,Double tooth,双齿,
HP:0011090,Fused teeth,融合牙,
HP:0011091,Gemination,双体牙,
HP:0011092,Mulberry molar,桑葚状大臼齿,
HP:0011093,Molarization of premolar,前磨牙磨牙化,
HP:0011094,Increased overbite,过咬合,
HP:0011095,Overjet,横向过咬合,
HP:0011096,Peripheral demyelination,周围性脱髓鞘,
HP:0011097,Epileptic spasm,癫痫性痉挛,
HP:0011098,Speech apraxia,失读症,
HP:0011099,Spastic hemiparesis,痉挛性偏瘫,
HP:0011100,Intestinal atresia,肠闭锁,
HP:0011102,Ileal atresia,回肠闭锁,
HP:0011103,Abnormal left ventricular outflow tract morphology,左室流出道形态异常,
HP:0011104,Abnormality of blood volume homeostasis,血容量稳态异常,
HP:0011105,Hypervolemia,血容量过多,
HP:0011106,Hypovolemia,血容量不足,
HP:0011107,Recurrent aphthous stomatitis,复发性口疮性口炎,
HP:0011108,Recurrent sinusitis,复发性鼻窦炎,
HP:0011109,Chronic sinusitis,慢性鼻窦炎,
HP:0011110,Recurrent tonsillitis,复发性扁桃体炎,
HP:0011111,Abnormal immune serum protein physiology,免疫血清蛋白生理异常,
HP:0011112,Abnormal circulating cytokine concentration,循环细胞因子水平异常,
HP:0011113,Abnormality of cytokine secretion,细胞因子分泌异常,
HP:0011114,Defective production of NFKB1-dependent cytokines,NFKB1依赖的细胞因子产生缺陷,
HP:0011115,Abnormal circulating chemokine concentration,循环趋化因子水平异常,
HP:0011116,Abnormal circulating interferon concentration,循环干扰素水平异常,
HP:0011117,Abnormal circulating interleukin concentration,循环白细胞介素水平异常,
HP:0011118,Abnormality of tumor necrosis factor secretion,肿瘤坏死因子分泌异常,
HP:0011119,Abnormal nasal dorsum morphology,鼻背形态异常,
HP:0011120,Concave nasal ridge,凹鼻嵴,
HP:0011121,Abnormal skin morphology,皮肤形态异常,
HP:0011122,Abnormality of skin physiology,皮肤生理异常,
HP:0011123,Inflammatory abnormality of the skin,皮肤炎症反应,
HP:0011124,Abnormal epidermal morphology,表皮形态异常,
HP:0011125,Abnormality of dermal melanosomes,真皮黑素小体异常,
HP:0011126,Nephroptosis,肾下垂,
HP:0011127,Perioral eczema,口周湿疹,
HP:0011128,Acute esophageal necrosis,急性食管坏死,
HP:0011129,Bilateral fetal pyelectasis,胎儿双侧肾盂扩张,
HP:0011130,Abnormal renal calyx morphology,肾盏形态异常,
HP:0011131,Perianal dermatitis,肛周皮炎,
HP:0011132,Chronic furunculosis,慢性疖病,
HP:0011133,Increased sensitivity to ionizing radiation,电离辐射敏感性增强,
HP:0011134,Low-grade fever,低热,
HP:0011135,Aplasia/Hypoplasia of the sweat glands,汗腺发育缺陷/不全,
HP:0011136,Aplasia of the sweat glands,汗腺发育不全,
HP:0011137,Non-pruritic urticaria,非瘙痒性荨麻疹,
HP:0011138,Abnormal skin adnexa morphology,皮肤附件形态异常,
HP:0011139,Gastric duplication,胃重复,
HP:0011140,Gastrointestinal duplication,胃肠重复,
HP:0011141,Age-related cataract,年龄相关性白内障,
HP:0011142,Age-related nuclear cataract,年龄相关的核性白内障,
HP:0011143,Age-related cortical cataract,年龄相关性皮质白内障,
HP:0011144,Age-related posterior subcapsular cataract,年龄相关后囊下白内障,
HP:0011145,Symptomatic seizures,症状性癫痫发作,
HP:0011146,Dialeptic seizure,愣神发作,
HP:0011147,Typical absence seizure,典型的失神发作,
HP:0011149,Absence seizure with eyelid myoclonia,失神发作伴眼睑肌阵挛,
HP:0011150,Myoclonic absence seizure,肌阵挛失神发作,
HP:0011151,Atypical absence status epilepticus,非典型失神癫痫持续状态,
HP:0011152,Early onset absence seizures,早发性失神发作,
HP:0011153,Focal motor seizure,局灶性运动性癫痫发作,
HP:0011154,Focal autonomic seizure,局灶性自主神经癫痫发作,
HP:0011157,Focal sensory seizure,局灶性感觉性发作,
HP:0011158,Focal sensory seizure with auditory features,伴有听觉特征的局灶性感觉发作,
HP:0011159,Focal autonomic seizure with epigastric sensation/nausea/vomiting/other gastrointestinal phenomena,局灶性自主神经性癫痫发作伴上腹部感觉/恶心/呕吐/其他胃肠道现象,
HP:0011160,Focal sensory seizure with gustatory features,出现味觉异常的局灶性癫痫,
HP:0011161,Focal sensory seizure with olfactory features,有嗅觉特征的局灶性感觉癫痫,
HP:0011163,Focal sensory seizure with somatosensory features,伴躯体感觉特征的局灶性感觉性癫痫发作,
HP:0011165,Focal sensory seizure with visual features,伴有视觉特征的局灶性感觉发作,
HP:0011166,Focal myoclonic seizure,局灶性肌阵挛发作,
HP:0011167,Focal tonic seizure,局灶性强直发作,
HP:0011168,Focal seizure with eyelid myoclonia,局灶性癫痫伴眼睑肌阵挛,
HP:0011169,Generalized clonic seizure,全面性阵挛性发作,
HP:0011170,Generalized myoclonic-atonic seizure,全面性肌阵挛-失张力发作,
HP:0011171,Simple febrile seizure,单纯型热性惊厥,
HP:0011172,Complex febrile seizure,复杂性高热惊厥,
HP:0011173,Focal behavior arrest seizure,局灶性行为中止性癫痫发作,
HP:0011174,Focal hyperkinetic seizure,局灶性过度运动发作,
HP:0011175,Focal motor seizure with version,局灶性运动癫痫伴旋转,
HP:0011176,EEG with constitutional variants,脑电图固有变异,
HP:0011177,EEG with 4-5/second background activity,4-5次 /秒的脑电图背景活动,
HP:0011178,Alpha-EEG,α脑电波,
HP:0011179,Beta-EEG,β脑电波,
HP:0011180,Partial beta-EEG,部分β-脑电波,
HP:0011181,Low voltage EEG,低波幅脑电图,
HP:0011182,Interictal epileptiform activity,发作间期癫痫样放电,
HP:0011183,EEG with hyperventilation-induced focal epileptiform discharges,脑电图，过度换气诱发的局灶癫痫样放电,
HP:0011184,EEG with hyperventilation-induced generalized epileptiform discharges,脑电图，过度换气诱发的全面性癫痫样放电,
HP:0011185,EEG with focal epileptiform discharges,脑电图局灶性癫痫样放电,
HP:0011186,Focal epileptiform discharges with limited propagation to contralateral hemisphere,局灶性癫痫样放电，有限传播到对侧半球,
HP:0011187,Focal EEG discharges with propagation to ipsilateral hemisphere,脑电图局灶性放电，传播到同侧半球,
HP:0011188,Focal EEG discharges with secondary generalization,局灶性脑放电继发泛化,
HP:0011189,Bilateral multifocal epileptiform discharges,双侧多灶性痫样放电,
HP:0011190,Uni- and bilateral multifocal epileptiform discharges,单侧和双侧多灶性痫样放电,
HP:0011191,Unilateral multifocal epileptiform discharges,单侧多灶性癫痫样放电,
HP:0011192,Polymorphic focal epileptiform discharges,多态局灶性癫痫样放电,
HP:0011193,EEG with focal spikes,脑电图，局灶性棘波,
HP:0011194,EEG with series of focal spikes,脑电图，成簇局灶棘波,
HP:0011195,EEG with focal sharp slow waves,脑电图，局灶性尖慢波,
HP:0011196,EEG with focal sharp waves,脑电图，局灶性尖波,
HP:0011197,EEG with focal spike waves,脑电图，局灶性棘慢波,
HP:0011198,EEG with generalized epileptiform discharges,脑电图，伴广泛性癫痫样放电,
HP:0011199,EEG with generalized sharp slow waves,脑电图，伴广泛性尖慢波,
HP:0011200,EEG with generalized polymorphic epileptiform discharges,脑电图，伴广泛性多态癫痫样放电,
HP:0011201,EEG with changes in voltage,脑电图，电压变化,
HP:0011202,EEG with diffuse acceleration,脑电图弥漫性加快,
HP:0011203,EEG with abnormally slow frequencies,伴异常缓慢频率的脑电图,
HP:0011204,EEG with continuous slow activity,脑电图持续慢活动,
HP:0011205,EEG with intermittent slow activity,脑电图间歇性慢活动,
HP:0011206,EEG with generalized slow activity grade 1,脑电图，广泛性慢活动1级,
HP:0011207,EEG with generalized slow activity grade 2,脑电图，广泛性慢活动2级,
HP:0011208,EEG with generalized slow activity grade 3,脑电图，广泛性慢活动3级,
HP:0011209,EEG with generalized slow activity grade 4,脑电图，广泛性慢活动4级,
HP:0011210,EEG with occipital slowing,脑电图，枕部慢波,
HP:0011211,EEG with photoparoxysmal response grade I,脑电图，光阵发性反应I级,
HP:0011212,EEG with photoparoxysmal response grade II,脑电图，光阵发性反应 II级,
HP:0011213,EEG with photoparoxysmal response grade III,脑电图，光阵发性反应III级,
HP:0011214,EEG with photoparoxysmal response grade IV,脑电图，光阵发性反应Ⅳ级,
HP:0011215,Hemihypsarrhythmia,偏侧高度节律失调,
HP:0011217,Abnormal shape of the occiput,枕部畸形,
HP:0011218,Abnormal shape of the frontal region,前额部形状异常,
HP:0011219,Short face,短脸,
HP:0011220,Prominent forehead,前额中央突出,
HP:0011221,Vertical forehead creases,额头皱纹垂直,
HP:0011222,Depressed glabella,印堂凹陷,
HP:0011223,Metopic depression,额头下陷,
HP:0011224,Ablepharon,无睑畸形,
HP:0011225,Epiblepharon,睑赘皮,
HP:0011226,Aplasia/Hypoplasia of the eyelid,眼睑发育不全／未发育,
HP:0011227,Elevated circulating C-reactive protein concentration,C-反应蛋白水平升高,
HP:0011228,Horizontal eyebrow,横眉,
HP:0011229,Broad eyebrow,宽眉,
HP:0011230,Laterally extended eyebrow,横向延伸眉,
HP:0011231,Prominent eyelashes,睫毛突出,
HP:0011232,Infra-orbital fold,眶下皱襞,
HP:0011233,Antihelical shelf,对耳轮畸形,
HP:0011234,Absent antihelix,对耳轮缺失,
HP:0011235,Additional crus of antihelix,对耳轮脚增多,
HP:0011236,Angulated antihelix,对耳轮棱型,
HP:0011237,Broad inferior crus of antihelix,对耳轮下脚宽,
HP:0011238,Prominent inferior crus of antihelix,对耳轮下脚突出,
HP:0011239,Underdeveloped inferior crus of antihelix,对耳轮下脚发育不良,
HP:0011240,Prominent stem of antihelix,对耳轮干突出,
HP:0011241,Serpiginous stem of antihelix,匐行性对耳轮干,
HP:0011242,Underdeveloped stem of antihelix,对耳轮干发育不良,
HP:0011243,Abnormality of inferior crus of antihelix,对耳轮下脚异常,
HP:0011244,Abnormality of stem of antihelix,对耳轮干异常,
HP:0011245,Abnormality of superior crus of antihelix,对耳轮上脚异常,
HP:0011246,Underdeveloped superior crus of antihelix,对耳轮上脚发育不良,
HP:0011247,Prominent superior crus of antihelix,对耳轮上脚突出,
HP:0011248,Everted antitragus,对耳屏外翻,
HP:0011249,Absent antitragus,对耳屏缺失,
HP:0011250,Bifid antitragus,对耳屏裂,
HP:0011251,Underdeveloped antitragus,对耳屏发育不良,
HP:0011252,Cryptotia,隐耳,
HP:0011253,Type I cryptotia,Ⅰ型隐耳,
HP:0011254,Type II cryptotia,Ⅱ型隐耳,
HP:0011255,Absent crus of helix,耳轮脚缺失,
HP:0011256,Crus of helix connected to antihelix,耳轮脚与对耳轮粘连,
HP:0011257,Serpiginous crus of helix,匐行性耳轮脚,
HP:0011258,Tragal bridge of crus of helix,耳前切迹,
HP:0011259,Expanded terminal portion of crus of helix,耳轮脚末端膨大,
HP:0011260,Darwin notch of helix,耳轮达尔文缺口,
HP:0011261,Darwin tubercle of helix,耳轮达尔文结节,
HP:0011262,Crimped helix,耳轮卷曲,
HP:0011263,Forward facing earlobe,前向耳垂,
HP:0011264,Discontinuous ascending root of helix,耳轮根部上升段不连续,
HP:0011265,Cleft earlobe,耳垂裂,
HP:0011266,"Microtia, first degree",小耳畸形，1级,
HP:0011267,"Microtia, third degree",小耳畸形，3级,
HP:0011268,Absent tragus,耳屏缺失,
HP:0011269,Bifid tragus,耳屏裂,
HP:0011270,Duplicated tragus,双耳屏,
HP:0011271,Prominent tragus,耳屏突出,
HP:0011272,Underdeveloped tragus,耳屏发育不良,
HP:0011273,Anisocytosis,红细胞大小不均,
HP:0011274,Recurrent mycobacterial infections,反复分枝杆菌感染,
HP:0011275,Recurrent mycobacterium avium complex infections,反复鸟分枝杆菌复合菌感染,
HP:0011276,Vascular skin abnormality,皮肤血管异常,
HP:0011277,Abnormality of the urinary system physiology,泌尿系统生理异常,
HP:0011278,Intrapulmonary lobar sequestration,肺内型肺叶隔离症,
HP:0011279,Abnormality of urine bicarbonate level,尿碳酸氢盐水平异常,
HP:0011280,Abnormality of urine calcium concentration,尿钙浓度异常,
HP:0011281,Abnormality of urine catecholamine level,尿儿茶酚胺水平异常,
HP:0011282,Abnormal hindbrain morphology,后脑形态异常,
HP:0011283,Abnormal metencephalon morphology,后脑形态异常,
HP:0011284,Short-segment aganglionic megacolon,短段无神经节巨结肠,
HP:0011285,Long-segment aganglionic megacolon,长节段无神经节巨结肠,
HP:0011286,Total colonic aganglionosis,全结肠无神经节细胞,
HP:0011287,EEG with occipital sharp slow waves,脑电图，枕部尖慢波,
HP:0011288,EEG with parietal sharp slow waves,脑电图，伴顶部尖慢波,
HP:0011289,EEG with temporal sharp slow waves,脑电图，颞区尖慢波,
HP:0011290,EEG with frontal sharp slow waves,脑电图，额部尖慢波,
HP:0011291,EEG with central sharp slow waves,脑电图，伴中央区尖慢波,
HP:0011292,EEG with occipital sharp waves,脑电图，枕部尖波,
HP:0011293,EEG with central sharp waves,脑电图，伴中央区尖波,
HP:0011294,EEG with frontal sharp waves,脑电图，伴额叶尖波,
HP:0011295,EEG with parietal sharp waves,脑电图，伴顶部尖波,
HP:0011296,EEG with temporal sharp waves,脑电图，颞区尖波,
HP:0011297,Abnormal digit morphology,手指/脚趾形态异常,
HP:0011298,Prominent digit pad,指节垫,
HP:0011299,Partial absence of finger,手指部分缺失,
HP:0011300,Broad fingertip,指尖变宽,
HP:0011301,Absent foot,足缺如,
HP:0011302,Long palm,长掌,
HP:0011303,Convex contour of sole,足底外侧凸起,
HP:0011304,Broad thumb,拇指变宽,
HP:0011305,Partial absence of toe,脚趾部分缺失,
HP:0011307,Splayed toes,分叉趾,
HP:0011308,Slender toe,修长趾,
HP:0011309,Tapered toe,锥形趾,
HP:0011310,Bridged palmar crease,桥型掌纹,
HP:0011311,Sydney crease,悉尼折痕,
HP:0011312,Fused nails,融合甲,
HP:0011313,Narrow nail,窄甲,
HP:0011314,Abnormal long bone morphology,长骨形态异常,
HP:0011315,Unicoronal synostosis,单侧冠状缝闭合,
HP:0011316,Left unicoronal synostosis,左侧冠状缝闭合,
HP:0011317,Right unicoronal synostosis,右侧冠状缝闭合,
HP:0011318,Bicoronal synostosis,双侧冠状缝闭合,
HP:0011319,Bilambdoid synostosis,双侧人字缝闭合,
HP:0011320,Unilambdoid synostosis,单侧人字缝闭合,
HP:0011321,Left unilambdoid synostosis,左侧人字缝早闭,
HP:0011322,Right unilambdoid synostosis,右侧人字缝早闭,
HP:0011323,Cleft of chin,下颚裂,
HP:0011324,Multiple suture craniosynostosis,多个颅缝早闭,
HP:0011325,Pansynostosis,泛颅缝早闭,
HP:0011326,Anterior plagiocephaly,前斜头畸形,
HP:0011327,Posterior plagiocephaly,后斜头畸形,
HP:0011328,Abnormal fontanelle morphology,囟门形态异常,
HP:0011329,Abnormality of cranial sutures,颅缝异常,
HP:0011330,Metopic synostosis,额缝早闭,
HP:0011331,Hemifacial atrophy,半侧面部萎缩,
HP:0011332,Hemifacial hypoplasia,面肌发育不全,
HP:0011333,Asymmetric crying face,不对称哭容,
HP:0011334,Facial shape deformation,脸型异常,
HP:0011335,Frontal hirsutism,前额多毛,
HP:0011336,Bitemporal forceps marks,双颞钳痕,
HP:0011337,Abnormality of mouth size,嘴巴大小异常,
HP:0011338,Abnormality of mouth shape,嘴形异常,
HP:0011339,Abnormality of upper lip vermillion,上唇红异常,
HP:0011340,Incomplete cleft of the upper lip,上唇不完全唇裂,
HP:0011341,Long upper lip,上唇肥厚,
HP:0011342,Mild global developmental delay,轻度全面发育延迟,
HP:0011343,Moderate global developmental delay,中度全面发育延迟,
HP:0011344,Severe global developmental delay,严重的全面性发育迟缓,
HP:0011345,Moderate expressive language delay,语言表达中度发育延迟,
HP:0011346,Mild expressive language delay,语言表达轻度发育延迟,
HP:0011347,Abnormality of ocular abduction,眼球外展异常,
HP:0011348,Abnormal sixth cranial nerve morphology,第VI颅神经形态异常,
HP:0011350,Mild receptive language delay,语言理解轻度发育延迟,
HP:0011351,Moderate receptive language delay,语言理解中度发育延迟,
HP:0011352,Severe receptive language delay,严重的理解性语言发育延迟,
HP:0011353,Arterial intimal fibrosis,动脉内膜纤维化,
HP:0011354,Generalized abnormality of skin,泛发性皮肤异常,
HP:0011355,Localized skin lesion,局限性皮损,
HP:0011356,Regional abnormality of skin,皮肤局部异常,
HP:0011358,Generalized hypopigmentation of hair,泛发性毛发色素减退,
HP:0011359,Dry hair,干性毛发,
HP:0011360,Acquired abnormal hair pattern,获得性毛发分布异常,
HP:0011361,Congenital abnormal hair pattern,先天性毛发分布异常,
HP:0011362,Abnormal hair quantity,毛发数量异常,
HP:0011363,Abnormality of hair growth rate,毛发生长速度异常,
HP:0011364,White hair,白发,
HP:0011365,Patchy hypopigmentation of hair,斑片状毛发色素减退,
HP:0011367,Yellow nails,黄指甲,
HP:0011368,Epidermal thickening,表皮增厚,
HP:0011369,Mongolian blue spot,蒙古斑,
HP:0011370,Recurrent cutaneous fungal infections,复发性皮肤真菌感染,
HP:0011371,Recurrent viral skin infections,复发性皮肤病毒感染,
HP:0011372,Aplasia of the inner ear,内耳不发育,
HP:0011373,Incomplete partition of the cochlea,耳蜗不完全分隔,
HP:0011374,Incomplete partition of the cochlea type I,I型耳蜗分隔不全,
HP:0011375,Cochlear aplasia,耳蜗不发育,
HP:0011376,Abnormal morphology of the vestibule of the inner ear,内耳前庭形态异常,
HP:0011377,Aplasia of the vestibule,前庭发育缺陷,
HP:0011378,Hypoplasia of the vestibule of the inner ear,内耳前庭发育不良,
HP:0011379,Dilated vestibule of the inner ear,内耳前庭扩大,
HP:0011380,Abnormal semicircular canal morphology,半规管形态异常,
HP:0011381,Aplasia of the semicircular canal,半规管不发育,
HP:0011382,Hypoplasia of the semicircular canal,半规管发育不全,
HP:0011383,Enlarged semicircular canal,半规管扩大,
HP:0011384,Abnormality of the internal auditory canal,内听道异常,
HP:0011385,Absent internal auditory canal,内耳道缺如,
HP:0011386,Narrow internal auditory canal,内听道狭窄,
HP:0011387,Enlarged vestibular aqueduct,前庭导水管扩大,
HP:0011388,Enlarged cochlear aqueduct,耳蜗导水管扩大,
HP:0011389,Functional abnormality of the inner ear,内耳机能异常,
HP:0011390,Abnormal inner ear morphology,内耳形态异常,
HP:0011391,Abnormal inner ear nerve morphology,内耳神经形态异常,
HP:0011392,Abnormality of the vestibular nerve,前庭神经异常,
HP:0011393,Aplasia of the vestibular nerve.,前庭神经发育缺陷,
HP:0011394,Hypoplasia of the vestibular nerve,前庭神经发育不良,
HP:0011395,Aplasia/Hypoplasia of the cochlea,耳蜗发育缺陷/不全,
HP:0011396,Abnormality of the cochlear nerve,耳蜗神经异常,
HP:0011397,Abnormality of the dorsal column of the spinal cord,脊髓后索异常,
HP:0011399,Tibialis anterior muscle atrophy,胫骨前肌萎缩,
HP:0011400,Abnormal CNS myelination,中枢神经系统髓鞘异常,
HP:0011401,Delayed peripheral myelination,外周神经髓鞘化延迟,
HP:0011402,Demyelinating sensory neuropathy,脱髓鞘性感觉神经病,
HP:0011403,Abnormal umbilical cord blood vessel morphology,脐带血管形态异常,
HP:0011404,Lethal short-trunk short stature,致死性短躯干矮小,
HP:0011405,Childhood onset short-limb short stature,儿童期发病的短肢型矮小,
HP:0011406,Infancy onset short-trunk short stature,婴儿发病的短躯干矮小症,
HP:0011407,Proportionate tall stature,成比例高身材,
HP:0011408,Moderate intrauterine growth retardation,中度胎儿宫内发育迟缓,
HP:0011409,Abnormal placental membrane morphology,胎盘胎膜异常,
HP:0011410,Caesarian section,剖腹产,
HP:0011411,Forceps delivery,产钳助产,
HP:0011412,Ventouse delivery,胎吸分娩,
HP:0011413,Shoulder dystocia,肩难产,
HP:0011414,Hydropic placenta,胎盘水肿,
HP:0011415,Calcified placenta,胎盘钙化,
HP:0011416,Placental infarction,胎盘梗死,
HP:0011417,Long umbilical cord,长脐带,
HP:0011418,Abnormal insertion of umbilical cord,脐带插入点异常,
HP:0011419,Placental abruption,胎盘早剥,
HP:0011420,Age of death,死亡年龄,
HP:0011421,Death in adolescence,青春期死亡,
HP:0011422,Abnormal blood chloride concentration,氯稳态平衡异常,
HP:0011423,Hyperchloremia,高氯血症,
HP:0011424,Increased serum zinc,血清锌含量增高,
HP:0011425,Fetal ultrasound soft marker,胎儿超声软指标,
HP:0011426,Fetal choroid plexus cysts,胎儿脉络丛囊肿,
HP:0011427,Enlarged fetal cisterna magna,胎儿小脑延髓池扩大,
HP:0011428,Short fetal femur length,胎儿股骨短小,
HP:0011429,Short fetal humerus length,胎儿肱骨短小,
HP:0011430,Hypoplasia of fetal nasal bone,胎儿鼻骨发育不良,
HP:0011431,Fetal fifth finger clinodactyly,胎儿第五指屈指畸形,
HP:0011432,Elevated maternal circulating alpha-fetoprotein concentration,母体循环甲胎蛋白水平升高,
HP:0011433,High maternal circulating chorionic gonadotropin concentration,母体循环绒毛膜促性腺激素水平高,
HP:0011434,Low maternal circulating chorionic gonadotropin concentration,母体循环绒毛膜促性腺激素水平低,
HP:0011435,Low maternal circulating PAPP-A concentration,母体循环PAPP-A水平低,
HP:0011436,Abnormal maternal serum screening,母血清筛查异常,
HP:0011437,Maternal autoimmune disease,母体自身免疫性疾病,
HP:0011438,Maternal teratogenic exposure,孕期致畸暴露,
HP:0011439,Anesthetic-induced rhabdomylosis,麻醉诱导的横纹肌溶解症,
HP:0011440,Alcohol-induced rhabdomyolysis,酒精性横纹肌溶解症,
HP:0011441,Abnormal medulla oblongata morphology,延髓形态异常,
HP:0011442,Abnormal central motor function,中枢性运动功能异常,
HP:0011443,Abnormality of coordination,协调异常,
HP:0011444,Decorticate rigidity,去皮层强直,
HP:0011445,Athetoid cerebral palsy,手足徐动型脑瘫,
HP:0011446,Abnormality of mental function,精神功能异常,
HP:0011447,Hyposegmentation of neutrophil nuclei,中性粒细胞核低分叶,
HP:0011448,Ankle clonus,踝阵挛,
HP:0011449,Knee clonus,膝阵挛,
HP:0011450,Unusual CNS infection,不寻常的中枢神经系统感染,
HP:0011451,Primary microcephaly,先天性小头畸形,
HP:0011452,Functional abnormality of the middle ear,中耳机能异常,
HP:0011453,Abnormal incus morphology,砧骨形态异常,
HP:0011454,Abnormal malleus morphology,锤骨形态异常,
HP:0011455,Absent malleus,锤骨缺如,
HP:0011456,Absent stapes,镫骨缺如,
HP:0011457,Loss of eyelashes,睫毛消退,
HP:0011458,Abdominal symptom,腹部症状,
HP:0011459,Esophageal carcinoma,食管癌,
HP:0011460,Embryonal onset,胚胎期发病,
HP:0011461,Fetal onset,胎儿期发病,
HP:0011462,Young adult onset,青年发病,
HP:0011463,Childhood onset,儿童期发病,
HP:0011464,Aganglionosis of the small intestine,小肠神经节细胞缺乏症,
HP:0011465,Duodenal aganglionosis,十二指肠神经节细胞缺乏症,
HP:0011466,Aplasia/Hypoplasia of the gallbladder,胆囊不发育/发育不全,
HP:0011467,Absent gallbladder,胆囊缺如,
HP:0011468,Facial tics,面部抽动,
HP:0011469,Nasal regurgitation,鼻腔返流,
HP:0011470,Nasogastric tube feeding in infancy,婴儿期鼻胃管饲,
HP:0011471,Gastrostomy tube feeding in infancy,婴儿期胃造口管饲,
HP:0011472,Abnormal small intestinal villus morphology,小肠绒毛形态异常,
HP:0011473,Villous atrophy,绒毛萎缩,
HP:0011474,Childhood onset sensorineural hearing impairment,儿童起病感音神经性听力受损,
HP:0011475,Persistent stapedial artery,残留性镫骨动脉,
HP:0011476,Profound sensorineural hearing impairment,极重度感音神经性听力受损,
HP:0011477,Upbeat nystagmus,上跳性眼球震颤,
HP:0011478,True anophthalmia,真无眼畸形,
HP:0011479,Abnormal lacrimal punctum morphology,泪点形态异常,
HP:0011480,Unilateral microphthalmos,单侧小眼畸形,
HP:0011481,Abnormal lacrimal duct morphology,泪道形态异常,
HP:0011482,Abnormal lacrimal gland morphology,泪腺形态异常,
HP:0011483,Anterior synechiae of the anterior chamber,前房前粘连,
HP:0011484,Posterior synechiae of the anterior chamber,虹膜后粘连,
HP:0011485,Corneolenticular adhesion,角膜晶状体粘连,
HP:0011486,Abnormal corneal thickness,角膜厚度异常,
HP:0011487,Increased corneal thickness,角膜厚度增加,
HP:0011488,Abnormal corneal endothelium morphology,角膜内皮形态异常,
HP:0011489,Abnormal migration of corneal endothelium,角膜内皮细胞异常迁移,
HP:0011490,Abnormal Descemet membrane morphology,角膜后弹力层形态异常,
HP:0011491,Reduced number of corneal endothelial cells,角膜内皮细胞的数目减少,
HP:0011492,Abnormal corneal stroma morphology,角膜基质形态异常,
HP:0011493,Central opacification of the cornea,角膜的中央混浊,
HP:0011494,Generalized opacification of the cornea,角膜广泛性混浊,
HP:0011495,Abnormal corneal epithelium morphology,角膜上皮形态异常,
HP:0011496,Corneal neovascularization,角膜新生血管,
HP:0011497,Rubeosis iridis,虹膜红变,
HP:0011499,Mydriasis,瞳孔散大,
HP:0011500,Polycoria,多瞳症,
HP:0011501,Anterior lenticonus,前圆锥形晶状体,
HP:0011502,Posterior lenticonus,后圆锥形晶状体,
HP:0011503,Aplasia of the fovea,黄斑中心凹的发育缺陷,
HP:0011504,Bull's eye maculopathy,靶心样黄斑病变,
HP:0011505,Cystoid macular edema,囊样黄斑水肿,
HP:0011506,Choroidal neovascularization,脉络膜新生血管,
HP:0011507,Macular flecks,黄斑斑点,
HP:0011508,Macular hole,黄斑裂孔,
HP:0011509,Macular hyperpigmentation,黄斑色素沉着,
HP:0011510,Drusen,玻璃膜疣,
HP:0011511,Macular schisis,黄斑劈裂,
HP:0011512,Hyperpigmentation of the fundus,眼底的色素沉着,
HP:0011513,Retinal cavernous hemangioma,视网膜海绵状血管瘤,
HP:0011514,Abnormality of binocular vision,双眼单视功能异常,
HP:0011515,Abnormal stereopsis,立体视觉异常,
HP:0011516,Achromatopsia,色盲,
HP:0011517,Cone monochromacy,视锥细胞单色视,
HP:0011518,Dichromacy,二色性,
HP:0011519,Anomalous trichromacy,三色视异常,
HP:0011520,Deuteranomaly,绿色弱,
HP:0011521,Deuteranopia,绿色盲,
HP:0011522,Protanopia,红色盲,
HP:0011523,Iris cyst,虹膜囊肿,
HP:0011524,Iris melanoma,虹膜黑色素瘤,
HP:0011525,Iris nevus,虹膜痣,
HP:0011526,Abnormality of lens shape,晶状体形状异常,
HP:0011527,Lentiglobus,球形晶状体,
HP:0011528,Solitary congenital hypertrophy of retinal pigment epithelium,双眼多灶性先天性视网膜色素上皮肥厚,
HP:0011529,Multiple bilateral congenital hypertrophy of retinal pigment epithelium,多发性双侧先天性视网膜色素上皮肥大,
HP:0011530,Retinal hole,视网膜裂孔,
HP:0011531,Vitritis,玻璃体炎,
HP:0011532,Subretinal exudate,视网膜下渗出,
HP:0011533,Snowflake vitreoretinal degeneration,雪花型玻璃体视网膜变性,
HP:0011534,Abnormal spatial orientation of the cardiac segments,心脏节段空间排布异常,
HP:0011535,Abnormal atrial arrangement,心房排布异常,
HP:0011536,Right atrial isomerism,右心房异构,
HP:0011537,Left atrial isomerism,左心房异构,
HP:0011538,Atrial situs inversus,心房左右转位,
HP:0011539,Atrial situs ambiguous,心房不定位,
HP:0011540,Congenitally corrected transposition of the great arteries,先天矫正型大动脉转位,
HP:0011541,Criss-cross atrioventricular valves,十字形房室瓣,
HP:0011542,Criss-cross atrioventricular valves with superior-inferior ventricles,十字形房室瓣伴上下排列心室,
HP:0011543,Superior-inferior ventricles without criss-cross atrioventricular valves,无十字房室瓣型上下排列心室,
HP:0011544,L-looping of the right ventricle,右心室左袢,
HP:0011545,Abnormal connection of the cardiac segments,心脏节段连接异常,
HP:0011546,Abnormal atrioventricular connection,房室连接异常,
HP:0011547,Absent left sided atrioventricular connection,左侧房室接连缺失,
HP:0011548,Absent right sided atrioventricular connection,右侧房室连接缺失,
HP:0011549,Univentricular heart with absent left sided atrioventricular connection,左房室连接缺失致单心室心脏,
HP:0011550,Biventricular heart with straddling right sided atrioventricular valve and absent left sided atrioventricular connection,双心室心脏伴右房室瓣骑跨及左房室连接缺失,
HP:0011551,Right sided atrium to left ventricle and absent left sided atrioventricular connection,右房左室连接伴左房室连接缺失。,
HP:0011552,Ambiguous atrioventricular connection,房室连接不明,
HP:0011553,Discordant atrioventricular connection,房室连接不协调,
HP:0011554,Double inlet atrioventricular connection,双入口型房室连接,
HP:0011555,Double inlet left ventricle,左室双入口,
HP:0011556,Double inlet right ventricle,右室双入口,
HP:0011557,Double inlet to single ventricle of indeterminate morphology,形态不明的单心室双入口,
HP:0011558,Double inlet to single ventricle with common atrioventricular orifice,单室双入口伴共同房室口,
HP:0011559,Double inlet to single ventricle with two atrioventricular valves,单室双入口伴双房室瓣,
HP:0011560,Mitral atresia,二尖瓣闭锁,
HP:0011561,Overriding atrioventricular valve,房室瓣骑跨,
HP:0011562,Straddling atrioventricular valve,跨界房室瓣,
HP:0011563,Abnormal ventriculoarterial connection,心室大动脉连接异常,
HP:0011564,Mitral valve arcade,二尖瓣弓形,
HP:0011565,Common atrium,共同心房,
HP:0011566,Cor triatriatum dexter,右侧三房心,
HP:0011567,Sinus venosus atrial septal defect,静脉窦型房间隔缺损,
HP:0011568,Double orifice mitral valve,双孔二尖瓣,
HP:0011569,Cleft anterior mitral valve leaflet,二尖瓣前叶裂,
HP:0011570,Congenital mitral stenosis,先天性二尖瓣狭窄,
HP:0011571,Parachute mitral valve,降落伞型二尖瓣,
HP:0011572,Supramitral ring,二尖瓣上环,
HP:0011573,Hypoplastic tricuspid valve,三尖瓣发育不全,
HP:0011574,Imperforate atrioventricular valve,房室瓣闭锁,
HP:0011575,Imperforate tricuspid valve,三尖瓣闭锁,
HP:0011576,Intermediate atrioventricular canal defect,中间型房室管缺损,
HP:0011577,Partial atrioventricular canal defect,部分房室管缺损,
HP:0011578,Transitional atrioventricular canal defect,过渡型房室管缺损,
HP:0011579,Unbalanced atrioventricular canal defect,不平衡型房室管缺损,
HP:0011580,Short chordae tendineae of the mitral valve,二尖瓣短腱索,
HP:0011581,Double outlet left ventricle,左室双出口,
HP:0011582,Abdominal ectopia cordis,腹部心脏异位,
HP:0011583,Cervical ectopia cordis,颈部异位心,
HP:0011584,Thoracocervical ectopia cordis,胸颈异位心,
HP:0011585,Thoracic ectopia cordis,胸廓异位心,
HP:0011586,Thoracoabdominal ectopia cordis,胸腹异位心,
HP:0011587,Abnormal branching pattern of the aortic arch,主动脉弓分支异常,
HP:0011588,Cervical aortic arch,颈位主动脉弓,
HP:0011589,Common origin of the right brachiocephalic artery and left common carotid artery,右头臂干及左颈总动脉共同起源,
HP:0011590,Double aortic arch,双主动脉弓,
HP:0011591,Left aortic arch with cervical origin of the right subclavian artery,左位主动脉弓伴颈总动脉源型右锁骨下动脉,
HP:0011592,Left aortic arch with isolated subclavian artery,左位主动脉弓伴孤立型锁骨下动脉,
HP:0011593,Left aortic arch with retroesophageal diverticulum of Kommerell,左位主动脉弓伴食管后Kommerell憩室,
HP:0011594,Right aortic arch with retroesophageal diverticulum of Kommerell,右主动脉弓伴食管后科默雷尔憩室,
HP:0011595,Left aortic arch with retroesophageal right subclavian artery,左位主动脉弓伴食管后右锁骨下动脉,
HP:0011596,Left aortic arch with right descending aorta and right ductus arteriosus,左位主动脉弓伴右位降主动脉及右位动脉导管未闭,
HP:0011597,Right aortic arch with left descending aorta and left ductus arteriosus,右位主动脉弓伴左位降主动脉及左动脉导管未闭,
HP:0011598,Right aortic arch with retroesophageal left subclavian artery,右位主动脉弓伴食管后左锁骨下动脉,
HP:0011599,Mesocardia,中位心,
HP:0011600,Abnormal direction of ventricular apex,心室尖部指向异常,
HP:0011601,Rightward direction of ventricular apex,心室尖向右,
HP:0011602,Midline direction of ventricular apex,心室尖向中,
HP:0011603,Congenital malformation of the great arteries,先天性大动脉畸形,
HP:0011604,Aortopulmonary window,主肺动脉窗,
HP:0011605,Congenitally corrected transposition of the great arteries with ventricular septal defect,先天矫正型大动脉转位伴室间隔缺损,
HP:0011608,Type II truncus arteriosus,II型动脉干,
HP:0011609,Type III truncus arteriosus,III型动脉干,
HP:0011610,Type IV truncus arteriosus,IV型动脉干,
HP:0011611,Interrupted aortic arch,主动脉弓断离,
HP:0011612,Interrupted aortic arch type A,A型主动脉弓断离,
HP:0011613,Interrupted aortic arch type B,B型主动脉弓断离,
HP:0011614,Interrupted aortic arch type C,C型主动脉弓断离,
HP:0011615,Abnormal pulmonary situs morphology,肺位置形态学异常,
HP:0011616,Pulmonary situs inversus,肺脏位置逆转,
HP:0011617,Pulmonary situs ambiguus,肺原位异位,
HP:0011618,Pulmonary situs ambiguus with bilateral morphologic right lungs,肺脏双侧形态似右肺,
HP:0011619,Pulmonary situs ambiguus with bilateral morphologic left lungs,肺脏双侧形态似左肺,
HP:0011620,Abnormality of abdominal situs,腹部位置异常,
HP:0011621,Gerbode ventricular septal defect,Gerbode室间隔缺损,
HP:0011622,Inlet ventricular septal defect,入口型室间隔缺损,
HP:0011623,Muscular ventricular septal defect,肌部室间隔缺损,
HP:0011624,Apical muscular ventricular septal defect,心尖肌部型室间隔缺损,
HP:0011625,Multiple muscular ventricular septal defects,多发肌部型室间隔缺损,
HP:0011626,Scimitar anomaly,弯刀异常,
HP:0011627,Aorto-ventricular tunnel,主动脉-心室隧道,
HP:0011628,Congenital defect of the pericardium,先天性心包缺陷,
HP:0011629,Total absence of the pericardium,完全型心包膜缺失,
HP:0011630,Complete diaphragmatic absence of pericardium,完全型膈面心包缺失,
HP:0011631,Complete right sided absence of pericardium,完全型右侧心包缺失,
HP:0011632,Partial right sided absence of pericardium,部分右侧心包缺如,
HP:0011633,Complete left sided absence of pericardium,完全型左侧心包缺失,
HP:0011634,Partial left sided absence of pericardium,部分左侧心包缺如,
HP:0011635,Partial diaphragmatic absence of pericardium,部分型膈面心包缺失,
HP:0011636,Abnormal coronary artery origin,冠状动脉起源异常,
HP:0011637,Anomalous origin of coronary artery from the pulmonary artery,肺动脉源性冠状动脉起源异常,
HP:0011638,Anomalous origin of left coronary artery from the pulmonary artery,肺动脉源性左冠状动脉起源异常,
HP:0011639,Anomalous origin of right coronary artery from the pulmonary artery,肺动脉源性右冠状动脉起源异常,
HP:0011640,Single coronary artery origin,单一冠状动脉起源,
HP:0011641,Coronary artery fistula,冠状动脉瘘,
HP:0011642,Abnormal coronary sinus morphology,冠状窦形态异常,
HP:0011643,Coronary sinus atrial septal defect,冠状静脉窦型房间隔缺损,
HP:0011644,Coronary sinus diverticulum,冠状窦憩室,
HP:0011645,Dilatation of the sinus of Valsalva,主动脉窦部扩张,
HP:0011646,Juxtaductal coarctation of the aorta,导管旁主动脉缩窄,
HP:0011647,Postductal coarctation of the aorta,导管后主动脉缩窄,
HP:0011648,Patent ductus arteriosus after birth at term,足月儿动脉导管未闭,
HP:0011649,Patent ductus arteriosus after premature birth,早产儿动脉导管未闭,
HP:0011650,Bilateral ductus arteriosus,双侧动脉导管,
HP:0011651,Double outlet right ventricle with doubly committed ventricular septal defect and pulmonary stenosis,右室双出口伴双交通室间隔缺损及肺动脉狭窄,
HP:0011652,Double outlet right ventricle with doubly committed ventricular septal defect without pulmonary stenosis,右室双出口伴双交通室间隔缺损无肺动脉狭窄,
HP:0011653,Double outlet right ventricle with non-committed ventricular septal defect and pulmonary stenosis,右室双出口伴非交通型室间隔缺损及肺动脉狭窄,
HP:0011654,Double outlet right ventricle with non-committed ventricular septal defect without pulmonary stenosis,右室双出口伴非交通型室间隔缺损无肺动脉狭窄,
HP:0011655,Double outlet right ventricle with subaortic ventricular septal defect and pulmonary stenosis,右室双出口伴主动脉下室间隔缺损及肺动脉狭窄,
HP:0011656,Double outlet right ventricle with subaortic ventricular septal defect without pulmonary stenosis,右室双出口伴主动脉下室间隔缺损无肺动脉狭窄,
HP:0011657,Double outlet right ventricle with subpulmonary ventricular septal defect and pulmonary stenosis,右室双出口伴肺动脉下室间隔缺损及肺动脉狭窄,
HP:0011658,Double outlet right ventricle with subpulmonary ventricular septal defect without pulmonary stenosis,右室双出口伴肺动脉下室间隔缺损无肺动脉狭窄,
HP:0011659,Tetralogy of Fallot with absent pulmonary valve,法洛四联症伴肺动脉瓣缺失,
HP:0011660,Anomalous origin of one pulmonary artery from ascending aorta,一侧肺动脉异常起源于升主动脉,
HP:0011661,Anomalous origin of left pulmonary artery from ascending aorta,左肺动脉异常起源于升主动脉,
HP:0011662,Tricuspid atresia,三尖瓣闭锁,
HP:0011663,Right ventricular cardiomyopathy,右室心肌病,
HP:0011664,Left ventricular noncompaction cardiomyopathy,左室致密化不全心肌病,
HP:0011665,Takotsubo cardiomyopathy,应激性心肌病,
HP:0011666,Absent right superior vena cava,右上腔静脉缺如,
HP:0011667,Bilateral superior vena cava with bridging vein,双侧上腔静脉伴桥静脉,
HP:0011668,Bilateral superior vena cava with no bridging vein,双侧上腔静脉不伴桥静脉,
HP:0011669,Left superior vena cava draining directly to the left atrium,左上腔静脉接左心房,
HP:0011670,Left superior vena cava draining to coronary sinus,左上腔静脉接冠状窦,
HP:0011671,Interrupted inferior vena cava with azygous continuation,下腔静脉中断伴奇静脉延续,
HP:0011672,Cardiac myxoma,心脏粘液瘤,
HP:0011673,Cardiac hemangioma,心脏血管瘤,
HP:0011674,Cardiac teratoma,心脏畸胎瘤,
HP:0011675,Arrhythmia,心律失常,
HP:0011676,Tetralogy of Fallot with absent subarterial conus,法洛四联症伴瓣下圆锥缺失,
HP:0011677,Tetralogy of Fallot with atrioventricular canal defect,法洛四联症伴房室管缺陷,
HP:0011678,Tetralogy of Fallot with pulmonary atresia and major aortopulmonary collateral arteries,法洛四联症伴肺动脉闭锁及主肺动脉侧支动脉,
HP:0011679,Tetralogy of Fallot with pulmonary stenosis,法洛四联症伴肺动脉瓣狭窄,
HP:0011680,Single ventricle of indeterminate morphology,未定型单心室,
HP:0011681,Subarterial ventricular septal defect,动脉下室间隔缺损,
HP:0011682,Perimembranous ventricular septal defect,膜周型室间隔缺损,
HP:0011683,Restrictive ventricular septal defect,限制型室间隔缺损,
HP:0011684,Non-restrictive ventricular septal defect,非限制型室间隔缺损,
HP:0011685,Infra-aortic superior vena cava,主动脉下上腔静脉,
HP:0011686,Abnormal coronary artery course,冠状动脉走行异常,
HP:0011687,AV nodal tachycardia,房室结型心动过速,
HP:0011688,Supraventricular tachycardia with an accessory connection mediated pathway,室上性心动过速伴旁路连接,
HP:0011689,Supraventricular tachycardia with a concealed accessory connection,室上性心动过速伴隐匿性旁路,
HP:0011690,Permanent junctional reciprocating tachycardia,持续性交界性反复性心动过速,
HP:0011691,Supraventricular tachycardia with a concealed accessory pathway on the left free wall,室上性心动过速伴左侧游离壁隐匿性旁路,
HP:0011692,Supraventricular tachycardia with a concealed accessory pathway on the right free wall,室上性心动过速伴右侧游离壁隐匿性旁路,
HP:0011693,Supraventricular tachycardia with a concealed accessory pathway on the septum,室上性心动过速伴间隔隐匿性旁路,
HP:0011694,Supraventricular tachycardia with a manifest accessory pathway,室上性心动过速伴显性旁路,
HP:0011695,Cerebellar hemorrhage,小脑出血,
HP:0011696,Supraventricular tachycardia with a manifest accessory pathway on the left free wall,室上性心动过速伴左侧游离壁显性旁路,
HP:0011697,Supraventricular tachycardia with a manifest accessory pathway on the right free wall,室上性心动过速伴右侧游离壁显性旁路,
HP:0011698,Supraventricular tachycardia with a manifest accessory pathway on the septum,室上性心动过速伴间隔显性旁路,
HP:0011699,Atrial reentry tachycardia,心房折返性心动过速,
HP:0011700,Automatic atrial tachycardia,自律性房性心动过速,
HP:0011701,Multifocal atrial tachycardia,多灶性房性心动过速,
HP:0011702,Abnormal electrophysiology of sinoatrial node origin,窦房结源性电生理异常,
HP:0011703,Sinus tachycardia,窦性心动过速,
HP:0011704,Sick sinus syndrome,病窦综合征,
HP:0011705,First degree atrioventricular block,一度房室传导阻滞,
HP:0011706,Second degree atrioventricular block,二度房室传导阻滞,
HP:0011707,Mobitz I atrioventricular block,默比茨I型房室传导阻滞,
HP:0011708,Mobitz II atrioventricular block,默比茨II型房室传导阻滞,
HP:0011709,Atrioventricular dissociation,房室分离,
HP:0011710,Bundle branch block,束支传导阻滞,
HP:0011711,Left anterior fascicular block,左前分支传导阻滞,
HP:0011712,Right bundle branch block,右束支传导阻滞,
HP:0011713,Left bundle branch block,左束支传导阻滞,
HP:0011714,Libman-Sacks lesions,利布曼－萨克斯病变,
HP:0011715,Trifascicular block,三支传导阻滞,
HP:0011716,Junctional ectopic tachycardia,交界性异位心动过速,
HP:0011717,Atrioventricular reentrant tachycardia,房室折返性心动过速,
HP:0011718,Abnormality of the pulmonary veins,肺静脉异常,
HP:0011719,Supracardiac total anomalous pulmonary venous connection,心上型完全性肺静脉连接异常,
HP:0011720,Cardiac total anomalous pulmonary venous connection,心型完全性肺静脉连接异常,
HP:0011721,Infracardiac total anomalous pulmonary venous connection,心下型完全性肺静脉连接异常,
HP:0011722,Mixed total anomalous pulmonary venous connection,混合型完全性肺静脉连接异常,
HP:0011723,Congenital malformation of the right heart,先天性右心畸形,
HP:0011724,Uhl's anomaly,Uhl畸形,
HP:0011725,Chaotic multifocal atrial tachycardia,紊乱性多源性房性心动过速,
HP:0011726,Persistent fetal circulation,持续性胎儿循环,
HP:0011727,Peroneal muscle weakness,腓骨肌无力,
HP:0011728,Elbow clonus,肘部阵挛,
HP:0011729,Abnormality of joint mobility,关节活动异常,
HP:0011730,Abnormal central sensory function,中枢感觉功能异常,
HP:0011731,Abnormality of circulating cortisol level,血皮质醇水平异常,
HP:0011732,Abnormal adrenal morphology,肾上腺形态异常,
HP:0011733,Abnormality of adrenal physiology,肾上腺生理异常,
HP:0011734,Central adrenal insufficiency,中枢性肾上腺功能不全,
HP:0011735,Adrenocorticotropin deficient adrenal insufficiency,促肾上腺皮质激素缺陷性肾上腺功能不全,
HP:0011736,Primary hyperaldosteronism,原发性醛固酮增多症,
HP:0011737,Corticotropin-releasing hormone deficient adrenal insufficiency,促肾上腺皮质激素释放激素缺陷性肾上腺功能不全,
HP:0011738,Corticotropin-releasing hormone receptor defect,促肾上腺皮质激素释放激素受体缺陷,
HP:0011739,Dexamethasone-suppressible primary hyperaldosteronism,地塞米松可抑制的原发性醛固酮增多症,
HP:0011740,Glucocortocoid-insensitive primary hyperaldosteronism,糖皮质激素不敏感的原发性醛固酮增多症,
HP:0011741,Secondary hyperaldosteronism,继发性醛固酮增多症,
HP:0011742,Ectopic adrenal gland,异位肾上腺,
HP:0011743,Adrenal gland agenesis,肾上腺发育缺失,
HP:0011744,Secondary hypercortisolism,继发性皮质醇增多症,
HP:0011745,Non-secretory adrenocortical adenoma,非分泌性肾上腺皮质腺瘤,
HP:0011746,Secretory adrenocortical adenoma,分泌型肾上腺皮质腺瘤,
HP:0011747,Abnormality of the anterior pituitary,垂体前叶异常,
HP:0011748,Adrenocorticotropic hormone deficiency,促肾上腺皮质激素不足,
HP:0011749,Adrenocorticotropic hormone excess,促肾上腺皮质激素过多,
HP:0011750,Neoplasm of the anterior pituitary,垂体前叶肿瘤,
HP:0011751,Abnormal posterior pituitary morphogenesis,垂体后叶形态发生异常,
HP:0011752,Neoplasm of the posterior pituitary,垂体后叶肿瘤,
HP:0011753,Posterior pituitary dysgenesis,垂体后叶发育异常,
HP:0011754,Pituicytoma,垂体细胞瘤,
HP:0011755,Ectopic posterior pituitary,垂体后叶异位,
HP:0011756,Posterior pituitary agenesis,垂体后叶缺失,
HP:0011757,Posterior pituitary hypoplasia,垂体后叶发育不全,
HP:0011758,Pituitary acidophilic stem cell adenoma,垂体嗜酸性干细胞腺瘤,
HP:0011759,Pituitary gonadotropic cell adenoma,垂体促性腺激素腺瘤,
HP:0011760,Pituitary growth hormone cell adenoma,垂体生长激素腺瘤,
HP:0011761,Pituitary null cell adenoma,垂体裸细胞腺瘤,
HP:0011762,Pituitary thyrotropic cell adenoma,垂体促甲状腺素腺瘤,
HP:0011763,Pituitary carcinoma,垂体腺癌,
HP:0011764,Pituitary spindle cell oncocytoma,垂体梭形细胞嗜酸细胞瘤,
HP:0011766,Abnormal parathyroid morphology,甲状旁腺形态异常,
HP:0011767,Abnormality of the parathyroid physiology,甲状旁腺生理学异常,
HP:0011768,Parathyroid dysgenesis,甲状旁腺发育异常,
HP:0011769,Ectopic parathyroid,异位甲状旁腺,
HP:0011770,Tertiary hyperparathyroidism,三发性甲状旁腺功能亢进症,
HP:0011771,Autoimmune hypoparathyroidism,自身免疫性甲状旁腺功能减退症,
HP:0011772,Abnormal thyroid morphology,甲状腺形态异常,
HP:0011773,Uninodular goiter,单结节性甲状腺肿,
HP:0011774,Thyroid follicular adenoma,甲状腺滤泡性腺瘤,
HP:0011775,Thyroid macrofollicular adenoma,甲状腺大滤泡性腺瘤,
HP:0011776,Thyroid microfollicular adenoma,甲状腺小滤泡性腺瘤,
HP:0011777,Thyroid papillary adenoma,甲状腺乳头状腺瘤,
HP:0011778,Thyroid atypical adenoma,甲状腺非典型性腺瘤,
HP:0011779,Anaplastic thyroid carcinoma,甲状腺未分化癌,
HP:0011780,Thyroid hemiagenesis,甲状腺偏侧缺如症,
HP:0011781,Thyroid C cell hyperplasia,甲状腺C细胞增生,
HP:0011782,Thyroid crisis,甲状腺危象,
HP:0011783,Thyrotoxicosis from ectopic thyroid tissue,异位甲状腺组织的甲状腺毒症,
HP:0011784,Thyrotoxicosis with diffuse goiter,甲状腺毒症伴弥漫性甲状腺肿,
HP:0011785,Thyrotoxicosis with toxic multinodular goiter,毒性多结节性甲状腺肿,
HP:0011786,Thyrotoxicosis with toxic single thyroid nodule,甲状腺毒症伴毒性单个甲状腺结节,
HP:0011787,Central hypothyroidism,中枢性甲状腺功能减退症,
HP:0011788,Increased circulating free T3,血液游离T3升高,
HP:0011789,Impaired sensitivity to thyroid stimulating hormone,促甲状腺激素受体敏感性缺陷,
HP:0011790,Activating thyroid-stimulating hormone receptor defect,促甲状腺激素受体激活性缺陷,
HP:0011791,Inactivating thyroid-stimulating hormone receptor defect,促甲状腺激素受体失活性缺陷,
HP:0011792,Neoplasm by histology,肿瘤组织学,
HP:0011793,Neoplasm by anatomical site,据解剖部位的肿瘤分类,
HP:0011794,Embryonal renal neoplasm,肾胚胎瘤,
HP:0011795,Intralobar nephroblastomatosis,肾小叶内肾母细胞瘤病,
HP:0011796,Perilobar nephroblastomatosis,小叶周围性肾母细胞瘤,
HP:0011797,Papillary renal cell carcinoma type 1,Ⅰ型乳头状肾细胞癌,
HP:0011798,Renal oncocytoma,肾嗜酸粒细胞瘤,
HP:0011799,Abnormality of facial soft tissue,面部软组织异常,
HP:0011800,Midface retrusion,面中部后缩,
HP:0011801,Enlargement of parotid gland,腮腺肿大,
HP:0011802,Hamartoma of tongue,舌错构瘤,
HP:0011803,Bifid nose,鼻裂,
HP:0011804,Abnormal muscle physiology,肌肉生理机能异常,
HP:0011805,Abnormal skeletal muscle morphology,骨骼肌形态异常,
HP:0011807,Type 1 muscle fiber atrophy,1型肌纤维萎缩,
HP:0011808,Decreased patellar reflex,膝反射减弱,
HP:0011809,Paradoxical myotonia,反常性肌强直,
HP:0011810,Impaired two-point discrimination,两点辨别觉障碍,
HP:0011811,Impaired touch localization,触觉定位障碍,
HP:0011812,Agraphesthesia,体表图形觉缺失,
HP:0011813,Increased cerebral lipofuscin,脑脂褐素增加,
HP:0011814,Increased urinary hypoxanthine level,尿次黄嘌呤水平升高,
HP:0011815,Cephalocele,脑膨出,
HP:0011816,Parietal encephalocele,顶叶脑膨出,
HP:0011817,Basal encephalocele,基底脑膨出,
HP:0011818,Nasofrontal encephalocele,鼻额脑膨出,
HP:0011819,Submucous cleft soft palate,粘膜下软腭裂,
HP:0011820,Membranous choanal atresia,膜状后鼻孔闭锁,
HP:0011821,Abnormal facial skeleton morphology,面部骨骼形态异常,
HP:0011822,Broad chin,宽下巴,
HP:0011823,Chin with horizontal crease,髁唇沟凹陷,
HP:0011824,Chin with H-shaped crease,髁唇沟凹陷,
HP:0011825,Tented philtrum,帐篷型人中,
HP:0011826,Philtrum with midline raphe,人中有中线缝,
HP:0011827,Malaligned philtral ridges,人中脊不正,
HP:0011828,Midline sinus of philtrum,人中中线窦,
HP:0011829,Narrow philtrum,人中狭窄,
HP:0011830,Abnormal oral mucosa morphology,口腔黏膜形态异常,
HP:0011831,Deviated nasal tip,鼻尖偏离,
HP:0011832,Narrow nasal tip,鼻尖狭窄,
HP:0011833,Overhanging nasal tip,鼻尖悬垂,
HP:0011834,Moyamoya phenomenon,烟雾现象,
HP:0011835,Absent scaphoid,舟骨缺如,
HP:0011836,Delayed talus ossification,距骨骨化延迟,
HP:0011837,Partial IgA deficiency,部分IgA缺乏,
HP:0011838,Sclerodactyly,指硬皮病,
HP:0011839,Abnormal T cell count,T细胞数量异常,
HP:0011840,Abnormality of T cell physiology,T细胞生理功能异常,
HP:0011841,Ventricular flutter,心室扑动,
HP:0011842,Abnormal skeletal morphology,骨骼形态异常,
HP:0011843,Abnormal musculoskeletal physiology,肌肉骨骼生理异常,
HP:0011844,Abnormal appendicular skeleton morphology,肢带骨骨骼形态异常,
HP:0011845,Short second metatarsal,第二跖骨短,
HP:0011846,Osteoblastoma,成骨细胞瘤,
HP:0011847,Giant cell tumor of bone,骨巨细胞瘤,
HP:0011848,Abdominal colic,腹部绞痛,
HP:0011849,Abnormal bone ossification,骨化异常,
HP:0011850,Parotitis,腮腺炎,
HP:0011851,Hemopericardium,心包积血,
HP:0011852,Chylopericardium,乳糜心包,
HP:0011853,Serous pericardial effusion,浆液性心包积液,
HP:0011854,Hemoperitoneum,腹腔积血,
HP:0011855,Pharyngeal edema,咽部水肿,
HP:0011856,Pica,异食癖,
HP:0011857,Plasmacytoma,浆细胞肿瘤,
HP:0011858,Reduced factor IX activity,凝血因子IX活性减低,
HP:0011859,Punctate keratitis,点状角膜炎,
HP:0011860,Metaphyseal dappling,斑点状干骺端,
HP:0011861,Bilateral trilobed lung,双侧三叶肺,
HP:0011862,Abnormal bone collagen fibril morphology,骨胶原纤维形态异常,
HP:0011863,Abnormal sternal ossification,胸骨骨化异常,
HP:0011864,Elevated plasma pyrophosphate,血浆焦磷酸盐升高,
HP:0011867,Abnormal iliac wing morphology,髂骨翼形态异常,
HP:0011868,Sciatica,坐骨神经痛,
HP:0011869,Abnormal platelet function,血小板功能异常,
HP:0011870,Impaired arachidonic acid-induced platelet aggregation,花生四烯酸诱导的血小板聚集受损,
HP:0011871,Impaired ristocetin-induced platelet aggregation,瑞斯托菌素诱导的血小板聚集受损,
HP:0011872,Impaired thrombin-induced platelet aggregation,凝血酶诱导的血小板聚集障碍,
HP:0011873,Abnormal platelet count,血小板计数异常,
HP:0011874,Heparin-induced thrombocytopenia,肝素诱导的血小板减少症,
HP:0011875,Abnormal platelet morphology,血小板形态异常,
HP:0011876,Abnormal platelet volume,血小板体积异常,
HP:0011877,Increased mean platelet volume,平均血小板体积增大,
HP:0011878,Abnormal platelet membrane protein expression,血小板膜蛋白表达异常,
HP:0011879,Decreased platelet glycoprotein Ib-IX-V,血小板糖蛋白Ib-IX-V减少,
HP:0011880,Acute disseminated intravascular coagulation,急性弥散性血管内凝血,
HP:0011881,Decreased platelet glycoprotein VI,血小板糖蛋白VI减少,
HP:0011882,Decreased platelet P2Y12 receptor,血小板 P2Y12 受体减低,
HP:0011883,Abnormal platelet granules,血小板颗粒异常,
HP:0011884,Abnormal umbilical stump bleeding,异常脐带根部出血,
HP:0011885,Hemorrhage of the eye,眼出血,
HP:0011886,Hyphema,前房积血,
HP:0011887,Choroid hemorrhage,脉络膜出血,
HP:0011888,Bleeding requiring red cell transfusion,需要输红细胞的出血,
HP:0011889,Bleeding with minor or no trauma,轻微或无创伤出血,
HP:0011890,Prolonged bleeding following procedure,术后出血时间延长,
HP:0011891,Post-partum hemorrhage,产后出血,
HP:0011892,Decreased circulating vitamin K concentration,循环维生素K水平降低,
HP:0011893,Abnormal leukocyte count,白细胞计数异常,
HP:0011894,Impaired thromboxane A2 agonist-induced platelet aggregation,血栓素A2激动剂诱导的血小板聚集受损,
HP:0011895,Anemia due to reduced life span of red cells,红细胞寿命缩短性贫血,
HP:0011896,Subconjunctival hemorrhage,结膜下出血,
HP:0011897,Neutrophilia,中性粒细胞增多症,
HP:0011898,Abnormality of circulating fibrinogen,外周血纤维蛋白原异常,
HP:0011899,Hyperfibrinogenemia,高纤维蛋白原血症,
HP:0011900,Hypofibrinogenemia,低纤维蛋白原血症,
HP:0011901,Dysfibrinogenemia,异常纤维蛋白原血症,
HP:0011902,Abnormal hemoglobin,血红蛋白异常,
HP:0011903,HbH hemoglobin,血红蛋白H,
HP:0011904,Persistence of hemoglobin F,胎儿血红蛋白F持续存在,
HP:0011905,Reduced hemoglobin A,血红蛋白A减低,
HP:0011906,Reduced beta/alpha synthesis ratio,β/α合成比减低,
HP:0011907,Reduced alpha/beta synthesis ratio,α/β合成比减低,
HP:0011908,Unilateral radial aplasia,单侧桡骨发育不良,
HP:0011909,Flattened metacarpal heads,掌骨头扁平,
HP:0011910,Shortening of all phalanges of fingers,全部指骨短,
HP:0011911,Abnormal metacarpophalangeal joint morphology,掌指关节形态异常,
HP:0011912,Abnormality of the glenoid fossa,肩关节窝异常,
HP:0011913,Lumbar hypertrichosis,腰部多毛症,
HP:0011914,Thoracic hypertrichosis,胸部多毛症,
HP:0011915,Cardiovascular calcification,心血管钙化,
HP:0011916,Toe extensor amyotrophy,趾伸肌萎缩,
HP:0011917,Short 5th toe,第五趾短,
HP:0011918,Clinodactyly of the 4th toe,第四趾屈趾畸形,
HP:0011919,Pleural empyema,脓胸,
HP:0011920,Transudative pleural effusion,漏出性胸腔积液,
HP:0011921,Exudative pleural effusion,渗出性胸腔积液,
HP:0011922,Abnormal activity of mitochondrial respiratory chain,线粒体呼吸链活性异常,
HP:0011923,Decreased activity of mitochondrial complex I,线粒体复合物I活性降低,
HP:0011924,Decreased activity of mitochondrial complex III,线粒体复合物III活性降低,
HP:0011925,Decreased activity of mitochondrial ATP synthase complex,线粒体ATP合成酶复合物活性降低,
HP:0011926,Proximal placement of hallux,大拇趾近端异位,
HP:0011927,Short digit,短指（趾）畸形,
HP:0011928,Short proximal phalanx of toe,近节趾骨短,
HP:0011929,Hypersegmentation of proximal phalanx of third finger,第三指近节指骨基部额外分节,
HP:0011930,Hyperextensible skin of chest,胸部皮肤过度伸展,
HP:0011931,Abnormal cerebellar peduncle morphology,小脑脚形态异常,
HP:0011932,Abnormal superior cerebellar peduncle morphology,小脑上脚形态异常,
HP:0011933,Elongated superior cerebellar peduncle,小脑上脚延长,
HP:0011934,Dilatation of mesenteric artery,肠系膜动脉扩张,
HP:0011935,Decreased urinary urate,尿液中尿酸盐减少,
HP:0011936,Decreased plasma total carnitine,血浆总肉碱降低,
HP:0011937,Hypoplastic fifth toenail,第5趾甲发育不良,
HP:0011939,3-4 finger cutaneous syndactyly,第三-四指皮肤性并指,
HP:0011940,Anterior wedging of T12,第12胸椎体前侧楔形,
HP:0011941,Anterior wedging of L2,第二腰椎体前侧楔形,
HP:0011942,Increased urinary sulfite level,尿亚硫酸盐水平升高,
HP:0011943,Increased urinary thiosulfate,尿硫代硫酸盐增加,
HP:0011944,Small vessel vasculitis,小血管炎,
HP:0011945,Bronchiolitis obliterans organizing pneumonia,闭塞性细支气管炎机化性肺炎,
HP:0011946,Bronchiolitis obliterans,闭塞性细支气管炎,
HP:0011947,Respiratory tract infection,呼吸道感染,
HP:0011948,Recurrent acute respiratory tract infection,复发性急性呼吸道感染,
HP:0011949,Acute infectious pneumonia,急性感染性肺炎,
HP:0011950,Bronchiolitis,细支气管炎,
HP:0011951,Aspiration pneumonia,吸入性肺炎,
HP:0011952,Acute aspiration pneumonia,急性吸入性肺炎,
HP:0011953,Pulmonary lymphoma,肺淋巴瘤,
HP:0011954,Nodular regenerative hyperplasia of liver,肝脏结节性再生性增生,
HP:0011955,Hepatic granulomatosis,肝肉芽肿,
HP:0011956,Intestinal lymphoid nodular hyperplasia,肠淋巴样结节性增生,
HP:0011957,Abnormal pectoral muscle morphology,胸肌形态异常,
HP:0011958,Retinal perforation,视网膜穿孔,
HP:0011959,Unilateral hypoplasia of pectoralis major muscle,单侧胸大肌发育不全,
HP:0011960,Substantia nigra gliosis,黑质神经胶质增生,
HP:0011961,Non-obstructive azoospermia,非梗阻性无精症,
HP:0011962,Obstructive azoospermia,梗阻性无精症,
HP:0011963,Pretesticular azoospermia,睾丸前无精症,
HP:0011964,Intermittent painful muscle spasms,间歇性痛性肌痉挛,
HP:0011965,Abnormal circulating citrulline concentration,瓜氨酸代谢异常,
HP:0011966,Elevated plasma citrulline,血浆瓜氨酸升高,
HP:0011967,Decreased circulating copper concentration,低铜血症,
HP:0011968,Feeding difficulties,喂养困难,
HP:0011969,Elevated circulating luteinizing hormone level,血液黄体生成素水平升高,
HP:0011970,Cerebral amyloid angiopathy,脑淀粉样血管病,
HP:0011971,Dermatographic urticaria,皮肤划痕症,
HP:0011972,Hypoglycorrhachia,脑脊液糖减低,
HP:0011973,Paroxysmal lethargy,阵发性嗜睡,
HP:0011974,Myelofibrosis,骨髓纤维化,
HP:0011975,Aminoglycoside-induced hearing loss,氨基糖甙类抗生素引起的听力丧失,
HP:0011976,Elevated urinary catecholamine level,尿儿茶酚胺水平升高,
HP:0011977,Elevated urinary homovanillic acid,尿高香草酸水平升高,
HP:0011978,Elevated urinary vanillylmandelic acid,尿香草扁桃酸水平升高,
HP:0011979,Elevated urinary dopamine level,尿多巴胺水平升高,
HP:0011980,Cholesterol gallstones,胆固醇性胆结石,
HP:0011981,Pigment gallstones,色素性胆结石,
HP:0011982,Black pigment gallstones,黑色素结石,
HP:0011983,Brown pigment gallstones,褐色素胆结石,
HP:0011984,Atretic gallbladder,胆囊闭锁,
HP:0011985,Acholic stools,无胆色大便,
HP:0011986,Ectopic ossification,异位性骨化,
HP:0011987,Ectopic ossification in muscle tissue,肌肉组织异位性骨化,
HP:0011988,Ectopic ossification in tendon tissue,肌腱组织异位性骨化,
HP:0011989,Ectopic ossification in ligament tissue,韧带组织异位性骨化,
HP:0011990,Abnormality of neutrophil physiology,中性粒细胞生理功能异常,
HP:0011991,Abnormal neutrophil count,中性粒细胞数量异常,
HP:0011992,Abnormal neutrophil morphology,中性粒细胞形态异常,
HP:0011993,Impaired neutrophil bactericidal activity,中性粒细胞杀菌活性降低,
HP:0011994,Abnormal atrial septum morphology,房间隔形态异常,
HP:0011995,Atrial septal dilatation,房间隔扩张,
HP:0011996,Elevated coagulation factor V activity,因子V活性增高,
HP:0011997,Postprandial hyperlactemia,餐后高乳酸血症,
HP:0011998,Postprandial hyperglycemia,餐后高血糖,
HP:0011999,Paranoia,偏执狂,
HP:0012000,EEG with generalized spikes,脑电图，广泛性棘波,
HP:0012001,EEG with generalized polyspikes,脑电图，广泛性多棘波,
HP:0012002,Experiential epileptic aura,癫痫先兆体验,
HP:0012003,Affective epileptic aura,情感发作先兆,
HP:0012004,Focal cognitive seizure with deja vu/jamais vu,局灶性认知癫痫伴记忆先兆,
HP:0012005,Deja vu aura,似曾相识的感觉,
HP:0012006,Jamais vu aura,似不相识,
HP:0012007,Focal cognitive seizure with hallucination,伴有幻觉的局灶性认知发作,
HP:0012008,Focal cognitive seizure with illusion,伴有幻觉的局灶性认知障碍性发作,
HP:0012009,EEG with central focal spike waves,脑电图，伴中央区局灶棘波,
HP:0012010,EEG with frontal focal spike waves,脑电图，伴额叶局灶棘慢波,
HP:0012011,EEG with occipital focal spike waves,脑电图，伴枕部局灶棘慢波,
HP:0012012,EEG with parietal focal spike waves,脑电图，伴顶部局灶棘慢波,
HP:0012013,EEG with temporal focal spike waves,脑电图，伴颞区局灶棘慢波,
HP:0012014,EEG with central focal spikes,脑电图，伴中央区局灶棘波,
HP:0012015,EEG with frontal focal spikes,脑电图，伴额部局灶棘波,
HP:0012016,EEG with occipital focal spikes,脑电图，伴枕部局灶棘波。,
HP:0012017,EEG with parietal focal spikes,脑电图，伴顶部局灶棘波,
HP:0012018,EEG with temporal focal spikes,脑电图，伴颞区局灶棘波,
HP:0012019,Lens luxation,晶状体脱位,
HP:0012020,Right aortic arch,右位主动脉弓,
HP:0012021,Persistent patent ductus venosus,持续性静脉导管未闭,
HP:0012022,Congenital portosystemic venous shunt,先天性静脉门体分流,
HP:0012023,Galactosuria,半乳糖尿症,
HP:0012024,Hypergalactosemia,高半乳糖血症,
HP:0012025,Abnormal circulating ornithine concentration,鸟氨酸代谢异常,
HP:0012026,Hyperornithinemia,高鸟氨酸血症,
HP:0012027,Laryngeal edema,喉头水肿,
HP:0012028,Hepatocellular adenoma,肝细胞腺瘤,
HP:0012029,Abnormal urine hormone level,尿激素水平异常,
HP:0012030,Increased urinary cortisol level,尿皮质醇水平增高,
HP:0012031,Lipomatous tumor,脂肪瘤样肿瘤,
HP:0012032,Lipoma,脂肪瘤,
HP:0012033,Sacral lipoma,骶脂肪瘤,
HP:0012034,Liposarcoma,脂肪肉瘤,
HP:0012035,Steatocystoma multiplex,多发性皮脂腺囊瘤,
HP:0012036,Sternocleidomastoid amyotrophy,胸锁乳突肌萎缩,
HP:0012037,Pectoralis amyotrophy,胸肌萎缩,
HP:0012038,Corneal guttata,角膜液滴样病变,
HP:0012039,Descemet Membrane Folds,后弹力膜皱襞,
HP:0012040,Corneal stromal edema,角膜基质水肿,
HP:0012041,Decreased fertility in males,男性生育能力下降,
HP:0012042,Aspirin-induced asthma,阿司匹林诱发的哮喘,
HP:0012043,Pendular nystagmus,钟摆样眼球震颤,
HP:0012044,Seesaw nystagmus,跷跷板样眼球震颤,
HP:0012045,Retinal flecks,视网膜斑点,
HP:0012046,Areflexia of upper limbs,上肢反射消失,
HP:0012047,Hemeralopia,昼盲,
HP:0012048,Oromandibular dystonia,口下颌肌张力障碍,
HP:0012049,Laryngeal dystonia,喉肌张力障碍,
HP:0012050,Anasarca,全身水肿,
HP:0012051,Reactive hypoglycemia,反应性低血糖,
HP:0012052,Low serum calcitriol,"低血清骨化三醇（1,25-二羟基胆钙化醇）",
HP:0012053,Decreased circulating calcifediol concentration,低血清骨化二醇（25-羟基胆钙化醇）,
HP:0012054,Choroidal melanoma,脉络膜黑色素瘤,
HP:0012055,Ciliary body melanoma,睫状体黑色素瘤,
HP:0012056,Cutaneous melanoma,皮肤黑色素瘤,
HP:0012057,Superficial spreading melanoma,浅表扩散性黑素瘤,
HP:0012058,Nodular melanoma,结节性黑素瘤,
HP:0012059,Lentigo maligna melanoma,恶性雀斑样黑色素瘤,
HP:0012060,Acral lentiginous melanoma,肢端雀斑样黑色素瘤,
HP:0012061,Urinary excretion of sialylated oligosaccharides,唾液酸化寡聚糖的尿排泄,
HP:0012062,Bone cyst,骨囊肿,
HP:0012063,Aneurysmal bone cyst,动脉瘤性骨囊肿,
HP:0012064,Unicameral bone cyst,单房性骨囊肿,
HP:0012065,Multiple bony cystic lesions,多发性骨囊性病变,
HP:0012066,Increased urinary disaccharide excretion,尿液双糖排泄增加,
HP:0012067,Glycopeptiduria,糖肽尿症,
HP:0012068,Aspartylglucosaminuria,天冬氨酰葡萄糖胺尿症,
HP:0012069,Keratan sulfate excretion in urine,尿中排泄硫酸角质素,
HP:0012070,Chondroitin sulfate excretion in urine,尿中排泄硫酸软骨素,
HP:0012071,Abnormal circulating acylcarnitine concentration,循环酰基肉碱浓度异常,
HP:0012072,Aciduria,酸性尿,
HP:0012073,Abnormal urinary acylglycine profile,尿酰基甘氨酸谱异常,
HP:0012074,Tonic pupil,瞳孔强直,
HP:0012075,Personality disorder,人格障碍,
HP:0012076,Borderline personality disorder,边缘性人格障碍,
HP:0012077,Histrionic personality disorder,表演型人格障碍,
HP:0012078,Motor conduction block,运动传导阻滞,
HP:0012079,Abnormality of central motor conduction,中枢运动传导异常,
HP:0012080,Cerebellar granular layer atrophy,小脑颗粒层萎缩,
HP:0012081,Enlarged cerebellum,小脑增大,
HP:0012082,Cerebellar Purkinje layer atrophy,小脑浦肯野细胞层萎缩,
HP:0012083,Ubiquitin-positive cerebral inclusion bodies,泛素阳性的大脑包涵体,
HP:0012084,Abnormality of skeletal muscle fiber size,骨骼肌纤维的大小异常,
HP:0012085,Pyuria,脓尿,
HP:0012086,Abnormal urinary color,尿液颜色异常,
HP:0012087,Abnormal mitochondrial shape,线粒体形状异常,
HP:0012088,Abnormal urinary odor,尿味异常,
HP:0012089,Arteritis,动脉炎,
HP:0012090,Abnormal pancreas morphology,胰腺形态异常,
HP:0012091,Abnormality of pancreas physiology,胰腺生理功能异常,
HP:0012092,Abnormality of exocrine pancreas physiology,胰腺外分泌生理功能异常,
HP:0012093,Abnormality of endocrine pancreas physiology,胰腺内分泌生理功能异常,
HP:0012094,Abnormal pancreas size,胰腺大小异常,
HP:0012095,Multiple joint dislocation,多关节脱位,
HP:0012096,Intracranial epidermoid cyst,颅内表皮样囊肿,
HP:0012097,Intracranial dermoid cyst,颅内皮样囊肿,
HP:0012098,Edema of the dorsum of feet,足背水肿,
HP:0012099,Abnormality of circulating catecholamine level,血儿茶酚胺水平异常,
HP:0012100,Abnormal circulating creatinine concentration,循环系统肌酐水平异常,
HP:0012101,Decreased serum creatinine,血清肌酐降低,
HP:0012102,Abnormal mitochondrial number,线粒体数目异常,
HP:0012103,Abnormality of the mitochondrion,线粒体异常,
HP:0012104,Parietal cortical atrophy,顶叶皮质萎缩,
HP:0012105,Occipital cortical atrophy,枕叶皮质萎缩,
HP:0012106,Rhizomelic leg shortening,肢根型腿缩短,
HP:0012107,Increased fibular diameter,腓骨直径增加,
HP:0012108,Open angle glaucoma,开角型青光眼,
HP:0012109,Angle closure glaucoma,闭角型青光眼,
HP:0012110,Hypoplasia of the pons,脑桥发育不良,
HP:0012111,Abnormality of circulating glucocorticoid level,血糖皮质激素水平异常,
HP:0012112,Abnormal circulating corticosterone level,血液皮质酮水平异常,
HP:0012113,Abnormal circulating creatine concentration,肌酸代谢异常,
HP:0012114,Endometrial carcinoma,子宫内膜癌,
HP:0012115,Hepatitis,肝炎,
HP:0012116,Abnormal circulating albumin concentration,血清白蛋白水平异常,
HP:0012117,Hyperalbuminemia,高白蛋白血症,
HP:0012118,Laryngeal carcinoma,喉癌,
HP:0012119,Methemoglobinemia,高铁血红蛋白血症,
HP:0012120,Methylmalonic aciduria,甲基丙二酸尿症,
HP:0012121,Panuveitis,全葡萄膜炎,
HP:0012122,Anterior uveitis,前葡萄膜炎,
HP:0012123,Posterior uveitis,后葡萄膜炎,
HP:0012124,Intermediate uveitis,中间葡萄膜炎,
HP:0012125,Prostate cancer,前列腺癌,
HP:0012126,Stomach cancer,胃癌,
HP:0012127,Uraciluria,尿嘧啶尿症,
HP:0012128,Basal ganglia necrosis,基底节坏死,
HP:0012129,Abnormality of bone marrow stromal cells,骨髓基质细胞异常,
HP:0012130,Abnormal erythroid lineage cell morphology,红系细胞形态异常,
HP:0012131,Abnormal number of erythroid precursors,红系前体数量异常,
HP:0012132,Erythroid hyperplasia,红系增生,
HP:0012133,Erythroid hypoplasia,红系发育不良,
HP:0012134,Dysplastic erythropoesis,红细胞生成异常,
HP:0012135,Abnormal granulocytopoietic cell morphology,粒系细胞形态异常,
HP:0012136,Dysplastic granulopoesis,粒细胞生成异常,
HP:0012137,Abnormal number of granulocyte precursors,粒系前体细胞数量异常,
HP:0012138,Granulocytic hyperplasia,粒细胞增生,
HP:0012139,Granulocytic hypoplasia,粒细胞发育不全,
HP:0012142,Pancreatic squamous cell carcinoma,胰腺鳞状细胞癌,
HP:0012143,Abnormal megakaryocyte morphology,巨核细胞形态异常,
HP:0012144,Abnormal monocyte morphology,单核细胞形态异常,
HP:0012145,Abnormality of multiple cell lineages in the bone marrow,骨髓中多系细胞异常,
HP:0012146,Abnormality of von Willebrand factor,血管性血友病因子异常,
HP:0012147,Reduced quantity of Von Willebrand factor,血管性血友病因子数量减少,
HP:0012148,Multiple lineage myelodysplasia,多系骨髓增生异常,
HP:0012149,Bilineage myelodysplasia,双系骨髓增生异常,
HP:0012150,Single lineage myelodysplasia,单系骨髓增生异常,
HP:0012151,Hemothorax,血胸,
HP:0012152,Foveoschisis,黄斑劈裂,
HP:0012153,Hypotriglyceridemia,低甘油三酯血症,
HP:0012154,Anhedonia,快感缺乏,
HP:0012155,Decreased corneal sensation,角膜感觉减退,
HP:0012156,Hemophagocytosis,噬血细胞作用,
HP:0012157,Subcortical cerebral atrophy,皮层下脑萎缩,
HP:0012158,Carotid artery dissection,颈动脉夹层,
HP:0012159,Internal carotid artery dissection,颈内动脉夹层,
HP:0012160,Intracranial internal carotid artery dissection,颅内颈内动脉夹层,
HP:0012161,External carotid artery dissection,颈外动脉夹层,
HP:0012162,Common carotid artery dissection,颈总动脉夹层,
HP:0012163,Carotid artery dilatation,颈动脉扩张,
HP:0012164,Asterixis,扑翼样震颤,
HP:0012165,Oligodactyly,少指（趾）畸形,
HP:0012166,Skin-picking,皮肤剔除,
HP:0012167,Hair-pulling,拔毛癖,
HP:0012168,Head-banging,撞头,
HP:0012169,Self-biting,自咬,
HP:0012170,Nail-biting,咬指甲,
HP:0012171,Stereotypical hand wringing,刻板性手部扭动,
HP:0012172,Stereotypical body rocking,刻板性身体摇摆,
HP:0012173,Orthostatic tachycardia,体位性心动过速,
HP:0012174,Glioblastoma multiforme,多形性胶质母细胞瘤,
HP:0012175,Resistance to activated protein C,活化蛋白C抵抗,
HP:0012176,Abnormal natural killer cell morphology,自然杀伤细胞形态异常,
HP:0012177,Abnormal natural killer cell physiology,自然杀伤细胞生理功能异常,
HP:0012178,Reduced natural killer cell activity,自然杀伤细胞活性降低,
HP:0012179,Craniofacial dystonia,头面部肌张力障碍,
HP:0012180,Cystic medial necrosis,囊性中层坏死,
HP:0012181,Entrapment neuropathy,压迫性神经病,
HP:0012182,Oropharyngeal squamous cell carcinoma,口咽部鳞状细胞癌,
HP:0012183,Hyperplastic colonic polyposis,增生性结肠息肉病,
HP:0012184,Increased HDL cholesterol concentration,高α脂蛋白血症,
HP:0012185,Constrictive median neuropathy,压迫性正中神经病变,
HP:0012186,Entrapment neuropathy of the ulnar nerve at elbow,肘部尺神经压迫性神经病变,
HP:0012187,Increased erythrocyte protoporphyrin concentration,红细胞原卟啉浓度增高,
HP:0012188,Hyperemesis gravidarum,妊娠剧吐,
HP:0012189,Hodgkin lymphoma,霍奇金淋巴瘤,
HP:0012190,T-cell lymphoma,T细胞淋巴瘤,
HP:0012191,B-cell lymphoma,B细胞淋巴瘤,
HP:0012192,Cutaneous T-cell lymphoma,皮肤T细胞淋巴瘤,
HP:0012193,Anaplastic large-cell lymphoma,间变性大细胞淋巴瘤,
HP:0012194,Episodic hemiplegia,偏瘫发作,
HP:0012195,Irregular respiration,呼吸节律不齐,
HP:0012196,Cheyne-Stokes respiration,潮式呼吸,
HP:0012197,Insulinoma,胰岛素瘤,
HP:0012198,Juvenile colonic polyposis,幼年性结肠息肉病,
HP:0012199,Cluster headache,丛集性头痛,
HP:0012200,Abnormality of prothrombin,凝血酶原异常,
HP:0012202,Increased serum bile acid concentration,血清胆汁酸浓度增高,
HP:0012203,Onychomycosis,甲癣,
HP:0012204,Recurrent vulvovaginal candidiasis,复发性外阴阴道念珠菌病,
HP:0012205,Globozoospermia,圆头精子症,
HP:0012206,Abnormal sperm motility,精子运动异常,
HP:0012207,Reduced sperm motility,精子活力降低,
HP:0012208,Immotile sperm,不动精子症,
HP:0012209,Juvenile myelomonocytic leukemia,青少年型粒单核细胞白血病,
HP:0012210,Abnormal renal morphology,肾形态异常,
HP:0012211,Abnormal renal physiology,肾脏生理异常,
HP:0012212,Abnormal glomerular filtration rate,肾小球滤过率异常,
HP:0012213,Decreased glomerular filtration rate,肾小球滤过率下降,
HP:0012214,Increased glomerular filtration rate,肾小球滤过率增加,
HP:0012215,Testicular microlithiasis,睾丸微小结石症,
HP:0012216,Entrapment neuropathy of suprascapular nerve,肩胛上神经嵌压性神经病,
HP:0012217,Increased urinary porphobilinogen,尿液胆色素原增高,
HP:0012218,Alveolar soft part sarcoma,腺泡状软组织肉瘤,
HP:0012219,Erythema nodosum,结节性红斑,
HP:0012220,Non-caseating epithelioid cell granulomatosis,非干酪性上皮样细胞肉芽肿,
HP:0012221,Pretibial blistering,胫前起疱,
HP:0012222,Arachnoid hemangiomatosis,蛛网膜血管瘤病,
HP:0012223,Splenic rupture,脾破裂,
HP:0012224,Circulating immune complexes,循环免疫复合物,
HP:0012225,Oligodontia of primary teeth,乳牙减少,
HP:0012226,Ovarian teratoma,卵巢畸胎瘤,
HP:0012227,Urethral stricture,尿道狭窄,
HP:0012228,Tension-type headache,紧张型头痛,
HP:0012229,CSF pleocytosis,脑脊液细胞增多,
HP:0012230,Rhegmatogenous retinal detachment,孔源性视网膜脱离,
HP:0012231,Exudative retinal detachment,渗出性视网膜脱离,
HP:0012232,Shortened QT interval,QT间期缩短,
HP:0012233,Intramuscular hematoma,肌内血肿,
HP:0012234,Agranulocytosis,粒细胞缺乏症,
HP:0012235,Drug-induced agranulocytosis,药物性粒细胞缺乏症,
HP:0012236,Elevated sweat chloride,汗液氯化物浓度升高,
HP:0012237,Urocanic aciduria,尿刊酸尿症,
HP:0012238,Increased circulating chylomicron concentration,高乳糜微粒血症,
HP:0012239,Atransferrinemia,转铁蛋白缺乏血症,
HP:0012240,Increased intramyocellular lipid droplets,肌细胞内脂滴增加,
HP:0012241,Levator palpebrae superioris atrophy,上睑提肌萎缩,
HP:0012242,Superior rectus atrophy,眼上直肌萎缩,
HP:0012243,Abnormal reproductive system morphology,生殖系统形态异常,
HP:0012244,Abnormal sex determination,性别决定异常,
HP:0012245,Sex reversal,性反转,
HP:0012246,Oculomotor nerve palsy,动眼神经麻痹,
HP:0012247,Specific anosmia,特定嗅觉缺失,
HP:0012248,Prolonged PR interval,PR间期延长,
HP:0012249,Abnormal ST segment,ST段异常,
HP:0012250,ST segment depression,ST段压低,
HP:0012251,ST segment elevation,ST段抬高,
HP:0012252,Abnormal respiratory system morphology,呼吸系统形态学异常,
HP:0012253,Abnormal respiratory epithelium morphology,呼吸道上皮的形态异常,
HP:0012254,Ewing sarcoma,尤文肉瘤,
HP:0012255,Dynein arm defect of respiratory motile cilia,能动纤毛动力蛋白臂缺陷,
HP:0012256,Absent outer dynein arms,外动力蛋白臂缺失,
HP:0012257,Absent inner dynein arms,内动力蛋白臂缺失,
HP:0012258,Abnormal axonemal organization of respiratory motile cilia,运动纤毛轴丝异常排列,
HP:0012259,Absent inner and outer dynein arms,内、外动力蛋白臂缺失,
HP:0012260,Abnormal central microtubular pair morphology of respiratory motile cilia,运动纤毛的中央成对微管形态异常,
HP:0012261,Abnormal respiratory motile cilium physiology,呼吸运动纤毛生理异常,
HP:0012262,Abnormal ciliary motility,纤毛运动障碍,
HP:0012263,Immotile cilia,不动纤毛,
HP:0012264,Absent central microtubular pair morphology of respiratory motile cilia,运动纤毛中央微管对形态缺失,
HP:0012265,Ciliary dyskinesia,纤毛运动异常,
HP:0012266,T-wave alternans,T波交替,
HP:0012267,Absent respiratory ciliary axoneme radial spokes,呼吸纤毛轴丝放射辐缺失,
HP:0012268,Myxoid liposarcoma,粘液样脂肪肉瘤,
HP:0012269,Abnormal muscle glycogen content,肌糖原含量异常,
HP:0012270,Decreased muscle glycogen content,肌糖原含量减少,
HP:0012271,Episodic upper airway obstruction,阵发性上气道阻塞,
HP:0012272,J wave,J波,
HP:0012273,Increased carotid artery intimal medial thickness,颈动脉内膜及中膜增厚,
HP:0012274,Autosomal dominant inheritance with paternal imprinting,父源印记基因常染色体显性遗传,
HP:0012275,Autosomal dominant inheritance with maternal imprinting,母源印记基因常染色体显性遗传,
HP:0012276,Digital flexor tenosynovitis,手指屈肌腱鞘炎,
HP:0012277,Hypoglycinemia,低甘氨酸血症,
HP:0012278,Abnormal circulating serine concentration,丝氨酸代谢异常,
HP:0012279,Hyposerinemia,低丝氨酸血症,
HP:0012280,Hepatic amyloidosis,肝淀粉样变性,
HP:0012281,Chylous ascites,乳糜腹水,
HP:0012282,Morbilliform rash,麻疹样皮疹,
HP:0012283,Small distal femoral epiphysis,股骨远端骨骺小,
HP:0012284,Small proximal tibial epiphyses,胫骨近端骨骺小,
HP:0012285,Abnormal hypothalamus physiology,下丘脑生理异常,
HP:0012286,Abnormal hypothalamus morphology,下丘脑形态异常,
HP:0012287,Hypothalamic luteinizing hormone-releasing hormone deficiency,下丘脑促黄体生成素释放激素缺乏,
HP:0012288,Neoplasm of head and neck,头颈部肿瘤,
HP:0012289,Facial neoplasm,面部肿瘤,
HP:0012292,Fusion of gums,牙龈融合,
HP:0012293,Abnormal genital pigmentation,外阴色素沉着异常,
HP:0012294,Abnormal occipital bone morphology,枕骨形态异常,
HP:0012295,Slender middle phalanx of finger,中节指骨细长,
HP:0012296,Slender distal phalanx of finger,末节指骨细长,
HP:0012297,Slender proximal phalanx of finger,近节指骨细长,
HP:0012298,Long middle phalanx of finger,中节指骨长,
HP:0012299,Long distal phalanx of finger,末节指骨长,
HP:0012300,Ureteral agenesis,输尿管未发育,
HP:0012301,Type II transferrin isoform profile,II型转铁蛋白异构体谱,
HP:0012302,Herpes simplex encephalitis,单纯疱疹病毒性脑炎,
HP:0012303,Abnormal aortic arch morphology,主动脉弓形态异常,
HP:0012304,Hypoplastic aortic arch,主动脉弓发育不全,
HP:0012305,Coarctation of the descending aortic arch,降主动脉弓缩窄,
HP:0012306,Abnormal rib ossification,肋骨骨化异常,
HP:0012307,Spatulate ribs,铲状肋骨,
HP:0012308,Decreased circulating complement C9 concentration,循环补体C9浓度降低,
HP:0012309,Cutaneous amyloidosis,皮肤淀粉样变,
HP:0012310,Abnormal monocyte count,单核细胞计数异常,
HP:0012311,Monocytosis,单核细胞增多症,
HP:0012312,Monocytopenia,单核细胞减少症,
HP:0012313,Heberden's node,Heberden结节,
HP:0012314,Bouchard's node,Bouchard结节,
HP:0012315,Histiocytoma,组织细胞瘤,
HP:0012316,Fibrous tissue neoplasm,纤维组织瘤,
HP:0012317,Sacroiliac arthritis,骶髂关节炎,
HP:0012318,Occipital neuralgia,枕神经痛,
HP:0012319,Absent pigmentation of the abdomen,腹部色素缺失,
HP:0012320,Absent pigmentation of the limbs,四肢色素缺失,
HP:0012321,D-2-hydroxyglutaric aciduria,D-2-羟基戊二酸尿症,
HP:0012322,Perifolliculitis,毛囊周炎,
HP:0012323,Sleep myoclonus,睡眠肌阵挛,
HP:0012324,Myeloid leukemia,髓系白血病,
HP:0012325,Chronic myelomonocytic leukemia,慢性粒单核细胞白血病,
HP:0012326,Abnormal celiac artery morphology,腹腔动脉形态异常,
HP:0012327,Celiac artery compression,腹腔动脉压迫,
HP:0012328,Cementoma,牙骨质瘤,
HP:0012329,Tufted angioma,丛状血管病,
HP:0012330,Pyelonephritis,肾盂肾炎,
HP:0012331,Abnormal autonomic nervous system morphology,自主神经系统的形态异常,
HP:0012332,Abnormal autonomic nervous system physiology,自主神经系统生理功能异常,
HP:0012333,Abnormal sudomotor regulation,排汗调控异常,
HP:0012334,Extrahepatic cholestasis,肝外胆汁淤积,
HP:0012335,Abnormality of folate metabolism,叶酸代谢异常,
HP:0012337,Abnormal homeostasis,内稳态平衡的失常,
HP:0012338,Abnormal energy expenditure,能量消耗异常,
HP:0012339,Increased resting energy expenditure,静息能量消耗增加,
HP:0012340,Decreased resting energy expenditure,静息能量消耗降低,
HP:0012341,Microprolactinoma,泌乳素微腺瘤,
HP:0012342,Macroprolactinoma,泌乳素大腺瘤,
HP:0012343,Decreased circulating ferritin concentration,血清铁蛋白降低,
HP:0012344,Morphea,局限性硬皮病,
HP:0012345,Abnormal glycosylation,糖基化异常,
HP:0012346,Abnormal protein glycosylation,蛋白质糖基化异常,
HP:0012347,Abnormal protein N-linked glycosylation,蛋白质N-联糖基化异常,
HP:0012348,Decreased galactosylation of N-linked protein glycosylation,N-联蛋白糖基的半乳糖基化降低,
HP:0012349,Abnormal sialylation of N-linked protein glycosylation,N-联蛋白糖基的唾液酸化异常,
HP:0012350,Decreased sialylation of N-linked protein glycosylation,N-联蛋白糖基的唾液酸化降低,
HP:0012351,Increased sialylation of N-linked protein glycosylation,N-联蛋白糖基的唾液酸化增高,
HP:0012352,Abnormal fucosylation of protein N-linked glycosylation,蛋白质的N-联糖基的岩藻糖基化异常,
HP:0012353,Decreased fucosylation of N-linked protein glycosylation,N-联蛋白糖基的岩藻糖基化降低,
HP:0012354,Increased fucosylation of N-linked protein glycosylation,N-联蛋白糖基的岩藻糖基化增高,
HP:0012355,Abnormal mannosylation of N-linked protein glycosylation,N-联蛋白糖基的甘露糖基化异常,
HP:0012356,Decreased mannosylation of N-linked protein glycosylation,N-联蛋白糖基的甘露糖基化降低,
HP:0012357,Increased mannosylation of N-linked protein glycosylation,N-联蛋白糖基的甘露糖基化增高,
HP:0012358,Abnormal protein O-linked glycosylation,蛋白质O-联糖基化异常,
HP:0012359,Abnormal fucosylation of O-linked protein glycosylation,O联蛋白糖基的岩藻糖基化异常,
HP:0012360,Decreased fucosylation of O-linked protein glycosylation,O-联蛋白糖基的岩藻糖基化降低,
HP:0012361,Increased fucosylation of O-linked protein glycosylation,O-联蛋白糖基的岩藻糖基化增高,
HP:0012362,Abnormal sialylation of O-linked protein glycosylation,O-联蛋白糖基的唾液酸化异常,
HP:0012363,Decreased sialylation of O-linked protein glycosylation,O联蛋白糖基的唾液酸化降低,
HP:0012364,Decreased urinary potassium,尿钾降低,
HP:0012365,Hypophosphaturia,低磷酸盐尿,
HP:0012366,Basilar invagination,颅底凹陷,
HP:0012367,Extra fontanelles,多囟门,
HP:0012368,Flat face,扁平脸,
HP:0012370,Prominence of the zygomatic bone,颧骨突出,
HP:0012371,Hyperplasia of midface,中面部肥大,
HP:0012372,Abnormal eye morphology,眼部形态异常,
HP:0012373,Abnormal eye physiology,眼部生理异常,
HP:0012375,Chemosis,球结膜水肿,
HP:0012376,Microphakia,小晶状体,
HP:0012377,Hemianopia,偏盲,
HP:0012378,Fatigue,疲乏,
HP:0012379,Abnormal circulating enzyme concentration or activity,循环酶浓度或活性异常,
HP:0012380,Reduced tissue carnitine O-palmitoyltransferase 2 activity,组织肉碱O-棕榈酰转移酶2活性降低,
HP:0012381,Delayed self-feeding during toddler years,学步期自我喂饭能力发育落后,
HP:0012382,Left-to-right shunt,左向右分流,
HP:0012383,Bidirectional shunt,双向分流,
HP:0012384,Rhinitis,鼻炎,
HP:0012385,Camptodactyly,指（趾）关节屈曲,
HP:0012386,Absent hallux,拇趾缺如,
HP:0012387,Bronchitis,支气管炎,
HP:0012388,Acute bronchitis,急性支气管炎,
HP:0012389,Appendicular hypotonia,四肢肌张力低下,
HP:0012390,Anal fissure,肛裂,
HP:0012391,Hyporeflexia of upper limbs,上肢反射减弱,
HP:0012392,Jaw hyporeflexia,下颌反射减弱,
HP:0012393,Allergy,过敏,
HP:0012394,Iodine contrast allergy,碘造影过敏,
HP:0012395,Seasonal allergy,季节性过敏,
HP:0012396,Biliary dyskinesia,胆囊运动障碍,
HP:0012397,Aortic atherosclerotic lesion,早发冠状动脉粥样硬化,
HP:0012398,Peripheral edema,周围性水肿,
HP:0012399,Pressure ulcer,褥疮、压疮,
HP:0012400,Abnormal circulating aldolase concentration,循环醛缩酶浓度异常,
HP:0012401,Abnormal urine alpha-ketoglutarate concentration,尿α-酮戊二酸盐浓度异常,
HP:0012402,Increased urine alpha-ketoglutarate concentration,尿α-酮戊二酸浓度增高,
HP:0012403,Decreased urine alpha-ketoglutarate concentration,尿α-酮戊二酸盐浓度降低,
HP:0012404,Abnormal urine citrate concentration,尿柠檬酸盐浓度异常,
HP:0012405,Hypocitraturia,低枸橼酸尿,
HP:0012406,Hypercitraturia,高枸橼酸尿,
HP:0012407,Scissor gait,剪刀步态,
HP:0012408,Medullary nephrocalcinosis,肾髓质钙化症,
HP:0012409,Cortical nephrocalcinosis,肾皮质钙化,
HP:0012410,Pure red cell aplasia,纯红细胞再生障碍性贫血,
HP:0012411,Premature pubarche,阴毛早现,
HP:0012412,Premature adrenarche,肾上腺功能早现,
HP:0012413,Notched primary central incisor,乳中切牙缺口,
HP:0012414,Duodenal atrophy,十二指肠萎缩,
HP:0012415,Abnormal blood gas level,血气水平异常,
HP:0012416,Hypercapnia,高碳酸血症,
HP:0012417,Hypocapnia,低碳酸血症,
HP:0012418,Hypoxemia,低氧血症,
HP:0012419,Hyperoxemia,高氧血症,
HP:0012420,Meconium stained amniotic fluid,羊水污染、羊水混浊,
HP:0012421,Congenital absence of foreskin,先天性包皮缺如,
HP:0012422,Villous hypertrophy of choroid plexus,脉络丛绒毛状肥大,
HP:0012423,Colonic inertia,结肠无力,
HP:0012424,Chorioretinitis,脉络膜视网膜炎,
HP:0012425,Stercoral ulcer,粪性溃疡,
HP:0012426,Optic disc drusen,视盘玻璃疣,
HP:0012427,Increased femoral anteversion,股骨前倾增大,
HP:0012428,Prominent calcaneus,跟骨突出,
HP:0012429,Aplasia/Hypoplasia of the cerebral white matter,脑白质发育缺陷/发育不全,
HP:0012430,Cerebral white matter hypoplasia,脑白质发育不良,
HP:0012431,Episodic fatigue,情景疲劳,
HP:0012432,Chronic fatigue,慢性疲劳,
HP:0012433,Abnormal social behavior,社会行为异常,
HP:0012434,Delayed early-childhood social milestone development,幼儿期社交里程碑发育迟缓,
HP:0012435,Ventral shortening of foreskin,腹侧包皮短缩,
HP:0012436,Nonocclusive coronary artery atherosclerosis,非闭塞性冠状动脉硬化,
HP:0012437,Abnormal gallbladder morphology,胆囊形态异常,
HP:0012438,Abnormal gallbladder physiology,胆囊生理功能异常,
HP:0012439,Abnormal biliary tract physiology,胆道生理功能异常,
HP:0012440,Abnormal biliary tract morphology,胆道形态异常,
HP:0012441,Sphincter of Oddi dyskinesia,Oddi括约肌运动障碍,
HP:0012442,Gallbladder dyskinesia,胆囊运动障碍,
HP:0012443,Abnormal brain morphology,脑形态学异常,
HP:0012444,Brain atrophy,脑萎缩,
HP:0012446,Decreased CSF 5-methyltetrahydrofolate concentration,脑脊液5-甲基四氢叶酸降低,
HP:0012447,Abnormal myelination,髓鞘异常,
HP:0012448,Delayed myelination,髓鞘化延迟,
HP:0012449,Sacroiliac joint synovitis,骶髂关节滑膜炎,
HP:0012450,Chronic constipation,慢性便秘,
HP:0012451,Acute constipation,急性便秘,
HP:0012452,Restless legs,不宁腿,
HP:0012453,Bilateral wrist flexion contracture,双侧腕关节弯曲挛缩,
HP:0012454,Unilateral wrist flexion contracture,单侧腕关节屈曲挛缩,
HP:0012456,Medial arterial calcification,动脉中膜钙化,
HP:0012457,Medial calcification of medium-sized arteries,中型动脉内侧钙化,
HP:0012458,Medial calcification of small arteries,小动脉中膜钙化,
HP:0012459,Hypnic headache,睡眠性头痛,
HP:0012460,Dysmorphic inferior cerebellar vermis,小脑蚓部畸形,
HP:0012461,Bacteriuria,菌尿,
HP:0012462,Chin myoclonus,下颌肌阵挛,
HP:0012463,Elevated transferrin saturation,转铁蛋白饱和度升高,
HP:0012464,Decreased transferrin saturation,转铁蛋白饱和度降低,
HP:0012465,Elevated hepatic iron concentration,肝内铁浓度升高,
HP:0012466,Chronic respiratory acidosis,慢性呼吸性酸中毒,
HP:0012467,Acute respiratory acidosis,急性呼吸性酸中毒,
HP:0012468,Chronic acidosis,慢性酸中毒,
HP:0012469,Infantile spasms,婴儿痉挛,
HP:0012470,Setting-sun eye phenomenon,落日眼现象,
HP:0012471,Thick vermilion border,厚红唇缘,
HP:0012472,Eclabion,唇外翻,
HP:0012473,Tongue atrophy,舌萎缩,
HP:0012474,Carotid artery occlusion,颈动脉闭塞,
HP:0012475,Decreased circulating level of specific antibody,特异性抗体水平降低,
HP:0012476,Decreased specific pneumococcal antibody level,特异性肺炎球菌抗体水平降低,
HP:0012477,Vocal tremor,声音震颤,
HP:0012478,Temporomandibular joint ankylosis,颞下颌关节强直,
HP:0012479,Temporomandibular joint crepitus,颞下颌关节弹响,
HP:0012480,Abnormal cerebral vein morphology,脑静脉形态异常,
HP:0012481,Cerebral venous angioma,脑静脉血管瘤,
HP:0012482,Frontal venous angioma,额部静脉血管瘤,
HP:0012483,Abnormal alpha granules,α颗粒异常,
HP:0012484,Abnormal dense granules,致密颗粒异常,
HP:0012485,Abnormal surface-connected open canalicular system,表面连接开放管道系统异常,
HP:0012486,Myelitis,脊髓炎,
HP:0012487,Cerebellopontine angle arachnoid cyst,桥小脑角蛛网膜囊肿,
HP:0012488,Intraventricular arachnoid cyst,脑室内蛛网膜囊肿,
HP:0012489,Suprasellar arachnoid cyst,鞍上蛛网膜囊肿,
HP:0012490,Panniculitis,脂膜炎,
HP:0012491,Abnormal dense tubular system,致密管道系统异常,
HP:0012492,Cerebral artery stenosis,脑动脉狭窄,
HP:0012493,Middle cerebral artery stenosis,大脑中动脉狭窄,
HP:0012494,Anterior cerebral artery stenosis,大脑前动脉狭窄,
HP:0012495,Posterior cerebral artery stenosis,大脑后动脉狭窄,
HP:0012496,Reduced maximal inspiratory pressure,最大吸气压降低,
HP:0012497,Reduced maximal expiratory pressure,最大呼气压降低,
HP:0012498,Nuchal cord,脐带绕颈,
HP:0012499,Descending aortic dissection,降主动脉夹层,
HP:0012500,Verrucous papule,疣状丘疹,
HP:0012501,Abnormal brainstem white matter morphology,脑干白质形态异常,
HP:0012502,Abnormality of the internal capsule,内囊异常,
HP:0012503,Abnormal pituitary gland morphology,垂体形态异常,
HP:0012504,Abnormal size of pituitary gland,脑垂体大小异常,
HP:0012505,Enlarged pituitary gland,垂体增大,
HP:0012506,Small pituitary gland,垂体缩小,
HP:0012507,Weakness of orbicularis oculi muscle,眼轮匝肌无力,
HP:0012508,Metamorphopsia,视物变形,
HP:0012509,Reduced thyroxin-binding globulin,甲状腺素结合球蛋白降低,
HP:0012510,Extra-axial cerebrospinal fluid accumulation,轴外脑脊液蓄积,
HP:0012511,Temporal optic disc pallor,颞侧视盘苍白,
HP:0012512,Diffuse optic disc pallor,弥漫性视神经乳头苍白,
HP:0012513,Upper limb pain,上肢疼痛,
HP:0012514,Lower limb pain,下肢疼痛,
HP:0012515,Hip flexor weakness,屈髋无力,
HP:0012516,Tetralogy of Fallot with pulmonary atresia,法洛四联症伴肺动脉闭锁,
HP:0012517,Reduced circulating catalase activity,循环过氧化氢酶活性降低,
HP:0012518,Abnormal circle of Willis morphology,Willis环形态异常,
HP:0012519,Hypoplastic posterior communicating artery,后交通动脉发育不全,
HP:0012520,Dilation of Virchow-Robin spaces,血管周围间隙扩大,
HP:0012521,Optic nerve aplasia,视神经发育缺陷,
HP:0012522,Spider hemangioma,蜘蛛痣,
HP:0012523,Oral aversion,口服厌恶,
HP:0012524,Abnormal platelet shape,血小板形状异常,
HP:0012525,Abnormal alpha granule distribution,α颗粒分布异常,
HP:0012526,Absence of alpha granules,α颗粒缺失,
HP:0012527,Abnormal alpha granule content,α颗粒内容物异常,
HP:0012528,Abnormal number of alpha granules,α颗粒数量异常,
HP:0012529,Abnormal dense granule content,致密颗粒含量异常,
HP:0012530,Abnormal number of dense granules,致密颗粒数量异常,
HP:0012531,Pain,疼痛,
HP:0012532,Chronic pain,慢性疼痛,
HP:0012533,Allodynia,痛觉过敏,
HP:0012534,Dysesthesia,感觉障碍,
HP:0012535,Abnormal synaptic transmission,突触传递异常,
HP:0012536,Maternal anticardiolipin antibody positive,母体抗心磷脂抗体阳性,
HP:0012537,Food intolerance,食物不耐受,
HP:0012538,Gluten intolerance,麸质不耐受,
HP:0012539,Non-Hodgkin lymphoma,非霍奇金淋巴瘤,
HP:0012540,Axillary epidermoid cyst,腋窝表皮样囊肿,
HP:0012541,Cephalohematoma,胎头血肿,
HP:0012542,Onychauxis,甲肥厚,
HP:0012543,Hemosiderinuria,含铁血黄素尿症,
HP:0012544,Elevated circulating aldolase concentration,循环醛缩酶浓度升高,
HP:0012545,Reduced circulating aldolase concentration,循环醛缩酶浓度降低,
HP:0012546,Skewed maternal X inactivation,母亲X染色体偏向性失活,
HP:0012547,Abnormal involuntary eye movements,不自主眼球运动异常,
HP:0012548,Fatty replacement of skeletal muscle,骨骼肌脂肪浸润,
HP:0012549,Conjunctival lipoma,结膜脂肪瘤,
HP:0012550,Colonic varices,结肠静脉曲张,
HP:0012551,Absent neutrophil specific granules,中性粒细胞特定颗粒缺乏,
HP:0012552,Increased neutrophil nuclear projections,中性粒细胞核突起增加,
HP:0012553,Hypoplastic thumbnail,拇指甲发育不全,
HP:0012554,Absent thumbnail,拇指甲缺失,
HP:0012555,Absent nail of hallux,拇趾甲缺失,
HP:0012556,Hyperbeta-alaninemia,高β丙氨酸血症,
HP:0012557,EEG with centrotemporal focal spike waves,脑电图伴中央颞区棘波,
HP:0012558,Abnormal T3/T4 ratio,T3/T4比值异常,
HP:0012559,Increased T3/T4 ratio,T3/T4比值升高,
HP:0012560,Decreased T3/T4 ratio,T3/T4比值降低,
HP:0012561,Unicuspid aortic valve,单瓣主动脉瓣,
HP:0012562,Premature epimetaphyseal fusion in hand,手干骺端过早融合,
HP:0012563,Premature epimetaphyseal fusion in foot,足干骺端过早融合,
HP:0012564,Premature epimetaphyseal fusion in tibia,胫骨干骺端过早融合,
HP:0012565,Premature epimetaphyseal fusion in fibula,腓骨干骺端过早融合,
HP:0012566,Premature epimetaphyseal fusion in radius,桡骨干骺端过早融合,
HP:0012567,Premature epimetaphyseal fusion in ulna,尺骨干骺端过早融合,
HP:0012568,Lower eyelid edema,下眼睑浮肿,
HP:0012569,Delayed menarche,月经初潮延迟,
HP:0012570,Synovial sarcoma,滑膜肉瘤,
HP:0012571,Ureter fissus,输尿管分叉,
HP:0012572,Ureter duplex,双重输尿管,
HP:0012573,Global proximal tubulopathy,全近端肾小管病,
HP:0012574,Mesangial hypercellularity,肾小球系膜增生,
HP:0012575,Abnormal nephron morphology,肾单位形态异常,
HP:0012576,Glomerular C3 deposition,C3肾小球病,
HP:0012577,Thin glomerular basement membrane,肾小球基底膜变薄,
HP:0012578,Membranous nephropathy,膜性肾病,
HP:0012579,Minimal change glomerulonephritis,微小病变性肾小球肾炎,
HP:0012580,Calcium phosphate nephrolithiasis,磷酸钙肾结石,
HP:0012581,Simple renal cyst,单纯性肾囊肿,
HP:0012582,Bilateral renal dysplasia,双侧肾发育不良,
HP:0012583,Unilateral renal hypoplasia,单侧肾发育不良,
HP:0012584,Bilateral renal hypoplasia,双侧肾发育不良,
HP:0012585,Renal atrophy,肾萎缩,
HP:0012586,Bilateral renal atrophy,双侧肾萎缩,
HP:0012587,Macroscopic hematuria,肉眼血尿,
HP:0012588,Steroid-resistant nephrotic syndrome,激素耐受性肾病综合征,
HP:0012589,Multidrug-resistant nephrotic syndrome,多药耐受型肾病综合征,
HP:0012590,Abnormal urine output,尿分泌量异常,
HP:0012591,Abnormal urinary electrolyte concentration,尿电解质浓度异常,
HP:0012592,Albuminuria,蛋白尿,
HP:0012593,Nephrotic range proteinuria,肾性蛋白尿排泄增高,
HP:0012594,Moderate albuminuria,微量白蛋白尿,
HP:0012595,Mild proteinuria,轻度蛋白尿,
HP:0012596,Moderate proteinuria,中度蛋白尿,
HP:0012597,Heavy proteinuria,严重蛋白尿,
HP:0012598,Abnormal urine potassium concentration,尿钾浓度异常,
HP:0012599,Abnormal urine phosphate concentration,尿磷酸盐浓度异常,
HP:0012600,Abnormal urine chloride concentration,尿液中氯离子浓度异常,
HP:0012601,Hypochloriduria,低氯化物尿,
HP:0012602,Renal chloride wasting,肾源性氯化物丢失,
HP:0012603,Abnormal urine sodium concentration,尿钠浓度异常,
HP:0012604,Hyponatriuria,低钠尿,
HP:0012605,Hypernatriuria,高钠尿症,
HP:0012606,Renal sodium wasting,肾源性钠流失,
HP:0012607,Abnormal urine magnesium concentration,尿中镁离子浓度异常,
HP:0012608,Hypermagnesiuria,高镁尿症,
HP:0012609,Hypomagnesiuria,低镁尿症,
HP:0012610,Abnormality of urinary uric acid level,尿中尿酸水平异常,
HP:0012612,Abnormal urinary sulfate concentration,尿中硫酸盐浓度异常,
HP:0012613,Increased urinary sulfate,尿中硫酸盐增高,
HP:0012614,Abnormal urine cytology,尿液细胞学异常,
HP:0012615,Cylindruria,管型尿,
HP:0012616,Leukocyte cylindruria,白细胞管型尿,
HP:0012617,Erythrocyte cylindruria,红细胞管型尿,
HP:0012618,Urachal cyst,脐尿管囊肿,
HP:0012619,Multiple bladder diverticula,多发性膀胱憩室症,
HP:0012620,Cloacal abnormality,泄殖腔畸形,
HP:0012621,Persistent cloaca,泄殖腔遗存,
HP:0012622,Chronic kidney disease,慢性肾病,
HP:0012623,Stage 1 chronic kidney disease,慢性肾病1期,
HP:0012624,Stage 2 chronic kidney disease,慢性肾病2期,
HP:0012625,Stage 3 chronic kidney disease,慢性肾病3期,
HP:0012626,Stage 4 chronic kidney disease,慢性肾病4期,
HP:0012627,Pseudoexfoliation,假性囊膜剥脱,
HP:0012628,Abnormal suspensory ligament of lens morphology,晶状体悬韧带形态异常,
HP:0012629,Phakodonesis,晶状体颤抖,
HP:0012630,Abnormal trabecular meshwork morphology,小梁网形态异常,
HP:0012631,Pigment deposition in the trabecular meshwork,小梁网色素沉积,
HP:0012632,Abnormal intraocular pressure,眼内压异常,
HP:0012633,Asymmetry of intraocular pressure,眼压不对称,
HP:0012634,Iris pigment dispersion,虹膜色素播散,
HP:0012635,Iris hypoperfusion,虹膜灌注不足,
HP:0012636,Retinal vein occlusion,视网膜静脉阻塞,
HP:0012637,Renal calcium wasting,肾源性钙流失,
HP:0012638,Abnormal nervous system physiology,神经系统生理功能异常,
HP:0012639,Abnormal nervous system morphology,神经系统形态异常,
HP:0012640,Abnormality of intracranial pressure,颅内压异常,
HP:0012641,Decreased intracranial pressure,颅内压降低,
HP:0012642,Cerebellar agenesis,小脑发育不全,
HP:0012643,Foveal hypopigmentation,中心凹脱色素改变,
HP:0012644,Increased caudate lactate level,尾状核乳酸水平升高,
HP:0012645,Enlarged peripheral nerve,周围神经增粗,
HP:0012646,Retractile testis,睾丸回缩,
HP:0012647,Abnormal inflammatory response,异常炎性反应,
HP:0012648,Decreased inflammatory response,炎症反应减弱,
HP:0012649,Increased inflammatory response,炎症反应增强,
HP:0012650,Perisylvian polymicrogyria,外侧裂周区多小脑回,
HP:0012651,Abasia,行走不稳,
HP:0012652,Exercise-induced asthma,运动诱发的哮喘,
HP:0012653,Status asthmaticus,哮喘持续状态,
HP:0012654,Abnormal CSF dopamine concentration,脑脊液多巴胺水平异常,
HP:0012655,Elevated CSF dopamine concentration,脑脊液多巴胺浓度升高,
HP:0012656,Reduced CSF dopamine concentration,脑脊液多巴胺浓度降低,
HP:0012657,Abnormal brain positron emission tomography,脑部正电子发射断层扫描异常,
HP:0012658,Abnormal brain FDG positron emission tomography,脑FDG正电子发射断层扫描异常,
HP:0012659,Prefrontal hypometabolism in FDG PET,FDG PET前额叶代谢减少,
HP:0012660,Thalamic hypometabolism in FDG PET,FDG PET丘脑代谢减退,
HP:0012661,Hypothalamic hypometabolism in FDG PET,FDG PET下丘脑代谢减退,
HP:0012662,Parietal hypometabolism in FDG PET,FDG PET顶叶低代谢,
HP:0012663,Mildly reduced left ventricular ejection fraction,左心室射血分数轻度降低,
HP:0012664,Reduced left ventricular ejection fraction,左心室射血分数降低,
HP:0012665,Moderately reduced left ventricular ejection fraction,左心室射血分数中度降低,
HP:0012666,Severely reduced left ventricular ejection fraction,左心室射血分数严重降低,
HP:0012667,Regional left ventricular wall motion abnormality,区域性左室壁运动异常,
HP:0012668,Vasovagal syncope,血管迷走神经性晕厥,
HP:0012669,Carotid sinus syncope,颈动脉窦性晕厥,
HP:0012670,Orthostatic syncope,直立性晕厥,
HP:0012671,Abulia,意志力丧失,
HP:0012672,Akinetic mutism,运动不能缄默症,
HP:0012673,Aplasia of the upper vagina,阴道上段发育不全,
HP:0012674,Aplasia of the lower vagina,阴道下段发育不全,
HP:0012675,Iron accumulation in brain,脑内铁累积,
HP:0012676,Copper accumulation in brain,大脑铜积聚,
HP:0012678,Iron accumulation in substantia nigra,黑质铁累积,
HP:0012679,Widened interpedicular distance,椎弓根间距增加,
HP:0012680,Abnormality of the pineal gland,松果体异常,
HP:0012681,Abnormal pineal morphology,松果体形态异常,
HP:0012682,Pineal gland calcification,松果体钙化,
HP:0012683,Pineal cyst,松果体囊肿,
HP:0012684,Abnormal pineal volume,松果体体积异常,
HP:0012685,Decreased pineal volume,松果体体积减小,
HP:0012686,Increased pineal volume,松果体体积增加,
HP:0012687,Agenesis of pineal gland,松果体发育缺失,
HP:0012688,Abnormality of pineal physiology,松果体生理异常,
HP:0012689,Abnormal pineal melatonin secretion,松果体褪黑素分泌异常,
HP:0012690,T2 hypointense thalamus,丘脑T2序列低信号,
HP:0012691,Focal T2 hypointense thalamic lesion,丘脑局灶性T2低信号病变,
HP:0012692,Focal T2 hyperintense thalamic lesion,丘脑局灶性T2高信号病变,
HP:0012693,Abnormal thalamic size,丘脑大小异常,
HP:0012694,Enlarged thalamic volume,丘脑体积增大,
HP:0012695,Decreased thalamic volume,丘脑体积减少,
HP:0012696,Abnormal thalamic MRI signal intensity,丘脑核磁共振信号强度异常,
HP:0012697,Small basal ganglia,小基底神经节,
HP:0012698,Cerebellar gliosis,小脑胶质细胞增生,
HP:0012699,Anomaly of lower limb diaphyses,下肢骨干异常,
HP:0012700,Abnormal large intestine physiology,大肠生理功能异常,
HP:0012701,Bowel urgency,排便紧迫感,
HP:0012702,Tenesmus,里急后重,
HP:0012703,Abnormal subarachnoid space morphology,蛛网膜下腔形态异常,
HP:0012704,Widened subarachnoid space,蛛网膜下腔增宽,
HP:0012705,Abnormal metabolic brain imaging by MRS,磁共振波谱脑代谢成像异常,
HP:0012706,Elevated brain choline level by MRS,磁共振波谱大脑胆碱水平升高,
HP:0012707,Elevated brain lactate level by MRS,磁共振波谱大脑乳酸水平升高,
HP:0012708,Reduced brain N-acetyl aspartate level by MRS,磁共振波谱大脑N-乙酰天门冬氨酸水平降低,
HP:0012709,Abnormal brain choline/creatine ratio by MRS,磁共振波谱大脑胆碱/肌酐比值异常,
HP:0012710,Ingrown nail,嵌甲,
HP:0012711,Delayed ossification of vertebral epiphysis,椎体骨骺骨化延迟,
HP:0012712,Mild hearing impairment,轻度听力受损,
HP:0012713,Moderate hearing impairment,中度听力受损,
HP:0012714,Severe hearing impairment,重度听力受损,
HP:0012715,Profound hearing impairment,极重度听力受损,
HP:0012716,Moderate conductive hearing impairment,中度传导性听力受损,
HP:0012717,Severe conductive hearing impairment,重度传导性听力受损,
HP:0012718,Abnormal gastrointestinal tract morphology,胃肠道形态异常,
HP:0012719,Functional abnormality of the gastrointestinal tract,胃肠道功能异常,
HP:0012720,Neoplasm of the nose,鼻肿瘤,
HP:0012721,Venous malformation,静脉畸形,
HP:0012722,Heart block,心脏传导阻滞,
HP:0012723,Sinoatrial block,窦房传导阻滞,
HP:0012724,Upper eyelid edema,上眼睑水肿,
HP:0012725,Cutaneous syndactyly,皮肤性并指畸形,
HP:0012726,Episodic hypokalemia,阵发性低钾血症,
HP:0012727,Thoracic aortic aneurysm,胸主动脉瘤,
HP:0012728,Fusiform descending thoracic aortic aneurysm,梭形胸降主动脉瘤,
HP:0012729,Saccular descending thoracic aortic aneurysm,囊状胸降主动脉瘤,
HP:0012730,Aglossia,无舌畸形,
HP:0012731,Ectopic anterior pituitary gland,异位垂体前叶腺,
HP:0012732,Anorectal anomaly,肛肠异常,
HP:0012733,Macule,斑疹,
HP:0012734,Ketotic hypoglycemia,酮症性低血糖症,
HP:0012735,Cough,咳嗽,
HP:0012736,Profound global developmental delay,严重的全脑发育迟缓,
HP:0012737,Small intestinal polyp,小肠息肉,
HP:0012738,Agenesis of canine,犬齿发育不全,
HP:0012739,Agenesis of the small intestine,小肠发育不全,
HP:0012740,Papilloma,乳头状瘤,
HP:0012741,Unilateral cryptorchidism,单侧隐睾,
HP:0012742,Thin fingernail,薄指甲,
HP:0012743,Abdominal obesity,腹型肥胖,
HP:0012744,Femoral aplasia,股骨发育不全,
HP:0012745,Short palpebral fissure,短睑裂,
HP:0012746,Thin toenail,薄趾甲,
HP:0012747,Abnormal brainstem MRI signal intensity,脑干核磁共振信号强度异常,
HP:0012748,Focal T2 hyperintense brainstem lesion,脑干局灶性T2高信号病变,
HP:0012749,Focal T2 hypointense brainstem lesion,脑干局灶性T2低信号病变,
HP:0012750,T2 hypointense brainstem,脑干T2序列低信号,
HP:0012751,Abnormal basal ganglia MRI signal intensity,核磁共振基底节异常信,
HP:0012752,Focal T2 hypointense basal ganglia lesion,基底节局灶性T2低信号病变,
HP:0012753,T2 hypointense basal ganglia,基底节T2序列低信号,
HP:0012754,CNS hypermyelination,中枢神经系统髓鞘形成增多,
HP:0012755,Enlarged brainstem,脑干扩大,
HP:0012756,CSF polymorphonuclear pleocytosis,脑脊液多形核细胞增多,
HP:0012757,Abnormal neuron morphology,神经元形态异常,
HP:0012758,Neurodevelopmental delay,神经发育延迟,
HP:0012759,Neurodevelopmental abnormality,神经发育异常,
HP:0012760,Reduced social responsiveness,社交反应能力下降,
HP:0012761,Absent mastoid,乳突缺如,
HP:0012762,Cerebral white matter atrophy,脑白质萎缩,
HP:0012763,Paroxysmal dyspnea,突发性呼吸困难,
HP:0012764,Orthopnea,端坐式呼吸,
HP:0012765,Widened cerebellar subarachnoid space,增宽的小脑蛛网膜下腔,
HP:0012766,Widened cerebral subarachnoid space,脑蛛网膜下腔扩大,
HP:0012767,Abnormal placental size,胎盘大小异常,
HP:0012768,Neonatal asphyxia,新生儿窒息,
HP:0012769,Abnormal arm span,臂展异常,
HP:0012770,Reduced arm span,臂展降低,
HP:0012771,Increased arm span,臂展增加,
HP:0012772,Abnormal upper to lower segment ratio,上下身比例异常,
HP:0012773,Reduced upper to lower segment ratio,上下身比例减小,
HP:0012774,Increased upper to lower segment ratio,上下身比例增大,
HP:0012775,Stellate iris,星状虹膜,
HP:0012776,Abnormal ciliary body morphology,睫状体形态异常,
HP:0012777,Retinal neoplasm,视网膜肿瘤,
HP:0012778,Retinal astrocytic hamartoma,视网膜星形细胞错构瘤,
HP:0012779,Transient hearing impairment,一过性听力受损,
HP:0012780,Neoplasm of the ear,耳部肿瘤,
HP:0012781,Mid-frequency hearing loss,中频听力丧失,
HP:0012782,Perilobar nephrogenic rest,肾小叶周围性肾源残余,
HP:0012783,Intralobar nephrogenic rest,肾小叶内型肾残余,
HP:0012784,Perinephritis,肾周围炎,
HP:0012785,Flexion contracture of finger,手指屈曲挛缩,
HP:0012786,Recurrent cystitis,复发性膀胱炎,
HP:0012787,Recurrent pyelonephritis,复发性肾盂肾炎,
HP:0012788,Reticulate pigmentation of oral mucosa,口腔黏膜网状色素沉着,
HP:0012789,Hypoplasia of the calcaneus,跟骨发育低下,
HP:0012790,Abnormal intramembranous ossification,膜内骨化异常,
HP:0012791,Abnormal humeral ossification,肱骨骨化异常,
HP:0012792,Absent ossification of thoracic vertebral bodies,胸椎椎体未骨化,
HP:0012793,Kinked brainstem,脑干扭结,
HP:0012794,Periventricular white matter hypodensities,脑室周围白质低密度,
HP:0012795,Abnormal optic disc morphology,视盘形态异常,
HP:0012796,Increased cup-to-disc ratio,杯盘比增大,
HP:0012797,Lymphatic vessel neoplasm,淋巴管瘤,
HP:0012798,Pulmonary lymphangiomyomatosis,肺淋巴管肌瘤病,
HP:0012799,Unilateral facial palsy,单侧面神经麻痹,
HP:0012800,Accessory cranial suture,额外颅缝,
HP:0012801,Narrow jaw,窄下颌,
HP:0012802,Broad jaw,宽下颌,
HP:0012803,Anisometropia,屈光参差,
HP:0012804,Corneal ulceration,角膜溃疡,
HP:0012805,Iris transillumination defect,虹膜透光缺陷,
HP:0012806,Proboscis,管状鼻,
HP:0012807,High insertion of columella,鼻小柱高插入,
HP:0012808,Abnormal nasal base norphology,鼻基形态异常,
HP:0012809,Narrow nasal base,鼻基狭窄,
HP:0012810,Wide nasal base,宽鼻底,
HP:0012811,Wide nasal ridge,宽鼻嵴,
HP:0012812,Fullness of paranasal tissue,鼻旁组织丰满,
HP:0012813,Unilateral breast hypoplasia,单侧乳房发育不良,
HP:0012814,Bilateral breast hypoplasia,双侧乳房发育不良,
HP:0012815,Hypoplastic female external genitalia,女性外生殖器发育不良,
HP:0012816,Right ventricular noncompaction cardiomyopathy,右室心肌致密化不全,
HP:0012817,Noncompaction cardiomyopathy,心肌致密化不全,
HP:0012818,Biventricular noncompaction cardiomyopathy,双心室心肌致密化不全,
HP:0012819,Myocarditis,心肌炎,
HP:0012820,Bilateral vocal cord paralysis,双侧声带麻痹,
HP:0012821,Unilateral vocal cord paresis,单侧声带麻痹,
HP:0012822,Bilateral vocal cord paresis,双侧声带麻痹,
HP:0012823,Clinical modifier,临床调节因素,
HP:0012824,Severity,严重程度,
HP:0012825,Mild,轻度,
HP:0012826,Moderate,中度,
HP:0012827,Borderline,正常范围界限,
HP:0012828,Severe,重度,
HP:0012829,Profound,非常严重,
HP:0012830,Position,位置,
HP:0012831,Laterality,偏侧性,
HP:0012832,Bilateral,双侧,
HP:0012833,Unilateral,单侧,
HP:0012834,Right,右侧,
HP:0012835,Left,左侧,
HP:0012836,Spatial pattern,病变分布,
HP:0012837,Generalized,全身性,
HP:0012838,Localized,局部性,
HP:0012839,Distal,远端,
HP:0012840,Proximal,近端,
HP:0012841,Retinal vascular tortuosity,视网膜血管迂曲,
HP:0012842,Skin appendage neoplasm,皮肤附属器肿瘤,
HP:0012843,Hair follicle neoplasm,毛囊瘤,
HP:0012844,Trichilemmoma,毛根鞘瘤,
HP:0012845,Single trichilemmoma,单发性毛根鞘瘤,
HP:0012846,Multiple trichilemmomata,多发性毛根鞘瘤,
HP:0012847,Epilepsia partialis continua,部分性癫痫发作持续状态,
HP:0012848,Small intestinal stenosis,小肠狭窄,
HP:0012849,Small intestinal bleeding,小肠出血,
HP:0012850,Small intestinal dysmotility,小肠动力障碍,
HP:0012851,Colonic stenosis,结肠狭窄,
HP:0012852,Hepatic bridging fibrosis,肝桥接性纤维化,
HP:0012853,Scrotal hypospadias,阴囊型尿道下裂,
HP:0012854,Midshaft hypospadias,中段尿道下裂,
HP:0012855,Scrotal hyperpigmentation,阴囊色素沉着,
HP:0012856,Abnormal scrotal rugation,阴囊褶皱异常,
HP:0012857,Increased scrotal rugation,阴囊褶皱增加,
HP:0012858,Decreased scrotal rugation,阴囊褶皱减少,
HP:0012859,Esophageal leukoplakia,食管白斑,
HP:0012860,Testicular fibrosis,睾丸纤维化,
HP:0012861,Ovotestis,卵睾（两性生殖腺）,
HP:0012862,Abnormal germ cell morphology,生殖细胞形态异常,
HP:0012863,Abnormal male germ cell morphology,男性生殖细胞形态异常,
HP:0012864,Abnormal sperm morphology,精子形态异常,
HP:0012865,Abnormal sperm head morphology,精子头部形态异常,
HP:0012866,Abnormal sperm neck morphology,精子颈部形态异常,
HP:0012867,Abnormal sperm mid-piece morphology,精子中段形态异常,
HP:0012868,Abnormal sperm tail morphology,精子尾部形态异常,
HP:0012869,Acephalic spermatozoa,无头精子,
HP:0012870,Vanishing testis,睾丸消失,
HP:0012871,Varicocele,精索静脉曲张,
HP:0012872,Abnormal vas deferens morphology,输精管形态异常,
HP:0012873,Absent vas deferens,输精管缺如,
HP:0012874,Abnormal male reproductive system physiology,男性生殖系统生理机能异常,
HP:0012875,Abnormal ejaculation,射精异常,
HP:0012876,Premature ejaculation,早泄,
HP:0012877,Retrograde ejaculation,逆行射精,
HP:0012878,Retarded ejaculation,射精延迟,
HP:0012879,Anejaculation,不射精症,
HP:0012880,Abnormal labia minora morphology,小阴唇形态异常,
HP:0012881,Abnormal labia majora morphology,大阴唇形态异常,
HP:0012882,Hyperplastic labia majora,大阴唇增生,
HP:0012883,Fallopian tube cyst,输卵管囊肿,
HP:0012884,Fallopian tube torsion,输卵管扭转,
HP:0012885,Fallopian tube duplication,输卵管重复,
HP:0012886,Hemorrhagic ovarian cyst,出血性卵巢囊肿,
HP:0012887,Ovarian serous cystadenoma,卵巢浆液性囊腺瘤,
HP:0012888,Abnormal uterine cervix morphology,宫颈形态异常,
HP:0012889,Cervical endometriosis,宫颈子宫内膜异位症,
HP:0012890,Posteriorly placed anus,肛门后置,
HP:0012891,High posterior hairline,后发际线高,
HP:0012892,Facial muscle hypertrophy,面部肌肉肥大,
HP:0012893,Neck muscle hypertrophy,颈部肌肉肥大,
HP:0012894,Paraspinal muscle hypertrophy,椎旁肌肥大,
HP:0012895,Scapular muscle hypertrophy,肩胛肌肥大,
HP:0012896,Abnormal motor evoked potentials,运动诱发电位异常,
HP:0012897,Abnormal upper-limb motor evoked potentials,上肢运动诱发电位异常,
HP:0012898,Abnormal lower-limb motor evoked potentials,下肢运动诱发电位异常,
HP:0012899,Handgrip myotonia,抓握性肌强直,
HP:0012900,Myotonia of the face,面部肌强直,
HP:0012901,Myotonia of the jaw,下颌肌强直,
HP:0012902,Myotonia of the lower limb,下肢肌强直,
HP:0012903,Myotonia of the upper limb,上肢肌强直,
HP:0012904,Cold-sensitive myotonia,冷敏性肌强直,
HP:0012905,Euryblepharon,睑外翻,
HP:0020006,Ciliary body coloboma,睫状体缺损,
HP:0020034,Diffuse,弥漫性,
HP:0020035,Lower limb dysmetria,下肢距辨不良症,
HP:0020036,Upper limb dysmetria,上肢距辨不良,
HP:0020037,Astasia,站立不能,
HP:0020038,Vertebrobasilar dolichoectasia,椎基底动脉扩张延长症,
HP:0020041,Double elevator palsy,双下转肌麻痹,
HP:0020042,Double depressor palsy,双上转肌麻痹,
HP:0020043,Vertical incomitant strabismus,垂直性斜视,
HP:0020044,Horizontal incomitant strabismus,水平非同步斜视,
HP:0020045,Esodeviation,内斜视,
HP:0020046,Accommodative esotropia,调节性内斜视,
HP:0020047,Abnormal myeloid cell morphology,骨髓细胞形态学异常,
HP:0020048,Reduced bone-marrow pro-B cell count,骨髓祖B细胞计数减少,
HP:0020049,Exodeviation,外斜视,
HP:0020050,Anti-granulocyte-macrophage colony stimulating factor antibody positivity,抗粒细胞-巨噬细胞集落刺激因子抗体阳性,
HP:0020054,Abnormal erythrocyte physiology,红细胞生理异常,
HP:0020058,Abnormal red blood cell count,红细胞计数异常,
HP:0020059,Increased red blood cell count,红细胞计数增高,
HP:0020060,Decreased red blood cell count,红细胞计数减低,
HP:0020061,Abnormal hemoglobin concentration,血红蛋白浓度异常,
HP:0020062,Decreased hemoglobin concentration,血红蛋白浓度减低,
HP:0020064,Abnormal eosinophil count,嗜酸性粒细胞计数异常,
HP:0020071,Viremia,病毒血症,
HP:0020072,Persistent EBV viremia,持续性EBV病毒血症,
HP:0020073,Hypopigmented macule,低色素斑点,
HP:0020074,Crystalluria,结晶尿,
HP:0020075,Leucine crystalluria,亮氨酸结晶尿,
HP:0020076,Wrist ganglion,腕关节腱鞘囊肿,
HP:0020077,Carnitinuria,肉碱尿,
HP:0020078,Alaninuria,丙氨酸尿,
HP:0020079,Beta-alaninuria,β-丙氨酸尿,
HP:0020080,Erythrocyte inclusion bodies,红细胞包涵体,
HP:0020081,Pappenheimer bodies,帕彭海默小体,
HP:0020082,Heinz bodies,海因小体,
HP:0020083,Furuncle,疖,
HP:0020084,Carbuncle,痈,
HP:0020085,Infection following live vaccination,活疫苗接种后感染,
HP:0020086,BCGitis,接种卡介苗后局部或周边感染,
HP:0020087,BCGosis,接种卡介苗后远处或播散性感染,
HP:0020088,Post-vaccination measles,接种麻疹减毒活疫苗后感染,
HP:0020089,Post-vaccination rubella,接种风疹减毒活疫苗后感染,
HP:0020090,Post-vaccination polio,接种脊髓灰质炎减毒活疫苗后感染,
HP:0020091,Post-vaccination rotavirus infection,接种轮状病毒减毒活疫苗后感染,
HP:0020093,Recurrent deep organ abscess formation,复发性深部器官脓肿形成,
HP:0020095,Prolonged need of intravenous antibiotic therapy,超期静脉注射抗生素治疗,
HP:0020096,Recurrent streptococcal infections,复发性链球菌感染,
HP:0020097,Infection due to encapsulated bacteria,包埋性细菌感染,
HP:0020099,Severe norovirus infection,重度诺如病毒感染,
HP:0020100,Unusual fungal infection,异常真菌感染,
HP:0020101,Invasive fungal infection,侵袭性真菌感染,
HP:0020102,Pneumocystis jirovecii pneumonia,肺孢子菌肺炎,
HP:0020103,Invasive pulmonary aspergillosis,侵袭性肺曲霉菌病,
HP:0020104,Unusual protozoan infection,非寻常原生动物感染,
HP:0020105,Severe toxoplasmosis,重度弓形虫感染,
HP:0020106,Severe giardiasis,重度贾第虫感染,
HP:0020107,Unusual helminthic infection,非寻常蠕虫感染,
HP:0020108,Unusual parasitic infection,非寻常寄生虫感染,
HP:0020110,Bone fracture,骨折,
HP:0020111,Abnormal CD4+CD25+ regulatory T cell proportion,CD4+CD25+调节性T细胞比例异常,
HP:0020112,Increased proportion of CD4+CD25+ regulatory T cells,CD4+CD25+调节性T细胞比例增高,
HP:0020113,Decreased proportion of CD4+CD25+ regulatory T cells,CD4+CD25+调节性T细胞比例降低,
HP:0020114,Persistent human papillomavirus infection,持续性人乳头瘤病毒感染,
HP:0020117,Hypoplastic dermoepidermal hemidesmosomes,真皮表皮交界处半小体发育不良,
HP:0020118,Radial artery aplasia,桡动脉未发育,
HP:0020119,Abnormal retinal nerve fiber layer morphology,视网膜神经纤维层形态异常,
HP:0020120,Retinal nerve fiber edema,视网膜神经纤维水肿,
HP:0020121,Conception by assisted reproductive technology,通过辅助生殖技术受孕,
HP:0020122,Bite cells,咬痕细胞,
HP:0020123,Tympanosclerosis,鼓膜硬化症,
HP:0020125,Spontaneous conjunctival filtering bleb,自发性结膜滤过泡,
HP:0020126,Prostate mass,前列腺肿块,
HP:0020127,Periarticular soft-tissue mass,关节周围软组织肿块,
HP:0020128,Aplasia of the olfactory tract,嗅束不发育,
HP:0020129,Abnormal urine protein level,尿蛋白水平异常,
HP:0020130,Increased urinary neutrophil gelatinase-associated lipocalin,尿中性粒细胞明胶酶相关脂质运载蛋白升高,
HP:0020131,Abnormal tubular basement membrane morphology,肾小管基底膜形态异常,
HP:0020132,Thickening of the tubular basement membrane,肾小管基底膜增厚,
HP:0020133,Podocyte hypertrophy,足突细胞肥大,
HP:0020134,Increased urine neutrophil count,尿中性粒细胞计数升高,
HP:0020135,Myofibromatosis,肌纤维瘤病,
HP:0020136,Anticardiolipin IgG antibody positivity,抗心磷脂IgG抗体阳性,
HP:0020137,Anticardiolipin IgM antibody positivity,抗心磷脂IgM抗体阳性,
HP:0020138,History of recent animal bite,近期动物咬伤史,
HP:0020139,History of recent insect bite,近期昆虫叮咬史,
HP:0020140,History of recent tick bite,近期蜱虫叮咬史,
HP:0020141,Blood pressure substantially higher in legs than arms,腿部血压明显高于手臂,
HP:0020142,Blood pressure substantially higher in arms than legs,手臂血压明显高于腿部,
HP:0020143,Tracheal duplication cyst,气管组织样囊肿,
HP:0020144,Calcium phosphate crystalluria,磷酸钙结晶尿,
HP:0020145,Calcium oxalate crystalluria,草酸钙结晶尿,
HP:0020146,Calcium carbonate crystalluria,碳酸钙结晶尿,
HP:0020147,2-Methylbutyryl glycinuria,2-甲基丁酰甘氨酸尿症,
HP:0020148,Increased circulating mead acid level,血液二十碳三烯酸水平升高,
HP:0020149,Elevated circulating succinate,血液琥珀酸盐升高,
HP:0020150,Elevated urinary uromodulin level,尿尿调节素水平升高,
HP:0020151,Anti-dsDNA antibody positivity,抗双链DNA 抗体阳性,
HP:0020152,Distal joint hypermobility,远端关节过度活动,
HP:0020153,"Positive blood 1,3 beta glucan test",血液(1-3)-β-葡聚糖检测阳性,
HP:0020154,Nevus comedonicus,黑头粉刺样痣,
HP:0020155,Abnormal oocyte morphology,卵细胞形态异常,
HP:0020156,Abnormal zona pellucida morphology,透明带形态异常,
HP:0020157,Thin zona pellucida,透明带变薄,
HP:0020158,Increased circulating adrenic acid concentration,血液肾上腺酸浓度升高,
HP:0020159,Reduced response to gonadotropin-releasing hormone stimulation test,促性腺激素释放激素刺激应答减弱,
HP:0020160,GM1-ganglioside accumulation,GM1-神经节苷脂累积,
HP:0020161,Branch retinal artery occlusion,视网膜动脉分支闭塞,
HP:0020163,Cilioretinal artery occlusion,睫状体视网膜动脉阻塞,
HP:0020164,Ophthalmic artery occlusion,眼动脉阻塞,
HP:0020165,Branch retinal vein occlusion,视网膜分支静脉阻塞,
HP:0020166,Central retinal vein occlusion,视网膜中央静脉阻塞,
HP:0020167,Hemiretinal vein occlusion,视网膜分支静脉阻塞（半视网膜）,
HP:0020169,Abnormal drug response,药物反应异常,
HP:0020170,Increased blood drug concentration,血药浓度升高,
HP:0020171,Decreased blood drug concentration,血药浓度降低,
HP:0020172,Adverse drug response,药物不良反应,
HP:0020173,Reduced drug efficacy,药物疗效降低,
HP:0020174,Refractory drug response,药物治疗应答无能,
HP:0020175,Reduced circulating cholinesterase activity,循环胆碱酯酶活性降低,
HP:0020176,Cholesterol crystalluria,胆固醇结晶尿,
HP:0020177,"Abnormal proportion of CD8-positive, alpha-beta TEMRA T cells",CD8阳性的终末效应性α-β T细胞比例异常,
HP:0020178,Abnormal dendritic cell count,树突状细胞计数异常,
HP:0020179,Abnormal circulating haptoglobin concentration,循环触珠蛋白浓度异常,
HP:0020180,Elevated haptoglobin level,结合珠蛋白水平升高,
HP:0020181,Reduced haptoglobin level,结合珠蛋白水平降低,
HP:0020182,Abnormal circulating A-type atrial natriuretic peptide concentration,循环A型利钠肽浓度异常,
HP:0020183,Increased circulating A-type natriuretic peptide concentration,循环A型利钠肽浓度增加,
HP:0020184,Decreased circulating A-type natriuretic peptide concentration,循环A型利钠肽浓度降低,
HP:0020185,Superior cerebellar dysplasia,小脑上部发育不良,
HP:0020186,Multilobulated spleen,多叶脾,
HP:0020187,Thick pachygyria,巨脑回,
HP:0020188,Anterior predominant pachygyria with 5-10 mm cortical thickness,主要累及前脑的皮层厚度5-10 mm的巨脑回,
HP:0020189,Posterior predominant thick cortex pachygyria,主要累及后脑皮质增厚的巨脑回,
HP:0020190,Perisylvian predominant thick cortex pachygyria,主要累及脑外侧皮质增厚的巨脑回,
HP:0020191,Anterior predominant thick cortex pachygyria,主要累及前脑皮质增厚的巨脑回,
HP:0020192,Pachygyria with 5-10 mm cortical thickness,皮质厚度5-10mm的巨脑回,
HP:0020193,Prolonged reptilase time,蛇毒凝血酶时间延长,
HP:0020194,IgA heavy chain paraproteinemia,IgA重链副蛋白血症,
HP:0020195,IgG heavy chain paraproteinemia,IgG重链副蛋白血症,
HP:0020196,IgM heavy chain paraproteinemia,IgM重链副蛋白血症,
HP:0020197,Increased circulating arachidonic acid concentration,血液花生四烯酸水平升高,
HP:0020198,Abnormal circulating 18-hydroxycorticosterone level,血液18-羟基皮质酮水平异常,
HP:0020199,Decreased circulating 18-hydroxycortisone level,血液 18-羟基皮质酮水平降低,
HP:0020200,Increased circulating 18-hydroxycortisone level,血液18-羟基皮质酮水平升高,
HP:0020201,Abnormal sarcomere morphology,肌节形态异常,
HP:0020202,Abnormal Z disk morphology,Z盘形态异常,
HP:0020203,Z-band streaming,Z带漂移,
HP:0020204,Tubulointerstitial bacterial infiltration,肾小管间质细菌浸润,
HP:0020205,Tubulointerstitial fungal infiltration,肾小管间质真菌浸润,
HP:0020206,Simple ear,简平耳,
HP:0020207,Reflex seizure,反射性癫痫发作,
HP:0020208,Eating-induced seizure,进食诱发性癫痫发作,
HP:0020209,Hot water-induced seizure,热水诱发癫痫发作,
HP:0020210,Praxis-induced seizure,精细动作诱发的癫痫发作,
HP:0020211,Proprioceptive-induced seizure,本体感觉诱发性癫痫发作,
HP:0020212,Reading-induced seizure,阅读诱发性癫痫发作,
HP:0020213,Somatosensory-induced seizure,体感诱发性癫痫发作,
HP:0020214,Startle-induced seizure,惊吓诱发性癫痫发作,
HP:0020215,Thinking-induced seizure,思考诱发性癫痫发作,
HP:0020216,Visually-induced seizure,视觉诱发性癫痫发作,
HP:0020217,Focal aware motor seizure,清醒状态局灶性运动癫痫发作,
HP:0020218,Focal aware atonic seizure,清醒状态局灶性失张力癫痫发作,
HP:0020219,Motor seizure,运动性癫痫发作,
HP:0020220,Focal atonic seizure,局灶性无力型癫痫发作,
HP:0020221,Clonic seizure,阵挛性癫痫发作,
HP:0020222,Hypohomocysteinemia,低同型半胱氨酸血症,
HP:0020223,Dermal sinus tract,皮窦管,
HP:0020224,Mammary duct ectasia,乳腺导管扩张症,
HP:0020225,Breast abscess,乳腺脓肿,
HP:0020226,Nipple tenderness,乳头压痛,
HP:0020227,Floating gallbladder,游动胆囊,
HP:0020228,Biospecimen phenotypic feature,生物标本表型特征,
HP:0020229,Abnormal lymph-node biospecimen,淋巴结生物样本异常,
HP:0020230,Abnormal lymph-node tissue architecture,淋巴结组织结构异常,
HP:0020231,Abnormal lymph-node cellular finding,淋巴结细胞异常,
HP:0020233,Abnormal lymph-node cellular antigen expression,淋巴结细胞抗原表达异常,
HP:0020234,Altered lymph-node tissue architecture,淋巴结组织结构改变,
HP:0020235,Effaced lymph-node architecture,淋巴结结构消失,
HP:0020236,Vaguely nodular lymph-node architecture,结节性淋巴结结构模糊,
HP:0020237,Lymph-node capsular invasion by lymphocytes,淋巴细胞侵袭淋巴结包膜,
HP:0020238,Lymph-node extracapsular extension by lymph-node lymphocytes,淋巴细胞向淋巴结包膜外扩散,
HP:0020239,Increased lymph-node epithelioid histiocyte count,淋巴结上皮样组织细胞计数增加,
HP:0020240,Scattered lymph node individual epithelioid histiocytes,散在淋巴结单个上皮样组织细胞,
HP:0020241,Clustered lymph node epithelioid histiocytes,簇状淋巴结上皮样组织细胞,
HP:0020242,Abnormal lymph-node follicle architecture,淋巴结滤泡结构异常,
HP:0020243,Floral-pattern lymph node follicles,花状淋巴结滤泡,
HP:0020244,Colonization of follicles by lymphoma cells,淋巴瘤细胞在毛囊中的定植,
HP:0020245,Crowded lymph-node follicles,淋巴结滤泡拥挤,
HP:0020246,Lymph-node follicular lysis,淋巴结滤泡溶解,
HP:0020247,Non-polarized lymph node germinal centers,非极化淋巴结生发中心,
HP:0020248,Irregularly shaped lymph node germinal centers,淋巴结生发中心形状不规则,
HP:0020249,Abnormal lymph-node marginal or mantle zone morphology,淋巴结边缘或套区形态异常,
HP:0020250,Abnormal lymph node marginal zone morphology,淋巴结边缘区形态异常,
HP:0020251,Abnormal lymph node mantle zone morphology,淋巴结外套层形态异常,
HP:0020253,Lymph node with expanded mantle zones,淋巴结伴外套层扩张,
HP:0020254,Lymph node with poorly defined germinal center borders,淋巴结生发中心边界模糊,
HP:0020255,Abnormal lymph-node germinal center morphology,淋巴结生发中心形态异常,
HP:0020257,Mantle zone pattern,外套层模式,
HP:0020258,Germinal centers with absent marginal zones,生发中心边缘区缺如,
HP:0020261,Poorly defined primary lymph-node follicles,初级淋巴结滤泡边界不清,
HP:0020262,Progressive transformation of germinal centers,生发中心渐进性转化,
HP:0020263,Absent germinal center tingible body macrophages,生发中心可染体巨噬细胞缺失,
HP:0020264,Lack of germinal center mitotic figures,生发中心有丝分裂象缺乏,
HP:0020265,Non-polarized mantle zones,非极化套区,
HP:0020266,Hyalinized lymph-node vessels,淋巴结血管透明化,
HP:0020267,Lymph-node follicular sclerosis,淋巴结滤泡硬化,
HP:0020268,Compressed lymph-node sinuses,淋巴结窦压迫,
HP:0020269,Lymph-node proliferation centers,淋巴结增殖中心,
HP:0020270,Cytologic atypia in mantle cells,套细胞非典型性,
HP:0020271,Increased lymph-node eosinophils,淋巴结嗜酸性粒细胞增多,
HP:0020272,Increased lymph-node plasma cells,淋巴结浆细胞增多,
HP:0020273,High lymph node non-germinal center mitotic activity,淋巴结非生发中心有丝分裂活性高,
HP:0020274,Lymph-node lymphocyte monocytoid morphology,淋巴结淋巴细胞单核样形态,
HP:0020275,Reduced lymph node lymphocyte morphological variability,淋巴结淋巴细胞形态变异减少,
HP:0020276,Increased large lymphocytes in lymph node,淋巴结内大淋巴细胞增多,
HP:0020277,Hodgkin morphology cells,霍奇金形态细胞,
HP:0020278,Abnormal lymph-node lymphoctye nuclear morphology,淋巴结淋巴细胞核形态异常,
HP:0020279,Irregular lymph-node lymphocyte nuclei,淋巴结淋巴细胞核不规则,
HP:0020280,Lymph-node Dutcher bodies,淋巴结Dutcher小体,
HP:0020281,Finely dispersed lymph node lymphocyte chromatin,细分散的淋巴结淋巴细胞染色质,
HP:0020282,Abnormal lymph-node lymphocyte chromatin,淋巴结淋巴细胞染色质异常,
HP:0020283,Clumping of lymph node lymphocyte chromatin,淋巴结淋巴细胞染色质凝集,
HP:0020284,Abnormal lymph-node lymphocyte cytoplasm morphology,淋巴结淋巴细胞细胞质形态异常,
HP:0020285,Decreased lymph node lymphocyte cytoplasm,淋巴结淋巴细胞胞质减少,
HP:0020286,Increased lymph node lymphocyte cytoplasm,淋巴结淋巴细胞胞质增多,
HP:0020287,Abnormal level of lymph-node cellular CD19 expression,淋巴结细胞CD19表达水平异常,
HP:0020288,Abnormal lymph-node cellular B-cell marker expression,淋巴结细胞B细胞标志物表达异常,
HP:0020289,Abnormal level of lymph-node cellular CD20 expression,淋巴结细胞CD20表达水平异常,
HP:0020290,CD79a expression,CD79a表达,
HP:0020291,Increased lymph-node cellular CD20 expression,淋巴结细胞CD20表达增加,
HP:0020292,Decreased lymph-node cellular CD20 expression,淋巴结细胞CD20表达降低,
HP:0020293,Decreased lymph-node cellular CD19 expression,淋巴结细胞CD19表达降低,
HP:0020294,Increased lymph-node cellular CD19 expression,淋巴结细胞CD19表达增加,
HP:0020295,PAX5 expression,PAX5表达,
HP:0020296,Germinal center B-lymphocyte BCL2 expression,生发中心B淋巴细胞BCL2表达,
HP:0025004,Hallux rigidus,拇趾强直,
HP:0025005,Thickening of glomerular capillary wall,肾小球毛细血管壁增厚,
HP:0025006,Abnormal glomerular capillary morphology,肾小球毛细血管形态异常,
HP:0025007,Ectopic fovea,视网膜中央凹异位,
HP:0025008,Tracheal tug on inspiration,气管牵引,
HP:0025009,Forward slanting upper incisors,上切牙向前倾斜,
HP:0025010,Foveal atrophy,视网膜中央凹萎缩,
HP:0025011,Pyriform aperture stenosis,鼻梨状孔狭窄,
HP:0025012,Status cribrosum,筛状脑,
HP:0025013,Decerebrate rigidity,去大脑僵直,
HP:0025014,Subcutaneous spheroids,皮下球状物,
HP:0025015,Abnormal vascular morphology,血管形态异常,
HP:0025016,Abnormal capillary morphology,毛细血管形态异常,
HP:0025017,Capillary fragility,毛细血管脆性,
HP:0025018,Abnormal capillary physiology,毛细血管生理异常,
HP:0025019,Arterial rupture,动脉破裂,
HP:0025020,Elevated prostate-specific antigen level,前列腺特异抗原水平升高,
HP:0025021,Abnormal erythrocyte sedimentation rate,红细胞沉降率异常,
HP:0025022,Decreased erythrocyte sedimentation rate,红细胞沉降率下降,
HP:0025023,Rectal atresia,直肠闭锁,
HP:0025024,Megarectum,巨直肠,
HP:0025025,Rectovestibular fistula,直肠前庭瘘,
HP:0025026,H-type rectovestibular fistula,H型直肠前庭瘘,
HP:0025027,Osteoma cutis,皮肤骨瘤,
HP:0025028,Abnormal enteric nervous system morphology,肠神经系统形态异常,
HP:0025029,Abnormal enteric neuron morphology,肠神经元形态异常,
HP:0025030,Enteric neuronal degeneration,肠神经元变性,
HP:0025031,Abnormality of the digestive system,消化系统异常,
HP:0025032,Abnormality of digestive system physiology,消化系统生理异常,
HP:0025033,Abnormal digestive system morphology,消化系统形态异常,
HP:0025034,Abnormal morphology of erythroid progenitor cell,红系祖细胞形态异常,
HP:0025035,Abnormal proerythroblast morphology,原红细胞形态异常,
HP:0025037,Hypothalamic gliosis,下丘脑胶质瘤,
HP:0025038,Intratesticular abscess,睾丸内脓肿,
HP:0025039,Basal ganglia edema,基底神经节水肿,
HP:0025040,Thalamic edema,丘脑水肿,
HP:0025041,Thalamic calcification,丘脑钙化,
HP:0025042,Abnormality of mesenteric lymph nodes,肠系膜淋巴结异常,
HP:0025043,Enlarged mesenteric lymph node,肠系膜淋巴结肿大,
HP:0025044,Lung abscess,肺脓肿,
HP:0025045,Abnormal brain lactate level by MRS,磁共振波谱大脑乳酸水平异常,
HP:0025046,Reduced brain lactate level by MRS,磁共振波谱大脑乳酸水平降低,
HP:0025047,Abnormal brain choline level by MRS,磁共振波谱大脑胆碱水平异常,
HP:0025048,Reduced brain choline level by MRS,磁共振波谱大脑胆碱水平降低,
HP:0025049,Abnormal brain creatine level by MRS,磁共振波谱大脑肌酐水平异常,
HP:0025050,Elevated brain creatine level by MRS,磁共振波谱大脑肌酐水平升高,
HP:0025051,Reduced brain creatine level by MRS,磁共振波谱大脑肌酐水平降低,
HP:0025052,Abnormal brain N-acetyl aspartate level by MRS,磁共振波谱大脑N-乙酰天门冬氨酸水平异常,
HP:0025053,Elevated brain N-acetyl aspartate level by MRS,磁共振波谱大脑N-乙酰天门冬氨酸水平升高,
HP:0025057,Abnormal olfactory lobe morphology,嗅叶形态异常,
HP:0025058,Hypothalamic atrophy,下丘脑萎缩,
HP:0025059,Splenic abscess,脾脏脓肿,
HP:0025060,Multifocal splenic abscess,多灶性脾脓肿,
HP:0025061,Unifocal splenic abscess,单发性脾脓肿,
HP:0025062,Geophagia,食土癖,
HP:0025063,Scaphoid abdomen,舟状腹,
HP:0025064,Thalamic hemorrhage,丘脑出血,
HP:0025065,Abnormal mean corpuscular volume,红细胞体积异常,
HP:0025066,Decreased mean corpuscular volume,红细胞平均体积减低,
HP:0025068,Incomitant strabismus,非伴随性斜视,
HP:0025069,Concomitant strabismus,伴随性斜视,
HP:0025070,Abnormal U wave,异常U波,
HP:0025071,U wave inversion,U波倒置,
HP:0025072,Prominent U wave,U波明显,
HP:0025073,Exercise-induced U wave inversion,运动诱发的U波倒置,
HP:0025074,Abnormal QRS complex,QRS波群异常,
HP:0025075,Increased QRS voltage,QRS高电压,
HP:0025076,Abnormal QRS voltage,非正常QRS电压,
HP:0025077,Decreased QRS voltage,QRS低电压,
HP:0025078,Electrical alternans,电交替,
HP:0025079,Pancreatic abscess,胰腺脓肿,
HP:0025080,Orthokeratotic hyperkeratosis,正角化过度,
HP:0025081,Darier's sign,Darier征,
HP:0025082,Abnormal cutaneous elastic fiber morphology,皮肤弹性纤维形态异常,
HP:0025083,Elevated dermal desmosine content,真皮锁链素量升高,
HP:0025084,Folliculitis,毛囊炎,
HP:0025085,Bloody diarrhea,便血,
HP:0025086,Bloody mucoid diarrhea,血性粘液性腹泻,
HP:0025087,Delayed recoil upon stretching of skin,皮肤弹性回缩延迟,
HP:0025088,Onychomadesis,脱甲病,
HP:0025089,Feculent vomiting,粪便样呕吐,
HP:0025090,Abnormal large intestinal mucosa morphology,大肠黏膜形态异常,
HP:0025092,Epidermal acanthosis,表皮棘皮症,
HP:0025093,Peripapillary exudate,视乳头周围渗出,
HP:0025094,Disciform macular scar,黄斑盘状疤痕,
HP:0025095,Sneeze,打喷嚏,
HP:0025096,Paroxysmal sneezing,阵发性喷嚏,
HP:0025097,Eyelid myoclonus,眼睑肌阵挛,
HP:0025098,Dysgenesis of the hypothalamus,下丘脑发育不全,
HP:0025099,Dysgenesis of the thalamus,丘脑发育不全,
HP:0025100,Abnormal hippocampus morphology,海马形态异常,
HP:0025101,Dysgenesis of the hippocampus,海马回发育不全,
HP:0025102,Dysgenesis of the basal ganglia,基底节发育不良,
HP:0025103,Umbilicated nodule,脐状结界,
HP:0025104,Capillary malformation,毛细血管畸形,
HP:0025105,Nevus anemicus,贫血痣,
HP:0025106,Nevus roseus,玫瑰痣,
HP:0025107,Cutis marmorata telangiectatica congenita,先天性毛细血管扩张性大理石样皮肤,
HP:0025108,Angioma serpentinum,蛇纹石血管瘤,
HP:0025109,Reduced red cell pyruvate kinase level,红细胞丙酮酸激酶活性降低,
HP:0025110,Placoid macular lesion,鳞状黄斑病变,
HP:0025112,Auditory sensitivity,听觉敏感,
HP:0025113,Misophonia,恐音症,
HP:0025114,Hypergranulosis,颗粒层增厚,
HP:0025115,Civatte bodies,胶样小体,
HP:0025116,Fetal distress,胎儿窘迫,
HP:0025117,Rete ridge flattening,网脊扁平化,
HP:0025118,Lip discoloration,唇色改变,
HP:0025119,Violet lip discoloration,口唇青紫,
HP:0025122,Sawtooth acanthosis,锯齿棘皮症,
HP:0025123,White streaks/specks on enamel.,牙釉质上的白色条纹或斑点,
HP:0025124,Fragile teeth,牙齿发脆,
HP:0025125,White lesion of the oral mucosa,口腔黏膜白色病变。,
HP:0025126,Oral hairy leukoplakia,口腔毛状白斑,
HP:0025127,Actinic keratosis,光化性角化病,
HP:0025128,Reduced intraabdominal adipose tissue,腹腔内脂肪组织减少,
HP:0025129,Abnormal small intestinal mucosa morphology,小肠粘膜形态异常,
HP:0025130,Decreased small intestinal mucosa lactase level,小肠黏膜乳糖酶水平降低,
HP:0025131,Finger swelling,手指肿胀,
HP:0025132,Abnormal circulating estrogen level,循环雌激素水平异常,
HP:0025133,Abnormal serum estradiol,血清雌二醇异常,
HP:0025134,Increased serum estradiol,血清雌二醇增多,
HP:0025135,Abnormal serum estriol,血清雌三醇异常,
HP:0025136,Increased serum estriol,血清雌三醇增多,
HP:0025137,Decreased serum estriol,血清雌三醇降低,
HP:0025138,Abnormal serum estrone,血清雌酮异常,
HP:0025139,Increased serum estrone,血清雌酮升高,
HP:0025140,Decreased serum estrone,血清雌酮降低,
HP:0025141,Gingival calcification,牙龈钙化,
HP:0025142,Constitutional symptom,全身性症状,
HP:0025143,Chills,寒栗,
HP:0025144,Shivering,颤抖,
HP:0025145,Rigors,僵硬,
HP:0025146,Foveal degeneration,中心凹变性,
HP:0025147,Beaten bronze macular sheen,黄斑金属样光泽,
HP:0025148,Dark choroid,脉络膜湮没征,
HP:0025149,Atrophic muscularis propria,固有肌层萎缩,
HP:0025150,Hypoganglionosis,神经节细胞减少症,
HP:0025151,Ganglioneuromatosis,节细胞神经瘤,
HP:0025152,Poor visual behavior for age,视觉行为发育差,
HP:0025153,Transient,一过性,
HP:0025154,Portosystemic collateral veins,门体侧支静脉,
HP:0025155,Abnormality of hepatobiliary system physiology,肝胆系统生理异常,
HP:0025156,Dependency on intravenous nutrition,静脉营养依赖,
HP:0025157,Increased urinary sedoheptulose,尿液景天庚酮糖浓度增高,
HP:0025158,Hyperautofluorescent retinal lesion,视网膜自发强荧光病变,
HP:0025159,Hypoautofluorescent retinal lesion,视网膜自发弱荧光病变,
HP:0025160,Abnormal temper tantrums,异常发脾气,
HP:0025161,Frequent temper tantrums,频繁发脾气,
HP:0025162,Severe temper tantrums,严重脾气爆发/大发脾气,
HP:0025163,Abnormal optic chiasm morphology,视交叉形态异常,
HP:0025164,Increased number of elastic fibers in the dermis,真皮弹性纤维增多,
HP:0025165,Clumping of elastic fibers in the dermis,真皮弹性纤维团块,
HP:0025166,Thickened elastic fibers in the dermis,真皮弹性纤维增厚,
HP:0025167,Fragmented elastic fibers in the dermis,真皮弹性纤维碎裂,
HP:0025168,Left ventricular diastolic dysfunction,左心室舒张功能障碍,
HP:0025169,Left ventricular systolic dysfunction,左心室收缩功能障碍,
HP:0025170,Neuronal/glioneuronal neoplasm of the central nervous system,中枢神经系统神经元/神经胶质细胞瘤,
HP:0025171,Rosette-forming glioneuronal tumor,玫瑰花形神经胶质瘤,
HP:0025172,Smooth septal thickening on pulmonary HRCT,HRCT可见肺部间隔光滑性增厚,
HP:0025173,Nodular septal thickening on pulmonary HRCT,HRCT可见肺部间隔结节性增厚,
HP:0025174,Irregular septal thickening on pulmonary HRCT,HRCT可见肺部间隔不规则性增厚,
HP:0025175,Honeycomb lung,蜂窝状肺,
HP:0025176,Intralobular interstitial thickening,小叶间质增厚,
HP:0025177,Peribronchovascular interstitial thickening,支气管周围血管间质增厚,
HP:0025178,Subpleural interstitial thickening,胸膜下间质增厚,
HP:0025179,Ground-glass opacification,毛玻璃样结构,
HP:0025180,Centrilobular ground-glass opacification on pulmonary HRCT,肺部HRCT可见小叶中心性毛玻璃样结构,
HP:0025181,Abdominal aseptic abscess,腹腔无菌性脓肿,
HP:0025182,Localized area of pendulous skin,局限性皮肤松弛,
HP:0025186,Marcus Gunn jaw winking synkinesis,Marcus-Gunn下颌眼睑联动综合征,
HP:0025188,Retinal vasculitis,视网膜血管炎,
HP:0025190,Bilateral tonic-clonic seizure with generalized onset,双侧强直- 阵挛发作,
HP:0025192,Subtentorial periventricular white matter hyperdensity,幕下脑室周围白质高密度,
HP:0025193,Posterolateral diaphragmatic hernia,后外侧膈疝,
HP:0025194,Morgagni diaphragmatic hernia,Morgagni膈疝,
HP:0025195,Central diaphragmatic hernia,中央膈疝,
HP:0025196,Increased total iron binding capacity,总铁结合力增高,
HP:0025197,Inclusion body fibromatosis,包涵体纤维瘤病,
HP:0025198,Inflammatory cap polyp,炎性帽状息肉,
HP:0025200,Muscle fiber actin filament accumulation,肌纤维肌动蛋白丝堆积,
HP:0025201,Abnormal circulating apolipoprotein concentration,载脂蛋白水平异常,
HP:0025202,Elevated circulating apolipoprotein A-IV concentration,载脂蛋白A-IV水平增高,
HP:0025203,Caput medusae,脐周静脉曲张,
HP:0025204,Triggered by,触发,
HP:0025205,Triggered by breast feeding,母乳喂养触发,
HP:0025206,Triggered by cold,寒冷触发,
HP:0025207,Triggered by dehydration,脱水触发,
HP:0025208,Triggered by carbohydrate ingestion,碳水化合物触发,
HP:0025209,Triggered by fructose ingestion,果糖摄入触发,
HP:0025210,Triggered by glucose ingestion,葡萄糖摄入触发,
HP:0025211,Triggered by ethanol ingestion,乙醇摄入触发,
HP:0025212,Triggered by fasting,禁食触发,
HP:0025213,Triggered by galactose ingestion,半乳糖摄入触发,
HP:0025214,Triggered by heat,发热触发,
HP:0025215,Triggered by febrile illness,发热性疾病触发,
HP:0025216,Triggered by heavy meal,饱食触发,
HP:0025217,Triggered by high-fat diet,高脂饮食触发,
HP:0025218,Triggered by hyperventilation,过度换气触发,
HP:0025219,Triggered by vaccination,疫苗接种触发,
HP:0025220,Triggered by menstruation,月经触发,
HP:0025221,Triggered by pregnancy,妊娠触发,
HP:0025222,Triggered by sleep deprivation,睡眠剥夺触发,
HP:0025223,Triggered by smoking,吸烟触发,
HP:0025224,Triggered by sodium ingestion,钠摄入触发,
HP:0025225,Triggered by sound,声音触发,
HP:0025226,Triggered by stress,压力触发,
HP:0025227,Triggered by excitement,兴奋触发,
HP:0025228,Triggered by sudden movement,突然运动触发,
HP:0025229,Triggered by vestibular stimulation,前庭刺激触发,
HP:0025230,Tendonitis,肌腱炎,
HP:0025231,Abnormal synovial bursa morphology,滑膜囊形态异常,
HP:0025232,Bursitis,滑囊炎,
HP:0025233,Sleep paralysis,睡眠瘫痪,
HP:0025234,Parasomnia,异态睡眠,
HP:0025235,NREM parasomnia,非快速眼动期异态睡眠,
HP:0025236,Somnambulism,梦游症,
HP:0025237,Confusional arousal,觉醒障碍,
HP:0025238,Foot pain,足痛,
HP:0025239,Subhyaloid hemorrhage,玻璃体下出血,
HP:0025240,Preretinal hemorrhage,视网膜前出血,
HP:0025241,Flame-shaped retinal hemorrhage,火焰状视网膜出血,
HP:0025242,Dot-and-blot retinal hemorrhage,斑点状视网膜出血,
HP:0025243,Subretinal hemorrhage,视网膜下出血,
HP:0025244,Subretinal pigment epithelium hemorrhage,视网膜色素上皮下出血,
HP:0025245,Cutaneous cyst,皮肤囊肿,
HP:0025246,Trichilemmal cyst,毛鞘囊肿,
HP:0025247,Dermoid cyst,皮样囊肿,
HP:0025248,Eruptive vellus hair cyst,发疹性毛发囊肿,
HP:0025249,Comedo,粉刺,
HP:0025250,Closed comedo,闭合性粉刺,
HP:0025251,Open comedo,开放性粉刺,
HP:0025252,Geographic tongue,地图舌,
HP:0025253,Claustrophobia,幽闭恐惧症,
HP:0025254,Ameliorated by,缓解,
HP:0025255,Ameliorated by pregnancy,妊娠缓解,
HP:0025256,Ameliorated by heat,发热缓解,
HP:0025257,Ameliorated by carbohydrate ingestion,摄入碳水化合物缓解,
HP:0025258,Stiff neck,颈部僵硬,
HP:0025259,Stiff elbow,肘部僵硬,
HP:0025260,Stiff wrist,腕部僵硬,
HP:0025261,Stiff finger,手指僵硬,
HP:0025262,Stiff hip,髋部僵硬,
HP:0025263,Stiff knee,膝部僵硬,
HP:0025264,Stiff ankle,踝部僵硬,
HP:0025265,Stiff toe,脚趾僵硬,
HP:0025267,Snoring,打鼾,
HP:0025268,Stuttering,口吃,
HP:0025269,Panic attack,惊恐发作（急性焦虑发作）,
HP:0025270,Abnormal esophagus physiology,食管生理异常,
HP:0025271,Esophageal spasms,食管痉挛,
HP:0025272,Melasma,黄褐斑,
HP:0025273,Achilles tendonitis,跟腱炎,
HP:0025274,Ovarian dermoid cyst,卵巢皮样囊肿,
HP:0025275,Lateral,侧面,
HP:0025276,Abnormality of skin adnexa physiology,皮肤附属器异常,
HP:0025277,Gustatory sweating,味觉刺激出汗,
HP:0025278,Cold-induced sweating,寒冷刺激出汗,
HP:0025279,Migratory,游走性,
HP:0025280,Pain characteristic,疼痛的特征,
HP:0025281,Sharp,尖锐,
HP:0025282,Dull,钝性,
HP:0025283,Tender,温柔的,
HP:0025284,Sleep-interrupting,使睡眠中断的,
HP:0025285,Aggravated by,因……而加剧的,
HP:0025286,Aggravated by activity,因活动加剧,
HP:0025287,Axial,轴性,
HP:0025289,Cervical lymphadenopathy,颈部淋巴结病变,
HP:0025290,Upper-body predominance,上身优势,
HP:0025291,Lower-body predominance,下半身优势,
HP:0025292,Acral,肢端的,
HP:0025293,Distributed along Blaschko lines,沿Blashko线分布,
HP:0025294,Dermatomal,皮肤片区的,
HP:0025295,Herpetiform,疱疹样的,
HP:0025296,Morbilliform,麻疹样的,
HP:0025297,Prolonged,延长的,
HP:0025300,Malar rash,颧部皮疹,
HP:0025301,Nocturnal,夜间发作的,
HP:0025302,Diurnal,日间发作的,
HP:0025303,Episodic,不规则复发的,
HP:0025304,Periodic,周期性的,
HP:0025305,Quotidian,隔日,
HP:0025306,Acute emergence over minutes,数分钟内急性发作,
HP:0025307,Acute emergence over hours,数小时内急性发作,
HP:0025308,Acute emergence over days,数日内急性发作,
HP:0025309,Abnormal pupil shape,瞳孔形状异常,
HP:0025310,Oval pupil,椭圆形瞳孔,
HP:0025311,Anterior chamber cyst,前房囊肿,
HP:0025312,Esophoria,内隐斜,
HP:0025313,Exophoria,外隐斜,
HP:0025314,Choroidal nevus,脉络膜痣,
HP:0025315,Exacerbated by head trauma,头部创伤加重,
HP:0025317,Cubitus varus,肘内翻,
HP:0025318,Ovarian carcinoma,卵巢癌,
HP:0025320,Leakage of dye on fundus fluorescein angiography,眼底荧光造影荧光素渗漏,
HP:0025321,Copper accumulation in liver,肝内铜沉积,
HP:0025322,Venous occlusion,静脉闭塞,
HP:0025323,Abnormal arterial physiology,异常动脉生理学,
HP:0025324,Arterial occlusion,动脉闭塞,
HP:0025325,Sparse medial eyebrow,内侧眉毛稀疏,
HP:0025326,Retinal arterial occlusion,视网膜动脉阻塞,
HP:0025327,Decreased renal parenchymal thickness,肾皮质厚度变薄,
HP:0025328,Antepartum hemorrhage,产前出血,
HP:0025329,Anti-glutamic acid decarboxylase antibody positivity,抗谷氨酸脱羧酶抗体阳性,
HP:0025330,Downgaze palsy,向下凝视麻痹,
HP:0025331,Upgaze palsy,向上凝视麻痹,
HP:0025332,Abnormality of foot cortical bone,足皮质骨异常,
HP:0025333,Cortical thinning of foot bones,足骨皮质变薄,
HP:0025334,Triggered by emotion,情绪触发,
HP:0025335,Delayed ability to stand,站立能力延迟,
HP:0025336,Delayed ability to sit,独坐能力延迟,
HP:0025337,Red eye,红眼,
HP:0025338,Circumlimbal hyperemia,睫状充血（又称角膜周围充血）,
HP:0025339,Superficial episcleral hyperemia,浅层巩膜充血,
HP:0025340,Deep episcleral hyperemia,深层巩膜充血,
HP:0025341,Corneal keratic precipitates,角膜后沉着物,
HP:0025342,Central retinal artery occlusion,视网膜中央动脉闭塞,
HP:0025343,Lupus anticoagulant,狼疮抗凝剂,
HP:0025344,Interlobular bile duct destruction,小叶间胆道破坏,
HP:0025345,Abnormality of circulating beta-2-microglobulin level,循环β2-微球蛋白水平异常,
HP:0025346,Increased circulating beta-2-microglobulin level,循环β2-微球蛋白水平增高,
HP:0025347,Decreased circulating beta-2-microglobulin level,循环β2-微球蛋白水平降低,
HP:0025348,Abnormal corneal limbus morphology,角膜缘形态异常,
HP:0025349,Limbal edema,角膜缘水肿,
HP:0025350,Giant conjunctival papillae,巨大结膜乳头,
HP:0025351,Recurrent interdigital mycosis,复发性指（趾）间真菌病,
HP:0025352,Typically de novo,典型的新生突变,
HP:0025353,Anti-multiple nuclear dots antibody positivity,抗多核抗体阳性,
HP:0025354,Abnormal cellular phenotype,细胞表型异常,
HP:0025355,Retinal arterial macroaneurysms,视网膜大动脉瘤,
HP:0025357,Erratic myoclonus,不规则肌阵挛,
HP:0025358,Uveal ectropion,葡萄膜外翻,
HP:0025359,Polygonal renal calices,多边形肾盏,
HP:0025360,Polycalycosis,多肾盏畸形,
HP:0025361,Abnormal medullary pyramid morphology,髓质锥体形态异常,
HP:0025362,Renal medullary pyramid hypoplasia,肾髓锥体发育不全,
HP:0025363,Glomerular endocapillary hypercellularity,肾小球毛细血管内细胞增生,
HP:0025364,Glomerular extracapillary hypercellularity,肾小球毛细血管外细胞增生,
HP:0025367,Trichoepithelioma,毛发上皮瘤,
HP:0025368,Abnormal growth plate morphology,生长板形态异常,
HP:0025369,Thick growth plates,生长板增厚,
HP:0025370,Abnormal ossification of the sacrum,骶骨骨化异常,
HP:0025371,Delayed ossification of the sacrum,骶骨骨化延迟,
HP:0025372,Loud snoring,鼾声大,
HP:0025373,Interictal EEG abnormality,发作间期脑电图异常,
HP:0025374,Duplicated odontoid process,齿状突重复,
HP:0025375,Orthotopic os odontoideum,原位齿突骨,
HP:0025376,Hyperglutaminuria,高谷氨酰胺尿症,
HP:0025377,Triggered by exertion,活动触发,
HP:0025379,Anti-thyroid peroxidase antibody positivity,抗甲状腺过氧化物酶抗体阳性,
HP:0025380,Increased circulating androstenedione concentration,血液雄烯二酮升高,
HP:0025381,Anti-pituitary antibody positivity,抗垂体抗体阳性,
HP:0025382,Hypodipsia,渴感减退,
HP:0025383,Dorsocervical fat pad,颈背部脂肪垫,
HP:0025384,Diet-resistant subcutaneous adipose tissue,饮食抵抗性皮下脂肪组织,
HP:0025385,Diet-resistant subcutaneous adipose tissue below waist,腰部以下抗饮食性皮下脂肪组织,
HP:0025386,Bitemporal hollowing,双侧颞骨塌陷,
HP:0025387,Pill-rolling tremor,搓丸样震颤,
HP:0025388,Thyroid nodule,甲状腺结节,
HP:0025389,Pulmonary interstitial high-resolution computed tomography abnormality,肺间质高分辨率计算机断层扫描异常,
HP:0025390,Reticular pattern on pulmonary HRCT,肺部HRCT可见网状结构,
HP:0025391,Crazy paving pattern,肺部HRCT可见铺石路状结构,
HP:0025392,Nodular pattern on pulmonary HRCT,HRCT可见肺部结节状结构,
HP:0025393,Reticulonodular pattern on pulmonary HRCT,肺部HRCT可见网状结节状结构,
HP:0025394,Cystic pattern on pulmonary HRCT,肺部HRCT可见囊状结构,
HP:0025395,Combined cystic and ground-glass pattern on pulmonary HRCT,肺部HRCT可见囊状与毛玻璃样结构,
HP:0025396,Decreased attenuation pattern on pulmonary HRCT,肺部HRCT可见低密度区,
HP:0025397,Mosaic attenuation pattern on pulmonary HRCT,肺部HRCT可见马赛克低密度区,
HP:0025398,Nodular-perilymphatic pattern on pulmonary HRCT,肺部HRCT可见淋巴管周围结节状结构,
HP:0025399,Nodular-centrilobular with tree-in-bud pattern on pulmonary HRCT,肺部HRCT可见肺部小叶中心性结节呈树芽征,
HP:0025400,Nodular-random pattern on pulmonary HRCT,肺部HRCT可见随机结节状结构,
HP:0025401,Staring gaze,凝视,
HP:0025402,Square-wave jerks,方波急跳,
HP:0025403,Stooped posture,弯腰姿势,
HP:0025404,Abnormal visual fixation,注视异常,
HP:0025405,Visual fixation instability,固视不稳定,
HP:0025406,Asthenia,虚弱,
HP:0025407,Rectourethral fistula,直肠尿道瘘,
HP:0025408,Abnormal spleen morphology,脾脏形态异常,
HP:0025409,Abnormal spleen physiology,脾脏生理功能异常,
HP:0025410,Splenogonadal fusion,脾-性腺融合,
HP:0025413,Fossa navicularis urethral stricture,尿道舟状窝狭窄,
HP:0025414,Pendulous urethral stricture,尿道悬垂部狭窄,
HP:0025415,Bulbar urethral stricture,球尿道狭窄,
HP:0025416,Vaginal stricture,阴道狭窄,
HP:0025417,Patulous urethra,尿道扩张,
HP:0025418,Renal cortical necrosis,肾皮质坏死,
HP:0025419,Pulmonary pneumatocele,肺气肿,
HP:0025420,Diffuse alveolar hemorrhage,弥漫性肺泡出血,
HP:0025421,Pneumomediastinum,纵隔气肿,
HP:0025422,Pleural cyst,胸膜囊肿,
HP:0025423,Abnormal larynx morphology,喉部形态异常,
HP:0025424,Abnormal larynx physiology,喉部生理异常,
HP:0025425,Laryngospasm,喉痉挛,
HP:0025426,Abnormal bronchus morphology,支气管形态异常,
HP:0025427,Abnormal bronchus physiology,支气管异常生理学,
HP:0025429,Abnormal cry,哭声异常,
HP:0025430,High-pitched cry,高调哭声,
HP:0025431,Staccato cry,断续的哭,
HP:0025432,Acanthoma,棘皮瘤,
HP:0025433,Decreased lecithin cholesterol acyl transferase level,卵磷脂-胆固醇酰基转移酶活性降低,
HP:0025434,Reduced circulating CH50 activity,循环CH50活性降低,
HP:0025435,Increased circulating lactate dehydrogenase concentration,乳酸脱氢酶活性增高,
HP:0025436,Elevated serum 11-deoxycortisol,血清11-脱氧皮质醇升高,
HP:0025437,Macrozoospermia,巨精子症,
HP:0025439,Pharyngitis,咽炎,
HP:0025440,Warm reactive autoantibody positivity,温反应自身抗体阳性,
HP:0025441,Achilles tendon calcification,跟腱钙化,
HP:0025443,Abnormal cardiac atrial physiology,心脏房生理异常,
HP:0025444,Reduced amygdala volume,杏仁核体积减小,
HP:0025445,Abnormal papillary muscle morphology,乳头肌形态异常,
HP:0025446,Anomalous insertion of papillary muscle directly into anterior mitral leaflet,乳头肌异常性直接插入前二尖瓣叶,
HP:0025447,Displacement of the papillary muscles,乳头肌移位,
HP:0025448,Anterior displacement of the papillary muscles,乳头肌前移位,
HP:0025449,Apically displaced anterolateral papillary muscle,前外侧乳头肌顶端移位,
HP:0025451,Testicular adrenal rest tumor,睾丸肾上腺残余肿瘤,
HP:0025452,Pyoderma gangrenosum,坏疽性脓皮病,
HP:0025453,Delayed adrenarche,肾上腺始动延迟,
HP:0025454,Abnormal CSF metabolite concentration,脑脊液代谢物水平异常,
HP:0025455,Decreased CSF 5-hydroxyindolacetic acid concentration,脑脊液5-羟基吲哚乙酸浓度降低,
HP:0025456,Abnormal CSF protein concentration,脑脊液蛋白浓度异常,
HP:0025457,Decreased CSF protein concentration,脑脊液蛋白浓度降低,
HP:0025458,Decreased CSF albumin concentration,脑脊液白蛋白下降,
HP:0025459,Increased CSF/serum albumin ratio,脑脊液白蛋白与血清白蛋白的比值增加,
HP:0025460,High myoinositol in brain by MRS,磁共振波谱大脑高肌醇,
HP:0025461,Abnormal cell morphology,细胞形态异常,
HP:0025463,Abnormality of redox activity,氧化还原活性异常,
HP:0025464,Increased reactive oxygen species production,活性氧产生增加,
HP:0025465,Abnormal circulating beta globulin level,循环β-球蛋白水平异常,
HP:0025466,Beta 2-microglobulinuria,β2-微球蛋白尿症,
HP:0025469,Anagen effluvium,再生期脱发,
HP:0025470,Telogen effluvium,静止期脱发,
HP:0025471,Congenital panfollicular nevus,先天性全毛囊痣,
HP:0025472,Recurrent plantar mycosis,复发性足底真菌病,
HP:0025473,Hyperpigmented papule,色素沉着性丘疹,
HP:0025474,Erythematous plaque,红斑,
HP:0025475,Erythematous macule,红斑病,
HP:0025476,Testicular lipomatosis,睾丸脂肪瘤,
HP:0025477,Periarticular calcification,关节周围钙化,
HP:0025478,Atrial standstill,心房静止,
HP:0025479,Self-neglect,自我忽视,
HP:0025480,Lipomyelomeningocele,脂肪脊髓脊膜膨出,
HP:0025481,Cervical hemivertebrae,颈椎半椎体,
HP:0025482,Positive perchlorate discharge test,过氯酸盐释放试验阳性,
HP:0025483,Abnormal circulating thyroglobulin concentration,循环甲状腺球蛋白水平异常,
HP:0025484,Increased circulating thyroglobulin concentration,循环甲状腺球蛋白水平升高,
HP:0025485,Vaginal adenosis,阴道腺病,
HP:0025486,Fused labia majora,融合大阴唇,
HP:0025487,Abnormal bladder morphology,膀胱形态异常,
HP:0025488,Detrusor sphincter dyssynergia,逼尿肌括约肌协同失调,
HP:0025489,Bladder duplication,重复膀胱,
HP:0025490,Myocardial bridging,心肌桥,
HP:0025491,Venous stenosis,静脉狭窄,
HP:0025492,Microcoria,小瞳孔,
HP:0025493,Palmoplantar erythema,掌跖红斑,
HP:0025494,Coated aorta,主动脉壁增厚,
HP:0025495,Descending aorta hypoplasia,降主动脉发育不良,
HP:0025496,Abnormal coronary artery physiology,冠状动脉生理异常,
HP:0025497,Coronary artery spasm,冠状动脉痉挛,
HP:0025498,Aceruloplasminemia,铜蓝蛋白缺乏症,
HP:0025499,Class I obesity,一级肥胖,
HP:0025500,Class II obesity,二级肥胖,
HP:0025501,Class III obesity,三级肥胖,
HP:0025502,Overweight,超重,
HP:0025503,Anomalous coronary artery arising from the opposite sinus,异常冠状动脉起源于相反窦,
HP:0025505,Anomalous origin of the circumflex artery from the right sinus of Valsalva,冠状动脉回旋支于右主动脉窦的异常起源,
HP:0025506,Coronary artery sandwich anomaly,冠状动脉三明治畸形,
HP:0025507,Yellow papule,黄色丘疹,
HP:0025508,Gottron's papules,Gottron丘疹,
HP:0025509,Piezogenic pedal papules,压迫性足部丘疹,
HP:0025510,Nevus spilus,斑痣,
HP:0025511,Nevus sebaceus,皮脂腺痣,
HP:0025512,Skin-colored papule,肤色丘疹,
HP:0025513,Scleral rupture,巩膜破裂,
HP:0025514,Morning glory anomaly,牵牛花样视盘发育异常,
HP:0025515,Delayed thelarche,乳房发育延迟,
HP:0025516,Coronary-pulmonary artery fistula,冠状肺动脉瘘,
HP:0025517,Hypoplastic hippocampus,海马回发育不良,
HP:0025518,Visual gaze preference,视觉凝视偏好,
HP:0025519,Multiple biliary hamartomas,多发性胆管错构瘤,
HP:0025520,Calcinosis cutis,皮肤钙质沉着症,
HP:0025521,Increased body fat percentage,体脂百分比增加,
HP:0025522,Elongated chordae tendinae of the mitral valve,二尖瓣腱索延长,
HP:0025523,Abnormal morphology of the chordae tendinae of the mitral valve,二尖瓣腱索形态异常,
HP:0025524,Palmoplantar scaling skin,掌跖鱼鳞样皮损,
HP:0025525,Scaling skin on fingertip,指尖鱼鳞样皮损,
HP:0025526,Psoriasiform lesion,银屑病样皮损,
HP:0025527,Serpiginous cutaneous lesion,匐行性皮肤病变,
HP:0025528,Annular cutaneous lesion,环状皮肤病变,
HP:0025529,Hyperpigmented nodule,色素沉着结节,
HP:0025530,Xanthomas of the palmar creases,手掌褶皱黄色瘤,
HP:0025531,Harlequin phenomenon,小丑皮肤现象,
HP:0025532,Positive pathergy test,针刺反应阳性,
HP:0025533,Peau d'orange,桔皮化,
HP:0025534,Ocular melanocytosis,巩膜黑变病,
HP:0025535,Shawl sign,披肩征,
HP:0025536,V-sign,V字征,
HP:0025537,Plantar edema,足底水肿,
HP:0025538,Palmar edema,手掌水肿,
HP:0025539,Abnormal B cell subset distribution,B细胞亚群分布异常,
HP:0025540,Abnormal T cell subset distribution,T细胞亚群分布异常,
HP:0025546,Abnormal mean corpuscular hemoglobin concentration,红细胞平均血红蛋白含量异常,
HP:0025547,Decreased mean corpuscular hemoglobin concentration,红细胞平均血红蛋白量减低,
HP:0025548,Increased mean corpuscular hemoglobin concentration,红细胞平均血红蛋白量增多,
HP:0025549,Eccentric visual fixation,偏心注视,
HP:0025550,Elevated circulating ribitol concentration,核糖醇浓度增高,
HP:0025551,Optic nerve misrouting,视神经错路,
HP:0025552,Periorbital purpura,眶周紫癜,
HP:0025553,Periorbital ecchymosis with tarsal plate sparing,不累及睑板的眶周瘀斑,
HP:0025554,Yellow nodule,黄色结节,
HP:0025555,Periungual teleangiectasia,甲周毛细血管扩张,
HP:0025558,Lamellar cataract with riders,板层白内障（绕核白内障）,
HP:0025559,Coronary cataract,冠状白内障,
HP:0025560,Anterior chamber cells,前房细胞,
HP:0025561,Anterior chamber cells grade 1+,前房细胞等级1+,
HP:0025562,Anterior chamber cells grade 0.5+,前房细胞等级0.5+,
HP:0025563,Anterior chamber cells grade 0,前房细胞等级0,
HP:0025564,Anterior chamber cells grade 2+,前房细胞等级2+,
HP:0025565,Anterior chamber cells grade 3+,前房细胞等级3+,
HP:0025566,Anterior chamber cells grade 4+,前房细胞等级4+,
HP:0025567,Central serous chorioretinopathy,中心性浆液性脉络膜视网膜病变,
HP:0025568,Abnormal morphology of the choroidal vasculature,脉络膜血管形态异常,
HP:0025569,Polypoidal choroidal vasculopathy,息肉样脉络膜血管病变,
HP:0025570,Choroidal vascular hyperpermeability,脉络膜血管高通透状态,
HP:0025571,Christmas tree cataract,圣诞树样白内障,
HP:0025572,Punctal stenosis,泪小点膜性闭塞,
HP:0025573,Mild myopia,轻度近视,
HP:0025574,Macular hemorrhage,黄斑出血,
HP:0025575,Abnormal superior vena cava morphology,上腔静脉形态异常,
HP:0025576,Abnormal inferior vena cava morphology,下腔静脉畸形,
HP:0025578,Aortic valve prolapse,主动脉瓣脱垂,
HP:0025579,Abnormal left atrium morphology,左心房形态异常,
HP:0025580,Abnormal right atrium morphology,右心房形态异常,
HP:0025581,Foveal hemorrhage,视网膜中央凹出血,
HP:0025582,Submacular hemorrhage,黄斑下出血,
HP:0025583,Tapetal-like fundal reflex,绒毡层样眼底反射,
HP:0025584,Hypotropia,下斜视,
HP:0025585,Hyperphoria,上隐斜,
HP:0025586,Hypertropia,上斜视,
HP:0025587,Hyperdeviation,双眼视轴偏差,
HP:0025588,Hypodeviation,下斜视,
HP:0025589,Cyclodeviation,旋转偏斜,
HP:0025590,Abnormal extraocular muscle physiology,眼外肌生理异常,
HP:0025591,Abnormal superior oblique muscle physiology,上斜肌生理异常,
HP:0025592,Superior oblique muscle weakness,上斜肌无力,
HP:0025593,Superior oblique muscle restriction,上斜肌受限,
HP:0025594,Superior oblique muscle overaction,上斜肌活动亢进,
HP:0025595,Superior oblique muscle underaction,上斜肌欠活跃,
HP:0025596,Abnormal inferior oblique muscle physiology,下斜肌生理异常,
HP:0025597,Inferior oblique muscle restriction,下斜肌受限,
HP:0025598,Inferior oblique muscle weakness,下斜肌无力,
HP:0025599,Inferior oblique muscle overaction,下斜肌动作亢进,
HP:0025600,Abnormal inferior rectus muscle physiology,下直肌动作亢进,
HP:0025601,Inferior rectus muscle weakness,下直肌无力,
HP:0025602,Inferior rectus muscle restriction,下直肌受限,
HP:0025603,Abnormal superior rectus muscle physiology,上直肌生理异常,
HP:0025604,Orbital schwannoma,眼眶神经鞘瘤,
HP:0025605,Lid lag on downgaze,上睑闭合延迟,
HP:0025606,Abnormal medial rectus muscle physiology,内直肌生理异常,
HP:0025607,Upper eyelid entropion,上眼睑内翻,
HP:0025608,Cicatricial ectropion,瘢痕性睑外翻,
HP:0025609,Anterior blepharitis,前部睑缘炎,
HP:0025610,Posterior blepharitis,后睑缘炎,
HP:0025611,Epicanthus superciliaris,眉弓内眦赘皮,
HP:0025612,Corneal astigmatism,角膜性散光,
HP:0025613,Focal emotional seizure,局灶性情绪癫痫发作,
HP:0025615,Abscess,脓肿,
HP:0025616,Sterile abscess,无菌性脓肿,
HP:0025617,Abnormal plasma cell count,浆细胞计数异常,
HP:0025618,Reduced plasma cell count,浆细胞计数降低,
HP:0025619,Elevated plasma cell count,浆细胞计数升高,
HP:0025620,Abnormal proportion of CD4+ central memory cells,CD4 + 中央型记忆T细胞比例异常,
HP:0025623,Abnormal proportion of CD4+ effector memory cells,CD4+效应记忆T细胞比例异常,
HP:0025624,Reduced proportion of CD4+ effector memory T cells,CD4+效应记忆T细胞比例降低,
HP:0025625,Elevated proportion of CD4+ effector memory T cells,CD4+效应记忆T细胞比例升高,
HP:0025626,Increased circulating oleate level,血液油酸酯水平升高,
HP:0025627,Increased circulating octadecanoate level,血液十八碳酯水平升高,
HP:0025628,Increased circulating myristoleate level,血液豆蔻酸盐水平升高,
HP:0025629,Anti-myelin-associated glycoprotein antibody positivity,抗髓磷脂相关糖蛋白抗体阳性,
HP:0025630,Argininosuccinic aciduria,精氨酸琥珀酸酯尿症,
HP:0025631,Alpha-aminobutyric aciduria,α-氨基丁酸尿,
HP:0025632,Reduced reactive oxygen species production in neutrophils,中性粒细胞活性氧产生降低,
HP:0025633,Abnormal ureter morphology,输尿管形态异常,
HP:0025634,Abnormal ureter physiology,输尿管生理异常,
HP:0025635,Ureteral polyp,输尿管息肉,
HP:0025636,Endometritis,子宫内膜炎,
HP:0025637,Vasospasm,血管痉挛,
HP:0025638,Elevated urinary N-butyrylglycine,尿液N-丁酰甘氨酸水平升高,
HP:0025639,Increased urinary zinc level,尿锌水平升高,
HP:0025640,Abnormal urinary mineral level,尿液矿物质含量异常,
HP:0025641,Elevated circulating glycolate concentration,血液乙醇酸浓度升高,
HP:0025643,Tarlov cyst,塔洛夫囊肿,
HP:0025644,Fixation-off epileptiform discharges,失对焦癫痫样放电,
HP:0025646,Bilateral polymicrogyria,双侧多小脑回,
HP:0025647,Steroid-sensitive nephrotic syndrome,类固醇敏感性肾病综合征（激素敏感型肾病综合征）,
HP:0025648,Steroid-sensitive nephrotic syndrome with infrequent relapses,类固醇敏感性肾病综合征，偶复发（罕见复发的类固醇敏感性肾病综合征 ）,
HP:0025649,Steroid-sensitive nephrotic syndrome with frequent relapses,类固醇敏感性肾病综合征，常复发,
HP:0025650,Steroid-dependent nephrotic syndrome,类固醇依赖性肾病综合征（激素依赖性肾病综合征）,
HP:0025652,Abnormal placental adhesion into the uterine wall,异常胎盘粘连侵入子宫壁,
HP:0025653,Placenta percreta,穿透性胎盘,
HP:0025654,Placenta accreta,植入性胎盘,
HP:0025655,Placenta increta,嵌入性胎盘,
HP:0025656,Prenatal double bubble sign,产前双气泡征,
HP:0025657,Abnormal umbilical blood flow measurement,脐血流测定异常,
HP:0025659,Decreased circulating creatine kinase concentration,循环肌酸激酶水平降低,
HP:0025660,Chiari type II malformation,小脑扁桃体下疝畸形（Chiari II 型畸形）,
HP:0025661,Chiari type III malformation,小脑扁桃体下疝畸形（Chiari  III 型畸形）,
HP:0025662,Abnormal fetal skeletal morphology,胎儿骨骼形态异常,
HP:0025663,Reduced fetal femur/foot length ratio,减小的胎儿股骨长/足长比值,
HP:0025664,Moderate to late preterm birth,中度到晚期早产,
HP:0025665,Extremely preterm birth,极早早产,
HP:0025666,Very preterm birth,早期早产,
HP:0025667,Fetal neck anomaly,胎儿颈部异常,
HP:0025668,Abnormal neck morphology,颈部形态异常,
HP:0025669,Abnormal neck physiology,颈部生理异常,
HP:0025670,Syntelencephaly,大脑半球中线融合,
HP:0025671,Fetal pericardial effusion,胎儿心包积液,
HP:0025672,Fetal skin edema,胎儿皮肤水肿,
HP:0025673,Loculated ascites,包裹性腹水,
HP:0025674,Meconium pseudocyst,胎粪性假性囊肿,
HP:0025675,Premature closure of the ductus arteriosus,动脉导管提前闭合,
HP:0025676,Fetal pleural effusion,胎儿胸腔积液,
HP:0025677,Fetal chylothorax,胎儿乳糜胸,
HP:0025678,Fetal hydrothorax,胎儿胸腔积液,
HP:0025679,Diskitis,关节盘炎,
HP:0025680,Compound muscle action potential amplitude facilitation,复合肌肉动作电位振幅易化,
HP:0025681,Distal clavicular thinning,锁骨远端变薄,
HP:0025682,Crouch gait,蹲伏步态,
HP:0025683,Abnormal amyloid beta 42 peptide CSF concentration,脑脊液β淀粉样蛋白42水平异常,
HP:0025684,Decreased amyloid beta 42 peptide CSF concentration,脑脊液β淀粉样蛋白42水平降低,
HP:0025685,Increased amyloid beta 42 peptide CSF concentration,脑脊液β淀粉样蛋白42水平升高,
HP:0025686,Abnormal amyloid beta 40 peptide CSF concentration,脑脊液β淀粉样蛋白40水平异常,
HP:0025687,Increased amyloid beta 40 peptide CSF concentration,脑脊液β淀粉样蛋白40水平升高,
HP:0025688,Abnormal amyloid beta peptide CSF concentration,脑脊液β淀粉样蛋白水平异常,
HP:0025689,Extra-abdominal umbilical vein varix,腹外脐静脉曲张,
HP:0025690,Fetal intra-abdominal umbilical vein varix,胎儿腹内脐静脉曲张,
HP:0025691,Impaired fasting glucose,空腹血糖受损,
HP:0025692,Atelencephaly,脑发育不全,
HP:0025693,Pituitary macroadenoma,垂体大腺瘤,
HP:0025694,Pituitary microadenoma,垂体小腺瘤,
HP:0025695,Mucus plug,粘液栓,
HP:0025696,Airway casts,气道管型,
HP:0025697,Fibrin casts,纤维管型,
HP:0025698,Mucin casts,粘液管型,
HP:0025699,Perisylvian FDG hypermetabolism,外侧裂周区氟脱氧葡萄糖高代谢,
HP:0025700,Anhydramnios,无羊水,
HP:0025701,Distended jugular lymphatic sacs,颈静脉淋巴囊扩张,
HP:0025702,Type 1 schizencephaly,1型脑裂畸形,
HP:0025703,Type 2 schizencephaly,2型脑裂畸形,
HP:0025704,Type 3 schizencephaly,3型脑裂畸形,
HP:0025705,Abnormal fetal nasal bone visualization,胎儿鼻骨成像异常,
HP:0025706,Absent fetal nasal bone,胎儿鼻骨缺如,
HP:0025707,Hypoplastic nasal bone,鼻骨发育不全,
HP:0025708,Early young adult onset,青年成人早期起病,
HP:0025709,Intermediate young adult onset,青年成人中期起病,
HP:0025710,Late young adult onset,青年成人晚期起病,
HP:0025711,Convergence-retraction nystagmus,会聚-回缩性眼球震颤,
HP:0025712,Spontaneous chorioamniotic separation,自发性绒毛膜羊膜分离,
HP:0025713,Neurite dystrophy,神经突营养不良,
HP:0025714,Cerebral cortical microinfarct,脑皮质微梗死,
HP:0025715,Abnormal umbilical artery doppler waveform during pregnancy,孕期脐动脉多普勒波形异常,
HP:0025716,Fetal anemia,胎儿贫血,
HP:0025717,Skeletal muscle autophagosome accumulation,骨骼肌自噬体蓄积,
HP:0025718,Skeletal muscle hyperechogenicity,骨骼肌高回声,
HP:0025719,Maternal vascular malperfusion,胎盘母体血管灌注不良,
HP:0025720,Limited horizontal extraocular movement,眼球外肌水平运动受限,
HP:0025721,Limited vertical extraocular movement,眼球外肌垂直运动受限,
HP:0025722,Cerebral infarct,脑梗死,
HP:0025723,Abnormal fetal skin morphology,胎儿皮肤形态异常,
HP:0025724,Caseous vernix-like desquamation,酪脂样脱屑,
HP:0025725,Type 1 congenital pulmonary airway malformation,先天性肺气道畸形1型,
HP:0025726,Type 2 congenital pulmonary airway malformation,先天性肺气道畸形2型,
HP:0025727,Type 3 congenital pulmonary airway malformation,先天性肺气道畸形3型,
HP:0025728,Periventricular pseudocyst,侧脑室旁假性囊肿,
HP:0025729,Fetal vascular malperfusion,胎儿血管灌注不良,
HP:0025730,Foramen ovale aneurysm,卵圆孔动脉瘤,
HP:0025731,Anti-glycosylphosphatidylinositol anchored high-density lipoprotein binding protein 1 antibody positivity,抗糖基磷脂酰肌醇锚定高密度脂蛋白结合蛋白1抗体阳性,
HP:0025732,Abnormal social development,社会发育异常,
HP:0025733,Streak gonad,条索状性腺,
HP:0025734,Elevated urinary 5-hydroxyhexanoic acid level,尿5-羟基己酸水平升高,
HP:0025735,Abnormal third cranial nerve morphology,第三颅神经形态异常,
HP:0025736,Long-bone fracture,长骨骨折,
HP:0025737,Abnormal subthalamic nucleus morphology,丘脑底核形态异常,
HP:0025738,Ring-enhancing cerebral lesion,脑病灶环状增强,
HP:0025739,Optic nerve mass,视神经肿块,
HP:0025740,Elevated brain succinate level by MRS,磁共振波谱显示脑琥珀酸水平升高,
HP:0025741,Brainstem lucency,脑干低密度,
HP:0025742,Elevated urine L-xylulose level,尿L-木酮糖水平升高,
HP:0025743,Elevated urine biliverdin level,尿胆绿素水平升高,
HP:0025744,Elevated urine dodecanedioic acid level,尿十二烷二酸水平升高,
HP:0025745,Abnormal urine amino acid level,尿氨基酸水平异常,
HP:0025746,Diminished urine glutamine level,尿谷氨酰胺水平降低,
HP:0025747,Tongue spasticity,舌痉挛,
HP:0025748,Restricted tongue movement,舌头活动受限,
HP:0025749,Asymmetric blood pressure between limbs,肢体血压不对称,
HP:0025750,Asymmetric blood pressure between legs,双下肢血压不对称,
HP:0025751,Reduced anterior scleral thickness,前巩膜厚度减少,
HP:0025752,Reduced posterior scleral thickness,后巩膜厚度减少,
HP:0025753,Elevated urinary 2-aminoisobutyric acid,尿2-氨基异丁酸升高,
HP:0025754,Reduced beta-hexosaminidase A activity,β-氨基己糖苷酶A活性降低,
HP:0025755,Abnormal nail shape,指甲形状异常,
HP:0025756,Abnormal nail attachment,指甲附着异常,
HP:0025757,Abnormal nail surface,甲面异常,
HP:0025758,Characteristic of mass,质量特性,
HP:0025759,Mobile lump,活动性肿块,
HP:0025760,Immobile lump,固定肿块,
HP:0025761,Painless mass,无痛性肿块,
HP:0025762,Anti-ganglionic acetylcholine receptor antibody positivity,抗神经节乙酰胆碱受体抗体阳性,
HP:0025763,Positive urine anion gap,尿阴离子间隙升高,
HP:0025764,Nasoethmoidal encephalocele,鼻筛窦性脑膨出,
HP:0025765,Rubber-like lump,橡胶样肿块,
HP:0025766,Abnormal affect,情感异常,
HP:0025767,Abnormal positive emotional state,异常的积极情绪,
HP:0025768,Inappropriate elation,不适当的兴奋,
HP:0025769,Disordered formal thought process,形式思维过程紊乱,
HP:0025770,2-3 finger osseus syndactyly,第2-3指骨并指,
HP:0025771,Ruminations,沉思,
HP:0025772,Abnormal lexical patterns,词汇模式异常,
HP:0025773,Abnormal semantics,语义异常,
HP:0025774,Idiosyncratic use of words,用词怪癖,
HP:0025775,Tangential speech,离题言语,
HP:0025776,Thought insertion,思维插入,
HP:0025777,Thought broadcasting,思维播散,
HP:0025778,Thought echo,思维回响,
HP:0025779,Disorder of thought content,思想内容混乱,
HP:0025780,Abnormal volitional state,意志状态异常,
HP:0025781,Abnormally rapid thought process,快速思维过程异常,
HP:0025782,Abnormal syntax,语法异常,
HP:0025783,Diagnostic behavioral phenotype,诊断性行为表型,
HP:0025784,Word salad,言语混乱,
HP:0025785,Abnormal preoccupation,异常专注,
HP:0025786,Intraosseous lipoma,骨内脂肪瘤,
HP:0025787,Paraphilia,性倒错,
HP:0025788,Radiographic modifier,射线照相改变,
HP:0025789,Radiolucent,射线可穿透的,
HP:0025790,Radiodense,不透X线的,
HP:0025791,Delusion of guilt,内疚妄想,
HP:0025792,Abnormal cognitive process,认知过程异常,
HP:0025793,Abnormal change in sexual drive,性欲异常改变,
HP:0030000,EMG: repetitive nerve stimulation abnormality,肌电图: 重复性神经电刺激异常,
HP:0030001,Lagophthalmos,睑裂闭合不全,
HP:0030002,Nocturnal lagophthalmos,睡眠时睑闭合不全,
HP:0030003,Paralytic lagophthalmos,麻痹性睑裂闭合不全,
HP:0030004,Cicatricial lagophthalmos,瘢痕性睑裂闭合不全,
HP:0030005,Capillary leak,毛细血管渗漏,
HP:0030006,Single fiber EMG abnormality,单纤维肌电图异常,
HP:0030007,EMG: positive sharp waves,肌电图: 正锐波,
HP:0030008,Cervical agenesis,宫颈发育不全,
HP:0030009,Cervical insufficiency,宫颈机能不全,
HP:0030010,Hydrometrocolpos,子宫阴道积水,
HP:0030011,Imperforate hymen,处女膜闭锁,
HP:0030012,Abnormal female reproductive system physiology,女性生殖系统生理功能异常,
HP:0030014,Female sexual dysfunction,女性性功能障碍,
HP:0030015,Female anorgasmia,女性性感缺失病,
HP:0030016,Dyspareunia,性交疼痛,
HP:0030017,Vaginismus,阴道痉挛,
HP:0030018,Decreased female libido,女性性欲降低,
HP:0030019,Increased female libido,女性性欲亢进,
HP:0030021,Auricular tag,耳赘,
HP:0030022,Question mark ear,问号状耳,
HP:0030023,Quelprud nodule,Quelprud 结节,
HP:0030024,Pretragal ectopia,耳屏前异位,
HP:0030025,Auricular pit,耳凹,
HP:0030026,Squared superior portion of helix,耳轮方形上部,
HP:0030027,Abnormal nasal cartilage morphology,鼻软骨形态异常,
HP:0030028,Absent nasal cartilage,鼻软骨缺如,
HP:0030029,Splayed fingers,分叉指,
HP:0030030,Absent ray,指（趾）骨-掌（跖）骨系列缺如,
HP:0030031,Small toe,小趾,
HP:0030032,Partial absence of foot,足部分缺如,
HP:0030033,Small finger,小指,
HP:0030034,Glomerular basement membrane lamellation,薄肾小球基底膜病,
HP:0030035,Struvite nephrolithiasis,鸟粪石型肾结石,
HP:0030036,Isothenuria,等渗尿,
HP:0030037,Bifid ureter,分叉型输尿管,
HP:0030038,Enchondroma,内生软骨瘤,
HP:0030039,Fused thoracic vertebrae,胸椎融合,
HP:0030040,Fused lumbar vertebrae,腰椎融合,
HP:0030041,Schmorl's node,Schmorl's结节,
HP:0030042,Incomplete ossification of pubis,耻骨骨化不全,
HP:0030043,Hip subluxation,髋关节半脱位,
HP:0030044,Flexion contracture of digit,指/趾屈曲挛缩,
HP:0030045,Serpentine fibula,S形腓骨,
HP:0030046,Hypoglycosylation of alpha-dystroglycan,α-抗肌萎缩蛋白聚糖糖基化不良,
HP:0030047,Abnormal lateral ventricle morphology,侧脑室形态异常,
HP:0030048,Colpocephaly,枕角扩大畸形,
HP:0030049,Brain abscess,脑脓肿,
HP:0030050,Narcolepsy,发作性睡病,
HP:0030051,Tip-toe gait,脚尖步,
HP:0030052,Inguinal freckling,腹股沟雀斑,
HP:0030053,Stiff skin,硬皮,
HP:0030054,Perifollicular fibrosis,毛囊周围纤维化,
HP:0030055,Hyperconvex toenail,趾甲过凸,
HP:0030056,Uncombable hair,蓬发,
HP:0030057,Autoimmune antibody positivity,自身免疫性抗体阳性,
HP:0030058,Sickled erythrocytes,镰状红细胞,
HP:0030059,Mitochondrial depletion,线粒体DNA耗竭,
HP:0030060,Nervous tissue neoplasm,神经组织肿瘤,
HP:0030061,Neuroectodermal neoplasm,神经外胚层肿瘤,
HP:0030062,Craniopharyngioma,颅咽管瘤,
HP:0030063,Neuroepithelial neoplasm,神经上皮肿瘤,
HP:0030064,Neurocytoma,神经细胞瘤,
HP:0030065,Primitive neuroectodermal tumor,原始神经外胚层肿瘤,
HP:0030066,Ependymoblastoma,室管膜母细胞瘤,
HP:0030067,Peripheral primitive neuroectodermal neoplasm,外周原始神经外胚层肿瘤,
HP:0030068,Olfactory esthesioneuroblastoma,嗅神经母细胞瘤,
HP:0030069,Primary central nervous system lymphoma,原发性中枢神经系统淋巴瘤,
HP:0030070,Central primitive neuroectodermal tumor,中枢性原始神经外胚层肿瘤,
HP:0030071,Medulloepithelioma,髓上皮瘤,
HP:0030072,Paranasal sinus neoplasm,副鼻窦肿瘤,
HP:0030074,Chemodectoma,化学感受器瘤,
HP:0030075,Ductal carcinoma in situ,导管原位癌,
HP:0030076,Lobular carcinoma in situ,小叶原位癌,
HP:0030077,Bronchial neoplasm,支气管肿瘤,
HP:0030078,Lung adenocarcinoma,肺腺癌,
HP:0030079,Cervix cancer,宫颈癌,
HP:0030080,Burkitt lymphoma,Burkitt淋巴瘤,
HP:0030081,Punctate periventricular T2 hyperintense foci,脑室周围白质点状T2高信号灶,
HP:0030082,Abnormal drinking behavior,饮酒行为异常,
HP:0030083,Salt craving,嗜盐,
HP:0030084,Clinodactyly,指（趾）内弯,
HP:0030085,Abnormal CSF lactate concentration,脑脊液乳酸水平异常,
HP:0030086,Reduced CSF lactate,脑脊液乳酸减少,
HP:0030087,Abnormal circulating testosterone concentration,血液睾酮水平异常,
HP:0030088,Increased serum testosterone level,血清睾酮水平增高,
HP:0030089,Abnormal muscle fiber protein expression,肌纤维蛋白表达异常,
HP:0030090,Abnormal muscle fiber merosin expression,肌纤维层粘连蛋白α2表达异常,
HP:0030091,Absent muscle fiber merosin,肌纤维层粘连蛋白α2缺乏,
HP:0030092,Reduced muscle fiber merosin,肌纤维层粘连蛋白α2减少,
HP:0030093,Abnormal muscle fiber laminin beta 1,肌纤维层粘连蛋白β1异常,
HP:0030094,Reduced muscle fiber laminin beta 1,肌纤维层粘连蛋白β1减少,
HP:0030095,Reduced muscle collagen VI,肌肉胶原蛋白VI型减少,
HP:0030096,Abnormal muscle fiber dystrophin expression,肌肉纤维抗肌萎缩蛋白表达异常,
HP:0030097,Absent muscle dystrophin expression,抗肌萎缩蛋白表达缺乏,
HP:0030098,Reduced muscle dystrophin expression,抗肌萎缩蛋白表达减少,
HP:0030099,Reduced muscle fiber alpha dystroglycan,肌纤维α-肌营养不良蛋白聚糖减少,
HP:0030100,Abnormal muscle fiber alpha sarcoglycan,肌纤维α-肌聚糖异常,
HP:0030101,Absent muscle fiber alpha sarcoglycan,肌肉纤维α-肌聚糖缺乏,
HP:0030102,Reduced muscle fiber alpha sarcoglycan,肌肉纤维α-肌聚糖减少,
HP:0030103,Abnormal muscle fiber beta sarcoglycan,肌肉纤维β-肌聚糖异常,
HP:0030104,Abnormal muscle fiber gamma sarcoglycan,肌肉纤维γ-肌聚糖异常,
HP:0030105,Abnormal muscle fiber delta sarcoglycan,肌肉纤维δ-肌聚糖异常,
HP:0030106,Absent muscle fiber beta sarcoglycan,肌肉纤维β-肌聚糖缺乏,
HP:0030107,Reduced muscle fiber beta sarcoglycan,肌肉纤维β-肌聚糖减少,
HP:0030108,Reduced muscle fiber gamma sarcoglycan,肌肉纤维γ-肌聚糖减少,
HP:0030109,Absent muscle fiber gamma sarcoglycan,肌肉纤维γ-肌聚糖缺乏,
HP:0030110,Absent muscle fiber delta sarcoglycan,肌肉纤维δ-肌聚糖缺乏,
HP:0030111,Reduced muscle fiber delta sarcoglycan,肌肉纤维δ-肌聚糖减少,
HP:0030112,Abnormal muscle fiber alpha dystroglycan,肌纤维α-肌营养不良蛋白聚糖异常,
HP:0030113,Abnormal muscle fiber dysferlin,肌肉纤维铁蛋白异常,
HP:0030114,Absent muscle fiber dysferlin,肌肉纤维铁蛋白缺乏,
HP:0030115,Reduced muscle fiber dysferlin,肌肉纤维铁蛋白减少,
HP:0030116,Abnormal muscle fiber emerin,肌纤维emerin蛋白异常,
HP:0030117,Absent muscle fiber emerin,肌纤维emerin蛋白缺失,
HP:0030118,Reduced muscle fiber emerin,肌纤维emerin蛋白减少,
HP:0030119,Abnormal muscle fiber calpain-3,肌肉纤维钙蛋白酶-3异常,
HP:0030120,Absent muscle fiber calpain-3,肌肉纤维钙蛋白酶3缺乏,
HP:0030121,Reduced muscle fiber calpain-3,肌肉纤维钙蛋白酶-3减少,
HP:0030122,Reduced muscle fiber perlecan,肌肉纤维perlecan聚糖减少,
HP:0030123,Abnormal muscle fiber lamin A/C,肌肉纤维核纤层蛋白 A/C 异常,
HP:0030124,Reduced muscle fiber lamin A/C,肌肉纤维核纤层蛋白 A/C 减少,
HP:0030125,Sacralization of the fifth lumbar vertebra,第5腰椎骶椎化,
HP:0030126,Abnormal endometrium morphology,子宫内膜形态异常,
HP:0030127,Endometriosis,子宫内膜异位症,
HP:0030129,Impaired ristocetin cofactor assay activity,瑞斯托菌素辅因子测定活性减低,
HP:0030130,Impaired von Willebrand factor collagen binding activity,血管性血友病因子胶原蛋白结合活性受损,
HP:0030131,Abnormal von Willebrand factor multimer distribution,血管性血友病因子多聚体分布异常,
HP:0030132,Absence of large von Willebrand factor multimers,大型血管性血友病因子多聚体缺失,
HP:0030133,Abnormal presence of ultra-large von Willebrand factor multimers,异常存在超大型血管性血友病因子多聚体,
HP:0030134,Total absence von Willebrand factor multimers,血管性血友病因子多聚体完全缺失,
HP:0030135,Absence of intermediate von Willebrand factor multimers,中间型血管性血友病因子多聚体缺乏,
HP:0030136,Enhanced ristocetin cofactor assay activity,瑞斯托菌素辅因子测定活性增高,
HP:0030137,Prolonged bleeding following circumcision,包皮环切术后出血时间延长,
HP:0030138,Excessive bleeding from superficial cuts,表皮伤口出血过多,
HP:0030139,Excessive bleeding after a venipuncture,静脉穿刺后出血过多,
HP:0030140,Oral cavity bleeding,口腔出血,
HP:0030141,Abnormality of the posterior hairline,后发际异常,
HP:0030142,Abnormal bowel sounds,肠鸣音异常,
HP:0030143,Hyperactive bowel sounds,肠鸣音亢进,
HP:0030144,Hypoactive bowel sounds,肠鸣音减弱,
HP:0030145,Lack of bowel sounds,肠鸣音消失,
HP:0030146,Abnormal liver parenchyma morphology,肝实质形态异常,
HP:0030147,Truncal titubation,躯干摇晃/躯干蹒跚,
HP:0030148,Heart murmur,心脏杂音,
HP:0030149,Cardiogenic shock,心源性休克,
HP:0030150,Plasmacytosis,浆细胞增多症,
HP:0030151,Cholangitis,胆管炎,
HP:0030153,Cholangiocarcinoma,胆管癌,
HP:0030154,Gallbladder perforation,胆囊穿孔,
HP:0030155,Scrotal pain,阴囊疼痛,
HP:0030156,Bence Jones Proteinuria,本氏蛋白尿,
HP:0030157,Flank pain,侧腹疼痛,
HP:0030158,Cervical ectropion,宫颈外翻,
HP:0030159,Cervical polyp,宫颈息肉,
HP:0030160,Cervicitis,宫颈炎,
HP:0030161,Vaginal pruritus,阴道瘙痒,
HP:0030162,Glomerulomegaly,肾小球肥大,
HP:0030163,Abnormal vascular physiology,血管生理功能异常,
HP:0030164,Jaw claudication,颌跛行,
HP:0030165,Temporal artery tortuosity,颞动脉迂曲,
HP:0030166,Night sweats,盗汗,
HP:0030167,Antimitochondrial antibody positivity,线粒体抗体阳性,
HP:0030168,Dilated superficial abdominal veins,腹壁浅静脉扩张,
HP:0030169,Gastric varix,胃静脉曲张,
HP:0030170,Cystic artery pseudoaneurysm,胆囊假性动脉瘤,
HP:0030171,Perirenal hematoma,肾周血肿,
HP:0030172,Peripheral amyelination,周围神经无髓鞘,
HP:0030173,Peripheral hypermyelination,周围神经髓鞘增生,
HP:0030174,Increased peripheral myelin thickness,周围神经髓鞘厚度增加,
HP:0030175,Myelin tomacula,腊肠状髓鞘,
HP:0030176,Asymmetric peripheral demyelination,不对称性周围神经脱髓鞘,
HP:0030177,Abnormality of peripheral nervous system electrophysiology,周围神经系统电生理异常,
HP:0030178,Abnormality of central nervous system electrophysiology,中枢神经系统电生理异常,
HP:0030179,Abnormal peripheral action potential amplitude,周围神经动作电位波幅异常,
HP:0030180,Oppenheim reflex,奥本海姆反射,
HP:0030181,Gordon reflex,戈登反射,
HP:0030182,Tetraplegia/tetraparesis,四肢瘫痪/四肢轻瘫,
HP:0030183,Impaired visually enhanced vestibulo-ocular reflex,受损的视觉增强的前庭眼反射,
HP:0030185,Isometric tremor,等轴性震颤,
HP:0030186,Kinetic tremor,动作性震颤,
HP:0030187,Titubation,蹒跚,
HP:0030188,Tremor by anatomical site,按解剖部位分类的震颤,
HP:0030190,Oral motor hypotonia,口腔运动肌张力减退,
HP:0030191,Abnormal peripheral nervous system synaptic transmission,周围神经系统突触传递异常,
HP:0030192,Fatigable weakness of bulbar muscles,口咽部肌肉疲劳性无力,
HP:0030193,Fatigable weakness of chewing muscles,咀嚼肌疲劳性无力,
HP:0030194,Fatigable weakness of speech muscles,发音肌肉疲劳性无力,
HP:0030195,Fatigable weakness of swallowing muscles,吞咽肌肉疲劳性无力,
HP:0030196,Fatigable weakness of respiratory muscles,呼吸肌疲劳性无力,
HP:0030197,Fatigable weakness of skeletal muscles,骨骼肌疲劳性无力,
HP:0030198,Fatigable weakness of distal limb muscles,远端肢体肌肉疲劳性无力,
HP:0030199,Fatigable weakness of neck muscles,颈部肌肉疲劳性无力,
HP:0030200,Fatiguable weakness of proximal limb muscles,近端肢体肌肉疲劳性无力,
HP:0030201,Response to drugs acting on neuromuscular transmission,对作用于神经肌肉传递过程的药物的反应,
HP:0030202,Favorable response of weakness to acetylcholine esterase inhibitors,肌无力对乙酰胆碱酯酶抑制剂的反应好,
HP:0030203,Unfavorable response of muscle weakness to acetylcholine esterase inhibitors,肌无力对乙酰胆碱酯酶抑制剂的反应不佳,
HP:0030205,Increased jitter at single fiber EMG,单纤维肌电图时抖动增加,
HP:0030206,EMG: incremental response of compound muscle action potential to repetitive nerve stimulation,肌电图: 复合肌肉动作电位对于重复神经刺激的反应递增,
HP:0030207,Paradoxical respiration,反常呼吸运动,
HP:0030208,Anti-neuromuscular Junction acetylcholine receptor antibody positivity,抗神经肌肉接头乙酰胆碱受体抗体阳性,
HP:0030209,Calcium channel antibody positivity,钙通道抗体阳性,
HP:0030210,Anti-muscle-specific tyrosine kinase antibody,抗肌特异性酪氨酸激酶抗体,
HP:0030211,Slow pupillary light response,瞳孔对光反应缓慢,
HP:0030212,Collectionism,收藏癖,
HP:0030213,Emotional dearth,情感缺失,
HP:0030215,Inappropriate crying,不合时宜的哭泣,
HP:0030216,Inertia,惰性,
HP:0030217,Limb apraxia,肢体失用症,
HP:0030218,Punding,刻板运动,
HP:0030219,Semantic dementia,语义性痴呆,
HP:0030220,Socially inappropriate behavior,社交不当行为,
HP:0030221,Sweet craving,嗜甜食,
HP:0030222,Visual agnosia,视觉失认症,
HP:0030223,Perseverative thought,持久性思维,
HP:0030224,Abnormal muscle fiber desmin,肌肉纤维结蛋白异常,
HP:0030225,Accumulation of muscle fiber desmin,肌肉纤维结蛋白蓄积,
HP:0030226,Abnormal muscle fiber myotilin,肌纤维肌动蛋白异常,
HP:0030227,Accumulation of muscle fiber myotilin,肌纤维肌动蛋白的积累,
HP:0030228,Abnormal muscle fiber valosin-containing protein,肌肉纤维含缬酪肽蛋白异常,
HP:0030229,Accumulation of muscle fiber valosin-containing protein,肌肉纤维含缬酪肽蛋白蓄积,
HP:0030230,Central core regions in muscle fibers,肌肉纤维的中央核区域,
HP:0030231,Glycogen accumulation in muscle fiber lysosomes,肌肉纤维溶酶体糖原蓄积,
HP:0030232,Increased sarcoplasmic glycogen,肌浆糖原增加,
HP:0030233,Bethlem sign,Bethlem征,
HP:0030234,Highly elevated creatine kinase,肌酸磷酸激酶明显上升,
HP:0030235,Extremely elevated creatine kinase,肌酸磷酸激酶极度上升,
HP:0030236,Abnormality of muscle size,肌肉大小异常,
HP:0030237,Hand muscle weakness,手肌无力,
HP:0030239,Hypoplasia of the upper arm musculature,上臂肌肉发育不全,
HP:0030241,Hypoplasia of deltoid muscle,三角肌发育不全,
HP:0030242,Portal vein thrombosis,门静脉血栓形成,
HP:0030243,Hepatic vein thrombosis,肝静脉血栓形成,
HP:0030244,Maternal fever in pregnancy,妊娠期间孕妇发热,
HP:0030245,Intrapartum fever,产时发热,
HP:0030246,Maternal first trimester fever,妊娠早期孕妇发烧,
HP:0030247,Splanchnic vein thrombosis,内脏静脉血栓形成,
HP:0030248,Mesenteric venous thrombosis,肠系膜静脉血栓形成,
HP:0030249,Enanthema,粘膜疹,
HP:0030250,Pulmonary granulomatosis,肺部肉芽肿,
HP:0030251,Absence of memory B cells,记忆性B细胞缺乏,
HP:0030252,Absent circulating B cells,血液B 细胞缺失,
HP:0030253,Defective T cell proliferation,T 细胞增殖缺陷,
HP:0030254,Nail bed hemorrhage,甲床出血,
HP:0030255,Large intestinal polyposis,大肠息肉病,
HP:0030256,Small intestinal polyposis,小肠息肉病,
HP:0030257,Freckled genitalia,生殖器雀斑,
HP:0030258,Hyperpigmented genitalia,生殖器色素沉着过度,
HP:0030259,Hypopigmented genitalia,生殖器色素减退,
HP:0030260,Microphallus,阴茎过小,
HP:0030261,Absent penis,阴茎缺如,
HP:0030262,Narrow penis,阴茎窄小,
HP:0030263,Torsion of the penis,阴茎扭转,
HP:0030264,Webbed penis,蹼状阴茎,
HP:0030265,Wide penis,阴茎扁宽,
HP:0030267,Calcification of the interosseus membrane of the forearm,前臂骨间膜钙化,
HP:0030268,Hyperplastic callus formation,增生性愈伤组织形成,
HP:0030269,Increased circulating insulin-like growth factor 1 concentration,循环胰岛素样因子1水平升高,
HP:0030270,Elevated red cell adenosine deaminase activity,红细胞腺苷脱氨酶活性升高,
HP:0030271,"Reduced erythrocyte 2,3-diphosphoglycerate concentration",红细胞 2，3-二磷酸甘油酸浓度减低,
HP:0030272,Abnormal erythrocyte enzyme concentration or activity,红细胞酶水平或活性异常,
HP:0030273,Reduced red cell adenosine deaminase level,红细胞腺苷脱氨酶活性降低,
HP:0030274,Accessory scrotum,副阴囊,
HP:0030275,Ectopic scrotum,异位阴囊,
HP:0030277,Abnormal vertebral pedicle morphology,椎弓根形态异常,
HP:0030278,Hypoplastic vertebral pedicle,椎弓根发育不全,
HP:0030279,Hypoplastic L5 vertebral pedicle,L5 椎弓根发育不全,
HP:0030280,Rib gap,肋骨间隙,
HP:0030281,Cervical C3/C4 vertebral fusion,颈椎 (C3/C4)融合,
HP:0030282,Posterior rib gap,肋骨后部间隙,
HP:0030283,Partial absence of the septum pellucidum,透明隔部分缺失,
HP:0030284,Triangular tongue,三角形舌,
HP:0030285,Splayed superior cerebellar peduncle,小脑上脚张开,
HP:0030286,Atrophic superior cerebellar peduncle,小脑上脚萎缩,
HP:0030289,Flattened femoral epiphysis,扁平股骨骨骺,
HP:0030290,Unossified sacrum,骶骨未骨化,
HP:0030291,Lower-limb metaphyseal irregularity,下肢干骺端不规则,
HP:0030292,Tibial metaphyseal irregularity,胫骨干骺端不规则,
HP:0030293,Fibular metaphyseal irregularity,腓骨干骺端不规则,
HP:0030294,Metaphyseal chondromatosis of tibia,胫骨干骺端软骨瘤病,
HP:0030295,Metaphyseal chondromatosis of femur,股骨干骺端软骨瘤病,
HP:0030296,Metaphyseal chondromatosis of radius,桡骨干骺端软骨瘤病,
HP:0030297,Metaphyseal chondromatosis of ulna,尺骨干骺端软骨瘤病,
HP:0030298,Metaphyseal chondromatosis of humerus,肱骨干骺端软骨瘤病,
HP:0030299,Abnormal distal femoral metaphysis morphology,股骨远端干骺端形态异常,
HP:0030300,10 pairs of ribs,10对肋骨,
HP:0030301,Abnormality of the anterior commissure,前连合异常,
HP:0030302,Agenesis of the anterior commissure,前连合缺如,
HP:0030303,Hypoplastic anterior commissure,前连合发育不全,
HP:0030304,Abnormal number of vertebrae,椎骨数量异常,
HP:0030305,Decreased number of vertebrae,椎骨数量减少,
HP:0030306,11 thoracic vertebrae,11块胸椎,
HP:0030307,Flared lower limb metaphysis,下肢喇叭状干骺端,
HP:0030308,Flared distal tibial metaphysis,胫骨远端喇叭状干骺端,
HP:0030309,Flared distal fibular metaphysis,腓骨远端喇叭状干骺端,
HP:0030310,Upper extremity joint dislocation,上肢关节脱位,
HP:0030311,Lower extremity joint dislocation,下肢关节脱位,
HP:0030312,Obliteration of the calvarial diploe,颅骨板障闭合,
HP:0030313,Abnormal periosteum morphology,骨膜形态异常,
HP:0030314,Periostosis,骨膜骨赘形成,
HP:0030318,Angular cheilitis,口角炎,
HP:0030319,Weakness of facial musculature,面部肌肉无力,
HP:0030320,Increased intervertebral space,椎间隙增宽,
HP:0030321,Abnormal vertebral artery morphology,椎动脉形态异常,
HP:0030322,Vertebral artery hypoplasia,椎动脉发育不全,
HP:0030323,Unilateral vertebral artery hypoplasia,单侧椎动脉发育不全,
HP:0030324,Bilateral vertebral artery hypoplasia,双侧椎动脉发育不全,
HP:0030325,Cervicomedullary schisis,颈髓劈裂,
HP:0030326,Abnormal macrophage count,巨噬细胞计数异常,
HP:0030327,Abnormal osteoclast count,破骨细胞计数异常,
HP:0030328,Decreased osteoclast count,破骨细胞计数减少,
HP:0030329,Retinal thinning,视网膜变薄,
HP:0030330,Multinucleated giant chondrocytes in epiphyseal cartilage,骺软骨中存在多核巨软骨细胞,
HP:0030331,Impaired stimulus-induced skin wrinkling,刺激诱导性皮肤起皱能力受损,
HP:0030333,Abnormal alpha-beta T cell morphology,α-β T 细胞形态异常,
HP:0030334,"Abnormal CD4-positive, CD25-positive, alpha-beta regulatory T cell morphology",CD4 阳性、 CD25 阳性、α-β调节性 T 细胞形态异常,
HP:0030335,"Abnormal CD4-positive, CD25-positive, alpha-beta regulatory T cell count",CD4 阳性、 CD25 阳性、α-β调节性 T 细胞计数异常,
HP:0030336,"Absence of CD4-positive, CD25-positive regulatory T cells",CD4 阳性、 CD25阳性 调节性 T 细胞缺乏,
HP:0030337,"Elevated CD4-positive, CD25-positive regulatory T cell count",CD4 阳性、阳性 CD25 调节性 T 细胞计数增多,
HP:0030338,Abnormal circulating gonadotropin concentration,循环促性腺激素浓度异常,
HP:0030339,Decreased circulating gonadotropin concentration,循环系统促性腺激素浓度降低,
HP:0030341,Decreased circulating follicle stimulating hormone concentration,循环卵泡刺激素浓度降低,
HP:0030344,Decreased circulating luteinizing hormone level,循环黄体生成素水平降低,
HP:0030345,Abnormal circulating luteinizing hormone concentration,血液黄体生成素水平异常,
HP:0030346,Abnormal circulating follicle-stimulating hormone concentration,循环促卵泡激素浓度异常,
HP:0030347,Abnormal circulating androgen level,循环雄激素水平异常,
HP:0030348,Increased circulating androgen concentration,循环雄激素浓度增加,
HP:0030349,Decreased circulating androgen concentration,循环雄激素浓度降低,
HP:0030350,Erythematous papule,红色丘疹,
HP:0030351,Urticarial plaque,荨麻疹性斑块,
HP:0030352,Abnormal serum insulin-like growth factor 1 level,血清胰岛素样生长因子-1（IGF1）水平异常,
HP:0030353,Decreased serum insulin-like growth factor 1,血清胰岛素样生长因子-1（IGF1）水平降低,
HP:0030355,Abnormal circulating interferon-gamma concentration,循环γ干扰素浓度异常,
HP:0030356,Increased circulating interferon-gamma concentration,循环γ干扰素浓度增加,
HP:0030357,Small cell lung carcinoma,小细胞肺癌,
HP:0030358,Non-small cell lung carcinoma,非小细胞肺癌,
HP:0030359,Squamous cell lung carcinoma,肺鳞状细胞癌,
HP:0030360,Large cell lung carcinoma,大细胞肺癌,
HP:0030361,Abnormal circulating eicosanoid concentration,类花生酸代谢异常,
HP:0030362,Reduced muscle carnitine level,肌肉肉碱水平降低,
HP:0030363,Primary Caesarian section,首次剖宫产,
HP:0030364,Secondary Caesarian section,二次剖宫产,
HP:0030365,Vaginal birth after Caesarian,剖宫产术后阴道生产,
HP:0030366,Delivery by Odon device,Odon气囊助产,
HP:0030367,Finger hyperphalangy,多指节,
HP:0030368,Hyperphalangy of the 2nd finger,第二指多指节,
HP:0030369,Induced vaginal delivery,催产阴道分娩,
HP:0030370,Abnormal proportion of naive B cells,初始 B 细胞比例异常,
HP:0030371,Increased proportion of naive B cells,初始 B 细胞比例增多,
HP:0030372,Decreased proportion of naive B cells,初始 B 细胞比例减低,
HP:0030373,Abnormal proportion of memory B cells,记忆性B细胞比例异常,
HP:0030374,Decreased proportion of memory B cells,记忆性B细胞比例减低,
HP:0030375,Increased proportion of memory B cells,记忆性B细胞比例增高,
HP:0030376,Abnormal proportion of immature B cells,未成熟 B 细胞比例异常,
HP:0030377,Increased proportion of immature B cells,未成熟 B 细胞比例增高,
HP:0030378,Decreased proportion of immature B cells,未成熟 B 细胞比例减低,
HP:0030379,Abnormal proportion of transitional B cells,过渡性 B 细胞比例异常,
HP:0030380,Decreased proportion of transitional B cells,过渡性 B 细胞比例减低,
HP:0030381,Increased proportion of transitional B cells,过渡性 B 细胞比例增高,
HP:0030383,Abnormal proportion of marginal zone B cells,边缘区 B 细胞比例异常,
HP:0030384,Decreased proportion of marginal zone B cells,边缘区 B 细胞比例减低,
HP:0030385,Increased proportion of marginal zone B cells,边缘区 B 细胞计数增多,
HP:0030386,Abnormal proportion of class-switched memory B cells,类别转换型记忆性 B 细胞比例异常,
HP:0030387,Increased proportion of class-switched memory B cells,类别转换型记忆性 B 细胞比例增高,
HP:0030388,Decreased proportion of class-switched memory B cells,类别转换型记忆性 B 细胞比例减低,
HP:0030389,Abnormal circulating thromboxane concentration,血栓烷代谢异常,
HP:0030390,Reduced circulating leukotriene C4 concentration,白三烯代谢异常,
HP:0030391,Spoken word recognition deficit,口语词汇识别能力降低,
HP:0030392,Choroid plexus carcinoma,脉络丛癌,
HP:0030393,Endolymphatic sac tumor,内淋巴囊肿瘤,
HP:0030394,Fallopian tube carcinoma,输卵管癌,
HP:0030396,Abnormal platelet granule secretion,血小板颗粒分泌异常,
HP:0030397,Abnormal platelet dense granule secretion,血小板致密颗粒分泌异常,
HP:0030398,Abnormal platelet ATP dense granule secretion,血小板 ATP 致密颗粒分泌异常,
HP:0030399,Abnormal platelet alpha granule secretion,血小板α颗粒分泌异常,
HP:0030400,Abnormal platelet lysosome secretion,血小板溶酶体分泌异常,
HP:0030401,Abnormal platelet dense granule ATP/ADP ratio,血小板致密颗粒 ATP/ADP 比例异常,
HP:0030402,Abnormal platelet aggregation,血小板聚集异常,
HP:0030403,Spontaneous platelet aggregation,自发性血小板聚集,
HP:0030404,Glucagonoma,胰高血糖素瘤,
HP:0030405,Pancreatic endocrine tumor,胰腺内分泌肿瘤,
HP:0030406,Primary peritoneal carcinoma,原发性腹膜癌,
HP:0030407,Pineocytoma,松果体细胞瘤,
HP:0030408,Pineoblastoma,松果体母细胞瘤,
HP:0030409,Renal transitional cell carcinoma,肾移行细胞癌,
HP:0030410,Sebaceous gland carcinoma,皮脂腺癌,
HP:0030411,Jejunal adenocarcinoma,空肠腺癌,
HP:0030412,Ileal adenocarcinoma,回肠腺癌,
HP:0030413,Squamous cell carcinoma of the tongue,舌鳞状细胞癌,
HP:0030414,Verrucous cell carcinoma of the tongue,舌疣状细胞癌,
HP:0030415,Sarcomatoid carcinoma of the tongue,舌肉瘤样癌,
HP:0030416,Vulvar neoplasm,外阴肿瘤,
HP:0030417,Squamous cell carcinoma of the vulva,外阴鳞状细胞癌,
HP:0030418,Vulvar melanoma,外阴黑色素瘤,
HP:0030419,Bartholin gland carcinoma,前庭大腺癌,
HP:0030420,Vulvar adenocarcinoma,外阴腺癌,
HP:0030421,Epididymal neoplasm,附睾肿瘤,
HP:0030423,Splenic cyst,脾囊肿,
HP:0030424,Epididymal cyst,附睾囊肿,
HP:0030425,Calcified ovarian cyst,卵巢囊肿钙化,
HP:0030426,Ossifying fibroma,骨化性纤维瘤,
HP:0030427,Ossifying fibroma of the jaw,颌部骨化性纤维瘤,
HP:0030428,Cutaneous myxoma,皮肤粘液瘤,
HP:0030429,Juvenile nasopharyngeal angiofibroma,幼年型鼻咽血管纤维瘤,
HP:0030430,Neuroma,神经瘤,
HP:0030431,Osteochondroma,骨软骨瘤,
HP:0030432,Chondroblastoma,成软骨母细胞瘤,
HP:0030433,Osteoid osteoma,骨样骨瘤,
HP:0030434,Pilomatrixoma,毛母质瘤,
HP:0030436,Fibrofolliculoma,纤维毛囊瘤,
HP:0030437,Anal canal neoplasm,肛管肿瘤,
HP:0030438,Anal canal squamous cell carcinoma,肛管鳞状细胞癌,
HP:0030439,Anal canal adenocarcinoma,肛管腺癌,
HP:0030440,Anal margin neoplasm,肛缘肿瘤,
HP:0030441,Anal margin Paget's disease,肛周佩吉特病,
HP:0030442,Anal margin squamous cell carcinoma,肛缘鳞状细胞癌,
HP:0030443,Anal margin basal cell carcinoma,肛缘基底细胞癌,
HP:0030444,Anal margin melanoma,肛缘恶性黑色素瘤,
HP:0030445,Pulmonary carcinoid tumor,肺类癌,
HP:0030446,Atypical pulmonary carcinoid tumor,非典型肺类癌,
HP:0030447,Merkel cell skin cancer,默克尔细胞皮肤癌,
HP:0030448,Soft tissue sarcoma,软组织肉瘤,
HP:0030449,Therapeutic abortion,治疗性流产,
HP:0030450,Neoplasm of the autonomic nervous system,自主神经系统肿瘤,
HP:0030451,Mesenteric cyst,肠系膜囊肿,
HP:0030452,Chylolymphatic mesenteric cyst,乳糜淋巴性肠系膜囊肿,
HP:0030453,Abnormal visual electrophysiology,视觉电生理异常,
HP:0030454,Abnormal electrooculogram,眼电图异常,
HP:0030455,Abnormality of pattern visual evoked potentials,图形视觉诱发电位异常,
HP:0030456,Abnormality of pattern onset/offset visual evoked potentials,图形给撤视觉诱发电位异常,
HP:0030457,Abnormal amplitude of pattern onset/offset visual evoked potentials,图形给撤视觉诱发电位振幅异常,
HP:0030458,Abnormal timing of pattern onset/offset visual evoked potentials,图形给撤视觉诱发电位峰潜时异常,
HP:0030460,Abnormal timing of pattern reversal visual evoked potentials,图形翻转视觉诱发电位峰潜时异常,
HP:0030461,Abnormal timing of flash visual evoked potentials,闪光视觉诱发电位峰潜时异常,
HP:0030462,Abnormal amplitude of flash visual evoked potentials,闪光视觉诱发电位的异常振幅,
HP:0030463,Asymmetrical distribution of flash visual evoked potentials,闪光视觉诱发电位非对称分布,
HP:0030464,Asymmetrical distribution of pattern reversal visual evoked potentials,图形翻转视觉诱发电位非对称分布,
HP:0030465,Undetectable light-adapted electroretinogram,无法检出明适应视网膜电图,
HP:0030466,Abnormal full-field electroretinogram,全视野视网膜电图异常,
HP:0030467,Abnormal pattern electroretinogram,图形视网膜电图异常,
HP:0030468,Abnormal multifocal electroretinogram,多焦视网膜电图异常,
HP:0030469,Abnormal dark-adapted electroretinogram,暗适应视网膜电图异常,
HP:0030470,Abnormal dark-adapted bright flash electroretinogram,暗适应明亮闪光视网膜电图异常,
HP:0030471,Abnormal dark-adapted dim flash electroretinogram,暗适应暗淡闪光视网膜电图异常,
HP:0030472,Abnormal light-adapted single flash electroretinogram,明适应单闪光视网膜电图异常,
HP:0030473,Abnormal light-adapted flicker electroretinogram,明适应闪光视网膜电图异常,
HP:0030474,Undetectable dark-adapted electroretinogram,无法检出暗适应视网膜电图,
HP:0030475,Abnormal timing of dark-adapted dim flash electroretinogram,暗适应暗淡闪光视网膜电图时机异常,
HP:0030476,Abnormal amplitude of dark-adapted dim flash electroretinogram,暗适应暗淡闪光视网膜电图振幅异常,
HP:0030477,Abnormal timing of dark-adapted bright flash electroretinogram,暗适应明亮闪光视网膜电图峰时异常,
HP:0030478,Abnormal amplitude of dark-adapted bright flash electroretinogram,暗适应明亮闪光视网膜电图振幅异常,
HP:0030479,Abnormal amplitude of light-adapted flicker electroretinogram,明适应闪光视网膜电图振幅异常,
HP:0030480,Abnormal timing of light-adapted flicker electroretinogram,光适应闪光视网膜电图时序异常,
HP:0030481,Abnormal amplitude of light-adapted single flash electroretinogram,明适应单闪光视网膜电图振幅异常,
HP:0030482,Abnormal timing of light-adapted single flash electroretinogram,光适应单闪光视网膜电图时序异常,
HP:0030483,Reduced amplitude of dark-adapted bright flash electroretinogram a-wave,暗适应暗淡闪光视网膜电图振幅降低,
HP:0030484,Supernormal dark-adapted bright flash electroretinogram b-wave,暗适应闪光视网膜电图 b-波超高,
HP:0030485,Abnormal amplitude of pattern electroretinogram,图形视网膜电图振幅异常,
HP:0030486,Abnormal timing of pattern electroretinogram,图形视网膜电图峰潜时异常,
HP:0030487,Abnormal P50/N95 ratio of pattern electroretinogram,图形视网膜电图 P50/N95 比率异常,
HP:0030488,Abnormal central response of multifocal electroretinogram,多焦视网膜电图中心反应异常,
HP:0030489,Abnormal paracentral response of multifocal electroretinogram,多焦视网膜电图中心凹旁反应异常,
HP:0030490,Exudative vitreoretinopathy,渗出性玻璃体视网膜病变,
HP:0030491,Choriocapillaris atrophy,脉络膜毛细血管层萎缩,
HP:0030493,Abnormality of foveal pigmentation,中心凹色素沉着异常,
HP:0030494,Macular microaneurysm/hemorrhage,黄斑微小动脉瘤/出血,
HP:0030495,Abnormality morphology of the macular vasculature,黄斑血管形态异常,
HP:0030496,Macular exudate,黄斑渗出,
HP:0030497,Macular cotton wool spot,黄斑棉绒斑,
HP:0030498,Macular thickening,黄斑增厚,
HP:0030499,Macular drusen,黄斑玻璃疣,
HP:0030500,Yellow/white lesions of the macula,黄斑黄/白病变,
HP:0030501,Macular crystals,黄斑结晶,
HP:0030502,Retinoschisis,视网膜劈裂症,
HP:0030503,Macular telangiectasia,黄斑毛细血管扩张,
HP:0030504,Grouped congenital hypertrophy of retinal pigment epithelium,成群的先天性视网膜色素上皮肥大,
HP:0030505,Nummular pigmentation of the fundus,眼底硬币样色素沉着,
HP:0030506,Yellow/white lesions of the retina,视网膜黄/白病变,
HP:0030507,Retinal crystals,视网膜结晶,
HP:0030509,Retinal racemose hemangioma,视网膜蔓状血管瘤,
HP:0030510,Combined hamartoma of the retinal pigment epithelium and retina,视网膜和视网膜色素上皮联合错构瘤,
HP:0030511,Bradyopsia,运动视觉障碍,
HP:0030512,Difficulty adjusting to changes in luminance,亮度变化适应困难,
HP:0030513,Difficulty adjusting from light to dark,从明亮到黑暗适应困难,
HP:0030514,Difficulty adjusting from dark to light,从黑暗到明亮适应困难,
HP:0030515,Moderately reduced visual acuity,中度视力降低,
HP:0030516,Homonymous hemianopia,同侧偏盲,
HP:0030517,Heteronymous hemianopia,异侧偏盲,
HP:0030518,Congruous homonymous hemianopia,一致性同侧偏盲,
HP:0030519,Congruous heteronymous hemianopia,一致性异侧偏盲,
HP:0030520,Binasal hemianopia,双鼻侧偏盲,
HP:0030521,Bitemporal hemianopia,双颞侧偏盲,
HP:0030522,Mild constriction of peripheral visual field,轻度周边视野缺损,
HP:0030525,Moderate constriction of peripheral visual field,重度周边视野缺损,
HP:0030526,Severe constriction of peripheral visual field,重度周边视野缺损,
HP:0030527,Very severe constriction of peripheral visual field,极重度周边视野缺损,
HP:0030528,Paracentral scotoma,旁中央暗点,
HP:0030529,Ring scotoma,环形暗点,
HP:0030530,Arcuate scotoma,弧形暗点,
HP:0030531,Altitudinal visual field defect,垂直视野缺损,
HP:0030532,Visual acuity test abnormality,视力测试异常,
HP:0030533,Abnormal unaided visual acuity test,裸眼视力测试异常,
HP:0030534,Abnormal best corrected visual acuity test,最佳矫正视力测试异常,
HP:0030535,Abnormal pinhole visual acuity test,针孔视力测试异常,
HP:0030536,Unaided visual acuity 0.1 LogMAR,裸眼视力 0.1 LogMAR,
HP:0030537,Unaided visual acuity 0.2 LogMAR,裸眼视力 0.2 LogMAR,
HP:0030538,Unaided visual acuity 0.3 LogMAR,裸眼视力 0.3 LogMAR,
HP:0030539,Unaided visual acuity 0.4 LogMAR,裸眼视力 0.4 LogMAR,
HP:0030540,Unaided visual acuity 0.5 LogMAR,裸眼视力 0.5 LogMAR,
HP:0030541,Unaided visual acuity 0.6 LogMAR,裸眼视力 0.6 LogMAR,
HP:0030542,Unaided visual acuity 0.7 LogMAR,裸眼视力 0.7 LogMAR,
HP:0030543,Unaided visual acuity 0.8 LogMAR,裸眼视力 0.8 LogMAR,
HP:0030544,Unaided visual acuity 0.9 LogMAR,裸眼视力 0.9 LogMAR,
HP:0030545,Unaided visual acuity 1.0 LogMAR,裸眼视力 1.0 LogMAR,
HP:0030546,Unaided visual acuity 1.1 LogMAR,裸眼视力 1.1 LogMAR,
HP:0030547,Unaided visual acuity 1.2 LogMAR,裸眼视力 1.2 LogMAR,
HP:0030548,Unaided visual acuity 1.3 LogMAR,裸眼视力 1.3 LogMAR,
HP:0030549,Unaided visual acuity 2.0 LogMAR,裸眼视力 2.0 LogMAR,
HP:0030550,Unaided visual acuity 3.0 LogMAR,裸眼视力 3.0 LogMAR,
HP:0030551,Visual acuity light perception with projection,在投射光的情况下视力具有光感,
HP:0030552,Visual acuity light perception without projection,在没有投射光的情况下视力具有光感,
HP:0030553,Visual acuity no light perception,视力无光感,
HP:0030554,Best corrected visual acuity 0.1 LogMAR,最佳矫正视力 0.1 LogMAR,
HP:0030555,Best corrected visual acuity 0.2 LogMAR,最佳矫正视力 0.2 LogMAR,
HP:0030556,Best corrected visual acuity 0.3 LogMAR,最佳矫正视力 0.3 LogMAR,
HP:0030557,Best corrected visual acuity 0.4 LogMAR,最佳矫正视力 0.4 LogMAR,
HP:0030558,Best corrected visual acuity 0.5 LogMAR,最佳矫正视力 0.5 LogMAR,
HP:0030559,Best corrected visual acuity 0.7 LogMAR,最佳矫正视力 0.7 LogMAR,
HP:0030560,Best corrected visual acuity 0.6 LogMAR,最佳矫正视力 0.6 LogMAR,
HP:0030561,Best corrected visual acuity 0.8 LogMAR,最佳矫正视力 0.8 LogMAR,
HP:0030562,Best corrected visual acuity 0.9 LogMAR,最佳矫正视力 0.9 LogMAR,
HP:0030563,Best corrected visual acuity 1.0 LogMAR,最佳矫正视力 1.0 LogMAR,
HP:0030564,Best corrected visual acuity 1.1 LogMAR,最佳矫正视力 1.1 LogMAR,
HP:0030565,Best corrected visual acuity 1.2 LogMAR,最佳矫正视力 1.2 LogMAR,
HP:0030566,Best corrected visual acuity 1.3 LogMAR,最佳矫正视力 1.3 LogMAR,
HP:0030567,Best corrected visual acuity 2.0 LogMAR,最佳矫正视力 2.0 LogMAR,
HP:0030568,Best corrected visual acuity 3.0 LogMAR,最佳矫正视力 3.0 LogMAR,
HP:0030569,Pinhole visual acuity 0.1 LogMAR,针孔视力 0.1 LogMAR,
HP:0030570,Pinhole visual acuity 0.2 LogMAR,针孔视力 0.2 LogMAR,
HP:0030571,Pinhole visual acuity 0.3 LogMAR,针孔视力 0.3 LogMAR,
HP:0030572,Pinhole visual acuity 0.4 LogMAR,针孔视力 0.4 LogMAR,
HP:0030573,Pinhole visual acuity 0.5 LogMAR,针孔视力 0.5 LogMAR,
HP:0030574,Pinhole visual acuity 0.6 LogMAR,针孔视力 0.6 LogMAR,
HP:0030575,Pinhole visual acuity 0.7 LogMAR,针孔视力 0.7 LogMAR,
HP:0030576,Pinhole visual acuity 0.8 LogMAR,针孔视力 0.8 LogMAR,
HP:0030577,Pinhole visual acuity 0.9 LogMAR,针孔视力 0.9 LogMAR,
HP:0030578,Pinhole visual acuity 1.0 LogMAR,针孔视力 1.0 LogMAR,
HP:0030579,Pinhole visual acuity 1.1 LogMAR,针孔视力 1.1 LogMAR,
HP:0030580,Pinhole visual acuity 1.2 LogMAR,针孔视力 1.2 LogMAR,
HP:0030581,Pinhole visual acuity 1.3 LogMAR,针孔视力 1.3 LogMAR,
HP:0030582,Pinhole visual acuity 2.0 LogMAR,针孔视力 2.0 LogMAR,
HP:0030583,Pinhole visual acuity 3.0 LogMAR,针孔视力 3.0 LogMAR,
HP:0030584,Color vision test abnormality,色觉测试异常,
HP:0030585,Red desaturation,红色脱饱和,
HP:0030586,Abnormal Ishihara plate test,石原氏色盲检查异常,
HP:0030587,Abnormal Hardy-Rand-Rittler plate test,Hardy-Rand-Rittler 色盲检查异常,
HP:0030588,Abnormal visual field test,视野检查异常,
HP:0030589,Abnormal confrontational visual field test,面对面视野检查异常,
HP:0030590,Abnormal Amsler grid test,阿姆斯勒方格表检查异常,
HP:0030591,Abnormal kinetic perimetry test,动态视野检查异常,
HP:0030592,Abnormal static perimetry test,静态视野检查异常,
HP:0030593,Abnormal manual kinetic perimetry test,手工动态视野检查异常,
HP:0030594,Abnormal automated kinetic perimetry test,自动动态视野检查异常,
HP:0030595,Abnormal static automated perimetry test,自动静态视野检查异常,
HP:0030596,Abnormal Humphrey SITA 30-2 perimetry test,Humphrey SITA 30-2 视野检查异常,
HP:0030597,Abnormal Humphrey SITA 24-2 perimetry test,Humphrey SITA 24-2 视野检查异常,
HP:0030598,Abnormal Humphrey SITA 10-2 perimetry test,Humphrey SITA 10-2 视野检查异常,
HP:0030599,Abnormal Esterman grid perimetry test,Estermann网格视野检查异常,
HP:0030601,Abnormal posterior segment imaging,后段成像异常,
HP:0030602,Abnormal fundus autofluorescence imaging,眼底自发荧光成像异常,
HP:0030603,Abnormal optical coherence tomography,光学相干断层扫描异常,
HP:0030604,Abnormal fundus fluorescein angiography,荧光素眼底血管造影异常,
HP:0030605,Abnormal indocyanine green angiography,吲哚菁绿眼底血管造影术异常,
HP:0030606,Abnormal OCT-measured macular thickness,OCT 测量法黄斑区视网膜厚度异常,
HP:0030607,Reduced OCT-measured macular thickness,OCT 测量法黄斑区视网膜厚度减小,
HP:0030608,Increased OCT-measured macular thickness,OCT 测量法黄斑区视网膜厚度增加,
HP:0030609,Photoreceptor layer loss on macular OCT,OCT 测量法黄斑区光感受器细胞层损失,
HP:0030610,Photoreceptor outer segment loss on macular OCT,OCT 测量法黄斑区光感受器外段损失,
HP:0030611,Retinal pigment epithelial loss on macular OCT,OCT 测量法黄斑区视网膜色素上皮细胞损失,
HP:0030612,Abnormal retinal morphology on macular OCT,OCT 测量法黄斑区视网膜形态异常,
HP:0030613,Abnormal foveal morphology on macular OCT,OCT 测量法黄斑区中心凹形态异常,
HP:0030614,Foveal photoreceptor layer loss on macular OCT,OCT 测量法黄斑区中心凹光感受器细胞层损失,
HP:0030615,Foveal photoreceptor outer segment loss on macular OCT,OCT 测量法黄斑区中心凹光感受器外段损失,
HP:0030616,Foveal retinal pigment epithelial loss on macular OCT,OCT 测量法黄斑区中心凹视网膜色素上皮细胞损失,
HP:0030617,Abnormal OCT-measured foveal thickness,OCT 测量法中央心厚度异常,
HP:0030618,Increased OCT-measured foveal thickness,OCT 测量法中心凹厚度增加,
HP:0030619,Reduced OCT-measured foveal thickness,OCT 测量法中心凹厚度减小,
HP:0030620,Inner retinal layer loss on macular OCT,OCT 测量法黄斑区内层视网膜损失,
HP:0030621,Foveal inner retinal layer loss on macular OCT,OCT 测量法黄斑区中心凹内层视网膜损失,
HP:0030622,Abnormal foveal pit on macular OCT,OCT 测量法黄斑区中心凹小凹异常,
HP:0030623,Intraretinal hyporeflective spaces on macular OCT,OCT 测量法黄斑区视网膜内低反射性间隙,
HP:0030624,Subretinal hyporeflective spaces on macular OCT,OCT 测量法黄斑区视网膜下低反射性间隙,
HP:0030625,Hyporeflective spaces on macular OCT,OCT 测量法黄斑区低反射性间隙,
HP:0030626,Foveal intraretinal hyporeflective spaces on macular OCT,OCT 测量法黄斑区中心凹视网膜内低反射性间隙,
HP:0030627,Foveal hyporeflective spaces on macular OCT,OCT 测量法黄斑区中心凹 低反射性间隙,
HP:0030628,Foveal subretinal hyporeflective spaces on macular OCT,OCT 测量法黄斑区中心凹视网膜下低反射性间隙,
HP:0030629,Perifoveal ring of hyperautofluorescence,中央凹周边强自动荧光环,
HP:0030630,Irregular central macular autofluorescence,不规则的中央黄斑自发荧光,
HP:0030631,Hyperautofluorescent macular lesion,强自发荧光型黄斑病变,
HP:0030632,Hypoautofluorescent macular lesion,弱自发荧光型黄斑病变,
HP:0030633,Perifoveal ring of hyperautofluorescence surrounded by normal autofluorescence,中心凹旁自发荧光增强，其周有正常荧光环绕,
HP:0030634,Perifoveal ring of hyperautofluorescence surrounded by abnormal autofluorescence,中心凹周边强自发荧光环,
HP:0030635,Retinal dystrophy with early macular involvement,视网膜营养不良伴黄斑区早期累及,
HP:0030636,Occult macular dystrophy,隐匿性黄斑营养不良,
HP:0030637,Congenital stationary cone dysfunction,先天性静止锥功能障碍,
HP:0030638,Congenital stationary night blindness with normal fundus,先天性静止性夜盲伴眼底正常,
HP:0030639,Congenital stationary night blindness with abnormal fundus,先天性静止性夜盲伴眼底异常,
HP:0030640,Complete congenital stationary night blindness,完全型先天性静止性夜盲,
HP:0030641,Incomplete congenital stationary night blindness,不完全型先天性静止性夜盲,
HP:0030642,Fundus albipunctatus,眼底白点症,
HP:0030643,Vitelliform-like retinal lesions,卵黄样视网膜病变,
HP:0030644,Blind-spot enlargement,盲点扩大,
HP:0030645,Central,中心,
HP:0030646,Peripheral,周边,
HP:0030647,Paracentral,近中心,
HP:0030648,Midperipheral,中间周边,
HP:0030649,Pericentral,中心周围,
HP:0030650,Focal,局灶性,
HP:0030651,Multifocal,多灶性,
HP:0030652,Vitreous haze,玻璃体混浊,
HP:0030654,Umbilical cord cyst,脐带囊肿,
HP:0030655,Umbilical cord knot,脐带结,
HP:0030656,Umbilical vein varix,脐静脉静脉曲张,
HP:0030657,Umbilical cord hematoma,脐带血肿,
HP:0030658,Marginal umbilical cord insertion,脐带边缘附着,
HP:0030659,Velamentous cord insertion,脐带帆状附着,
HP:0030660,Furcate cord insertion,脐带分叉附着,
HP:0030661,Vitreous snowballs,雪球状玻璃体,
HP:0030662,Vitreous inflammatory cells,玻璃体炎症细胞,
HP:0030663,Optically empty vitreous,光空型玻璃体,
HP:0030664,Beevor's sign,Beevor's征,
HP:0030665,Rubral tremor,红核震颤,
HP:0030666,Retinal neovascularization,视网膜新生血管形成,
HP:0030667,Peripheral retinal neovascularization,周边视网膜新生血管形成,
HP:0030668,Periorbital dermoid cyst,眶周皮样囊肿,
HP:0030669,Abnormal ocular adnexa morphology,眼附属器形态异常,
HP:0030670,Hamartoma of the orbital region,眶区错构瘤,
HP:0030671,Abnormal common tendinous ring morphology,常见的腱环形态异常,
HP:0030672,Asteroid hyalosis,星状玻璃体变性,
HP:0030673,Erosive vitreoretinopathy,侵蚀性玻璃体视网膜病变,
HP:0030674,Antenatal onset,出生前发病,
HP:0030675,Contracture of proximal interphalangeal joints of 2nd-5th fingers,第二至第五指的近端指间关节挛缩,
HP:0030676,Satyr ear,尖耳轮耳,
HP:0030677,Mozart ear,莫氏耳,
HP:0030679,Ash-leaf spot,灰叶状白斑,
HP:0030680,Abnormal cardiovascular system morphology,心血管系统形态异常,
HP:0030681,Abnormal morphology of myocardial trabeculae,心肌肌小梁形态异常,
HP:0030682,Left ventricular noncompaction,左心室心肌致密化不全,
HP:0030683,Vaginitis,阴道炎,
HP:0030684,Abnormal adiponectin level,脂联素水平异常,
HP:0030685,Decreased adiponectin level,脂联素水平降低,
HP:0030686,Increased adiponectin level,脂联素水平增加,
HP:0030687,Abnormal glucagon level,胰高血糖素水平异常,
HP:0030688,Increased glucagon level,胰高血糖素水平增加,
HP:0030689,Decreased glucagon level,胰高血糖素水平降低,
HP:0030690,Gingival cleft,牙龈裂,
HP:0030691,Divergence nystagmus,散开性眼震,
HP:0030692,Brain neoplasm,脑肿瘤,
HP:0030693,Supratentorial neoplasm,幕上肿瘤,
HP:0030694,Pineal parenchymal cell neoplasm,松果体实质细胞肿瘤,
HP:0030706,Ranula,舌下囊肿,
HP:0030707,Unilateral lung agenesis,单侧肺缺如,
HP:0030708,Myeloschisis,脊髓裂,
HP:0030709,Myelocystocele,脊髓囊状突出,
HP:0030710,Lipomeningocele,脂性脑膜膨出,
HP:0030711,Hydrocolpos,阴道积水,
HP:0030712,Uterine synechiae,宫腔粘连综合征,
HP:0030713,Vein of Galen aneurysmal malformation,Galen静脉动脉瘤畸形,
HP:0030714,Subchorionic thrombohematoma,绒毛膜下血栓血肿,
HP:0030715,Bronchial atresia,支气管闭锁,
HP:0030716,Acrania,无脑畸形,
HP:0030717,Meconium peritonitis,胎粪性腹膜炎,
HP:0030718,Right atrial enlargement,右心房扩大,
HP:0030719,Unguarded tricuspid valve,三尖瓣无挡畸形,
HP:0030720,Subchorionic septal cyst,绒毛膜下间隔囊肿,
HP:0030721,Tetraphocomelia,四肢短肢畸形,
HP:0030722,Ectopic liver,异位肝,
HP:0030723,Congenital megalourethra,先天性巨尿道,
HP:0030724,Central nervous system cyst,中枢神经系统囊肿,
HP:0030725,Neurenteric cyst,神经管原肠囊肿,
HP:0030726,Spinal neurenteric cyst,脊柱神经管原肠囊肿,
HP:0030727,Intracranial neurenteric cyst,颅内神经管原肠囊肿,
HP:0030728,Meromelia,残肢畸形,
HP:0030729,Frontoethmoidal meningocele,额筛脑膜膨出,
HP:0030730,Parietal meningocele,顶脑膜膨出,
HP:0030731,Carcinoma,癌,
HP:0030732,Dysplastic tricuspid valve,三尖瓣发育不良,
HP:0030733,Vesicoallantoic abdominal wall defect,膀胱尿囊腹壁缺损,
HP:0030735,Ureterovesical junction obstruction,膀胱输尿管交界处梗阻,
HP:0030736,Sacrococcygeal teratoma,骶尾部畸胎瘤,
HP:0030737,Altman type I sacrococcygeal teratoma,Altman I 型骶尾部畸胎瘤,
HP:0030738,Altman type II sacrococcygeal teratoma,Altman II 型骶尾部畸胎瘤,
HP:0030739,Altman type III sacrococcygeal teratoma,奥特曼 III 型骶尾部畸胎瘤,
HP:0030740,Anomalous muscle bundle of the right ventricle,右心室肌束异常,
HP:0030741,Mediastinal teratoma,纵隔畸胎瘤,
HP:0030742,Glial remnants posterior to lens,晶状体后方胶质残余,
HP:0030743,Glial remnants anterior to the optic disc,视盘前的胶质残留,
HP:0030744,Hyaloid vascular remnant and retrolental mass,玻璃体血管残余和晶体后团块,
HP:0030745,Dilatation of the ductus arteriosus,动脉导管扩张,
HP:0030746,Intraventricular hemorrhage,脑室内出血,
HP:0030747,Preterm intraventricular hemorrhage,早产儿脑室内出血,
HP:0030748,Grade I preterm intraventricular hemorrhage,早产儿脑室内出血 I 级,
HP:0030749,Grade II preterm intraventricular hemorrhage,早产儿脑室内出血 II 级,
HP:0030750,Grade III preterm intraventricular hemorrhage,早产儿脑室内出血 III 级,
HP:0030751,Grade IV preterm intraventricular hemorrhage,早产儿脑室内出血 IV 级,
HP:0030752,Dacryocystocele,泪囊突出,
HP:0030753,Intrauterine fetal demise of one twin after midgestation,妊娠中期之后双胞胎之一宫内胎儿死亡,
HP:0030754,Allantoic cyst,尿囊囊肿,
HP:0030755,Craniofacial teratoma,颅面畸胎瘤,
HP:0030756,Erythrodontia,红牙病,
HP:0030757,Tooth abscess,牙脓肿,
HP:0030758,Periapical tooth abscess,根尖周脓肿,
HP:0030759,Adipocyte hypertrophy,脂肪细胞肥大,
HP:0030760,Renal fibrosis,肾纤维化,
HP:0030762,Mesangiolysis,系膜溶解,
HP:0030763,Amniotic Sheet,羊膜片,
HP:0030764,Ochronosis,褐黄病,
HP:0030765,Sleep terror,睡惊症,
HP:0030766,Ear pain,耳痛,
HP:0030767,Epignathus,上颌寄生胎畸胎,
HP:0030769,Exencephaly,露脑畸形,
HP:0030770,Craniorachischisis,颅脊柱裂畸形,
HP:0030771,Mallet finger,槌状指,
HP:0030772,Proximal femoral focal deficiency,股骨近端局灶性缺损,
HP:0030773,Internuclear ophthalmoplegia,核间性眼肌瘫痪,
HP:0030774,Mitochondrial swelling,线粒体肿胀,
HP:0030775,Modic type vertebral endplate changes,Modic 类型椎体终板改变,
HP:0030776,Modic type I vertebral endplate changes,Modic I 型椎体终板改变,
HP:0030777,Modic type II vertebral endplate changes,Modic II 型椎体终板改变,
HP:0030778,Modic type III vertebral endplate changes,Modic III 型椎体终板改变,
HP:0030779,Ethmocephaly,猿头畸形,
HP:0030780,Abnormality of the protein C anticoagulant pathway,蛋白 C 抗凝途径异常,
HP:0030781,Increased circulating free fatty acid level,循环系统内游离脂肪酸水平增高,
HP:0030783,Increased circulating interleukin 6 concentration,循环白细胞介素6水平升高,
HP:0030784,Anomic aphasia,命名性失语症,
HP:0030785,Mediastinal cystic lymphangioma,纵隔囊性淋巴管瘤,
HP:0030786,Photopsia,闪光感,
HP:0030787,Cerumen abnormality,耵聍异常,
HP:0030788,Impacted cerumen,耵聍栓塞,
HP:0030789,Excessive cerumen,耵聍过多,
HP:0030790,Abnormal cerumen color,耵聍颜色异常,
HP:0030791,Abnormal jaw morphology,颌部形态异常,
HP:0030792,Jaw neoplasm,颌部肿瘤,
HP:0030793,Jaw swelling,颌部肿胀,
HP:0030794,Abnormal circulating C-peptide concentration,循环C肽浓度异常,
HP:0030795,Reduced C-peptide level,C-肽水平降低,
HP:0030796,Increased C-peptide level,C-肽水平增高,
HP:0030797,Reduced volume of central subdivision of bed nucleus of stria terminalis,终纹床核中央区体积减少,
HP:0030798,Abnormality of the bed nucleus of stria terminalis,终纹床核异常,
HP:0030799,Scaphocephaly,舟状头,
HP:0030800,Abnormal visual accommodation,视觉调节异常,
HP:0030801,Reduced visual accommodation,视觉调节能力下降,
HP:0030802,Lower eyelid retraction,下眼睑退缩,
HP:0030803,Platonychia,扁平甲,
HP:0030804,Trachyonychia,指甲粗糙脆裂,
HP:0030805,Absent lunula,甲半月缺失,
HP:0030806,Fast-growing nails,甲生长过速,
HP:0030807,Abnormal nail growth,甲生长异常,
HP:0030808,Ragged cuticle,粗糙的甲上皮,
HP:0030809,Abnormal tongue morphology,舌头形态异常,
HP:0030810,Abnormal tongue physiology,舌头生理异常,
HP:0030811,Tongue pain,舌痛,
HP:0030812,Enlarged tonsils,扁桃体肿大,
HP:0030813,Absent tonsils,扁桃体缺如,
HP:0030814,Orange discolored tonsils,扁桃体橘色变色,
HP:0030815,Lipoma of the tongue,舌部脂肪瘤,
HP:0030816,Gingival recession,牙龈退缩,
HP:0030817,Beaked nails,喙状甲/鸟嘴样指甲,
HP:0030818,Central nail canal,甲纵沟,
HP:0030819,Ski jump nail,滑雪跳台形状的甲,
HP:0030820,Hooded eyelid,眼睑悬垂,
HP:0030821,Hooded lower eyelid,下眼睑悬垂,
HP:0030822,Hooded upper eyelid,上眼睑悬垂,
HP:0030823,Scleral thickening,巩膜增厚,
HP:0030824,Mizuo phenomenon,水尾现象,
HP:0030825,Absent foveal reflex,黄斑中心凹反射缺失,
HP:0030826,Eyelid fasciculation,眼睑痉挛,
HP:0030828,Wheezing,哮鸣音,
HP:0030829,Abnormal breath sound,异常呼吸音,
HP:0030830,Crackles,肺啰音,
HP:0030831,Rhonchi,干啰音,
HP:0030832,Vitreous strands,玻璃体条索,
HP:0030833,Neck pain,颈痛,
HP:0030834,Shoulder pain,肩痛,
HP:0030835,Elbow pain,手肘痛,
HP:0030836,Wrist pain,手腕关节痛,
HP:0030837,Finger pain,手指疼痛,
HP:0030838,Hip pain,髋痛,
HP:0030839,Knee pain,膝痛,
HP:0030840,Ankle pain,脚踝痛,
HP:0030841,Toe pain,脚趾痛,
HP:0030842,Choking episodes,窒息发作,
HP:0030843,Cardiac amyloidosis,心脏淀粉样变性,
HP:0030844,Undetectable pattern electroretinogram,图形视网膜电图检测不到波形,
HP:0030845,Heliotrope rash of eyelid,眼睑向阳性皮疹,
HP:0030846,Abnormality of venous physiology,静脉生理异常,
HP:0030847,Abnormal jugular venous pressure,颈静脉压异常,
HP:0030848,Elevated jugular venous pressure,颈静脉压升高,
HP:0030849,Hepatojugular reflux,肝颈静脉反流,
HP:0030850,Abnormal pulse pressure,脉压异常,
HP:0030851,Low pulse pressure,脉压低,
HP:0030852,High pulse pressure,脉压高,
HP:0030853,Heterotaxy,内脏异位,
HP:0030854,Scleral staphyloma,巩膜葡萄肿,
HP:0030855,Anterior staphyloma,前巩膜葡萄肿,
HP:0030856,Posterior staphyloma,后巩膜葡萄肿,
HP:0030857,Eye movement-induced pain,眼动诱发疼痛,
HP:0030858,Addictive behavior,成瘾行为,
HP:0030859,Anti-topoisomerase I antibody positivity,抗拓扑异构酶 I 抗体阳性,
HP:0030860,Abnormal CSF amyloid concentration,脑脊液淀粉样蛋白浓度异常,
HP:0030861,Decreased CSF amyloid concentration,脑脊液淀粉样蛋白浓度降低,
HP:0030862,Elevated CSF amyloid concentration,脑脊液淀粉样蛋白浓度升高,
HP:0030863,Nasal flaring,鼻翼煽动,
HP:0030864,Intercostal retractions,肋间隙回缩,
HP:0030865,Large elbow,肘关节偏大,
HP:0030866,Large knee,膝关节偏大,
HP:0030867,Vertical orbital dystopia,垂直眼窝易位,
HP:0030868,Monorchism,单睾丸,
HP:0030869,Anorchism,无睾症,
HP:0030870,Abnormality of spinal facet joint,脊柱小关节异常,
HP:0030871,Facet joint arthrosis,小关节炎,
HP:0030872,Abnormal cardiac ventricular function,心室功能异常,
HP:0030873,Anti-centromere antibody positivity,抗着丝粒抗体阳性,
HP:0030874,Oxygen desaturation on exertion,用力时血氧饱和度下降,
HP:0030875,Abnormality of pulmonary circulation,肺循环异常,
HP:0030876,Increased pulmonary capillary wedge pressure,肺毛细血管楔压升高,
HP:0030877,Reduced FEV1/FVC ratio,1秒率下降,
HP:0030878,Abnormality on pulmonary function testing,肺功能检测结果异常,
HP:0030879,Interlobular septal thickening,小叶间隔增厚,
HP:0030880,Raynaud phenomenon,雷诺现象,
HP:0030881,Shoulder impingement,肩袖综合征,
HP:0030882,Coronary artery aneurysm,冠状动脉瘤,
HP:0030883,Femoroacetabular impingement,股骨髋臼撞击症,
HP:0030884,Gastrojejunal tube feeding in infancy,婴儿胃空肠管饲,
HP:0030885,Recurrent parasitic infections,反复性寄生虫感染,
HP:0030886,Abnormal lymphocyte apoptosis,淋巴细胞凋亡异常,
HP:0030887,Increased lymphocyte apoptosis,淋巴细胞凋亡增加,
HP:0030888,C3 nephritic factor positivity,C3肾炎因子阳性,
HP:0030889,Congenital shortened small intestine,先天性小肠短缩,
HP:0030890,Hyperintensity of cerebral white matter on MRI,MRI脑白质高信号,
HP:0030891,Periventricular white matter hyperintensities,脑室旁白质高信号,
HP:0030892,Deep cerebral white matter hyperintensities,深部脑白质高信号,
HP:0030893,Abnormal response to short acting pulmonary vasodilator,对短效支气管扩张剂反应异常,
HP:0030894,Insufficient response to short acting pulmonary vasodilator,对短效支气管扩张剂反应不足,
HP:0030895,Abnormal gastrointestinal motility,胃肠蠕动异常,
HP:0030896,Abnormal gastrointestinal transit time,胃肠通过时间异常,
HP:0030897,Decreased intestinal transit time,肠道通过时间缩短,
HP:0030898,Pruritis on abdomen,腹部瘙痒,
HP:0030899,Pruritis on hand,手部瘙痒,
HP:0030900,Pruritus on foot,足部瘙痒,
HP:0030901,Pruritis on breast,乳房瘙痒,
HP:0030902,Palmomental reflex,掌颌反射,
HP:0030903,Grasp reflex,抓握反射/握持反射,
HP:0030904,Glabellar reflex,眉心反射,
HP:0030905,Snout reflex,撅嘴反射,
HP:0030906,Suck reflex,吸吮反射,
HP:0030907,Thunderclap headache,霹雳性头痛,
HP:0030908,Liver kidney microsome type 1 antibody positivity,肝肾微粒体1型抗体阳性,
HP:0030909,Anti-liver cytosolic antigen type 1 antibody positivity,抗肝细胞胞浆抗原1型抗体阳性,
HP:0030911,Bifid clitoris,阴蒂分叉,
HP:0030912,Duplicated clitoris,重复阴蒂,
HP:0030913,Exaggerated rugosity of the labia majora,大阴唇褶皱增多,
HP:0030914,Abnormal peristalsis,（消化道）蠕动异常,
HP:0030915,Cerebellar edema,小脑水肿,
HP:0030917,Low APGAR score,低APGAR评分,
HP:0030918,Low 1-minute APGAR score,1分钟APGAR评分低,
HP:0030919,Low 5-minute APGAR score,5分钟APGAR评分低,
HP:0030920,5-minute APGAR score of 0,5分钟APGAR评分0分,
HP:0030921,5-minute APGAR score of 1,5分钟APGAR评分1分,
HP:0030922,5-minute APGAR score of 2,5分钟APGAR评分2分,
HP:0030923,5-minute APGAR score of 3,5分钟APGAR评分3分,
HP:0030924,5-minute APGAR score of 4,5分钟APGAR评分4分,
HP:0030925,5-minute APGAR score of 5,5分钟APGAR评分5分,
HP:0030926,5-minute APGAR score of 6,5分钟APGAR评分6分,
HP:0030927,1-minute APGAR score of 0,1分钟APGAR评分0分,
HP:0030928,1-minute APGAR score of 1,1分钟APGAR评分1分,
HP:0030929,1-minute APGAR score of 2,1分钟APGAR评分2分,
HP:0030930,1-minute APGAR score of 3,1分钟APGAR评分3分,
HP:0030931,1-minute APGAR score of 4,1分钟APGAR评分4分,
HP:0030932,1-minute APGAR score of 5,1分钟APGAR评分5分,
HP:0030933,1-minute APGAR score of 6,1分钟APGAR评分6分,
HP:0030934,Oral erythroplakia,口腔红斑,
HP:0030935,Abnormal intestinal smooth muscle morphology,肠平滑肌形态异常,
HP:0030936,Abnormal layering of muscularis propria,固有肌层异常分层,
HP:0030937,Fibrotic muscularis propria,固有层肌纤维变性,
HP:0030938,Enteric intraneuronal nuclear inclusion bodies,肠神经元核内包涵体病,
HP:0030939,Palpebral thickening,眼睑增厚,
HP:0030943,Vulvodynia,外阴痛,
HP:0030946,Conjunctival papillae,结膜乳头,
HP:0030947,Conjunctival follicles,结膜滤泡,
HP:0030948,Elevated gamma-glutamyltransferase level,γ-谷氨酰转移酶活性增高,
HP:0030949,Glomerular deposits,肾小球沉积,
HP:0030950,Pulmonary venous hypertension,肺静脉高压,
HP:0030951,Skeletal muscle fibrosis,骨骼肌纤维化,
HP:0030952,Birdshot retinochoroidopathy,鸟枪弹样视网膜脉络膜病变,
HP:0030953,Conjunctival hyperemia,结膜充血,
HP:0030955,Addictive alcohol use,酗酒,
HP:0030956,Abnormality of cardiovascular system electrophysiology,心血管系统电生理异常,
HP:0030957,Ventricular septal aneurysm,室间隔动脉瘤,
HP:0030958,Membranous ventricular septal aneurysm,膜性室间隔动脉瘤,
HP:0030959,Muscular ventricular septal aneurysm,肌室间隔动脉瘤,
HP:0030961,Microspherophakia,小球形晶状体,
HP:0030962,Abnormal morphology of the great vessels,大血管形态异常,
HP:0030964,Abnormal aortic physiology,主动脉生理异常,
HP:0030965,Aortic stiffness,主动脉僵硬,
HP:0030966,Abnormal pulmonary artery morphology,肺动脉形态异常,
HP:0030967,Abnormal pulmonary artery physiology,肺动脉生理异常,
HP:0030968,Abnormal pulmonary vein morphology,肺静脉畸形,
HP:0030969,Abnormal pulmonary vein physiology,肺静脉生理异常,
HP:0030970,Abnormal vena cava physiology,异常腔静脉生理学,
HP:0030972,Abnormal systemic blood pressure,全身血压异常,
HP:0030973,Postexertional symptom exacerbation,活动后症状加重,
HP:0030974,Cryptozoospermia,隐匿精子症,
HP:0030975,Pontine tegmental cap,脑桥被盖帽,
HP:0030976,Abnormal factor VIII activity,因子VIII活性异常,
HP:0030977,Increased factor VIII activity,因子VIII活性增高,
HP:0030978,Decreased CSF/serum albumin ratio,脑脊液白蛋白与血清白蛋白的比值下降,
HP:0030979,Dilatation of large choroidal vessels,脉络膜大血管扩张,
HP:0030980,Reduced brain glutamine level by MRS,磁共振波谱大脑谷氨酰胺水平降低,
HP:0030981,Abnormal CSF/serum albumin ratio,异常脑脊液/血清白蛋白比率,
HP:0030983,Ovarian thecoma,卵泡膜细胞瘤,
HP:0030984,Abnormal serum bile acid concentration,血清胆汁酸浓度异常,
HP:0030985,Decreased serum bile acid concentration,血清胆汁酸水平降低,
HP:0030986,Biliary epithelial hyperplasia,胆管上皮增生,
HP:0030987,Suppurative cholangitis,化脓性胆管炎,
HP:0030988,Granulomatous cholangitis,肉芽肿性胆管炎,
HP:0030989,Lymphoid cholangitis,淋巴性胆管炎,
HP:0030990,Pleomorphic cholangitis,多形性胆管炎,
HP:0030991,Sclerosing cholangitis,硬化性胆管炎,
HP:0030992,Abnormal pancreatic duct morphology,胰管形态学异常,
HP:0030993,Duplication of pancreatic duct,重复胰管,
HP:0030994,Pancreas divisum,胰腺分裂,
HP:0030995,Peritoneal effusion,腹膜渗出物,
HP:0030996,Megaduodenum,巨十二指肠,
HP:0030997,Atretic vas deferens,输精管闭锁,
HP:0030998,Cerebrospinal fluid rhinorrhoea,脑脊液鼻漏,
HP:0030999,Abnormal vestibular saccule morphology,球囊形态异常,
HP:0031000,Vestibular saccular degeneration,球囊退行性变,
HP:0031001,Minifascicle formation,微神经束结构,
HP:0031002,Neuritis,神经炎,
HP:0031003,Polyneuritis,多发性神经炎,
HP:0031004,Hemiareflexia,偏侧反射消失,
HP:0031006,Acroparesthesia,肢端感觉障碍,
HP:0031007,Orofacial action-specific dystonia induced by speech,说话诱发的口面部肌张力障碍,
HP:0031008,Lingual dystonia,舌肌肌张力障碍,
HP:0031009,Ainhum,箍趾病,
HP:0031010,Hyperphalangy of the 3rd finger,第三指多指节,
HP:0031011,Fatty streak,脂纹,
HP:0031012,Thin-cap fibroatheroma,薄纤维帽粥样斑块,
HP:0031013,Ankylosis,关节僵硬,
HP:0031014,Arteria lusoria,压迫性动脉,
HP:0031015,Intrahepatic portal vein sclerosis,肝内门静脉硬化,
HP:0031016,Alternating radiolucent and radiodense metaphyseal lines,正常密度与和高密度交替出现的干骺线,
HP:0031017,Swiss cheese atrial septal defect,瑞士干酪样房间隔缺损,
HP:0031018,Eccrine syringofibroadenoma,小汗腺汗管纤维腺瘤,
HP:0031019,Pyknotic bone marrow neutrophils,致密骨髓中性粒细胞,
HP:0031020,Bone marrow hypercellularity,骨髓细胞过多,
HP:0031021,Squamous Papilloma,鳞状细胞乳头状瘤,
HP:0031022,Oropharyngeal squamous papilloma,口咽部鳞状细胞乳头状瘤,
HP:0031023,Multiple mucosal neuromas,多发性粘膜神经瘤,
HP:0031024,Cylindroma,圆柱瘤,
HP:0031025,Gastric leiomyosarcoma,胃平滑肌肉瘤,
HP:0031026,Snail-like ilia,蜗牛状髂骨,
HP:0031027,Internal notch of the femoral head,股骨头内陷,
HP:0031028,Lactescent serum,乳状血清,
HP:0031029,Elevated circulating carcinoembryonic antigen concentration,循环癌胚抗原水平升高,
HP:0031030,Elevated carcinoma antigen 125 level,癌抗原CA125水平增高,
HP:0031031,Abnormal retinol-binding protein level,视黄醇结合蛋白水平异常,
HP:0031032,Decreased retinol-binding protein level,视黄醇结合蛋白水平降低,
HP:0031033,Impaired urinary acidification,尿酸化受损,
HP:0031034,Abnormal insulin like growth factor binding protein acid labile subunit level,胰岛素样生长因子结合蛋白酸不稳定亚单位的水平异常,
HP:0031035,Chronic infection,慢性感染,
HP:0031036,Reduced growth-hormone binding protein level,生长激素结合蛋白水平降低,
HP:0031037,Reduced insulin-like factor 3 level,胰岛素样因子3水平降低,
HP:0031038,Spermatogenesis maturation arrest,生精成熟阻滞,
HP:0031039,Spermatocyte maturation arrest,精母细胞成熟停滞,
HP:0031040,Round spermatid arrest,圆形精子细胞停滞,
HP:0031041,Obstruction of the superior vena cava,上腔静脉梗阻,
HP:0031042,Strawberry tongue,草莓舌,
HP:0031043,Type A4 brachydactyly,A4型短指畸形,
HP:0031044,Type A5 brachydactyly,A5型短指畸形,
HP:0031045,Acral blistering,肢端水泡,
HP:0031046,Absent soft palate,软腭缺如,
HP:0031047,Paraproteinemia,副蛋白血症,
HP:0031048,Light-chain paraproteinemia,轻链副蛋白血症,
HP:0031049,Heavy-chain paraproteinemia,重链副蛋白血症,
HP:0031050,Whole-immunoglobulin paraproteinemia,全免疫球蛋白副蛋白血症,
HP:0031051,Tarsal sclerosis,跗骨硬化,
HP:0031052,Elevated vascular endothelial growth factor level,血管内皮生长因子水平升高,
HP:0031053,Coarctation in the transverse aortic arch,横向主动脉弓缩窄,
HP:0031054,Long segment coarctation of the aorta,主动脉长段缩窄,
HP:0031055,Abnormal branching pattern of left aortic arch,左主动脉弓分支异常,
HP:0031056,Fusiform cerebral aneurysm,梭形脑动脉瘤,
HP:0031057,Skin fissure,皮肤裂痕,
HP:0031058,Impairment of activities of daily living,日常生活活动障碍,
HP:0031059,Impaired ability to bathe oneself,洗澡能力受损,
HP:0031060,Impaired ability to dress oneself,穿衣能力受损,
HP:0031061,Impaired toileting ability,如厕能力受损,
HP:0031062,Impaired transferring ability,转移活动能力受损,
HP:0031063,Impaired feeding ability,进食能力受损,
HP:0031064,Impaired continence,失禁,
HP:0031065,Abnormal ovarian morphology,卵巢形态异常,
HP:0031066,Abnormal ovarian physiology,卵巢生理异常,
HP:0031067,Empty ovarian follicle,卵巢空卵泡,
HP:0031069,Abnormal femoral torsion,股骨异常扭转,
HP:0031071,Abnormal endocrine morphology,内分泌形态学异常,
HP:0031072,Abnormal endocrine physiology,内分泌生理学异常,
HP:0031073,Abnormal response to endocrine stimulation test,内分泌刺激试验反应异常,
HP:0031074,Abnormal response to ACTH stimulation test,ACTH刺激试验反应异常,
HP:0031075,Abnormal response to insulin tolerance test,胰岛素耐量试验反应异常,
HP:0031076,Impaired cortisol response to insulin stimulation test,皮质醇对胰岛素刺激试验的反应受损,
HP:0031077,Abnormal response to corticotropin releasing hormone stimulation test,促肾上腺皮质激素释放激素刺激试验反应异常,
HP:0031078,Impaired cortisol response to corticotropin releasing hormone stimulation test,皮质醇对促肾上腺皮质激素释放激素刺激试验的反应受损,
HP:0031079,Impaired growth-hormone response to insulin stimulation test,生长激素对胰岛素刺激试验的反应受损,
HP:0031080,Abnormal response to glucagon stimulation test,胰高血糖素刺激试验反应异常,
HP:0031081,Impaired cortisol response to glucagon stimulation test,皮质醇对胰高血糖素刺激试验的反应受损,
HP:0031082,Impaired growth-hormone response to glucagon stimulation test,生长激素对胰高血糖素刺激试验的反应受损,
HP:0031083,Abnormal response to human chorionic gonadotrophin stimulation test,人绒毛膜促性腺激素刺激试验反应异常,
HP:0031084,Excessive insulin response to glucagon test,胰岛素对胰高血糖素试验反应过度,
HP:0031085,Decreased circulating prealbumin concentration,循环前白蛋白水平降低,
HP:0031086,Ectopic ovary,卵巢异位,
HP:0031087,Absent pubertal growth spurt,缺乏青春期生长突增,
HP:0031088,Vaginal dryness,阴道干涩,
HP:0031089,Palatal edema,腭水肿,
HP:0031090,Finger dactylitis,手指发炎,
HP:0031091,Toe dactylitis,脚趾发炎,
HP:0031092,Spindle-shaped finger,梭状指,
HP:0031093,Abnormal breast morphology,乳房形态异常,
HP:0031094,Abnormal breast physiology,乳房生理异常,
HP:0031095,Abnormal humerus morphology,肱骨形态异常,
HP:0031096,Delayed vertebral ossification,椎骨骨化延迟,
HP:0031097,Abnormal thyroid-stimulating hormone level,促甲状腺激素水平异常,
HP:0031098,Decreased thyroid-stimulating hormone level,促甲状腺激素水平降低,
HP:0031099,Abnormal circulating inhibin level,循环抑制素水平异常,
HP:0031100,Decreased circulating inhibin B concentration,循环抑制素B水平降低,
HP:0031101,Abnormal circulating antimullerian hormone concentration,血液抗苗勒氏管激素水平异常,
HP:0031102,Increased circulating antimullerian hormone concentration,循环抗苗勒氏管激素浓度增加,
HP:0031103,Decreased cirrculating antimullerian hormone circulation,循环抗苗勒氏管激素浓度降低,
HP:0031104,Insulin receptor antibody positivity,胰岛素受体抗体阳性,
HP:0031105,Abnormal uterus morphology,子宫形态异常,
HP:0031106,T-shaped uterus,T-形子宫,
HP:0031107,Decreased fibular diameter,腓骨直径减小,
HP:0031108,Triceps weakness,肱三头肌无力,
HP:0031109,Agalactia,无泌乳,
HP:0031110,Twin-to-twin transfusion,双胎输血,
HP:0031111,Cutaneous hamartoma,皮肤的错构瘤,
HP:0031117,Purely bicuspid aortic valve,无嵴型二叶主动脉瓣,
HP:0031118,Single raphe bicuspid aortic valve,单嵴型二叶主动脉瓣,
HP:0031119,Bicuspid aortic valve with right-left cusp fusion,左右尖瓣融合型二叶主动脉瓣,
HP:0031120,Bicuspid aortic valve with right-noncoronary cusp fusion,右冠窦无冠窦融合型二叶主动脉瓣,
HP:0031121,Bicuspid aortic valve with left-noncoronary cusp fusion,左冠窦无冠窦融合型二叶主动脉瓣,
HP:0031122,Two-raphe bicuspid aortic valve,双嵴型二叶主动脉瓣,
HP:0031123,Recurrent gastroenteritis,复发性肠胃炎,
HP:0031124,Decreased platelet thromboxane A2 receptor,血小板血栓素A2受体减少,
HP:0031125,Decreased platelet alpha-2A-adrenergic receptor,血小板肾上腺素ɑ2a受体减少,
HP:0031126,Impaired clot retraction,血凝块回缩受损,
HP:0031127,Impaired convulxin-induced platelet aggregation,convulxin诱导的血小板聚集反应受损,
HP:0031128,Impaired collagen-related peptide-induced platelet aggregation,胶原相关肽诱导的血小板凝集受损,
HP:0031129,Impaired phorbol myristate acetate-induced platelet aggregation,PMA诱导的血小板聚集功能受损,
HP:0031130,Impaired calcium ionophore-induced platelet aggregation,钙离子通道剂诱导的血小板聚集受损,
HP:0031131,Abnormal platelet phosphatidylserine exposure,血小板磷脂酰丝氨酸暴露异常,
HP:0031132,Impaired annexin V binding to platelet phosphatidylserine,膜联蛋白 V 与血小板磷脂酰丝氨酸结合受损,
HP:0031133,Increased annexin V binding to platelet phosphatidylserine,膜联蛋白 V 与血小板磷脂酰丝氨酸结合增加,
HP:0031134,Cor triatrium sinister,左侧三房心,
HP:0031135,Triggered by physical trauma,物理创伤触发,
HP:0031136,Decreased acrosin in sperm head,精子头顶体酶降低,
HP:0031137,Storage in hepatocytes,肝细胞储积,
HP:0031138,Abnormal circulating B-type natriuretic peptide concentration,循环B型利钠肽水平异常,
HP:0031139,Frog-leg posture,蛙足姿势,
HP:0031140,Abnormal liver sonography,肝脏超声异常,
HP:0031141,Increased hepatic echogenicity,肝回声增强,
HP:0031142,Abnormal hepatic echogenicity,肝脏回声异常,
HP:0031143,Decreased hepatic echogenicity,肝回声降低,
HP:0031144,Coarsened hepatic echotexture,肝实质回声增粗,
HP:0031145,Starry sky appearance on hepatic sonography,肝脏满天星样改变,
HP:0031146,Impaired oral bolus formation,口腔内食物成团状能力受损,
HP:0031150,Vitreomacular adhesion,玻璃体黄斑粘连,
HP:0031151,Vitreomacular traction,玻璃体黄斑牵拉,
HP:0031152,Full-thickness macular hole,黄斑全层裂孔,
HP:0031153,Membranous vitreous appearance,玻璃体膜状外观,
HP:0031154,Beaded vitreous appearance,玻璃体珠状外观,
HP:0031155,Increased Arden ratio of electrooculogram,眼电图Arden比增高,
HP:0031156,Decreased platelet glycoprotein Ib,血小板膜上糖蛋白Ib减少,
HP:0031157,Carotid cavernous fistula,颈动脉海绵窦瘘,
HP:0031158,Widened atrophic scar,萎缩性疤痕增宽,
HP:0031159,Thinning of Descemet membrane,后弹力层变薄,
HP:0031160,Myelokathexis,无效生成性慢性粒细胞缺乏,
HP:0031161,Reduced brain glutamate level by MRS,磁共振波谱大脑谷氨酸盐水平降低,
HP:0031162,Impaired oropharyngeal swallow response,吞咽反应障碍,
HP:0031163,Low femoral bone density,股骨骨密度降低,
HP:0031164,Growth arrest lines,生长停滞线,
HP:0031165,Multifocal seizures,多灶性癫痫发作,
HP:0031166,Eyelid myokymia,眼睑肌颤搐,
HP:0031167,Triggered by ingestion of potassium-rich food,摄入富钾食物触发,
HP:0031169,Postterm pregnancy,过期妊娠,
HP:0031170,Female fetal virilization,女性胎儿男性化,
HP:0031171,Femoral spur,股骨骨刺,
HP:0031172,Sectoral retinitis pigmentosa,扇形视网膜色素变性,
HP:0031173,Tibial spur,胫骨骨刺,
HP:0031174,Double-layered patella,双层髌骨,
HP:0031175,Absent cervical vertebra,颈椎缺失,
HP:0031176,Absent thoracic vertebra,胸椎缺失,
HP:0031177,Finger flexor weakness,指屈肌无力,
HP:0031178,Fixed head retroflexion,固定头后屈,
HP:0031179,Nuchal rigidity,颈部僵硬,
HP:0031180,Erythema migrans,游走性红斑,
HP:0031181,Necrolytic migratory erythema,坏死松解性游走性红斑,
HP:0031185,Increased circulating NT-proBNP concentration,NT-proBNP水平增高,
HP:0031186,Abnormal circulating deoxycorticosterone level,循环脱氧皮质酮水平异常,
HP:0031187,Abnormal circulating pregnenolone concentration,循环孕烯醇酮浓度异常,
HP:0031188,Genital edema,生殖器水肿,
HP:0031189,Wrist drop,垂腕,
HP:0031190,Superficial dermal perivascular inflammatory infiltrate,真皮浅层血管周围炎性浸润,
HP:0031191,Deep dermal perivascular inflammatory infiltrate,真皮深层血管周围炎性浸润,
HP:0031192,Abnormal morphology of left ventricular trabeculae,左心室小梁形态异常,
HP:0031193,Abnormal morphology of right ventricular trabeculae,右心室小梁形态异常,
HP:0031194,Increased density of left ventricular trabeculae,左心室小梁密度增加,
HP:0031195,Apical hypertrabeculation of the left ventricle,左室心尖过度小梁化,
HP:0031196,Thin myocardium compact layer,心肌致密层变薄,
HP:0031197,Cellular urinary casts,细胞管型,
HP:0031198,Renal tubular epithelial cell casts,肾小管上皮细胞管型,
HP:0031199,Acellular urinary casts,非细胞管型,
HP:0031200,Hyaline casts,透明管型,
HP:0031201,Granular casts,颗粒管型,
HP:0031202,Waxy casts,蜡样管型,
HP:0031203,Fatty casts,脂肪管型,
HP:0031204,Bacterial cell casts,细菌细胞管型,
HP:0031205,Reduced lysosomal acid lipase activity,溶酶体酸性脂肪酶活性降低,
HP:0031206,Striatal T2 hyperintensity,纹状体T2高信号,
HP:0031207,Hepatic hemangioma,肝血管瘤,
HP:0031208,Increased pituitary glycoprotein hormone alpha subunit level,垂体糖蛋白α-亚基水平升高,
HP:0031209,Decreased circulating lipoprotein lipase concentration,脂蛋白脂肪酶活性降低,
HP:0031210,Abnormal circulating hyaluronic acid concentration,循环透明质酸浓度异常,
HP:0031211,Elevated cholesterol ester level,胆固醇酯水平增高,
HP:0031212,Abnormal circulating progesterone level,循环孕激素水平异常,
HP:0031213,Elevated circulating 17-hydroxyprogesterone concentration,循环17-羟孕酮浓度升高,
HP:0031214,Decreased circulating dehydroepiandrosterone concentration,循环脱氢表雄酮浓度下降,
HP:0031215,Decreased circulating dehydroepiandrosterone-sulfate concentration,循环脱氢表雄酮-硫酸酯浓度降低,
HP:0031216,Increased circulating progesterone,循环孕激素升高,
HP:0031217,Hot flashes,热潮红,
HP:0031218,Inappropriate antidiuretic hormone secretion,抗利尿激素分泌失衡,
HP:0031219,Reduced radioactive iodine uptake,放射性碘摄取减少,
HP:0031220,Increased radioactive iodine uptake,放射性碘摄取增多,
HP:0031221,Abnormal radioactive iodine uptake test result,放射性碘摄取试验异常,
HP:0031222,Increased circulating thyroxine-binding globulin level,循环甲状腺结合球蛋白水平增高,
HP:0031223,Focal pancreatic islet hyperplasia,局灶性胰岛增生,
HP:0031224,Diffuse pancreatic islet hyperplasia,弥漫性胰岛增生,
HP:0031225,Intrapulmonary shunt,肺内分流,
HP:0031226,Perinephric fluid collection,肾周积液,
HP:0031227,Nasopharyngeal teratoma,鼻咽畸胎瘤,
HP:0031228,Abnormal incisura morphology,耳前切迹形态异常,
HP:0031229,Increased incisura length,耳前切迹长度增加,
HP:0031230,Decreased incisura length,耳前切迹长度减少,
HP:0031231,Narrow incisura width,耳前切迹宽度变窄,
HP:0031232,Increased incisura width,耳前切迹宽度增加,
HP:0031233,Horizontal inferior border of scapula,水平状肩胛骨下缘,
HP:0031234,Neutrophilic infiltration of the skin,皮肤中性粒细胞浸润,
HP:0031235,Predominantly epidermal neutrophilic infiltrate,嗜中性粒细胞为主表皮浸润,
HP:0031236,Predominantly dermal neutrophilic infiltrate,嗜中性粒细胞为主真皮浸润,
HP:0031237,Internally nucleated skeletal muscle fibers,骨骼肌纤维中细胞核内聚,
HP:0031238,Necklace skeletal muscle fibers,项链样骨骼肌纤维,
HP:0031239,Extrafoveal choroidal neovascularization,中央凹外脉络膜新生血管,
HP:0031240,Juxtafoveal choroidal neovascularization,中央凹旁脉络膜新生血管,
HP:0031241,Subfoveal choroidal neovascularization,中央凹下脉络膜新生血管,
HP:0031242,Decreased circulating chylomicron concentration,循环乳糜微粒水平降低,
HP:0031243,Decreased VLDL cholesterol concentration,循环极低密度脂蛋白水平降低,
HP:0031244,Swollen lip,嘴唇肿大,
HP:0031245,Productive cough,痰咳,
HP:0031246,Nonproductive cough,干咳,
HP:0031247,Whooping cough,百日咳,
HP:0031248,Palmar pruritus,手掌瘙痒症,
HP:0031249,Parageusia,味觉倒错,
HP:0031250,Lip fissure,口唇干裂,
HP:0031251,Abnormal subclavian artery morphology,锁骨下动脉形态异常,
HP:0031252,Dilated left subclavian artery,左锁骨下动脉扩张,
HP:0031253,Anomalous origin of left subclavian artery,左锁骨下动脉异常起源,
HP:0031254,Thalamic arteriovenous malformation,丘脑动静脉畸形,
HP:0031255,Hypothalamic arteriovenous malformation,下丘脑动静脉畸形,
HP:0031256,Optic nerve arteriovenous malformation,视神经动静脉畸形,
HP:0031257,Arteriovenous malformation of the maxilla,上颌动静脉畸形,
HP:0031258,Delirium,谵妄,
HP:0031259,Oophoritis,卵巢炎,
HP:0031260,Triangular tibia,三角状胫骨,
HP:0031261,Bladder polyp,膀胱息肉,
HP:0031263,Abnormal renal corpuscle morphology,肾小体形态异常,
HP:0031264,Abnormal Bowman capsule morphology,鲍曼囊形态异常,
HP:0031265,Abnormal glomerular visceral epithelial cell morphology,肾小球脏层上皮细胞形态异常,
HP:0031266,Podocyte foot process effacement,足细胞足突消失,
HP:0031267,Abnormal CD69 upregulation upon TCR activation,TCR激活CD69上调异常,
HP:0031268,Decreased CD69 upregulation upon TCR activation,TCR激活CD69上调减弱,
HP:0031269,Abnormal CD25 upregulation upon TCR activation,TCR激活CD25上调异常,
HP:0031270,Decreased CD25 upregulation upon TCR activation,TCR激活CD25上调减弱,
HP:0031271,Absent ankle pulse,踝脉缺失,
HP:0031272,Pulmonary arterial atherosclerosis,肺动脉硬化,
HP:0031273,Shock,休克,
HP:0031274,Hypovolemic shock,血量减少性休克,
HP:0031275,Distributive shock,分布性休克,
HP:0031276,Obstructive shock,梗阻性休克,
HP:0031278,Abnormal thoracic duct morphology,胸导管异常形态,
HP:0031279,Abnormal response to gonadotropin-releasing hormone stimulation test,促性腺激素释放激素刺激试验反应异常,
HP:0031280,Increased LH response to gonadotropin-releasing hormone stimulation test,黄体生成素对促性腺激素释放激素刺激试验的反应增强,
HP:0031281,Sialadenitis,涎腺炎,
HP:0031282,Malalignment of the great toenail,趾甲错位,
HP:0031283,Tufted hairs,丛生毛,
HP:0031284,Flushing,红晕,
HP:0031285,Abnormal perifollicular morphology,毛囊周围形态异常,
HP:0031286,Perifollicular erythema,毛囊周围红斑,
HP:0031287,Seborrheic keratosis,脂溢性角化病,
HP:0031288,Cobblestone-like hyperkeratosis,鹅卵石样角化过度,
HP:0031289,White papule,白色丘疹,
HP:0031290,Tuberous xanthoma,结节性黄瘤,
HP:0031291,Ichthyosis follicularis,毛囊性鱼鳞病,
HP:0031292,Cutaneous abscess,皮肤脓肿,
HP:0031293,Digital pitting scar,手指凹陷性疤痕,
HP:0031294,Hypoplastic right atrium,右心房发育不全,
HP:0031295,Left atrial enlargement,左心房增大,
HP:0031296,Atrial septal hypertrophy,房间隔肥大,
HP:0031297,Unroofed coronary sinus,无顶冠状窦,
HP:0031298,Coronary sinus enlargement,冠状静脉窦扩张,
HP:0031299,Elevated left atrial pressure,左心房压力升高,
HP:0031300,Abnormal circulating properdin level,循环备解素水平异常,
HP:0031301,Peripheral arterial calcification,外周动脉钙化,
HP:0031302,Lower extremity peripheral arterial calcification,下肢外周动脉钙化,
HP:0031303,Femoral arterial calcification,股动脉钙化,
HP:0031304,Iliac arterial calcification,髂动脉钙化,
HP:0031305,Tibial arterial calcification,胫动脉钙化,
HP:0031306,Intracranial arterial calcification,颅内动脉钙化,
HP:0031307,Internal carotid artery calcification,颈内动脉钙化,
HP:0031308,Vertebral artery calcification,椎动脉钙化,
HP:0031309,Cerebral artery calcification,大脑动脉钙化,
HP:0031310,Basilar artery calcification,基底动脉钙化,
HP:0031311,Middle cerebral artery calcification,大脑中动脉钙化,
HP:0031313,Abdominal aortic calcification,腹主动脉钙化,
HP:0031314,Carotid artery calcification,颈动脉钙化,
HP:0031315,External carotid artery calcification,颈外动脉钙化,
HP:0031316,Abnormal ventricular myocardium morphology,心室心肌层形态异常,
HP:0031317,Fatty replacement of ventricular myocardial tissue,脂肪替代心室心肌组织,
HP:0031318,Myofiber disarray,肌纤维无序,
HP:0031319,Cardiomyocyte hypertrophy,心肌细胞肥大,
HP:0031320,Cardiomyocyte mitochondrial proliferation,心肌细胞线粒体增多,
HP:0031321,Myocardial immune cell infiltration,心肌免疫细胞浸润,
HP:0031322,Myocardial lymphocytic infiltration,心肌淋巴细胞浸润,
HP:0031323,Myocardial eosinophilic infiltration,心肌嗜酸性粒细胞浸润,
HP:0031324,Myocardial multinucleated giant cells,心肌多核巨细胞,
HP:0031325,Myocardial granulomatous infiltrates,心肌肉芽肿浸润,
HP:0031326,Monoclonal light chain cardiac amyloidosis,单克隆轻链心脏淀粉样变性,
HP:0031327,Transthyretin cardiac amyloidosis,甲状腺素转运蛋白心脏淀粉样变性,
HP:0031328,Perivascular cardiac fibrosis,血管周心脏纤维化,
HP:0031329,Interstitial cardiac fibrosis,间质性心脏纤维化,
HP:0031330,Perivascular myocardial immune cell infiltration,血管周心肌免疫细胞浸润,
HP:0031331,Abnormal cardiomyocyte morphology,心肌细胞形态异常,
HP:0031332,Cardiomyocyte degeneration,心肌细胞退化,
HP:0031333,Myocardial sarcomeric disarray,心脏肌节混乱,
HP:0031334,Cardiomyocyte inclusion bodies,心肌细胞包涵体,
HP:0031335,Abnormal cardiomyocyte mitochondrial morphology,心肌细胞线粒体形态异常,
HP:0031336,Intranuclear cardiomyocyte mitochondria,心肌细胞核内线粒体,
HP:0031337,Abnormal cardiomyocyte connexin43 staining,心肌细胞connexin43着色异常,
HP:0031338,Abnormal cardiomyocyte plakoglobin staining,心肌细胞斑珠蛋白着色异常,
HP:0031339,Abnormal cardiomyocyte dystrophin staining,心肌细胞肌营养不良蛋白染色异常,
HP:0031340,Abnormal lysosomal morphology,溶酶体形态异常,
HP:0031341,Gastric arteriovenous malformation,胃动静脉畸形,
HP:0031342,Duodenal arteriovenous malformation,十二指肠动静脉畸形,
HP:0031343,Jejunal arteriovenous malformation,空肠动静脉畸形,
HP:0031344,Pelvic arteriovenous malformation,盆腔动静脉畸形,
HP:0031345,Colonic arteriovenous malformation,结肠动静脉畸形,
HP:0031346,Rectal arteriovenous malformation,直肠动静脉畸形,
HP:0031347,Uterine arteriovenous malformation,子宫动静脉畸形,
HP:0031348,Dextrotransposition of the great arteries,大动脉右转位,
HP:0031349,Levotransposition of the great arteries,大动脉左转位,
HP:0031350,Cardiac sarcoma,心脏肉瘤,
HP:0031351,Calcified amorphous tumor of the heart,心脏钙化无定形瘤,
HP:0031352,Chest tightness,胸闷,
HP:0031353,Otitis media with effusion,渗出性中耳炎,
HP:0031354,Sleep onset insomnia,入睡困难型失眠,
HP:0031355,Maintenance insomnia,睡眠维持障碍型失眠,
HP:0031356,Terminal insomnia,早醒型失眠,
HP:0031357,Glomeruloid hemangioma,肾小球血管瘤,
HP:0031358,Vegetative state,植物状态,
HP:0031359,Cutaneous sclerotic plaque,皮肤硬化斑,
HP:0031360,Yellow skin plaque,黄色皮肤斑块,
HP:0031361,Zebra bodies,斑马体,
HP:0031363,Palpable purpura,可触性紫癜,
HP:0031364,Ecchymosis,瘀斑,
HP:0031365,Macular purpura,斑点紫癜,
HP:0031366,Palate neoplasm,腭部肿瘤,
HP:0031367,Metaphyseal striations,干骺端条纹,
HP:0031368,Intestinal perforation,肠穿孔,
HP:0031369,Colon perforation,结肠穿孔,
HP:0031370,Small intestinal perforation,小肠穿孔,
HP:0031371,Rectal perforation,直肠穿孔,
HP:0031372,Cold paresis,冷性轻瘫,
HP:0031373,Stiff tongue,舌体僵硬,
HP:0031374,Ankle weakness,踝关节无力,
HP:0031375,Refractory,难治的,
HP:0031377,Abnormal cell proliferation,细胞增殖异常,
HP:0031378,Abnormal lymphocyte proliferation,淋巴细胞异常增殖,
HP:0031379,Abnormal T cell proliferation,T细胞异常增殖,
HP:0031380,Abnormal B cell proliferation,B细胞异常增殖,
HP:0031381,Decreased lymphocyte proliferation in response to mitogen,淋巴细胞有丝分裂原应答性增殖减弱,
HP:0031382,Decreased lymphocyte proliferation in response to anti-CD3,淋巴细胞抗CD3应答性增殖减弱,
HP:0031383,Abnormal lymphocyte surface marker expression,淋巴细胞表面标志物异常表达,
HP:0031384,Reduced T cell CD40 expression,T细胞CD40表达降低,
HP:0031385,Megakaryocyte nucleus hypolobulation,巨核细胞核分叶过少,
HP:0031386,Increased micromegakaryocyte count,小巨核细胞计数增多,
HP:0031387,Increased multinucleated megakaryocyte count,多核巨核细胞计数增加,
HP:0031388,Megakaryocyte nucleus hyperlobulation,巨核细胞核分叶过多,
HP:0031389,Abnormal MHC II surface expression,表面MHC II表达异常,
HP:0031390,Reduced MHC II surface expression,表面MHC-II表达降低,
HP:0031391,Elevated MHC II surface expression,MHCⅡ表面表达增高,
HP:0031392,Abnormal proportion of CD4-positive T cells,CD4+ T细胞比例异常,
HP:0031393,Abnormal proportion of CD8-positive T cells,CD8阳性T细胞比例异常,
HP:0031394,Abnormal CD4:CD8 ratio,CD4/CD8比值异常,
HP:0031396,Abnormal proportion of naive T cells,初始 T 细胞比例异常,
HP:0031397,Decreased proportion of naive T cells,初始 T 细胞比例减低,
HP:0031398,Increased proportion of naive T cells,初始 T 细胞比例增高,
HP:0031399,Abnormal proportion of double-negative alpha-beta regulatory T cell,α/β双阴性调节性T细胞比例异常,
HP:0031401,"Reduced proportion of CD4-negative, CD8-negative, alpha-beta regulatory T cells",CD4阴性和CD8阴性的α-β调节性T细胞比例降低,
HP:0031402,Reduced antigen-specific T cell proliferation,抗原特异性T细胞增殖减弱,
HP:0031403,Impaired pathogen-specific CD8 cytoxicity,病原体特异性CD8细胞毒性受损,
HP:0031404,Impaired antigen-specific response,抗原特异性应答损伤,
HP:0031405,Poroma,汗孔瘤,
HP:0031406,Abnormal cytokine signaling,异常细胞因子信号转导,
HP:0031407,Impaired cytokine signaling,细胞因子信号转导障碍,
HP:0031408,Increased proportion of CD25+ mast cells,CD25+肥大细胞比例增高,
HP:0031409,Abnormal lymphocyte physiology,淋巴细胞生理异常,
HP:0031410,Abnormal distribution of CD56 bright/dim natural killer cells,CD56高/低表达自然杀伤细胞异常分布,
HP:0031411,Abnormal chromosome morphology,染色体形态异常,
HP:0031412,Abnormal telomere morphology,端粒形态异常,
HP:0031413,Short telomere length,端粒缩短,
HP:0031414,High serum calcifediol,血清骨化二醇增高,
HP:0031415,High serum calcitriol,血清骨化三醇增高,
HP:0031416,Abnormal nasal mucus secretion,鼻黏液分泌异常,
HP:0031417,Rhinorrhea,鼻溢液,
HP:0031418,Increased body mass index,体重指数增加,
HP:0031419,Reduced sex -hormone binding protein level,性激素结合蛋白水平降低,
HP:0031420,Small yellow foveal lesion with surrounding gray zone,小黄斑病灶，周围有灰色地带,
HP:0031421,Small superior frontal cortex,小额上回,
HP:0031422,Abnormal cerebellar cortex morphology,小脑皮质形态异常,
HP:0031423,Small cerebellar cortex,小脑皮质缩小,
HP:0031424,Abnormal circulating beta-C-terminal telopeptide concentration,循环β-C端交联肽浓度异常,
HP:0031425,Increased circulating beta-C-terminal telopeptide concentration,循环β-C端交联肽浓度增加,
HP:0031426,Decreased circulating beta-C-terminal telopeptide concentration,循环β-C端交联肽浓度降低,
HP:0031427,Abnormal circulating osteocalcin level,循环骨钙素水平异常,
HP:0031428,Increased circulating osteocalcin level,循环骨钙素水平升高,
HP:0031429,Decreased circulating osteocalcin level,循环骨钙素水平降低,
HP:0031430,Oligoclonal T cell expansion,寡克隆T细胞扩增,
HP:0031431,Persistent repetition of sounds,持续重复声音,
HP:0031432,Restricted or repetitive behaviors or interests,受限或重复的行为或兴趣,
HP:0031433,Alexithymia,述情障碍,
HP:0031434,Abnormal prosody,韵律异常,
HP:0031435,Monotonic speech,单音调言语,
HP:0031436,Singsong Intonation,歌唱语调,
HP:0031437,Pregnancy exposure,妊娠期暴露,
HP:0031438,Abnormal sex hormone-binding globulin level,性激素结合球蛋白水平异常,
HP:0031439,Abnormal angiostatin level,血管抑素水平异常,
HP:0031441,Abnormal tricuspid valve annulus morphology,三尖瓣环形态异常,
HP:0031442,Abnormal tricuspid chordae tendinae morphology,三尖瓣腱索形态异常,
HP:0031443,Abnormal tricuspid valve leaflet morphology,三尖瓣小叶形态异常,
HP:0031444,Dilatation of the tricuspid annulus,三尖瓣环扩张,
HP:0031445,Oral mucosa nodule,口腔黏膜结节,
HP:0031446,Erosion of oral mucosa,口腔黏膜糜烂,
HP:0031447,Penile freckling,阴茎斑点,
HP:0031448,Herpetiform vesicles,疱疹样水泡,
HP:0031449,Perineal hemangioma,会阴血管瘤,
HP:0031450,Polycyclic,多环状,
HP:0031451,Lower extremity subcutanous fat hypertrophy,下肢皮下脂肪增生,
HP:0031452,Lichenoid skin lesion,皮肤苔藓样变,
HP:0031453,Oral lichenoid lesion,口腔苔藓样病变,
HP:0031454,Apocrine hidrocystoma,顶泌汗腺囊瘤,
HP:0031455,Presacral ganglioneuroma,骶前神经节细胞瘤,
HP:0031456,Ectopic pregnancy,异位妊娠,
HP:0031457,Pulmonary opacity,肺部模糊影,
HP:0031458,Adenoiditis,腺样组织炎,
HP:0031459,Soft tissue neoplasm,软组织肿瘤,
HP:0031460,Benign muscle neoplasm,良性肌肉肿瘤,
HP:0031461,Intramuscular Myxoma,肌内粘液瘤,
HP:0031462,Musculotendinous retraction,肌腱萎缩,
HP:0031463,Esophageal squamous papilloma,食管鳞状上皮乳头状瘤,
HP:0031464,Genital blistering,生殖器水泡,
HP:0031465,Abnormal vasa vasorum morphology,血管滋养管畸形,
HP:0031466,Impairment in personality functioning,人格障碍,
HP:0031467,Abnormal negative emotional state,异常负面情绪状态,
HP:0031468,Separation insecurity,分离焦虑,
HP:0031469,Low self-esteem,自卑,
HP:0031472,Risky behavior,危险行为,
HP:0031473,Anger,愤怒,
HP:0031474,Pulmonary chondroma,肺软骨瘤,
HP:0031475,Status epilepticus without prominent motor symptoms,非惊厥性癫痫持续状态,
HP:0031476,Abnormal buccal mucosa cell morphology,颊黏膜细胞形态异常,
HP:0031478,Abnormal mitral valve annulus morphology,二尖瓣环形态异常,
HP:0031479,Dilatation of the mitral annulus,二尖瓣环扩张,
HP:0031480,Abnormal mitral valve leaflet morphology,二尖瓣小叶形态异常,
HP:0031481,Abnormal mitral valve physiology,二尖瓣生理异常,
HP:0031482,Abnormal regional left ventricular contraction,左心室局部收缩异常,
HP:0031483,Reduced contraction of the left ventricular apex,左室心尖收缩变缓,
HP:0031484,Cold-induced hemolysis,低温诱导的溶血,
HP:0031485,Subperiosteal bone formation,骨膜下骨形成,
HP:0031486,Vascular malformation of the lip,唇部血管畸形,
HP:0031487,Capillary malformation of the lip,唇部毛细血管畸形,
HP:0031488,Arteriovenous malformation of the lip,唇部动静脉畸形,
HP:0031489,Venous malformation of the lip,唇部静脉畸形,
HP:0031490,Hemangioma of the lip,唇部血管瘤,
HP:0031491,Continuous spike and waves during slow sleep,慢波睡眠期持续棘慢波的癫痫,
HP:0031492,Epithelial neoplasm,上皮肿瘤,
HP:0031493,Glandular cell neoplasm,腺细胞肿瘤,
HP:0031494,Ovarian mucinous tumor,卵巢粘液性肿瘤,
HP:0031495,Mucinous neoplasm,粘液性肿瘤,
HP:0031496,Mucinous cystic neoplasm of the pancreas,胰腺粘液性囊性肿瘤,
HP:0031497,Mucinous colorectal carcinoma,粘液性结直肠癌,
HP:0031498,Mucinous gastric carcinoma,粘液性胃癌,
HP:0031499,Appendiceal mucinous neoplasm,阑尾的粘液性肿瘤,
HP:0031500,Abdominal mass,腹部肿块,
HP:0031501,Pelvic mass,盆腔肿块,
HP:0031502,Trophoblastic tumor,滋养细胞肿瘤,
HP:0031503,Night gasping,夜间发作性喘息,
HP:0031504,Foamy urine,泡沫尿,
HP:0031505,Abnormal circulating T4 concentration,循环T4水平异常,
HP:0031506,Increased circulating T4 concentration,循环T4水平升高,
HP:0031507,Decreased circulating T4 concentration,循环T4水平降低,
HP:0031508,Abnormal circulating thyroid hormone concentration,循环甲状腺素异常,
HP:0031509,Dry nipple,乳头干燥,
HP:0031510,Linear earlobe crease,线型耳垂折痕,
HP:0031511,Diagonal earlobe crease,对角线型耳垂折痕,
HP:0031512,Abnormal cutaneous collagen fibril morphology,皮肤胶原纤维形态异常,
HP:0031513,Luse bodies,Luse小体,
HP:0031514,Increased proportion of exhausted T cells,耗竭T细胞比例增加,
HP:0031515,Abnormal meiosis,减数分裂异常,
HP:0031516,Oocyte arrest at metaphase I,卵母细胞第一次减数分裂中期停滞,
HP:0031517,Verruciform xanthoma,疣状黄瘤,
HP:0031518,Absent posterior alpha rhythm,α节律缺乏,
HP:0031519,Cauliflower deformity of dermal collagen fibrils,真皮胶原纤维花椰菜畸形,
HP:0031520,Groin pain,腹股沟痛,
HP:0031521,Vaginal clear cell adenocarcinoma,阴道透明细胞腺癌,
HP:0031522,Cervical clear cell adenocarcinoma,宫颈部透明细胞腺癌,
HP:0031523,Salivary gland oncocytoma,唾液腺嗜酸细胞瘤,
HP:0031524,Ampulla of Vater carcinoma,Vater壶腹癌,
HP:0031525,Keratoacanthoma,角化棘皮瘤,
HP:0031526,Subretinal fluid,视网膜下积液,
HP:0031527,Retinal edema,视网膜水肿,
HP:0031528,Subretinal deposits,视网膜下沉积物,
HP:0031529,Focal subretinal deposits,局灶性视网膜下沉积物,
HP:0031530,Multifocal subretinal deposits,多灶性视网膜下沉积物,
HP:0031531,Sub-RPE deposits,视网膜色素上皮下沉积物,
HP:0031532,Focal sub-RPE deposits,局灶性视网膜色素上皮下沉积物,
HP:0031533,Multifocal sub-RPE deposits,多灶性视网膜色素上皮下沉积物,
HP:0031534,Passive dorsiflexion of the 5th finger more than 90 degrees,第五指被动背屈大于90度,
HP:0031535,Increased theta frequency activity in EEG,脑电图θ节律增多,
HP:0031536,Separate origin of the left anterior descending and left circumflex artery,左前降支和左回旋支起源分离,
HP:0031537,Anomalous origin of the left circumflex artery from the right coronary artery,冠状动脉左回旋支异常起源于右冠状动脉,
HP:0031538,Abnormal dermoepidermal junction morphology,皮肤表皮连接处形态异常,
HP:0031539,Linear IgA deposits along the epidermal basement membrane zone,表皮基底膜带的线性lgA沉积,
HP:0031540,Linear IgG deposits along the epidermal basement membrane zone,表皮基底膜带的线性lgG沉积,
HP:0031541,Linear C3 deposits along the epidermal basement membrane zone,表皮基底膜带的线性C3沉积,
HP:0031542,Myelin-like whorls in vacuolated fibers,空泡化纤维中的髓鞘样螺旋,
HP:0031544,Elevated circulating palmitoleylcarnitine concentration,丙酰基肉碱水平增高,
HP:0031545,Abnormally low T cell receptor excision circle level,T细胞受体重排删除环水平减低,
HP:0031546,Cardiac conduction abnormality,心脏传导异常,
HP:0031547,Abnormal QT interval,QT间期异常,
HP:0031548,Follicular infundibulum tumor,毛囊漏斗肿瘤,
HP:0031549,Lymphocytoma cutis,皮肤淋巴细胞瘤,
HP:0031550,Abnormal flow cytometry test result,流式细胞仪检测结果异常,
HP:0031551,Reduced cell surface marker level,细胞表面标志物水平降低,
HP:0031552,Reduced fibroblast surface marker level,成纤维细胞表面标志物水平降低,
HP:0031553,Reduced granulocyte surface marker level,粒细胞表面标志物水平降低,
HP:0031554,Reduced granulocyte CD55 level,粒细胞CD55水平降低,
HP:0031555,Reduced granulocyte CD59 level,粒细胞CD59水平降低,
HP:0031556,Reduced granulocyte CD16 level,粒细胞CD16水平降低,
HP:0031557,Reduced fibroblast CD55 level,成纤维细胞CD55水平降低,
HP:0031558,Reduced fibroblast CD59 level,成纤维细胞CD59水平降低,
HP:0031559,Reduced fibroblast CD16 level,成纤维细胞CD16水平降低,
HP:0031560,Coronary cameral fistula,冠状动脉腔瘘,
HP:0031561,Coronary cameral fistula to right ventricle,连接到右心室的冠状动脉腔瘘,
HP:0031562,Balanced double aortic arch,平衡性双主动脉弓,
HP:0031563,Coronary arteriovenous fistula,冠状动静脉瘘,
HP:0031564,Bronchial isomerism,支气管异构,
HP:0031565,Abdominal situs ambiguus,内脏位置异常,
HP:0031566,Abnormal pulmonary valve cusp morphology,肺动脉瓣尖瓣形态异常,
HP:0031567,Abnormal aortic valve cusp morphology,主动脉瓣尖瓣形态异常,
HP:0031568,Thickened aortic valve cusp,主动脉瓣尖增厚,
HP:0031569,Absent aortic valve cusps,主动脉瓣尖缺失,
HP:0031570,Tessier number 0 facial cleft,泰西耶（Tessier）0型面裂,
HP:0031571,Paramedian facial cleft,旁正中面裂,
HP:0031572,Tessier number 1 facial cleft,泰西耶（Tessier）1型面裂,
HP:0031573,Tessier number 2 facial cleft,Tessier 2型面部裂,
HP:0031574,Orbital cleft,眶面裂,
HP:0031575,Tessier number 3 facial cleft,泰西耶（Tessier）3型面裂,
HP:0031576,Tessier number 4 facial cleft,泰西耶（Tessier）4型面裂,
HP:0031577,Tessier number 5 facial cleft,泰西耶（Tessier） 5型面裂,
HP:0031578,Tessier number 6 facial cleft,泰西耶（Tessier） 6型面裂,
HP:0031579,Tessier number 7 facial cleft,泰西耶（Tessier）7型面裂,
HP:0031580,Tessier number 8 facial cleft,Tessier 8型面裂,
HP:0031581,Tessier number 9 facial cleft,泰西耶（Tessier）9型面裂,
HP:0031582,Tessier number 10 facial cleft,泰西耶（Tessier） 10型面裂,
HP:0031583,Tessier number 11 facial cleft,泰西耶（Tessier） 11型面裂,
HP:0031584,Tessier number 12 facial cleft,泰西耶（Tessier）12型面裂,
HP:0031585,Tessier number 13 facial cleft,泰西耶（Tessier）13型面裂,
HP:0031586,Tessier number 14 facial cleft,Tessier 14型面裂,
HP:0031587,Tessier number 30 facial cleft,泰西耶（Tessier） 30型面裂,
HP:0031588,Unhappy demeanor,悲观态度,
HP:0031589,Suicidal ideation,自杀意念,
HP:0031590,Asthenopia,视疲劳,
HP:0031591,Enlarged Eustachian valve,下腔静脉瓣扩张,
HP:0031592,Situs inversus with levocardia,伴左位心的内脏反位,
HP:0031593,Abnormal PR interval,PR间期异常,
HP:0031594,PR segment depression,PR段压低,
HP:0031595,Abnormal P wave,异常P波,
HP:0031596,Abnormal PR segment,PR段异常,
HP:0031597,PR segment elevation,PR段抬高,
HP:0031598,Notched P wave,P波切迹,
HP:0031599,P mitrale,二尖瓣型P波,
HP:0031600,P wave inversion,P波倒置,
HP:0031601,P pulmonale,肺型P波,
HP:0031602,Abnormal mucociliary clearance,纤毛清除功能异常,
HP:0031603,Impaired nasal mucociliary clearance,鼻黏膜纤毛清除功能异常,
HP:0031604,Agenesis of the carotid canal,颈动脉管发育不全,
HP:0031605,Abnormality of fundus pigmentation,眼底色素沉着异常,
HP:0031606,Retinal cotton wool spot,视网膜棉絮斑,
HP:0031607,Pelvic organ prolapse,盆腔器官脱垂,
HP:0031609,Geographic atrophy,地图样萎缩,
HP:0031610,Recurrent shoulder dislocation,复发性肩关节脱位,
HP:0031611,Sub-inner limiting membrane hemorrhage,内界膜下出血,
HP:0031613,Inferior chorioretinal coloboma,视网膜脉络膜下缘缺损,
HP:0031614,Inferior retinal coloboma,视网膜下部缺损,
HP:0031615,Hypopyon,前房积脓,
HP:0031616,Anterior chamber flare,前房闪辉,
HP:0031618,Anterior chamber flare grade 1+,前房闪辉等级1+,
HP:0031619,Anterior chamber flare grade 2+,前房闪辉等级2+,
HP:0031620,Anterior chamber flare grade 3+,前房闪辉等级3+,
HP:0031621,Anterior chamber flare grade 4+,前房闪辉等级4+,
HP:0031622,Brown anomaly,Brown异常,
HP:0031623,Brow ptosis,眉下垂,
HP:0031624,Moderate myopia,中度近视,
HP:0031625,Pseudoaneurysm,假性室壁瘤,
HP:0031626,Coronary ostial atresia,冠状动脉口闭锁,
HP:0031627,Globus pallidus calcification,苍白球钙化,
HP:0031628,Aborted sudden cardiac death,心脏性猝死未遂,
HP:0031629,Impaired tandem gait,踵趾步态,
HP:0031630,Abnormal subpleural morphology,胸膜下异常形态,
HP:0031631,Subpleural honeycombing,胸膜下蜂窝状结构,
HP:0031632,Anomalous origin of the right subclavian artery from the descending aorta,右锁骨下动脉异常起源于降主动脉,
HP:0031633,Isolation of the left subclavian artery,锁骨下动脉的分离,
HP:0031634,Anomalous origin of the left common carotid artery from the main pulmonary artery,左颈总动脉于肺主动脉的异常起源,
HP:0031635,Anomalous origin of the left common carotid artery from the brachiocephalic artery,左颈总动脉于头臂动脉的异常起源,
HP:0031636,Anomalous origin of the right common carotid artery from the aorta,右颈总动脉异常起源于主动脉,
HP:0031637,Right coronary artery ostial atresia,右冠状动脉口闭锁,
HP:0031638,Anomalous origin of the left anterior descending artery from the pulmonary artery,起源于肺动脉的左前降支异常,
HP:0031639,Absent left main coronary artery,左主冠状动脉缺如,
HP:0031640,Abnormal radial artery morphology,桡动脉形态异常,
HP:0031643,Fusiform ascending tubular aorta aneurysm,管状升主动脉梭形瘤,
HP:0031644,Fusiform abdominal aortic aneurysm,梭形腹主动脉瘤,
HP:0031645,Saccular abdominal aortic aneurysm,囊状腹主动脉瘤,
HP:0031646,Fusiform aortic arch aneurysm,梭形主动脉弓瘤,
HP:0031647,Saccular aortic arch aneurysm,囊状主动脉弓瘤,
HP:0031648,Penetrating aortic ulcer,穿透性主动脉溃疡,
HP:0031649,Aortic rupture,主动脉破裂,
HP:0031650,Abnormal atrioventricular valve physiology,房室瓣生理异常,
HP:0031651,Abnormal tricuspid valve physiology,三尖瓣生理异常,
HP:0031652,Abnormal aortic valve physiology,主动脉瓣生理异常,
HP:0031653,Abnormal heart valve physiology,心脏瓣膜生理异常,
HP:0031654,Abnormal pulmonary valve physiology,肺动脉瓣生理异常,
HP:0031655,Quadricuspid aortic valve,四尖瓣主动脉瓣,
HP:0031656,Systolic anterior motion of the mitral valve,二尖瓣收缩期前向运动,
HP:0031657,Abnormal heart sound,心音异常,
HP:0031658,Third heart sound,第三心音,
HP:0031659,Fourth heart sound,第四心音,
HP:0031660,Loud first heart sound,第一心音响亮,
HP:0031661,Abnormal second heart sound,第二心音异常,
HP:0031662,Fixed splitting of the second heart sound,第二心音固定分裂,
HP:0031663,Paradoxical splitting of the second heart sound,第二心音的悖论分裂,
HP:0031664,Systolic heart murmur,心脏收缩期杂音,
HP:0031665,Midsystolic murmur,心脏收缩中期杂音,
HP:0031666,Late systolic murmur,收缩晚期杂音,
HP:0031667,Holosystolic murmur,心脏收缩整期杂音,
HP:0031668,Diastolic heart murmur,舒张性心杂音,
HP:0031669,Middiastolic murmur,心脏舒张中期杂音,
HP:0031670,Continuous heart murmur,持续性心杂音,
HP:0031671,Typical atrial flutter,典型心房扑动,
HP:0031672,Reverse typical atrial flutter,逆转型心房扑动,
HP:0031673,Orthodromic atrioventricular reentrant tachycardia,顺向型房室折返性心动过速,
HP:0031674,Antidromic atrioventricular reentrant tachycardia,逆向房室折返性心动过速,
HP:0031675,Fascicular left ventricular tachycardia,分支型左室心动过速,
HP:0031676,Monomorphic ventricular tachycardia,单形性室性心动过速,
HP:0031677,Polymorphic ventricular tachycardia,多形性室性心动过速,
HP:0031678,Atherosclerotic lesion,动脉粥样硬化病变,
HP:0031679,Type I atherosclerotic lesion,Ⅰ型动脉粥样硬化病变,
HP:0031680,Type II atherosclerotic lesion,Ⅱ型动脉粥样硬化病变,
HP:0031681,Type III atherosclerotic lesion,Ⅲ型动脉粥样硬化病变,
HP:0031682,Type V atherosclerotic lesion,Ⅴ型动脉粥样硬化病变,
HP:0031683,Type VI atherosclerotic lesion,Ⅵ型动脉粥样硬化病变,
HP:0031684,Renal artery atherosclerosis,肾动脉粥样硬化,
HP:0031685,Abnormal stool composition,粪便成分异常,
HP:0031686,Increased stool alpha1-antitrypsin concentration,大便α1抗胰蛋白酶浓度升高,
HP:0031687,Abnormally loud pulmonic component of the second heart sound,第二心音的异常响亮肺闭塞音,
HP:0031688,Erythroid dysplasia,红系发育不良,
HP:0031689,Megakaryocyte dysplasia,巨核细胞发育不良,
HP:0031690,Opportunistic infection,机会性感染,
HP:0031691,Severe viral infection,重症病毒感染,
HP:0031692,Severe cytomegalovirus infection,重症巨细胞病毒感染,
HP:0031693,Severe Epstein Barr virus infection,重症EB病毒感染,
HP:0031694,Severe adenovirus infection,重症腺病毒感染,
HP:0031695,Severe parainfluenza infection,重症副流感病毒感染,
HP:0031696,Disseminated viral infection,播散性病毒感染,
HP:0031697,Disseminated infection with live vaccine virus,活疫苗病毒播散性感染,
HP:0031699,Disseminated cryptosporidium infection,播散性隐孢子虫感染,
HP:0031700,Invasive parasitic infection,侵袭性寄生虫感染,
HP:0031701,Anterior chamber inflammatory cells,前房炎性细胞,
HP:0031702,Anterior chamber red blood cells,前房红细胞,
HP:0031703,Abnormal ear morphology,耳形态异常,
HP:0031704,Abnormal ear physiology,耳生理异常,
HP:0031705,Compensatory head posture,代偿性头部姿势,
HP:0031706,Compensatory chin depression,代偿性颔首,
HP:0031707,Compensatory face turn to the right,代偿性脸右侧偏,
HP:0031708,Compensatory face turn to the left,代偿性脸左侧偏,
HP:0031709,Compensatory head tilt to the right shoulder,代偿性头部向右肩倾斜,
HP:0031710,Compensatory head tilt to the left shoulder,代偿性头部向左肩倾斜,
HP:0031711,Asymmetric abdominal aortic aneurysm,非对称性腹主动脉瘤,
HP:0031713,Constant exotropia,恒定性外斜视,
HP:0031714,Distance exotropia,视远时外斜视,
HP:0031715,Near exotropia,视近时外斜视,
HP:0031716,Cyclic exotropia,周期性外斜视,
HP:0031717,Alternating exotropia,交替性外斜视,
HP:0031718,Consecutive exotropia,矫正术后外斜视,
HP:0031719,True distance exotropia,真性视远时外斜视,
HP:0031720,Simulated distance exotropia,假性视远时外斜视,
HP:0031721,Sensory exotropia,感觉性外斜视,
HP:0031722,Near esotropia,视近时内斜视,
HP:0031723,Secondary esotropia,继发性内斜视,
HP:0031724,Microtropia,微小度数斜视,
HP:0031725,Hypophoria,下隐斜,
HP:0031726,Incyclotropia,内旋转斜视,
HP:0031727,Excyclotropia,外旋转斜视,
HP:0031728,Mild hypermetropia,轻度远视,
HP:0031729,Moderate hypermetropia,中度远视,
HP:0031730,Axial myopia,轴性近视,
HP:0031731,Increased tear production,泪液产量增加,
HP:0031732,Increased basal tear production,基础泪液量增加,
HP:0031733,Reflex tearing,反射性流泪,
HP:0031734,Lacrimal pump failure,泪泵衰竭,
HP:0031736,Involutional entropion,退行性睑内翻,
HP:0031737,Cicatricial entropion,瘢痕性睑内翻,
HP:0031738,Mechanical entropion,机械性睑内翻,
HP:0031739,Abnormal oblique muscle physiology,斜肌生理异常,
HP:0031740,Abnormal horizontal rectus muscle physiology,水平直肌生理异常,
HP:0031741,Inferior oblique muscle underaction,下斜肌动作不足,
HP:0031742,Inferior rectus muscle underaction,下直肌动作不足,
HP:0031743,Inferior rectus muscle overaction,下直肌过伸,
HP:0031744,Superior rectus muscle weakness,上直肌无力,
HP:0031745,Superior rectus muscle overaction,上直肌亢进,
HP:0031746,Superior rectus muscle restriction,上直肌受限,
HP:0031747,Superior rectus muscle underaction,上直肌欠活跃,
HP:0031748,Abnormal vertical rectus muscle physiology,垂直肌生理异常,
HP:0031749,Abnormal lateral rectus muscle physiology,外直肌生理异常,
HP:0031750,Lateral rectus muscle weakness,外直肌无力,
HP:0031751,Lateral rectus muscle underaction,外直肌活动不足,
HP:0031752,Lateral rectus muscle overaction,外直肌过度活动,
HP:0031753,Medial rectus muscle weakness,内直肌无力,
HP:0031754,Medial rectus muscle overaction,内直肌亢进,
HP:0031755,Abnormal rectus muscle physiology,直肌生理异常,
HP:0031756,Medial rectus muscle underaction,内直肌功能不全,
HP:0031757,Medial rectus muscle restriction,内直肌受限,
HP:0031758,Lateral rectus muscle restriction,外直肌受限,
HP:0031759,Basic constant esotropia,恒定型内斜视,
HP:0031760,Non-accomodative esotropia,非调节性内斜视,
HP:0031761,Infantile constant esotropia,婴儿持续性内斜视,
HP:0031762,Distance esotropia,视远时内斜视,
HP:0031763,Cyclic esotropia,周期性内斜视,
HP:0031764,Fully accomodative esotropia,完全调节性内斜视,
HP:0031765,Partially accomodative esotropia,部分调节性内斜视,
HP:0031766,Convergence excess esotropia,集合过强型内斜视,
HP:0031767,Consecutive esotropia,矫正术后内斜视,
HP:0031768,Parafoveal fixation,中心凹旁注视,
HP:0031769,Peripheral fixation,周边注视,
HP:0031770,Epicanthus palpebralis,眼睑内眦赘皮,
HP:0031771,Epicanthus tarsalis,睑板性内眦赘皮,
HP:0031772,Abnormal posterior circulating artery morphology,后循环动脉形态异常,
HP:0031773,Posterior communicating artery aneurysm,后交通动脉瘤,
HP:0031774,Posterior communicating artery infundibulum,后交通动脉漏斗状改变,
HP:0031775,Neurogenic strabismus,神经源性斜视,
HP:0031776,Cyclotropia,旋转斜视,
HP:0031777,Cyclophoria,旋转隐斜,
HP:0031778,Incyclophoria,内旋转隐斜视,
HP:0031779,Excyclophoria,外旋转隐斜视,
HP:0031780,Eosinophilic ascites,嗜酸性粒细胞性腹水,
HP:0031781,Microtropia with identity,同一性微小斜视,
HP:0031782,Microtropia without identity,非同一性微小斜视,
HP:0031783,Absent coronary sinus,冠状静脉窦缺失,
HP:0031784,Abnormal ascending aorta morphology,升主动脉形态异常,
HP:0031785,Abnormal eyelid movement,眼睑异常运动,
HP:0031786,Cogan lid twitch,Cogan眼睑抽搐,
HP:0031787,Oblique astigmatism,斜轴散光,
HP:0031788,With the rule astigmatism,顺规散光,
HP:0031789,Against the rule astigmatism,逆规散光,
HP:0031790,Mixed astigmatism,混合散光,
HP:0031791,Lenticular astigmatism,晶状体性散光,
HP:0031792,Irregular astigmatism,不规则散光,
HP:0031793,Increased serum leptin,血清瘦素增加,
HP:0031794,Decreased circulating glycerol level,循环甘油水平降低,
HP:0031795,Abnormal circulating glycerol level,循环甘油水平异常,
HP:0031796,Recurrent,复发性,
HP:0031797,Clinical course,临床病程,
HP:0031798,Elevated circulating apolipoprotein B concentration,载脂蛋白B水平增高,
HP:0031799,Decreased circulating apolipoprotein A-I concentration,循环载脂蛋白A-I浓度降低,
HP:0031800,Elevated circulating apolipoprotein A-II concentration,载脂蛋白A-II水平增高,
HP:0031801,Vocal cord dysfunction,声带功能障碍,
HP:0031803,Fundus hemorrhage,眼底出血,
HP:0031804,Premacular hemorrhage,黄斑前出血,
HP:0031805,Intraretinal hemorrhage,视网膜内出血,
HP:0031806,Abnormal basophil count,嗜碱性粒细胞计数异常,
HP:0031807,Increased basophil count,嗜碱性粒细胞计数增高,
HP:0031808,Decreased basophil count,嗜碱性粒细胞计数减低,
HP:0031809,Archibald's sign,Archibald征,
HP:0031810,Anti-ganglioside antibody positivity,抗神经节苷脂抗体阳性,
HP:0031811,Bilirubinuria,胆红素尿,
HP:0031812,Nitrituria,亚硝酸盐尿,
HP:0031813,Colonic eosinophilia,结肠嗜酸性粒细胞增多,
HP:0031814,Palilalia,语言重复症,
HP:0031815,Abnormal oral physiology,口腔生理异常,
HP:0031816,Abnormal oral morphology,口腔形态异常,
HP:0031817,Decreased circulating parathyroid hormone level,甲状旁腺激素水平降低,
HP:0031818,Abnormal waist to hip ratio,腰臀比异常,
HP:0031819,Increased waist to hip ratio,腰臀比升高,
HP:0031820,Decreased waist to hip ratio,腰臀比降低,
HP:0031821,Abnormal hypoxanthine-guanine phosphoribosyltransferase level,次黄嘌呤-鸟嘌呤磷酸核糖转移酶水平异常,
HP:0031822,Elevated hypoxanthine-guanine phosphoribosyltransferase level,次黄嘌呤-鸟嘌呤磷酸核糖转移酶水平升高,
HP:0031823,Reduced hypoxanthine-guanine phosphoribosyltransferase level,次黄嘌呤-鸟嘌呤磷酸核糖转移酶水平降低,
HP:0031824,Hepatic mastocytosis,肝肥大细胞增多症,
HP:0031825,Freezing of gait,冻结步态,
HP:0031826,Abnormal reflex,反射异常,
HP:0031827,Absent abdominal reflex,腹壁反射消失,
HP:0031828,Abnormal superficial reflex,浅反射异常,
HP:0031829,Absent cremaster reflex,提睾反射消失,
HP:0031830,Pinguecula,结膜黄斑,
HP:0031831,Decreased serum zinc,血清锌浓度降低,
HP:0031832,Hypermetric downward saccades,过率向下扫视,
HP:0031833,Hypometric upward saccades,低率向上扫视,
HP:0031834,Aortopulmonary collateral arteries,主肺动脉的侧支动脉,
HP:0031835,Abnormal superoxide dismutase level,超氧化物歧化酶水平异常,
HP:0031836,Increased superoxide dismutase level,超氧化物歧化酶水平升高,
HP:0031837,Decreased superoxide dismutase level,超氧化物歧化酶水平降低,
HP:0031838,Presence of xenobiotic,异型生物质,
HP:0031840,Urine xenobiotic,尿液异生物,
HP:0031841,Positive urine methadone test,尿液美沙酮检测阳性,
HP:0031842,Lymphangiectasis,淋巴管扩张,
HP:0031843,Abnormally slow thought process,思维过程异常缓慢,
HP:0031844,Euphoria,欣快症,
HP:0031845,Abnormal libido,性欲异常,
HP:0031846,Femur fracture,股骨骨折,
HP:0031847,Difficulty walking backward,向后行走困难,
HP:0031848,Cock-walk gait,鸡步（一种步态异常）,
HP:0031849,Sleep-wake inversion,睡眠-觉醒节律颠倒,
HP:0031850,Abnormal hematocrit,红细胞压积异常,
HP:0031851,Reduced hematocrit,红细胞压积减低,
HP:0031853,Isomerism,异构,
HP:0031854,Left Isomerism,左向异构,
HP:0031855,Right isomerism,右向异构,
HP:0031856,Hobby horse gait,马步（一种步态异常）,
HP:0031857,Ineffective esophageal peristalsis,无效食道蠕动,
HP:0031858,Esophageal furrows,食管沟,
HP:0031860,Abnormal heart rate variability,心率变异性异常,
HP:0031861,Decreased heart rate variability,心率变异性降低,
HP:0031862,Increased heart rate variability,心率变异性升高,
HP:0031863,Bloodstream infectious agent,血源性传染病原体,
HP:0031864,Bacteremia,菌血症,
HP:0031865,Abnormal liver physiology,肝脏生理异常,
HP:0031866,Clasp-knife sign,折刀征,
HP:0031867,Neck hypertonia,颈部肌张力增高,
HP:0031868,Optic ataxia,视觉性共济失调,
HP:0031869,Recurrent joint dislocation,复发性关节脱位,
HP:0031870,Phosphohydroxylysinuria,磷酸羟赖氨酸尿,
HP:0031871,Abnormal Langerhans cell morphology,朗格汉斯细胞形态异常,
HP:0031872,Absent Birbeck granules in Langerhans cells,朗格汉斯细胞Birbeck颗粒缺乏,
HP:0031873,Early chronotype,早睡早起,
HP:0031874,Late chronotype,晚睡晚起,
HP:0031875,Abnormal circulating hepcidin concentration,循环铁调素浓度异常,
HP:0031876,Decreased circulating hepcidin concentration,循环铁调素浓度降低,
HP:0031877,Elevated circulating hepcidin concentration,循环铁调素浓度升高,
HP:0031878,Acromicria,肢端过小症,
HP:0031879,Abnormal eyelid physiology,眼睑功能异常,
HP:0031880,Eyelid laxity,眼睑松弛,
HP:0031881,Decreased tear drainage,泪液排出减少,
HP:0031882,Agyria,无脑回畸型,
HP:0031883,Increased proinsulin:insulin ratio,胰岛素原：胰岛素比例升高,
HP:0031884,Abnormal CSF glucose concentration,脑脊液葡萄糖水平异常,
HP:0031885,Hyperglycorrhachia,脑脊液糖增多,
HP:0031886,Abnormal LDL cholesterol concentration,低密度脂蛋白胆固醇浓度异常,
HP:0031887,Abnormal chylomicron concentration,乳糜微粒浓度异常,
HP:0031888,Abnormal HDL cholesterol concentration,高密度脂蛋白胆固醇浓度异常,
HP:0031889,Abnormal VLDL cholesterol concentration,极低密度脂蛋白胆固醇浓度异常,
HP:0031890,Increased urine urobilinogen,尿液尿胆原浓度升高,
HP:0031891,Decreased eosinophil count,嗜酸性粒细胞计数减低,
HP:0031898,Rouleaux formation,红细胞叠连,
HP:0031899,Abnormal coagulation factor V activity,凝血因子V活性异常,
HP:0031901,Elevated total serum tryptase,血清肥大细胞β-类胰蛋白酶浓度升高,
HP:0031903,Abnormal circulating selenium concentration,血液硒浓度异常,
HP:0031904,Abnormal total hemolytic complement activity,总溶血补体活性异常,
HP:0031905,Increased total hemolytic complement activity,总溶血补体活性增加,
HP:0031907,Anti-mitochondrial M2 antibody positivity,抗线粒体M2抗体阳性,
HP:0031908,Micrographia,写字过小症,
HP:0031909,Unicornuate uterus,单角子宫,
HP:0031910,Abnormal cranial nerve physiology,颅神经生理异常,
HP:0031911,Abnormal fifth cranial nerve physiology,第五颅神经生理异常,
HP:0031912,Trigeminal anesthesia,三叉神经麻醉,
HP:0031913,Rhombencephalosynapsis,菱形脑突触,
HP:0031914,Fluctuating,不规则波动,
HP:0031915,Stable,稳态,
HP:0031917,Digital ulcer,指趾溃疡,
HP:0031918,Ovarian sex cord-stromal tumor,卵巢性索-间质肿瘤,
HP:0031919,Juvenile type ovarian granulosa cell tumor,幼年型卵巢颗粒细胞瘤,
HP:0031920,Malignant ovarian granulosa cell tumor,卵巢恶性颗粒细胞瘤,
HP:0031921,Gastrocnemius myalgia,腓肠肌肌痛,
HP:0031922,Renal artery duplication,肾动脉重复,
HP:0031923,Hematocolpos,阴道积血,
HP:0031924,Rope sign,绞索征,
HP:0031925,Rosette,Rosettes菊形团,
HP:0031926,Homer Wright rosette,Homer Wright菊形团,
HP:0031927,Flexner-Wintersteiner rosette,Flexner-Wintersteiner菊形团,
HP:0031928,True ependymal rosette,空管腔菊形团,
HP:0031929,Perivascular pseudorosette,血管周围假菊形团,
HP:0031930,Neurocytic rosette,神经纤维囊状菊形团,
HP:0031931,Ocular flutter,眼颤振,
HP:0031932,Aorto-left ventricular tunnel,主动脉左心室隧道,
HP:0031933,Aorto-right ventricular tunnel,主动脉右室隧道,
HP:0031934,Abnormal descending aorta morphology,降主动脉形态异常,
HP:0031935,Ascending aorta hypoplasia,升主动脉发育不良,
HP:0031936,Delayed ability to walk,学步晚,
HP:0031937,Tachylalia,急语症,
HP:0031938,Abnormal conus terminalis morphology,圆锥体末端形态异常,
HP:0031939,Conus terminalis arteriovenous malformation,末端圆锥动静脉畸形,
HP:0031941,Abnormal portal venous system morphology,门静脉系统形态异常,
HP:0031942,Congenital absence of portal vein,先天性门静脉缺如,
HP:0031943,Akathisia,静坐不能,
HP:0031944,Pleural thickening,胸膜增厚,
HP:0031945,"Elevated circulating N,N-dimethylglycine concentration","N,N-二甲基甘氨酸水平升高",
HP:0031946,"Elevated urinary N,N-dimethylglycine level","尿N,N-二甲基甘氨酸水平升高",
HP:0031947,Tongue tremor,舌震颤,
HP:0031948,Snowball lesion of corpus callosum,胼胝体雪球样病变,
HP:0031949,Recurrent bacterial upper respiratory tract infections,复发性上呼吸道细菌感染,
HP:0031950,Usual interstitial pneumonia,寻常性间质性肺炎,
HP:0031951,Nocturnal seizures,夜间癫痫发作,
HP:0031952,Neurogenic claudication,神经源性跛行,
HP:0031953,Cautious gait,谨慎步态,
HP:0031954,Dystonic gait,肌张力障碍性步态,
HP:0031955,Antalgic gait,减痛步态,
HP:0031956,Elevated circulating aspartate aminotransferase concentration,血清天冬氨酸转氨酶升高,
HP:0031957,Spastic hemiparetic gait,痉挛性偏瘫步态,
HP:0031958,Spastic paraparetic gait,痉挛性截瘫步态,
HP:0031959,Leg dystonia,腿肌张力障碍,
HP:0031960,Arm dystonia,臂肌张力障碍,
HP:0031961,Abnormal serum anion gap,血清阴离子间隙异常,
HP:0031962,Elevated serum anion gap,血清阴离子间隙升高,
HP:0031963,Decreased serum anion gap,血清阴离子间隙降低,
HP:0031964,Elevated circulating alanine aminotransferase concentration,血清丙氨酸转氨酶升高,
HP:0031965,Increased RBC distribution width,红细胞分布宽度增加,
HP:0031967,Cloudy urine,混浊尿,
HP:0031969,Reduced blood urea nitrogen,血液尿素氮降低,
HP:0031970,Abnormal blood urea nitrogen concentration,血液尿素氮浓度异常,
HP:0031971,Subaortic ventricular septal bulge,主动脉下室间隔隆起,
HP:0031972,Presyncope,晕厥前状态,
HP:0031973,Increased vertical cup-to-disc ratio,垂直杯盘比增加,
HP:0031974,Increased vertical cup-to-disc ratio - 0.6,垂直杯盘比增加-0.6,
HP:0031975,Increased vertical cup-to-disc ratio - 0.7,垂直杯盘比增加-0.7,
HP:0031976,Increased vertical cup-to-disc ratio - 0.8,垂直杯盘比增加-0.8,
HP:0031977,Increased vertical cup-to-disc ratio - 0.9,垂直杯盘比增加-0.9,
HP:0031978,Increased vertical cup-to-disc ratio - 1.0,垂直杯盘比增加-1.0,
HP:0031979,Abnormal urine carbohydrate level,尿液碳水化合物水平异常,
HP:0031980,Abnormal urine carboxylic acid level,尿液羧酸水平异常,
HP:0031981,Elevated urine glycolate,尿液乙醇酸浓度增加,
HP:0031982,Abnormal putamen morphology,壳核形态异常,
HP:0031983,Abnormal pulmonary thoracic imaging finding,肺胸部影像学异常,
HP:0031984,Esophageal food impaction,食道食物嵌顿,
HP:0031985,Esophageal exudate,食道渗出液,
HP:0031986,Polyminimyoclonus,多发性微小肌阵挛,
HP:0031987,Diminished ability to concentrate,注意力下降,
HP:0031989,Perioral spasm,口周痉挛,
HP:0031990,Chvostek sign,面神经叩击征,
HP:0031991,Increased urinary excretion of galactosyl hydroxylysine,尿液中半乳糖基羟赖氨酸水平升高,
HP:0031992,Apical hypertrophic cardiomyopathy,心尖肥厚型心肌病,
HP:0031993,Hoffmann sign,Hoffmann征,
HP:0031994,Bronchial breath sound,支气管呼吸音,
HP:0031995,Squawks,（短暂呼吸喘息的）吱吱声,
HP:0031996,Inspiratory crackles,吸气性爆裂音,
HP:0031997,Early inspiratory crackles,吸气早期啰音,
HP:0031998,Late inspiratory crackles,吸气末啰音,
HP:0031999,Expiratory crackles,呼气性啰音,
HP:0032000,Pleural rub,胸膜摩擦音,
HP:0032001,Pink urine,粉红色尿液,
HP:0032002,Orange urine,橙黄色尿液,
HP:0032003,Green urine,绿色尿液,
HP:0032004,Pruritus vulvae,外阴瘙痒,
HP:0032005,Hemidystonia,单侧肌张力障碍,
HP:0032006,Lip tremor,唇震颤,
HP:0032007,Maceration,皮肤浸渍,
HP:0032008,Pulmonary fat embolism,肺脂肪栓塞,
HP:0032009,Infantile constant exotropia,婴儿持续性外斜视,
HP:0032010,Basic constant exotropia,持续性外斜视,
HP:0032011,Heterophoria,隐斜视,
HP:0032012,Heterotropia,显性斜视,
HP:0032013,Hypermetric horizontal saccades,水平扫视过度,
HP:0032014,Dysmetric vertical saccades,垂直扫视失调,
HP:0032015,Dysmetric horizontal saccades,水平扫视失调,
HP:0032016,Abnormal sputum,痰液异常,
HP:0032017,Sputum eosinophilia,痰液嗜酸性粒细胞增多症,
HP:0032018,Multiple mononeuropathy,多发性单神经病变,
HP:0032019,Muscle eosinophilia,（骨骼）肌嗜酸性粒细胞增多症,
HP:0032020,Eosinophilic bladder infiltration,嗜酸性粒细胞膀胱浸润,
HP:0032021,Eosinophilic liver infiltration,嗜酸性粒细胞肝脏浸润,
HP:0032022,Eosinophilic dermal infiltration,嗜酸性粒细胞皮肤浸润,
HP:0032023,Eosinophilic gallbladder infiltration,嗜酸性粒细胞胆囊浸润,
HP:0032024,Ileal ulcer,回肠溃疡,
HP:0032025,Reduced circulating alpha-1-antitrypsin concentration,循环α-1-抗胰蛋白酶水平降低,
HP:0032026,Anetoderma,皮肤松弛,
HP:0032027,Retinal dots,点状视网膜病变,
HP:0032028,Macular dots,点状黄斑病变,
HP:0032029,Floppy eyelid,眼睑松弛,
HP:0032030,Lateral canthal tendon laxity,外眦肌腱松弛,
HP:0032031,Medial canthal tendon laxity,内眦肌腱松弛,
HP:0032032,Horizontal eyelid laxity,眼睑水平面上松弛,
HP:0032033,Vertical eyelid laxity,垂直眼睑松弛,
HP:0032034,Upper eyelid laxity,上眼睑松弛,
HP:0032035,Lower eyelid laxity,下眼睑松弛,
HP:0032036,Reduced contrast sensitivity,对比敏感度降低,
HP:0032037,Mildly reduced visual acuity,轻度视力降低,
HP:0032039,Abnormality of the ocular adnexa,眼附件异常,
HP:0032040,Abnormal ocular adnexa physiology,眼附件生理异常,
HP:0032041,Vocal cord polyp,声带息肉,
HP:0032043,Odynophagia,吞咽疼痛,
HP:0032044,Decreased vigilance,警觉性降低,
HP:0032045,Hypoplastic carotid canal,颈动脉管发育不良,
HP:0032046,Focal cortical dysplasia,局灶性皮质发育不良,
HP:0032047,Focal cortical dysplasia type I,局灶性皮质发育不良I型,
HP:0032048,Focal cortical dysplasia type Ia,局灶性皮质发育不良Ia型,
HP:0032049,Focal cortical dysplasia type Ib,局灶性皮质发育不良Ib型,
HP:0032050,Focal cortical dysplasia type Ic,局灶性皮质发育不良Ic型,
HP:0032051,Focal cortical dysplasia type II,局灶性皮质发育不良II型,
HP:0032052,Focal cortical dysplasia type IIa,局灶性皮质发育不良IIa型,
HP:0032053,Focal cortical dysplasia type IIb,局灶性皮质发育不良IIb型,
HP:0032054,Focal cortical dysplasia type III,局灶性皮质发育不良III型,
HP:0032055,Focal cortical dysplasia type IIIa,局灶性皮质发育不良 IIIa型,
HP:0032056,Focal cortical dysplasia type IIIb,局灶性皮质发育不良 IIIb型,
HP:0032057,Focal cortical dysplasia type IIIc,局灶性皮质发育不良 IIIc型,
HP:0032058,Focal cortical dysplasia type IIId,局灶性皮质发育不良 IIId型,
HP:0032059,Mild malformation of cortical development,皮质发育轻度畸形,
HP:0032060,Epithelioid hemangioma,上皮样血管瘤,
HP:0032061,Hypereosinophilia,高嗜酸性粒细胞,
HP:0032062,Mallory-Weiss tear,食管-胃交界处粘膜撕裂,
HP:0032063,Ankle joint effusion,踝关节积液,
HP:0032064,Gastrointestinal eosinophilia,胃肠道嗜酸性粒细胞增多症,
HP:0032065,Abnormal serum bicarbonate concentration,血清碳酸氢盐浓度异常,
HP:0032066,Decreased serum bicarbonate concentration,血清碳酸氢盐浓度降低,
HP:0032067,Elevated serum bicarbonate concentration,血清碳酸氢盐浓度升高,
HP:0032068,Increased urinary mucus,尿粘液增多,
HP:0032069,Anti-thyroglobulin antibody positivity,抗甲状腺球蛋白抗体阳性,
HP:0032070,Leptomeningeal enhancement,软脑膜增强,
HP:0032071,Eosinophilic pneumonia,嗜酸性肺炎,
HP:0032072,Popliteal synovial cyst,腘窝滑膜囊肿,
HP:0032073,Aplasia of the fallopian tube,输卵管发育不全,
HP:0032075,Splenopancreatic fusion,脾胰融合,
HP:0032076,Abnormal male urethral meatus morphology,男性尿道口形态异常,
HP:0032077,Male urethral meatus stenosis,男性尿道口狭窄,
HP:0032078,Angel-shaped phalanx,天使形指骨,
HP:0032079,Medial degeneration,主动脉中层变性,
HP:0032081,Intralamellar mucoid extracellular matrix accumulation,层内粘液样细胞外基质积聚,
HP:0032082,Translamellar mucoid extracellular matrix accumulation,跨层粘液样细胞外基质积聚,
HP:0032083,Aortic elastic fiber fragmentation,主动脉弹性纤维断裂,
HP:0032084,Aortic elastic fiber thinning,主动脉弹性纤维变薄,
HP:0032085,Aortic elastic fiber disorganization,主动脉弹性纤维紊乱,
HP:0032086,Aortic smooth muscle cell nuclei loss,主动脉平滑肌细胞核丢失,
HP:0032087,Aortic laminar medial collapse,主动脉片层内侧塌陷,
HP:0032088,Aortic smooth muscle cell disorganization,主动脉平滑肌细胞紊乱,
HP:0032089,Aortic medial fibrosis,主动脉内侧纤维化,
HP:0032090,Intralamellar aortic medial fibrosis,层内主动脉内侧纤维化,
HP:0032091,Translamellar aortic medial fibrosis,跨层主动脉内侧纤维化,
HP:0032092,Left ventricular outflow tract obstruction,左心室流出道梗阻,
HP:0032094,Increased circulating surfactant protein level,血液表面活性蛋白水平升高,
HP:0032096,Abnormal manganese concentration,锰浓度异常,
HP:0032097,Hypermanganesemia,高锰血症,
HP:0032098,Hypomanganesemia,低锰血症,
HP:0032099,Perioral radial furrowing,口周皮肤放射状沟,
HP:0032100,Abnormal doll's eye reflex,头眼反射异常,
HP:0032101,Unusual infection,非寻常感染,
HP:0032102,Wilson sign,Wilson征,
HP:0032104,Saccadic oscillation,扫视振荡,
HP:0032105,Macrosaccadic oscillations,大幅度扫视振荡,
HP:0032106,Conjunctival icterus,结膜黄疸,
HP:0032107,Limbal stem cell deficiency,角膜缘干细胞缺乏症,
HP:0032108,Mildly reduced contrast sensitivity,对比敏感度轻度降低,
HP:0032109,Moderately reduced contrast sensitivity,对比敏感度中度降低,
HP:0032110,Severely reduced contrast sensitivity,对比敏感度严重降低,
HP:0032111,Abnormal Vistech contrast sensitivity test,视觉对比敏感度测试异常,
HP:0032112,Abnormal Pelli Robson contrast sensitivity chart test,Pelli Robson对比敏感度测试异常,
HP:0032113,Semidominant inheritance,半显性遗传,
HP:0032114,Saccadic intrusion,扫视干扰,
HP:0032116,Macrosquare-wave jerks,大方波反射,
HP:0032118,Retinitis,视网膜炎,
HP:0032120,Abnormal peripheral nervous system physiology,周围神经系统异常,
HP:0032121,Froment sign,Froment征,
HP:0032122,Very low visual acuity,视力极低,
HP:0032123,Ultra-low vision,超低视力,
HP:0032124,Abnormal proportion of unswitched memory B cells,未类型转换记忆 B 细胞比例异常,
HP:0032125,Increased proportion of unswitched memory B cells,未类型转换记忆 B 细胞比例增高,
HP:0032126,Decreased proportion of unswitched memory B cells,未类型转换记忆 B 细胞比例减低,
HP:0032127,Abnormal plasmablast proportion,浆母细胞比例异常,
HP:0032128,Increased proportion of plasmablasts,浆母细胞比例增高,
HP:0032129,Decreased proportion of plasmablasts,浆母细胞比例减低,
HP:0032130,Mycobacterium abscessus abscessus infection,脓肿分枝杆菌感染,
HP:0032131,Cervical dysplasia,宫颈发育不良,
HP:0032132,Decreased circulating total IgG concentration,循环总IgG水平降低,
HP:0032133,Transient decreased circulating total IgG,一过性血液IgG降低,
HP:0032134,Chronic decreased circulating total IgG,慢性血液总IgG降低,
HP:0032135,Decreased circulating IgG subclass concentration,循环IgG亚类水平降低,
HP:0032136,Decreased circulating IgG1 concentration,循环IgG1水平降低,
HP:0032137,Decreased circulating IgG3 concentration,循环IgG3水平降低,
HP:0032138,Decreased circulating IgG4 concentration,循环IgG4水平降低,
HP:0032139,Reduced isohemagglutinin level,同种红细胞凝集素水平降低,
HP:0032140,Decreased specific antibody response to vaccination,疫苗应答特异性抗体降低,
HP:0032141,Precordial pain,心前区疼痛,
HP:0032142,Fetor hepaticus,肝病性口臭,
HP:0032143,Burning mouth,灼口,
HP:0032144,Coffee ground vomitus,咖啡渣样呕吐物,
HP:0032145,Sural nerve atrophy,腓肠神经萎缩,
HP:0032146,HbC hemoglobin,血红蛋白C,
HP:0032147,Erythromelalgia,红斑性肢痛症,
HP:0032148,Episodic pain,阵发性疼痛,
HP:0032149,Breakthrough pain,爆发性疼痛,
HP:0032150,Paroxysmal rectal pain,阵发性直肠疼痛,
HP:0032151,Episodic eosinophilia,阵发性嗜酸性粒细胞增多症,
HP:0032152,Keratosis pilaris,毛囊角化症,
HP:0032153,Joint subluxation,关节半脱位,
HP:0032154,Aphthous ulcer,口疮性溃疡,
HP:0032155,Abdominal cramps,腹部绞痛,
HP:0032156,Skin detachment,皮肤脱落,
HP:0032157,Recurrent genital herpes,复发性生殖器疱疹,
HP:0032158,Unusual infection by anatomical site,解剖部位非寻常感染,
HP:0032159,Fungal meningitis,真菌性脑膜炎,
HP:0032160,Cryptococcal meningitis,隐球菌性脑膜炎,
HP:0032161,Coccidioidal meningitis,球孢子菌性脑膜炎,
HP:0032162,Unusual skin infection,非寻常皮肤感染,
HP:0032163,Molluscum contagiosum,接触传染性软疣,
HP:0032164,Increased blood folate concentration,血液叶酸浓度增高,
HP:0032165,Placental mesenchymal dysplasia,胎盘间质发育不良,
HP:0032166,Unusual gastrointestinal infection,非寻常胃肠道感染,
HP:0032167,Clostridium difficile enteritis,艰难梭状芽胞杆菌肠炎,
HP:0032168,Clostridium difficile colitis,艰难梭菌结肠炎,
HP:0032169,Severe infection,重度感染,
HP:0032170,Severe varicella zoster infection,重度水痘带状疱疹感染,
HP:0032171,Bladder pain,膀胱疼痛,
HP:0032172,Air crescent sign,空气新月征,
HP:0032173,Continuous diaphragm sign,横膈连续征,
HP:0032174,Tree-in-bud pattern,树芽征,
HP:0032175,Signet ring sign,印戒征,
HP:0032176,Apical pulmonary opacity,肺尖阴影,
HP:0032177,Parenchymal consolidation,肺实变,
HP:0032178,Flaky paint dermatosis,片状油漆样皮肤病,
HP:0032179,Abnormal circulating globulin concentration,循环球蛋白浓度异常,
HP:0032180,Abnormal circulating metabolite concentration,血液代谢物浓度异常,
HP:0032181,Anomalous hepatic venous drainage into the left atrium,肝静脉异常引流到左心房,
HP:0032182,Abnormal proportion of memory T cells,记忆性T细胞比例异常,
HP:0032183,Decreased proportion of memory T cells,记忆性T细胞比例减低,
HP:0032184,Increased proportion of memory T cells,记忆性T细胞比例增高,
HP:0032185,Disseminated molluscum contagiosum,播散性传染性软疣,
HP:0032186,Anal neoplasm,肛门肿瘤,
HP:0032187,Anal intraepithelial neoplasia,肛门上皮内瘤变,
HP:0032188,Cellular hypersensitivity to mitomycin C,对丝裂霉素C的细胞超敏反应,
HP:0032189,Cellular hypersensitivity to diepoxybutane,对双环氧丁烷的细胞超敏反应,
HP:0032190,Abnormal meniscus morphology,半月板形态异常,
HP:0032191,Torn meniscus,半月板撕裂,
HP:0032192,Hydatidiform mole,葡萄胎,
HP:0032193,Decreased low-density lipoprotein particle size,低密度脂蛋白颗粒减小,
HP:0032195,Abnormal S wave,S波异常,
HP:0032196,Prominent S wave in lead I,导联I中的显著S波,
HP:0032197,Deep S wave in lead V5,导联V5中的深度S波,
HP:0032198,Decreased prothrombin time,凝血酶原时间减少,
HP:0032199,Abnormal prothrombin time,凝血酶原时间异常,
HP:0032200,Perivascular fibrosis,血管周围纤维化,
HP:0032201,Rotator cuff tear,肩袖撕裂,
HP:0032202,Vulvar intraepithelial neoplasia,外阴上皮内瘤变,
HP:0032203,Lymphoid nodular hyperplasia,淋巴结节增生,
HP:0032204,Chronic active Epstein-Barr virus infection,慢性活动性EB病毒感染,
HP:0032205,Increased circulating galectin-3 level,血液半乳糖凝集素-3水平升高,
HP:0032208,Increased urinary type 1 collagen N-terminal telopeptide level,尿1型胶原蛋白N端端肽水平升高,
HP:0032209,Abnormal circulating free T3 concentration,循环游离T3水平异常,
HP:0032210,Decreased circulating free T3,循环游离T3浓度降低,
HP:0032211,Increased urinary epithelial cell count,尿上皮细胞数量增加,
HP:0032212,Increased urinary squamous epithelial cell count,尿鳞状上皮细胞数量增加,
HP:0032213,Increased urinary renal tubular epithelial cell count,尿肾小管上皮细胞数量增加,
HP:0032214,Increased urinary transitional epithelial cell count,尿路移行上皮细胞数量增加,
HP:0032215,Disseminated cutaneous warts,弥漫性皮肤疣,
HP:0032216,Lymphocytic infiltration of the colorectal mucosa,结直肠粘膜淋巴细胞浸润,
HP:0032217,Indurated nodule,硬化性结节,
HP:0032218,Decreased proportion of CD4-positive T cells,CD4+T细胞比例减低,
HP:0032219,Increased proportion of CD4-positive T cells,CD4+T细胞比例增高,
HP:0032220,Interface hepatitis,界面性肝炎,
HP:0032221,Periportal emperipolesis,门脉周围肝细胞吞噬淋巴细胞,
HP:0032222,Serrated intestinal polyps,锯齿状肠息肉,
HP:0032223,Blood group,血型,
HP:0032224,ABO blood group,ABO血型,
HP:0032225,Perifollicular fibroma,毛囊周围纤维瘤,
HP:0032226,Abnormal sebaceous gland morphology,皮脂腺形态异常,
HP:0032227,Sebaceous hyperplasia,皮脂腺增生,
HP:0032228,Trichodiscoma,毛盘瘤,
HP:0032229,Perinuclear antineutrophil antibody positivity,核周抗中性粒细胞抗体阳性,
HP:0032230,Cytoplasmic antineutrophil antibody positivity,细胞质抗中性粒细胞抗体阳性,
HP:0032231,Hypochromia,低色素（红细胞）,
HP:0032232,Increased circulating creatine kinase MB isoform,血液肌酸激酶MB亚型增加,
HP:0032233,Increased circulating creatine kinase BB isoform,血液肌酸激酶BB亚型增加,
HP:0032234,Increased circulating creatine kinase MM isoform,血液肌酸激酶MM亚型增加,
HP:0032235,Anti-La/SS-B antibody positivity,抗 La/SS-B 抗体阳性,
HP:0032236,Increased circulating immature neutrophil count,血液未成熟中性粒细胞计数增加,
HP:0032237,Increased circulating myelocyte count,血液髓细胞计数增高,
HP:0032238,Increased circulating metamyelocyte count,血液晚幼粒细胞计数增高,
HP:0032239,Increased circulating band cell count,血液杆状核细胞计数增高,
HP:0032240,Elevated circulating E selectin level,血液E选择素水平升高,
HP:0032241,Cervical neoplasm,宫颈肿瘤,
HP:0032242,Cervical intraepithelial neoplasia,宫颈上皮内瘤变,
HP:0032243,Abnormal tissue metabolite concentration,组织代谢物浓度异常,
HP:0032244,Decreased serum thromboxane B2,血清血栓素B2降低,
HP:0032245,Abnormal metabolism,新陈代谢异常,
HP:0032247,Persistent CMV viremia,迁延性巨细胞病毒血症,
HP:0032248,Persistent viremia,迁延性病毒血症,
HP:0032249,Coccidioidomycosis,球孢子菌病,
HP:0032250,Acinetobacter infection,不动杆菌感染,
HP:0032251,Abnormal immune system morphology,免疫系统形态异常,
HP:0032252,Granuloma,肉芽肿,
HP:0032253,Eosinophilic granuloma,嗜酸性肉芽肿,
HP:0032254,Increased circulating copper concentration,血液铜浓度增加,
HP:0032255,Opportunistic fungal infection,机会性真菌感染,
HP:0032256,Histoplasmosis,组织胞浆菌病,
HP:0032257,Disseminated histoplasmosis,播散性组织胞浆菌病,
HP:0032258,Pulmonary histoplasmosis,肺组织胞浆菌病,
HP:0032259,Chronic tinea infection,慢性癣感染,
HP:0032260,Opportunistic bacterial infection,机会性细菌感染,
HP:0032261,Nontuberculous mycobacterial pulmonary infection,非结核分枝杆菌肺部感染,
HP:0032262,Pulmonary tuberculosis,肺结核,
HP:0032263,Increased blood pressure,血压升高,
HP:0032264,Anti-NMDA receptor antibody positivity,抗NMDA受体抗体阳性,
HP:0032265,CSF autoimmune antibody positivity,脑脊液自身免疫抗体阳性,
HP:0032266,CSF anti-NMDA receptor antibody positivity,脑脊液抗NMDA受体抗体阳性,
HP:0032267,Empty delta sign,空三角征,
HP:0032268,Dural tail sign,脑膜尾征,
HP:0032269,Lemon sign,柠檬征,
HP:0032270,Optic nerve tram-track sign,视神经轨道征,
HP:0032271,Extrapulmonary tuberculosis,肺外结核,
HP:0032273,Increased circulating N-acetylaspartic acid concentration,血N-乙酰基天冬氨酸浓度升高,
HP:0032274,Increased CSF N-acetylaspartic acid concentration,脑脊液N-乙酰天门冬氨酸水平升高,
HP:0032275,Recurrent shingles,复发性带状疱疹,
HP:0032276,Prominent subcalcaneal fat pad,跟骨下脂肪垫突出,
HP:0032277,Lozenge-shaped umbilicus,菱形脐,
HP:0032278,2-hydroxyglutarate aciduria,2-羟基戊二酸尿症,
HP:0032281,Abnormal base excess,碱血症,
HP:0032282,Contact dermatitis,接触性皮炎,
HP:0032283,Disseminated nontuberculous mycobacterial infection,播散性非结核分枝杆菌感染,
HP:0032284,Ultra-low vision with retained motion projection,保留运动辨识的极低视力,
HP:0032285,Ultra-low vision with retained light projection,保留光投射的超低视力,
HP:0032286,Ultra-low vision with retained light perception,保留光感的极低视力,
HP:0032287,Ultra-low vision with no light perception,无光感的极低视力,
HP:0032288,Polyclonal elevation of circulating IgG,血液多克隆IgG增加,
HP:0032289,Oligoclonal elevation of circulating IgG,血液寡克隆IgG增多,
HP:0032290,Monoclonal elevation of IgG,单克隆IgG增加,
HP:0032291,Monoclonal elevation of intact IgG,完整的单克隆IgG增多,
HP:0032292,Monoclonal elevation of IgG light chain,单克隆IgG轻链增加,
HP:0032293,Monoclonal elevation of IgG heavy chain,单克隆IgG重链增加,
HP:0032294,Monoclonal elevation of IgG kappa chain,单克隆IgGκ链增加,
HP:0032295,Monoclonal elevation of IgG lambda chain,单克隆IgGλ链增加,
HP:0032296,Increased circulating IgG subclass,血液IgG亚类增多,
HP:0032297,Increased circulating IgG3 level,血液IgG3增多,
HP:0032298,Increased circulating IgG1 level,血液IgG1增多,
HP:0032299,Increased circulating IgG2 level,血液IgG2增多,
HP:0032300,Increased circulating IgG4 level,血液IgG4增多,
HP:0032301,Genital warts,生殖道尖锐湿疣,
HP:0032302,Kappa Bence Jones proteinuria,游离单克隆κ链蛋白尿,
HP:0032303,Lambda Bence Jones proteinuria,游离单克隆λ链蛋白尿,
HP:0032304,Abnormal circulating mannose-binding protein concentration,循环甘露糖结合蛋白浓度异常,
HP:0032305,Decreased circulating mannose-binding protein concentration,循环甘露糖结合蛋白浓度降低,
HP:0032306,Increased circulating mannose-binding protein concentration,循环甘露糖结合蛋白浓度增加,
HP:0032308,Increased circulating procalcitonin concentration,血液降钙素原水平升高,
HP:0032309,Abnormal granulocyte count,粒细胞计数异常,
HP:0032310,Granulocytosis,粒细胞增多症,
HP:0032311,Increased circulating globulin level,血液球蛋白水平升高,
HP:0032312,Decreased circulating globulin level,血液球蛋白水平降低,
HP:0032313,Frontotemporal hypertrichosis,额颞叶多毛症,
HP:0032314,Abnormal areolar morphology,乳晕形态异常,
HP:0032315,Areolar fullness,乳晕饱满,
HP:0032316,Family history,家族史,
HP:0032317,Family history of cancer,恶性肿瘤家族史,
HP:0032318,Family history of heart disease,心脏病家族病史,
HP:0032319,Health status,健康状态,
HP:0032320,Affected,受累的,
HP:0032321,Unaffected,不受累的,
HP:0032322,Healthy,健康的,
HP:0032323,Periodic fever,周期性发热,
HP:0032324,Non-periodic recurrent fever,非周期性反复发热,
HP:0032325,Lacunar stroke,腔隙性中风,
HP:0032326,Methicillin-resistant Staphylococcus aureus infection,耐甲氧西林金黄色葡萄球菌感染,
HP:0032327,Interhemispheric cyst,半球间囊肿,
HP:0032328,Temporomandibular joint adhesion,颞下颌关节粘连,
HP:0032329,Increased urinary 11-deoxycortisol level,尿11-脱氧皮质醇水平升高,
HP:0032330,Increased urinary 11-deoxycorticosterone level,尿11-脱氧皮质酮水平升高,
HP:0032331,Increased urinary 11-deoxytetrahydrocorticosterone level,尿11-脱氧四氢皮质酮水平升高,
HP:0032332,Oligoclonal elevation of circulating IgM,血液IgM的寡克隆增多,
HP:0032333,Polyclonal elevation of circulating IgA,血液IgA的多克隆增多,
HP:0032334,Oligoclonal elevation of circulating IgA,血液IgA的寡克隆增多,
HP:0032335,Monoclonal elevation of circulating IgA,血液IgA的单克隆增多,
HP:0032336,Increased circulating specific IgE antibody concentration,循环特异性IgE抗体水平升高,
HP:0032337,Monoclonal elevated circulating IgE concentration,循环单克隆IgE水平升高,
HP:0032338,Oligoclonal elevated circulating IgE concentration,循环寡克隆IgE水平升高,
HP:0032339,Polyclonal elevated circulating IgE concentration,循环多克隆IgE水平升高,
HP:0032341,Reduced forced vital capacity,用力肺活量降低,
HP:0032342,Reduced forced expiratory volume in one second,每秒用力呼气量减少,
HP:0032344,Upslanting toenail,脚趾甲反甲,
HP:0032345,Elevated cancer Ag 19-9 level,肿瘤Ag 19-9水平升高,
HP:0032346,Cutaneous lichen amyloidosis,皮肤地衣淀粉样变性,
HP:0032347,Cutaneous macular amyloidosis,皮肤黄斑淀粉样变性,
HP:0032348,Cutaneous nodular amyloidosis,皮肤结节性淀粉样变性,
HP:0032349,Serinuria,丝氨酸尿症,
HP:0032350,Sulfocysteinuria,磺基半胱氨酸尿症,
HP:0032351,Phenylalaninuria,苯丙氨酸尿症,
HP:0032352,Methioninuria,蛋氨酸尿症,
HP:0032353,Leucinuria,亮氨酸尿症,
HP:0032355,Decreased peak expiratory flow,呼气峰值流量减少,
HP:0032356,Decreased pre-bronchodilator forced vital capacity,支气管扩张剂前用力肺活量减少,
HP:0032357,Decreased post-bronchodilator forced vital capacity,支气管扩张剂后用力肺活量减少,
HP:0032358,Decreased post-bronchodilator forced expiratory volume in one second,支气管扩张剂后一秒内用力呼气量减少,
HP:0032359,Decreased forced expiratory flow 25-75%,用力呼气流量减少25-75％,
HP:0032360,Decreased pre-bronchodilator forced expiratory flow 25-75%,支气管扩张剂前用力呼气流量减少25-75％,
HP:0032361,Decreased post-bronchodilator forced expiratory flow 25-75%,支气管扩张剂后用力呼气流量减少25-75％,
HP:0032362,Increased circulating corticosterone level,血液皮质酮水平升高,
HP:0032363,Decreased circulating corticosterone level,血液皮质酮水平降低,
HP:0032365,Exacerbated by aspirin exposure,阿司匹林暴露后加剧,
HP:0032366,Positive direct antiglobulin test,直接抗球蛋白试验阳性,
HP:0032367,Abnormal growth hormone level,生长激素水平异常,
HP:0032368,Acidemia,酸血症,
HP:0032369,Alkalemia,碱血症,
HP:0032370,Blood group A,A血型,
HP:0032371,Isoleucinuria,异亮氨酸尿症,
HP:0032372,Increased peripheral blast count,外周血原始血细胞计数增加,
HP:0032373,Duffy blood group,Duffy血型,
HP:0032374,Duffy Fya positivity,Duffy Fya抗原阳性,
HP:0032375,Duffy Fyb positivity,Duffy Fyb抗原阳性,
HP:0032376,Anti-beta 2 glycoprotein I antibody positivity,抗-β2糖蛋白I抗体阳性,
HP:0032377,Increased urinary orosomucoid,尿类固醇增加,
HP:0032378,Immediate-type hypersensitivity drug reaction,即刻超敏药物反应,
HP:0032379,Polymorphous light eruption,多形性日光疹,
HP:0032381,Hydroa vacciniforme,牛痘样水疱,
HP:0032382,Uniparental disomy,单亲二体,
HP:0032383,Uniparental heterodisomy,单亲异二体,
HP:0032384,Uniparental isodisomy,单亲同二体,
HP:0032385,Abnormal circulating transferrin concentration,血液转铁蛋白水平异常,
HP:0032386,Elevated circulating transferrin concentration,转铁蛋白水平升高,
HP:0032387,Reduced circulating transferrin concentration,转铁蛋白水平降低,
HP:0032388,Periventricular nodular heterotopia,脑室周围结节性异位症,
HP:0032389,Periventricular laminar heterotopia,脑室周围层状异位症,
HP:0032390,Periventricular ribbonlike heterotopia,脑室周围带状异位症,
HP:0032391,Subcortical heterotopia,皮层下异位症,
HP:0032392,Nodular subcortical heterotopia in peritrigonal regions,三角区周围结节性皮层下异位症,
HP:0032393,Diffuse ribbon-like subcortical heterotopia,弥漫性带状皮层下异位症,
HP:0032394,Mesial parasagittal subcortical heterotopia,正中矢状窦旁皮层下异位症,
HP:0032395,Curvilinear subcortical heterotopia,曲线状皮层下异位症,
HP:0032396,Transmantle columnar heterotopia,跨皮层柱状异位症,
HP:0032397,Citrullinuria,瓜氨酸尿症,
HP:0032398,Dysgyria,脑回形态异常,
HP:0032399,Dysgyria with normal cortical thickness,皮层厚度正常的脑回形态异常,
HP:0032400,Dysgyria with thickened cortex,皮层增厚的脑回形态异常,
HP:0032401,Aspartic aciduria,天门冬氨酸尿症,
HP:0032403,Asparaginuria,天冬酰胺尿症,
HP:0032404,Testicular mass,睾丸肿块,
HP:0032405,Increased urinary phosphoserine level,尿磷酸丝氨酸水平升高,
HP:0032406,Unilateral perisylvian polymicrogyria,单侧脑外侧裂多微小脑回,
HP:0032407,Bilateral perisylvian polymicrogyria,双侧脑外侧裂多微小脑回,
HP:0032408,Breast mass,乳腺肿块,
HP:0032409,Subcortical band heterotopia,皮层下带异位症,
HP:0032410,Bilateral generalized polymicrogyria,双侧全脑多微小脑回,
HP:0032411,Posterior predominant subcortical band heterotopia,后部为主的皮层下带异位症,
HP:0032412,Anterior predominant subcortical band heterotopia,前部为主的皮层下带异位症,
HP:0032413,Diffuse subcortical band heterotopia,弥漫性皮层下带异位症,
HP:0032414,Hydroxylysinuria,羟赖氨酸尿症,
HP:0032415,Parasagittal parieto-occipital polymicrogyria,旁矢状面顶枕多微脑回,
HP:0032416,Retinal microaneurysm,视网膜微动脉瘤,
HP:0032417,Periglomerular fibrosis,肾小球周围纤维化,
HP:0032418,Abnormal HDL subfraction concentration,高密度脂蛋白亚组分浓度异常,
HP:0032419,Abnormal HDL2a concentration,高密度脂蛋白2a浓度异常,
HP:0032420,Increased HDL2a concentration,高密度脂蛋白2a浓度升高,
HP:0032421,Decreased HDL2a concentration,高密度脂蛋白2a浓度降低,
HP:0032422,Abnormal HDL2b concentration,高密度脂蛋白2b浓度异常,
HP:0032423,Decreased HDL2b concentration,高密度脂蛋白2b浓度降低,
HP:0032424,Increased HDL2b concentration,高密度脂蛋白2b浓度增加,
HP:0032425,Abnormal HDL3a concentration,高密度脂蛋白3a浓度异常,
HP:0032426,Abnormal HDL3b concentration,高密度脂蛋白3b浓度异常,
HP:0032427,Abnormal HDL3c concentration,高密度脂蛋白3c浓度异常,
HP:0032428,Increased HDL3a concentration,高密度脂蛋白3a浓度升高,
HP:0032429,Decreased HDL3a concentration,高密度脂蛋白3a浓度降低,
HP:0032430,Increased HDL3b concentration,高密度脂蛋白3b浓度增加,
HP:0032431,Decreased HDL3b concentration,高密度脂蛋白3b浓度降低,
HP:0032432,Increased HDL3c concentration,高密度脂蛋白3c浓度升高,
HP:0032433,Decreased HDL3c concentration,高密度脂蛋白3c浓度降低,
HP:0032434,Delayed umbilical cord separation,脐带延迟分离,
HP:0032435,Neonatal omphalitis,新生儿脐炎,
HP:0032436,Abnormal circulating C-reactive protein concentration,循环C反应蛋白浓度异常,
HP:0032437,Reduced circulating C-reactive protein concecntration,循环C反应蛋白浓度降低,
HP:0032438,Platelet anisocytosis,血小板大小异常不均,
HP:0032439,Airborn particle hypersensitivity,空气悬浮颗粒过敏症,
HP:0032440,Blood group B,B血型,
HP:0032441,Blood group AB,AB血型,
HP:0032442,Blood group O,O血型,
HP:0032443,Past medical history,既往病史,
HP:0032444,Status post organ transplantation,器官移植后状况,
HP:0032445,Pulmonary cyst,肺囊肿,
HP:0032446,Pulmonary bulla,肺大疱,
HP:0032447,Pulmonary bleb,肺气泡,
HP:0032448,Achlorhydria,胃酸缺乏症,
HP:0032449,Abnormal dermoepidermal hemidesmosome morphology,真皮表皮半桥粒形态异常,
HP:0032450,Positive blood arsenic test,血液砷测试阳性,
HP:0032451,Oral melanotic macule,口腔黑斑,
HP:0032452,Oral melanoacanthoma,口腔黑棘皮瘤,
HP:0032453,Abnormal lip pigmentation,唇部色素沉着异常,
HP:0032454,Labial melanotic macule,唇部黑痣,
HP:0032455,Reduced granulocyte CD18 level,粒细胞CD18水平降低,
HP:0032456,Unlayered lissencephaly,未分层无脑回,
HP:0032457,2-3-layered lissencephaly,2-3层无脑回畸形,
HP:0032458,Narrowing of medullary canal,髓管狭窄,
HP:0032459,Abnormal phosphoribosylpyrophosphate synthetase level,磷酸核糖焦磷酸合成酶水平异常,
HP:0032460,Decreased phosphoribosylpyrophosphate synthetase level,磷酸核糖焦磷酸合成酶水平降低,
HP:0032462,Increased circulating palmitate level,血液棕榈酸盐水平升高,
HP:0032463,Reduced circulating fibronectin level,血液纤连蛋白水平降低,
HP:0032464,Ureteral hypoplasia,输尿管发育不良,
HP:0032465,Bladder trabeculation,膀胱小梁形成,
HP:0032466,Aplasia of the olfactory bulb,嗅球不发育,
HP:0032467,Past obstetric history,生产史,
HP:0032468,History of stillbirth,死产史,
HP:0032469,Anti-asialoglycoprotein receptor antibody positivity,抗脱唾液酸糖蛋白受体抗体阳性,
HP:0032470,Monilethrix,念珠状发,
HP:0032471,Focal polymicrogyria,局灶性多微小脑回,
HP:0032472,Abnormal urine urobilinogen level,尿胆汁原素水平异常,
HP:0032473,Decreased urine urobilinogen,尿液尿胆原减少,
HP:0032475,6-layered lissencephaly,6层无脑回畸形,
HP:0032476,Abnormal circulating vitamin B6 concentration,循环维生素B6水平异常,
HP:0032477,Elevated circulating vitamin B6 concentration,循环维生素B6水平升高,
HP:0032478,Lateral spinal meningocele,脊髓外侧脊膜膨出,
HP:0032479,Preimplantation lethality,胚胎植入前致死率,
HP:0032480,Beta-aminoisobutyric aciduria,β-氨基异丁酸尿症,
HP:0032481,Abnormal pituitary glycoprotein hormone alpha subunit level,垂体糖蛋白激素α亚基水平异常,
HP:0032482,Decreased pituitary glycoprotein hormone alpha subunit level,垂体糖蛋白激素α亚基水平降低,
HP:0032484,Elevated fecal sodium,粪便钠升高,
HP:0032485,Abnormal fecal osmolality,粪便渗透压异常,
HP:0032486,Elevated fecal osmolality,粪便渗透压升高,
HP:0032487,Reduced fecal osmolality,粪便渗透压降低,
HP:0032488,Abnormal fecal pH,粪便pH值异常,
HP:0032489,Elevated fecal pH,粪便pH值升高,
HP:0032490,Decreased fecal pH,粪便pH值降低,
HP:0032491,Increased circulating argininosuccinic acid,血液精氨酸琥珀酸增加,
HP:0032492,Anti-myelin oligodendrocyte glycoprotein antibody positivity,抗髓磷脂少突胶质细胞糖蛋白抗体阳性,
HP:0032493,Increased circulating trypsinogen,血液胰蛋白酶原增加,
HP:0032495,Abnormal terminal:vellus ratio,末端异常：毳毛比,
HP:0032496,Elevated terminal:vellus ratio,终毛毫毛比升高,
HP:0032497,Reduced terminal:vellus ratio,终毛毫毛比降低,
HP:0032499,Giant neutrophil granules,巨嗜中性粒细胞颗粒,
HP:0032500,Exacerbated by tobacco use,吸烟加重,
HP:0032501,Exacerbated by contraceptive medication exposure,避孕药物暴露后加剧,
HP:0032502,Exacerbated by barbiturate exposure,巴比妥暴露后加剧,
HP:0032503,Ameliorated by ethanol ingestion,摄入乙醇缓解,
HP:0032504,Lhermitte's sign,莱尔米特征,
HP:0032505,Hydrophobia,狂犬病,
HP:0032506,Alien limb phenomenon,异己肢体现象,
HP:0032507,Labiomental fasciculations,唇颏肌束震颤,
HP:0032508,Polyembolokoilamania,异物插孔癖,
HP:0032509,Onychotillomania,抠甲癖,
HP:0032510,Tendon pain,肌腱疼痛,
HP:0032511,Superiorly positioned umbilicus,高位脐,
HP:0032513,Four-vessel umbilical cord,四血管脐带,
HP:0032514,Supernumerary lacrimal punctum,多余泪点,
HP:0032515,Deep dermatophytosis,深层皮肤癣菌病,
HP:0032516,Invasive dermatophyte infection,侵袭性皮肤癣菌感染,
HP:0032517,Majocchi's granuloma,Majocchi肉芽肿,
HP:0032518,Disseminated dermatophytosis,播散性皮肤癣菌病,
HP:0032519,Increased Burr cell count,棘形红细胞计数增高,
HP:0032520,Masseter muscular weakness,咬肌无力,
HP:0032521,Self hugging,抽搐样不自主自我拥抱,
HP:0032522,Ameliorated by immunosuppresion,免疫抑制缓解,
HP:0032523,Tendon thickening,肌腱增厚,
HP:0032524,Long thumb,长拇指,
HP:0032525,Exacerbated by acetylcholinesterase inhibitor exposure,乙酰胆碱酯酶抑制剂暴露后加剧,
HP:0032526,Ameliorated by acetylcholinesterase inhibitor,乙酰胆碱酯酶抑制剂缓解,
HP:0032527,Inferiorly positioned umbilicus,低位脐,
HP:0032528,Elevated urinary 4-hydroxybutyric acid,尿4-羟基丁酸升高,
HP:0032530,Decreased tissue succinic semialdehyde dehydrogenase activity,组织琥珀酸半醛脱氢酶活性降低,
HP:0032531,Elevated CSF gamma-aminobutyric acid concentration,脑脊液γ-氨基丁酸浓度升高,
HP:0032532,Elevated CSF 4-hydroxybutyric acid concentration,脑脊液4-羟基丁酸浓度升高,
HP:0032533,Elevated circulating acetone concentration,血液丙酮升高,
HP:0032534,Exacerbated by methylxanthine ingestion,摄入甲基黄嘌呤加重,
HP:0032535,Cervical (neck),颈部,
HP:0032536,Increased number of lymph nodes,淋巴结数目增加,
HP:0032537,Delayed fracture healing,骨折愈合延迟,
HP:0032538,Pretibial dimple,胫前凹陷,
HP:0032539,Joint extensor surface localization,关节伸肌表面定位,
HP:0032540,Joint flexor surface localization,关节屈肌表面定位,
HP:0032541,Knuckle pad,手指关节垫,
HP:0032542,Exacerbated by pregnancy,妊娠加重,
HP:0032543,Lithoptysis,支气管结石,
HP:0032544,Predominant small joint localization,小关节定位,
HP:0032545,Abdominal rigidity,腹部强直,
HP:0032546,Abdominal guarding,腹部肌卫,
HP:0032547,Low intraocular pressure,低眼压,
HP:0032548,Increased placental thickness,胎盘增厚,
HP:0032549,Persistent asymmetrical tonic neck reflex,持续非对称性强直性颈反射,
HP:0032550,Howell-Jolly bodies,Howell-Jolly小体,
HP:0032551,Hemorrhoids,痔疮,
HP:0032552,Abnormal pulse,脉搏异常,
HP:0032553,Weak pulse,脉弱,
HP:0032554,Absent pulse,无脉,
HP:0032555,Bounding pulse,洪脉,
HP:0032556,Circumoral cyanosis,唇周青紫,
HP:0032557,History of bone marrow transplant,骨髓移植史,
HP:0032558,Absent sperm flagella,精子鞭毛缺失,
HP:0032559,Short sperm flagella,精子鞭毛短,
HP:0032560,Coiled sperm flagella,精子鞭毛卷曲,
HP:0032561,Microcephalic sperm head,小头精子,
HP:0032562,Tapered sperm head,锥形精子头,
HP:0032563,Dacryocytosis,泪囊型红细胞,
HP:0032564,Ileitis,回肠炎,
HP:0032565,Vaginal mucosal ulceration,阴道粘膜溃疡,
HP:0032566,Oval macrocytosis,椭圆巨红细胞症,
HP:0032567,Lipiduria,脂尿症,
HP:0032568,Urinary mulberry cells,尿桑葚样细胞,
HP:0032569,Temporal bossing,颞部肿块,
HP:0032570,Pontine ischemic lacunes,脑桥缺血性腔隙,
HP:0032571,Increased oocyte death,卵细胞死亡增加,
HP:0032572,Abnormal urinary nucleobase concentration,尿核酶浓度异常,
HP:0032573,Elevated urinary cytidine,尿胞嘧啶升高,
HP:0032574,Elevated urinary uridine level,尿液尿苷水平升高,
HP:0032575,Decreased circulating 12-HETE,血液循环中12-HETE（花生四烯酸的代谢产物）减少,
HP:0032576,Intracellular accumulation of Dol-PP-GlcNAc2Man5,Dol-PP-GlcNAc2Man5的细胞内积累,
HP:0032577,Clonal T cell receptor rearrangement,克隆性T细胞受体重排,
HP:0032578,Third ventricle colloid cyst,第三脑室胶质囊肿,
HP:0032579,Vascular hamartoma,血管错构瘤,
HP:0032580,Abnormal bulbus cordis morphology,胚心球形态异常,
HP:0032581,Abnormal renal insterstitial morphology,肾间质形态异常,
HP:0032582,Renal interstitial foam cells,肾间质泡沫细胞,
HP:0032583,Renal glomerular foam cells,肾小球泡沫细胞,
HP:0032584,Renal interstitial neutrophil infiltration,肾间质中性粒细胞浸润,
HP:0032585,Renal interstitial eosinophil infiltration,肾间质嗜酸性粒细胞浸润,
HP:0032586,Renal interstitial plasma cell infiltration,肾间质浆细胞浸润,
HP:0032587,Renal interstitial calcium oxalate,肾间质草酸钙,
HP:0032588,Hand apraxia,手失用症,
HP:0032589,Renal lymphocytic tubulitis,肾淋巴细胞肾小管炎,
HP:0032590,Renal neutrophilic tubulitis,肾中性粒细胞肾小管炎,
HP:0032591,Renal interstitial hemosiderin,肾间质细胞沉积铁血黄素,
HP:0032592,Aplasia of the right hemidiaphragm,右侧膈肌未发育,
HP:0032593,Myoglobin casts,肌红蛋白管型,
HP:0032594,Renal tubular basement membrane denudation,肾小管基底膜剥脱,
HP:0032595,Renal tubular epithelial cell detachment,肾小管上皮细胞脱离,
HP:0032596,Renal tubular epithelial cell cytoplasmic vacuolization,肾小管上皮细胞胞浆空泡化,
HP:0032597,Renal tubular epithelial cell sloughing,肾小管上皮细胞脱落,
HP:0032598,Blebbing of apical cytoplasm of renal tubular epithelial cells,肾小管上皮细胞的顶部细胞质凸起,
HP:0032599,Abnormal renal tubular epithelial morphology,肾小管上皮形态异常,
HP:0032600,Renal tubular epithelial cell hyaline droplets,肾小管上皮细胞透明滴,
HP:0032601,Multinucleation of renal tubular epithelial cells,肾小管上皮细胞多核化,
HP:0032602,Prominent nucleoli of renal tubular epithelial cells,肾小管上皮细胞核突出,
HP:0032603,Renal tubular epithelial cell simplification,肾小管上皮细胞简化,
HP:0032604,Renal tubular epithelial cell mitosis,肾小管上皮细胞有丝分裂,
HP:0032605,High renal tubular epithelial cell N/C ratio,肾小管上皮细胞高核/质比,
HP:0032606,Renal tubular epithelial lipofuscin,肾小管上皮脂褐素沉积,
HP:0032607,Renal tubular epithelial cell swelling,肾小管上皮细胞肿胀,
HP:0032608,Thyroidization-type tubular atrophy,甲状腺化样肾小管萎缩,
HP:0032609,Endocrine-type tubular atrophy,内分泌样肾小管萎缩,
HP:0032610,Tubulointerstitial mycobacterial infiltration,肾小管间质分枝杆菌浸润,
HP:0032611,Renal tubular epithelial cell hemosiderin,肾小管上皮细胞含铁血黄素沉积,
HP:0032612,Triphalangeal hallux,三趾节拇趾,
HP:0032613,Renal interstitial amyloid deposits,肾间质淀粉样蛋白沉积,
HP:0032614,Renal glomerular amyloid deposition,肾小球淀粉样蛋白沉积,
HP:0032615,Abnormal diffusion weighted cerebral MRI morphology,脑磁共振弥散加权成像异常形态,
HP:0032616,Renal interstitial immunoglobulin deposits,肾间质免疫球蛋白沉积,
HP:0032617,Renal interstitial hemorrhage,肾间质性出血,
HP:0032618,Renal necrosis,肾坏死,
HP:0032619,Perinephric abscess,肾周脓肿,
HP:0032620,Intrarenal abscess,肾内脓肿,
HP:0032621,Hyperchromasia of renal tubular epithelial cells,肾小管上皮细胞染色过深,
HP:0032622,Tubular luminal dilatation,肾小管腔扩张,
HP:0032623,Renal intratubular casts,肾小管内管型,
HP:0032624,Intratubular bilirubin casts,肾小管内胆红素管型,
HP:0032625,Intratubular erythrocyte cast,肾小管内红细胞管型,
HP:0032626,Intratubular vancomycin casts,肾小管内万古霉素管型,
HP:0032627,Intratubular leukocyte casts,肾小管内白细胞管型,
HP:0032628,Renal intratubular crystals,肾小管内结晶体,
HP:0032629,Intratubular dihydroxyadenuria crystals,肾小管内二羟基腺嘌呤结晶,
HP:0032630,Intratubular light-chain casts,肾小管内轻链管型,
HP:0032631,Intratubular hemoglobin casts,肾小管内血红蛋白管型,
HP:0032632,Renal papillary necrosis,肾乳头坏死,
HP:0032633,Intratubular hyaline casts,肾小管内透明管型,
HP:0032634,Intratubular myoglobin cast,肾小管内肌红蛋白管型,
HP:0032635,Tubulointerstitial microganismal infiltration,肾小管间质微生物浸润,
HP:0032636,Tubulointerstitial viral infiltration,肾小管间质病毒浸润,
HP:0032637,Renal interstitial edema,肾间质水肿,
HP:0032638,Elevated urine mevalonic acid level,尿甲羟戊酸水平升高,
HP:0032639,Elevated leukocyte cystine,白细胞胱氨酸升高,
HP:0032640,Elevated circulating CCL18 level,血液趋化因子CCL18升高,
HP:0032641,Renal interstitial granulomas,肾间质肉芽肿,
HP:0032642,Renal interstitial necrotizing granulomas,肾间质坏死性肉芽肿,
HP:0032643,Renal interstitial non-necrotizing granulomas,肾间质非坏死性肉芽肿,
HP:0032644,Renal interstitial deposits,肾间质物质异常沉积,
HP:0032645,Renal interstitial mononuclear cell infiltration,肾间质单核细胞浸润,
HP:0032646,Renal interstitial xanthogranulomatous inflammation,肾间质黄色肉芽肿性炎症,
HP:0032647,Renal tubular epithelial cell apoptosis,肾小管上皮细胞凋亡,
HP:0032648,Tubularization of Bowman capsule,肾小球囊管状化,
HP:0032649,Skewfoot,跖内收合并后足外翻畸形（又叫Z形足）,
HP:0032650,Elevated CSF glial fibrillary acidic protein concentration,脑脊液胶质原纤维酸性蛋白浓度升高,
HP:0032651,Elevated CSF chitinase-3-like protein 1 concentration,脑脊液几丁质酶3样蛋白1浓度升高,
HP:0032652,Elevated CSF chitotriosidase 1 concentration,脑脊液壳三糖苷酶1浓度升高,
HP:0032653,Elevated lactate:pyruvate ratio,乳酸/丙酮酸比例升高,
HP:0032654,Impaired flow-mediated arterial dilatation,血流介导的动脉扩张受损,
HP:0032655,Decreased adipose tissue tocopherol level,脂肪组织生育酚水平降低,
HP:0032656,Febrile status epilepticus,热性癫痫持续状态,
HP:0032657,Elevated circulating lyso-globotriaosylsphingosine concentration,血液脱酰-三己糖酰基鞘脂醇浓度升高,
HP:0032658,Status epilepticus with prominent motor symptoms,伴运动症状的癫痫持续状态,
HP:0032659,Non-convulsive status epilepticus with coma,伴意识障碍的非惊厥性癫痫持续状态,
HP:0032660,Convulsive status epilepticus,惊厥性癫痫持续状态,
HP:0032661,Generalized convulsive status epilepticus,全面惊厥性癫痫持续状态,
HP:0032662,Focal-onset seizure evolving into bilateral convulsive status epilepticus,局灶起始演变为双侧的惊厥性癫痫持续状态,
HP:0032663,Focal motor status epilepticus,局灶性运动癫痫持续状态,
HP:0032664,Adversive status epilepticus,扭转性癫痫持续状态,
HP:0032665,Repeated focal motor seizures,刻板性局灶性运动发作,
HP:0032666,Hyperkinetic status epilepticus,过度运动癫痫持续状态,
HP:0032667,Myoclonic status epilepticus,肌阵挛癫痫持续状态,
HP:0032668,Myoclonic status epilepticus without coma,不伴意识障碍的肌阵挛癫痫持续状态,
HP:0032669,Myoclonic status epilepticus with coma,伴意识障碍的肌阵挛癫痫持续状态,
HP:0032670,Tonic status epilepticus,强直性癫痫持续状态,
HP:0032671,Non-convulsive status epilepticus without coma,不伴意识障碍的非惊厥性癫痫持续状态,
HP:0032672,Autonomic status epilepticus,自主神经癫痫持续状态,
HP:0032673,Focal non-convulsive status epilepticus without coma,不伴意识障碍的局灶性非惊厥持续状态,
HP:0032674,Cutaneous wound,皮损,
HP:0032675,Acute cutaneous wound,急性皮损,
HP:0032676,Chronic cutaneous wound,慢性皮损,
HP:0032677,Generalized-onset motor seizure,全面性运动发作,
HP:0032678,Eyelid myoclonia seizure,眼睑肌阵挛发作,
HP:0032679,Focal non-motor seizure,局灶性非运动发作,
HP:0032680,Focal cognitive seizure,局灶性知觉发作,
HP:0032681,Focal aware cognitive seizure,局灶性意识保留的知觉性发作,
HP:0032682,Focal aware non-motor seizure,知觉保留的非运动型发作,
HP:0032684,Focal aware cognitive seizure with auditory agnosia,伴听觉失认的意识保留的局灶性知觉性发作,
HP:0032685,Focal cognitive seizure with auditory agnosia,伴听觉失认的局灶性知觉发作,
HP:0032686,Focal aware cognitive seizure with memory impairment,伴记忆受损并意识保留的局灶性知觉发作,
HP:0032687,Focal cognitive seizure with memory impairment,伴记忆受损的局灶性知觉发作,
HP:0032688,Focal aware cognitive seizure with dissociation,伴人格解体并意识保留的局灶性知觉发作,
HP:0032689,Focal cognitive seizure with dissociation,人格解体的局灶性知觉发作,
HP:0032690,Focal aware cognitive seizure with dyscalculia/acalculia,伴失算并意识保留的局灶性知觉发作,
HP:0032691,Focal cognitive seizure with dyscalculia/acalculia,伴失算的局灶性知觉发作,
HP:0032692,Focal cognitive seizure with forced thinking,伴强迫思维的局灶性知觉发作,
HP:0032693,Focal cognitive seizure with neglect,伴忽视的局灶性知觉发作,
HP:0032694,Focal cognitive seizure with dyslexia/alexia,伴失读的局灶性知觉发作,
HP:0032696,Focal cognitive seizure with receptive dysphasia/aphasia,伴感觉性失语的局灶性知觉发作,
HP:0032698,Focal cognitive seizure with conduction dysphasia/aphasia,伴传导性失语的局灶性知觉发作,
HP:0032699,Focal cognitive seizure with dysgraphia/agraphia,伴有失写症的局灶性知觉发作,
HP:0032700,Focal cognitive seizure with left-right confusion,伴左右失定向的局灶性知觉发作,
HP:0032701,Focal cognitive seizure with anomia,伴命名障碍的局灶性知觉发作,
HP:0032702,Focal cognitive seizure with expressive dysphasia/aphasia,伴表达性失语的局灶性知觉发作,
HP:0032704,Focal aware cognitive seizure with illusion,伴幻觉的意识保留的局灶性知觉发作,
HP:0032705,Focal aware cognitive seizure with forced thinking,伴强迫思维的意识保留的局灶性知觉发作,
HP:0032706,Focal aware cognitive seizure with left-right confusion,伴左右失定向意识保留的局灶性知觉发作,
HP:0032707,Focal aware cognitive seizure with dyslexia/alexia,伴失读意识保留的局灶性知觉发作,
HP:0032708,Focal aware cognitive seizure with anomia,伴命名障碍意识保留的局灶性知觉发作,
HP:0032709,Focal aware cognitive seizure with dysgraphia/agraphia,伴失写的意识保留的局灶性知觉发作,
HP:0032710,Focal aware cognitive seizure with receptive dysphasia/aphasia,伴有复述性失语意识保留的局灶性知觉发作,
HP:0032711,Focal aware clonic seizure,局灶性意识保留的阵挛发作,
HP:0032712,Focal impaired awareness motor seizure,知觉受损的局灶性运动发作,
HP:0032713,Focal impaired awareness motor seizure with version,伴偏转并知觉受损的局灶性运动性发作,
HP:0032714,Focal impaired awareness bilateral motor seizure,伴意识障碍的局灶性双侧运动发作,
HP:0032715,Focal bilateral motor seizure,局灶性双侧运动发作,
HP:0032716,Focal impaired awareness non-motor seizure,知觉受损的局灶性非运动性发作,
HP:0032717,Focal impaired awareness motor seizure with dystonia,伴肌张力障碍并知觉受损的局灶性运动性发作,
HP:0032718,Focal motor seizure with dystonia,伴肌张力障碍的局灶性运动发作,
HP:0032719,Focal impaired awareness motor seizure with dysarthria/anarthria,伴构音障碍并知觉受损的局灶性运动性发作,
HP:0032720,Focal motor seizure with dysarthria/anarthria,伴构音障碍的局灶性运动发作,
HP:0032721,Focal motor seizure with paresis/paralysis,伴轻瘫/瘫痪的局灶性运动发作,
HP:0032722,Focal aware tonic seizure,意识保留的局灶性强直发作,
HP:0032723,Focal aware motor seizure with dystonia,伴肌张力障碍并知觉保留的局灶性运动性发作,
HP:0032724,Focal impaired awareness tonic seizure,伴意识受损的局灶性强直发作,
HP:0032725,Focal impaired awareness clonic seizure,伴意识受损的局灶性阵挛发作,
HP:0032726,Focal impaired awareness hyperkinetic seizure,伴意识受损局灶性过度运动发作,
HP:0032727,Focal emotional seizure with agitation,伴激越的局灶性情感发作,
HP:0032728,Focal impaired awareness atonic seizure,伴意识受损的局灶性失张力发作,
HP:0032729,Focal emotional seizure with pleasure,伴愉悦感的局灶性情感发作,
HP:0032730,Focal impaired awareness myoclonic seizure,伴意识受损的局灶性肌阵挛发作,
HP:0032731,Focal aware hyperkinetic seizure,意识保留的局灶性过度运动发作,
HP:0032732,Focal aware motor seizure with paresis/paralysis,伴轻瘫／偏瘫并知觉保留的局灶性运动性发作,
HP:0032733,Focal aware motor seizure with dysarthria/anarthria,伴构音障碍并知觉保留的局灶性运动性发作,
HP:0032734,Focal aware emotional seizure,意识保留的局灶性情感发作,
HP:0032735,Focal aware emotional seizure with anger,伴有愤怒意识保留的局灶性情感发作,
HP:0032736,Focal emotional seizure with anger,伴愤怒的局灶性情感发作,
HP:0032737,Focal emotional seizure with paranoia,伴偏执的局灶性情感发作,
HP:0032738,Focal aware emotional seizure with fear/anxiety/panic,伴恐惧/焦虑/惊恐意识保留的情感发作,
HP:0032739,Focal emotional seizure with fear/anxiety/panic,伴恐惧/焦虑/惊恐的情感发作,
HP:0032740,Focal aware autonomic seizure,意识保留的植物神经发作,
HP:0032741,Focal aware emotional seizure with paranoia,伴偏执意识保留的局灶性情感发作,
HP:0032742,Focal aware emotional seizure with pleasure,伴愉悦感意识保留的局灶性情感发作,
HP:0032743,Focal aware emotional seizure with crying,伴哭泣并意识保留的局灶性情感发作,
HP:0032744,Focal aware emotional seizure with agitation,伴激越的意识保留的局灶性情感发作,
HP:0032745,Focal aware emotional seizure with laughing,伴大笑并意识保留的局灶性情感发作,
HP:0032746,Focal impaired awareness emotional seizure,伴意识受损的局灶性情感发作,
HP:0032747,Focal impaired awareness emotional seizure with pleasure,伴愉悦感的意识受损的局灶性情感发作,
HP:0032748,Focal impaired awareness emotional seizure with anger,伴愤怒的意识受损的局灶性情感发作,
HP:0032749,Focal impaired awareness emotional seizure with paranoia,伴偏执的意识受损的局灶性情感发作,
HP:0032750,Focal impaired awareness emotional seizure with laughing,伴大笑的意识受损的局灶性情感发作,
HP:0032751,Focal impaired awareness emotional seizure with crying,伴哭泣意识受损的局灶性情感发作,
HP:0032752,Focal impaired awareness emotional seizure with fear/anxiety/panic,伴恐惧/焦虑/惊恐意识受损的局灶性情感发作,
HP:0032753,Focal impaired awareness emotional seizure with agitation,伴激越的意识受损的局灶性情感发作,
HP:0032754,Focal aware sensory seizure,意识保留的局灶性感觉发作,
HP:0032755,Focal impaired awareness autonomic seizure,意识受损的局灶性自动运动发作,
HP:0032756,Focal impaired awareness cognitive seizure,意识受损的局灶性知觉发作,
HP:0032757,Focal aware hemiclonic seizure,意识保留的局灶性偏侧阵挛发作,
HP:0032758,Focal aware myoclonic seizure,意识保留的局灶性肌阵挛发作,
HP:0032759,Focal sensory seizure with vestibular features,伴眩晕特征的局灶性感觉发作,
HP:0032760,Focal sensory seizure with hot-cold sensations,伴冷热感的局灶性感觉发作,
HP:0032761,Focal aware autonomic seizure with pallor/flushing,伴脸色苍白/潮红意识保留的局灶性植物神经发作,
HP:0032762,Focal autonomic seizure with pallor/flushing,伴脸色苍白/潮红的局灶性植物神经发作,
HP:0032763,Focal autonomic seizure with pupillary dilation/constriction,伴瞳孔扩张/收缩的局灶性植物神经发作,
HP:0032764,Focal autonomic seizure with erection,伴勃起的局灶性植物神经发作,
HP:0032765,Focal autonomic seizure with urge to urinate/defecate,伴尿急/便急的局灶性植物神经发作,
HP:0032766,Focal autonomic seizure with hypoventilation/hyperventilation/altered respiration,伴换气不足/换气过度/呼吸改变的局灶性植物神经发作,
HP:0032767,Focal autonomic seizure with piloerection,伴竖毛并意识保留的局灶性植物神经发作,
HP:0032768,Focal aware autonomic seizure with pupillary dilation/constriction,伴瞳孔扩张/收缩的意识保留的局灶性植物神经发作,
HP:0032769,Focal aware autonomic seizure with hypoventilation/hyperventilation/altered respiration,伴换气不足/换气过度/呼吸改变的意识保留的局灶性植物神经发作,
HP:0032770,Focal aware autonomic seizure with erection,伴勃起的意识保留的局灶性植物神经发作,
HP:0032771,Focal autonomic seizure with lacrimation,伴流泪的局灶性植物神经发作,
HP:0032772,Focal impaired awareness autonomic seizure with piloerection,伴竖毛意识受损的局灶性植物神经发作,
HP:0032773,Focal autonomic seizure with palpitations/tachycardia/bradycardia/asystole,伴心悸/心动过速/心动过缓/心搏停止的局灶性植物神经发作,
HP:0032774,Focal impaired awareness autonomic seizure with urge to urinate/defecate,伴尿急/便急意识受损的局灶性植物神经发作,
HP:0032775,Focal impaired awareness autonomic seizure with hypoventilation/hyperventilation/altered respiration,伴换气不足/换气过度/呼吸改变的意识受损的局灶性植物神经发作,
HP:0032776,Focal aware autonomic seizure with lacrimation,伴流泪的意识保留的局灶性植物神经发作,
HP:0032777,Focal impaired awareness autonomic seizure with pallor/flushing,伴脸色苍白/潮红意识受损的局灶性植物神经发作,
HP:0032778,Focal impaired awareness autonomic seizure with epigastric sensation/nausea/vomiting/other gastrointestinal phenomena,伴上腹部感觉的意识受损的局灶性植物神经发作,
HP:0032779,Focal impaired awareness autonomic seizure with pupillary dilation/constriction,伴瞳孔扩张/收缩意识受损的局灶性植物神经发作,
HP:0032780,Focal impaired awareness autonomic seizure with erection,伴勃起的意识受损的局灶性植物神经发作,
HP:0032781,Focal aware autonomic seizure with urge to urinate/defecate,伴尿急/便急意识保留的局灶性植物神经发作,
HP:0032782,Focal impaired awareness autonomic seizure with lacrimation,伴流泪的意识受损的局灶性植物神经发作,
HP:0032783,Focal aware autonomic seizure with piloerection,伴竖毛的意识保留的局灶性植物神经发作,
HP:0032784,Focal aware autonomic seizure with palpitations/tachycardia/bradycardia/asystole,伴心悸/心动过速/心动过缓/心搏停止的意识保留的局灶性植物神经发作,
HP:0032785,Focal aware autonomic seizure with epigastric sensation/nausea/vomiting/other gastrointestinal phenomena,伴上腹部感觉异常/恶心/呕吐/其他的意识保留的局灶性植物神经发作,
HP:0032786,Migrating focal seizure,游走性局灶发作,
HP:0032787,Focal impaired awareness sensory seizure,伴意识受损的局灶性感觉发作,
HP:0032788,Focal impaired awareness autonomic seizure with palpitations/tachycardia/bradycardia/asystole,伴心悸/心动过速/心动过缓/心搏停止的意识受损的局灶性植物神经发作,
HP:0032789,Focal aware behavior arrest seizure,行动终止并意识保留的局灶性发作,
HP:0032790,Focal impaired awareness behavior arrest seizure,行动终止并意识受损的局灶性发作,
HP:0032791,Focal impaired awareness cognitive seizure with anomia,伴命名障碍意识受损的局灶性知觉发作,
HP:0032792,Tonic seizure,强直发作,
HP:0032793,Focal impaired awareness cognitive seizure with receptive dysphasia/aphasia,伴复述性失语并意识受损的局灶性知觉发作,
HP:0032794,Myoclonic seizure,肌阵挛发作,
HP:0032795,Generalized myoclonic-tonic-clonic seizure,全面性肌阵挛-强直-阵挛性发作,
HP:0032796,Focal impaired awareness cognitive seizure with left-right confusion,伴左右失定向的意识受损的局灶性知觉性发作,
HP:0032797,Focal aware sensory seizure with olfactory features,伴嗅觉特征的意识保留的局灶性感觉发作,
HP:0032798,Focal impaired awareness cognitive seizure with neglect,伴忽视的意识受损的局灶性知觉发作,
HP:0032799,Focal impaired awareness hemiclonic seizure,伴意识受损的局灶性偏侧阵挛发作,
HP:0032800,Focal aware sensory seizure with vestibular features,伴前庭特征的意识保留的局灶性感觉发作,
HP:0032801,Focal impaired awareness cognitive seizure with memory impairment,伴记忆受损意识受损的局灶性之知觉发作,
HP:0032802,Focal impaired awareness cognitive seizure with dyscalculia/acalculia,伴失算的意识受损的局灶性知觉发作,
HP:0032803,Focal impaired awareness cognitive seizure with dysgraphia/agraphia,伴失写意识受损的局灶性知觉发作,
HP:0032804,Focal impaired awareness sensory seizure with olfactory features,伴有嗅觉特征的意识受损的局灶性感觉发作,
HP:0032805,Focal impaired awareness sensory seizure with vestibular features,伴前庭特征并意识受损的局灶性感觉发作,
HP:0032806,Focal impaired awareness sensory seizure with visual features,伴视觉特征并意识受损的局灶性感觉发作,
HP:0032807,Neonatal seizure,新生儿癫痫发作,
HP:0032808,Neonatal seizure with electrographic correlate,新生儿临床下发作,
HP:0032809,Neonatal electro-clinical seizure,新生儿电-临床相关发作,
HP:0032810,Focal sensory seizure with cephalic sensation,伴头部不适感的局灶性感觉发作,
HP:0032811,Neonatal electrographic only seizure,新生儿单纯脑电图发作,
HP:0032812,Neonatal electro-clinical non-motor seizure,新生儿电-临床非运动发作,
HP:0032813,Neonatal electro-clinical motor seizure,新生儿电-临床运动发作,
HP:0032814,Neonatal electro-clinical clonic seizure,新生儿电-临床阵挛发作,
HP:0032815,Neonatal electro-clinical myoclonic seizure,新生儿电-临床肌阵挛发作,
HP:0032816,Neonatal multifocal myoclonic seizure,新生儿多灶起源的肌阵挛发作,
HP:0032817,Neonatal focal myoclonic seizure,新生儿局灶性的肌阵挛发作,
HP:0032818,Neonatal focal clonic seizure,新生儿局灶性阵挛发作,
HP:0032819,Neonatal bilateral clonic seizure,新生儿双侧阵挛发作,
HP:0032820,Neonatal multifocal clonic seizure,新生儿多灶性阵挛发作,
HP:0032821,Neonatal electro-clinical tonic seizure,新生儿电-临床强直发作,
HP:0032822,Neonatal electro-clinical autonomic seizure,新生儿电-临床植物神经发作,
HP:0032823,Neonatal electro-clinical seizure with behavior arrest,新生儿电-临床动作停止发作,
HP:0032824,Neonatal focal tonic seizure,新生儿局灶性强直发作,
HP:0032825,Neonatal electro-clinical sequential seizure,新生儿电临床发作,
HP:0032826,Focal neonatal sequential seizure,新生儿可变的局灶发作,
HP:0032827,Multifocal neonatal sequential seizure,新生儿多灶性局灶发作,
HP:0032828,Neonatal bilateral symmetric tonic seizure,新生儿双侧对侧性强直发作,
HP:0032829,Neonatal electro-clinical motor seizure with automatism,新生儿电-临床自动症发作,
HP:0032830,Neonatal seizure with bilateral asymmetric automatism,新生儿双侧非对称性自动症发作,
HP:0032831,Neonatal bilateral asymmetric tonic seizure,新生儿双侧非对侧性强直发作,
HP:0032832,Neonatal bilateral asymmetric myoclonic seizure,新生儿双侧非对称性肌阵挛发作,
HP:0032833,Neonatal epileptic spasm,新生儿癫痫性痉挛,
HP:0032834,Neonatal seizure with unilateral automatism,新生儿单侧自动症发作,
HP:0032835,Neonatal seizure with bilateral symmetric automatism,新生儿双侧对侧性自动症发作,
HP:0032836,Neonatal bilateral symmetric myoclonic seizure,新生儿双侧对侧性肌阵挛发作,
HP:0032837,Bilateral asymmetric neonatal sequential seizure,双侧不对称新生儿系列发作表现,
HP:0032838,Neonatal unilateral epileptic spasm,新生儿单侧癫痫性痉挛,
HP:0032839,Bilateral symmetric neonatal sequential seizure,可变的新生儿双侧对侧性运动发作,
HP:0032840,Neonatal bilateral symmetric epileptic spasm,新生儿双侧对称性癫痫性痉挛,
HP:0032841,Neonatal bilateral asymmetric epileptic spasm,新生儿双侧非对称性癫痫性痉挛,
HP:0032842,Generalized-onset epileptic spasm,全面性痫性痉挛,
HP:0032843,Focal-onset epileptic spasm,局灶性痫性痉挛,
HP:0032844,Focal impaired awareness epileptic spasm,意识受损的局灶痫性痉挛,
HP:0032845,Focal aware epileptic spasm,意识保留的局灶痫性痉挛,
HP:0032846,Focal motor seizure with negative myoclonus,局灶性负性肌阵挛发作,
HP:0032847,Focal impaired awareness hemifacial clonic seizure,意识受损的局灶性偏侧面肌阵挛发作,
HP:0032848,Focal aware cognitive seizure with neglect,伴忽视并意识保留的局灶性知觉发作,
HP:0032849,Aphasic status epilepticus,失语性癫痫持续状态,
HP:0032850,Focal aware cognitive seizure with expressive dysphasia/aphasia,伴表达性失语并意识保留的局灶性知觉发作,
HP:0032851,Focal aware sensory seizure with visual features,伴视觉特征并意识保留的局灶性感觉发作,
HP:0032852,Focal impaired awareness cognitive seizure with conduction dysphasia/aphasia,伴传导性失语并意识受损的局灶性知觉发作,
HP:0032853,Focal impaired awareness sensory seizure with hot-cold sensations,伴冷热感并意识受损的局灶性感觉发作,
HP:0032854,Focal aware hemifacial clonic seizure,意识保留的局灶性偏侧面肌阵挛发作,
HP:0032855,Photosensitive myoclonic-tonic-clonic seizure,光敏性肌阵挛-强直-阵挛发作,
HP:0032856,Focal aware bilateral motor seizure,意识保留的局灶性双侧运动发作,
HP:0032857,Focal aware motor seizure with negative myoclonus,伴负性肌阵挛并知觉保留的局灶性运动性发作,
HP:0032858,Focal impaired awareness motor seizure with negative myoclonus,伴负性肌阵挛并知觉受损的局灶性运动性发作,
HP:0032859,Focal impaired awareness motor seizure with paresis/paralysis,伴轻瘫／偏瘫并知觉受损的局灶性运动性发作,
HP:0032860,Generalized non-convulsive status epilepticus without coma,不伴意识障碍的全面性非惊厥癫痫持续状态,
HP:0032861,Focal non-convulsive status epilepticus with impairment of consciousness,伴意识内容受损的局灶性非惊厥癫痫持续状态,
HP:0032862,Status epilepticus with ictal paresis,伴发作期轻瘫的癫痫持续状态,
HP:0032863,Typical absence status epilepticus,典型失神性癫痫持续状态,
HP:0032864,Focal aware sensory seizure with auditory features,伴听觉特征并意识保留的局灶性感觉发作,
HP:0032865,Myoclonic absence status epilepticus,肌阵挛失神性癫痫持续状态,
HP:0032866,Oculoclonic status epilepticus,眼球阵挛性癫痫持续状态,
HP:0032867,Refractory status epilepticus,难治性癫痫持续状态,
HP:0032868,Super-refractory status epilepticus,超难治性癫痫持续状态,
HP:0032869,Focal non-convulsive status epilepticus without impairment of consciousness,意识内容保留的局灶性非惊厥癫痫持续状态,
HP:0032870,Focal impaired awareness cognitive seizure with dyslexia/alexia,伴失读并意识受损的局灶性知觉发作,
HP:0032871,Focal aware cognitive seizure with hallucination,伴视幻觉并意识保留的局灶性知觉发作,
HP:0032872,Focal impaired awareness cognitive seizure with illusion,伴视错觉并意识受损的局灶性知觉发作,
HP:0032873,Focal aware sensory seizure with cephalic sensation,伴头部不适感并意识保留的局灶性感觉发作,
HP:0032874,Focal impaired awareness cognitive seizure with auditory agnosia,伴听觉失认并意识受损的局灶性知觉发作,
HP:0032876,Focal aware cognitive seizure with conduction dysphasia/aphasia,伴传导性失语并意识保留的局灶性知觉发作,
HP:0032877,Focal aware sensory seizure with hot-cold sensations,伴冷热感并意识保留的局灶性感觉发作,
HP:0032878,Focal impaired awareness sensory seizure with cephalic sensation,伴头部不适感并意识受损的局灶性感觉发作,
HP:0032879,Focal impaired awareness seizure with dissociation at onset,伴人格解体并意识受损的局灶性发作,
HP:0032880,Focal impaired awareness sensory seizure with auditory features,伴听觉特征并意识受损的局灶性感觉发作,
HP:0032882,Focal impaired awareness cognitive seizure with deja vu/jamais vu,伴似曾相识感/陌生感并意识受损的局灶性知觉发作,
HP:0032883,Focal aware cognitive seizure with deja vu/jamais vu,伴有似曾相似感/陌生感并意识保留的局灶性知觉发作,
HP:0032884,Focal aware sensory seizure with somatosensory features,伴躯体感觉特征并意识保留的局灶性感觉发作,
HP:0032885,Focal impaired awareness cognitive seizure with hallucination,伴视觉幻觉并意识受损的局灶性知觉发作,
HP:0032886,Focal impaired awareness cognitive seizure with expressive dysphasia/aphasia,伴表达性失语并意识受损的局灶性知觉发作,
HP:0032887,Generalized atonic seizure,全面性失张力发作,
HP:0032888,Focal impaired awareness cognitive seizure with forced thinking,伴强迫思维并意识受损的局灶性知觉发作,
HP:0032889,Focal aware sensory seizure with gustatory features,伴味觉特征并意识保留的局灶性感觉发作,
HP:0032890,Focal impaired awareness sensory seizure with somatosensory features,伴躯体感觉特征并意识受损的局灶性感觉发作,
HP:0032891,Focal aware motor seizure with version,伴偏转并知觉保留的局灶性运动性发作,
HP:0032892,Infection-related seizure,感染相关的痫性发作,
HP:0032893,Gastroenteritis-related afebrile seizure,胃肠炎相关的非热性惊厥,
HP:0032894,Seizure precipitated by febrile infection,发热感染诱发的痫性发作,
HP:0032895,Febrile seizure outside the age of 3 months to 6 years,3个月到6岁以外的热性惊厥,
HP:0032896,Music-induced seizure,音乐诱发的痫性发作,
HP:0032897,Focal impaired awareness sensory seizure with gustatory features,伴味觉特征并意识受损的局灶性感觉发作,
HP:0032898,Focal automatism seizure,局灶性自动症发作,
HP:0032899,Focal orofacial automatism seizure,局灶性口面部自动症发作,
HP:0032900,Focal manual automatism seizure,局灶性手部自动症发作,
HP:0032901,Focal pedal automatism seizure,局灶性蹬踏样自动症发作,
HP:0032902,Focal perseverative automatism seizure,局灶性持续性自动症发作,
HP:0032903,Focal vocal automatism seizure,局灶性发声自动症发作,
HP:0032904,Focal verbal automatism seizure,局灶性言语自动症发作,
HP:0032905,Focal sexual automatism seizure,局灶性性相关自动症发作,
HP:0032906,Focal head nodding automatism seizure,局灶性点头样自动症发作,
HP:0032907,Focal undressing automatism seizure,局灶性脱衣自动症发作,
HP:0032908,Focal aware undressing automatism seizure,局灶性意识保留的脱衣自动症发作,
HP:0032909,Focal impaired awareness automatism seizure,局灶性意识损害的自动症发作,
HP:0032910,Focal aware automatism seizure,局灶性意识保留的自动症发作,
HP:0032911,Focal aware orofacial automatism seizure,局灶性意识保留的口面部的自动症发作,
HP:0032912,Focal aware manual automatism seizure,局灶性意识保留的手部自动症发作,
HP:0032913,Focal aware pedal automatism seizure,局灶性意识保留的蹬踏样自动症发作,
HP:0032914,Focal aware perseverative automatism seizure,局灶性意识保留的自动症发作,
HP:0032915,Focal aware vocal automatism seizure,局灶性意识保留的发声自动症发作,
HP:0032916,Focal aware verbal automatism seizure,局灶性意识保留的言语自动症发作,
HP:0032917,Focal aware sexual automatism seizure,局灶性意识保留的性相关自动症发作,
HP:0032918,Focal impaired awareness orofacial automatism seizure,局灶性意识障碍的口面部自动症发作,
HP:0032919,Focal aware head nodding automatism seizure,局灶性意识保留的点头自动症发作,
HP:0032920,Focal impaired awareness manual automatism seizure,局灶性意识受损的手部自动症发作,
HP:0032921,Focal impaired awareness pedal automatism seizure,局灶性意识受损的蹬踏样自动症发作,
HP:0032922,Focal impaired awareness perseverative automatism seizure,局灶性意识受损的维持原有动作的自动症发作,
HP:0032923,Focal impaired awareness vocal automatism seizure,局灶性意识受损的发声自动症发作,
HP:0032924,Focal impaired awareness verbal automatism seizure,局灶性意识受损的言语自动症发作,
HP:0032925,Focal impaired awareness sexual automatism seizure,局灶性意识受损的性相关自动症发作,
HP:0032926,Focal impaired awareness head nodding automatism seizure,局灶性意识受损的点头自动症发作,
HP:0032927,Focal impaired awareness undressing automatism seizure,局灶性意识受损的脱衣自动症发作,
HP:0032928,Elevated CSF neurofilament light chain concentration,脑脊液神经丝轻链浓度升高,
HP:0032929,Abnormal chondrocyte morphology,软骨细胞形态异常,
HP:0032930,Lacunar halos around chondrocytes,软骨细胞周围腔隙环,
HP:0032932,Increased circulating pancreatic triacylglycerol lipase level,血液循环胰三酰基甘油脂酶升高,
HP:0032933,Airway hyperresponsiveness,气道高反应性,
HP:0032934,Spontaneous cerebrospinal fluid leak,自发性脑脊液漏,
HP:0032935,Posterior crocodile shagreen of the cornea,角膜后部鳄鱼皮样改变,
HP:0032936,Intrusion symptom,侵入性症状,
HP:0032937,"Recurrent, involuntary, and intrusive distressing memories",反复出现的、非自愿的、侵入性的痛苦记忆,
HP:0032938,Recurrent trauma-related distressing dreams,反复创伤相关的痛苦梦境,
HP:0032939,Physiological reactivity to cues,对线索的生理反应,
HP:0032940,Dissociation,解离,
HP:0032941,Intense psychological distress to cues,强烈的心理困扰暗示,
HP:0032942,Avoidance of stimuli associated with traumatic event,避免与创伤事件有关的刺激,
HP:0032943,Abnormal urine pH,尿液pH异常,
HP:0032944,Alkaline urine,碱性尿,
HP:0032945,Renal interstitial inflammation,间质性肾炎,
HP:0032946,Renal cortical interstitial inflammation,肾皮质间质炎,
HP:0032947,Renal medullary interstitial inflammation,肾髓质间质炎,
HP:0032948,Renal interstitial fibrosis,肾间质纤维化,
HP:0032949,Renal interstitial calcium phosphate deposits,肾间质磷酸钙沉积物,
HP:0032950,Abnormal renal tubular lumen morphology,肾小管腔形态异常,
HP:0032951,Renal tubular viral cytopathic changes,肾小管病毒样细胞病变,
HP:0032952,Usual-type tubular atrophy,寻常型肾小管萎缩,
HP:0032953,Renal tubular cytomegalovirus inclusions,肾小管巨细胞病毒包涵体,
HP:0032954,Renal tubular adenovirus inclusions,肾小管腺病毒包涵体,
HP:0032955,Renal tubular polyoma virus inclusions,肾小管多瘤病毒包涵体,
HP:0032956,Renal tubular herpes simplex virus inclusions,肾小管单纯疱疹病毒包涵体,
HP:0032957,Dysmorphic hematuria,异形红细胞性血尿,
HP:0032958,Urinary oval fat bodies,尿椭圆形脂肪体,
HP:0032959,Intratubular calcium oxalate casts,肾小管内草酸钙结石,
HP:0032960,Intratubular calcium phosphate casts,肾小管内磷酸钙结石,
HP:0032961,Magnesium ammonium phosphate crystalluria,磷酸镁铵尿结晶,
HP:0032962,Tubular microcystic change,管状微囊变,
HP:0032963,Complex renal cyst,复杂性肾囊肿,
HP:0032964,Uric acid crystalluria,尿酸结晶尿,
HP:0032965,Interstitial emphysema,间质性肺气肿,
HP:0032966,Centrilobular emphysema,小叶中央型肺气肿,
HP:0032967,Panacinar emphysema,全小叶型肺气肿,
HP:0032968,Expiratory air trapping,呼气潴留,
HP:0032969,Traction bronchiectasis,牵拉性支气管扩张,
HP:0032970,Traction bronchiolectasis,牵拉性细支气管扩张,
HP:0032971,Computed tomographic halo sign,CT晕轮征,
HP:0032972,Nodular-centrilobular without tree-in-bud pattern on pulmonary HRCT,肺HRCT上结节-中央小叶结节无树芽状排列,
HP:0032973,Abnormal bronchoalveolar lavage fluid morphology,支气管肺泡灌洗液形态异常,
HP:0032974,Abnormal cellular composition of bronchoalveolar fluid,支气管肺泡液的细胞组成异常,
HP:0032975,Abnormal bronchoalveolar fluid protein level,支气管肺泡液蛋白水平异常,
HP:0032976,Elevated bronchoalveolar lavage fluid lymphocyte proportion,支气管肺泡灌洗液淋巴细胞比例升高,
HP:0032977,Elevated bronchoalveolar lavage fluid neutrophil proportion,支气管肺泡灌洗液中性粒细胞比例升高,
HP:0032978,Lipid-laden macrophages in bronchoalveolar fluid,支气管肺泡液中载脂巨噬细胞,
HP:0032979,Hemosiderin-laden macrophages in bronchoalveolar fluid,支气管肺泡液中载血铁蛋白巨噬细胞,
HP:0032980,Absent bronchoalveolar surfactant-protein C,支气管肺泡表面活性剂蛋白C缺乏,
HP:0032981,Absent bronchoalveolar dimeric surfactant-protein B,支气管肺泡二聚体表面活性剂蛋白B缺乏,
HP:0032983,Atoll sign,肺部环礁征,
HP:0032984,Abnormal alveolar macrophage morphology,肺泡巨噬细胞形态异常,
HP:0032985,Dust particle inclusion in alveolar macrophages,肺泡巨噬细胞中的灰尘颗粒,
HP:0032986,Smoker-inclusions in alveolar macrophages,肺泡巨噬细胞中的烟熏颗粒,
HP:0032987,Elevated bronchoalveolar lavage fluid eosinophil proportion,支气管肺泡灌洗液嗜酸性粒细胞比例升高,
HP:0032988,Persistent head lag,持续性头滞后,
HP:0032989,Delayed ability to roll over,翻身能力延迟,
HP:0032990,Localized pulmonary hemorrhage,局部肺出血,
HP:0032991,Abnormal pulmonary fissure morphology,肺叶间裂形态异常,
HP:0032992,Abnormal pulmonary fissure architecture,肺叶间裂结构异常,
HP:0032993,Abnormal pulmonary fissure count,肺叶间裂计数异常,
HP:0032994,Supernumerary pulmonary fissure,异常增多的肺叶间裂,
HP:0032995,Decreased pulmonary fissure count,肺叶间裂减少,
HP:0032996,Abnormal cystatin C level,胱抑素C水平异常,
HP:0032997,Decreased cystatin C level,胱抑素C水平降低,
HP:0032998,Increased cystatin C level,胱抑素C水平升高,
HP:0032999,Increased fecal porphyrin,粪卟啉增多,
HP:0033000,Subglottic laryngitis,声门下喉炎,
HP:0033001,Laryngeal papilloma,喉乳头状瘤,
HP:0033002,Bronchial papilloma,支气管乳头状瘤,
HP:0033003,Tracheal papilloma,气管乳头状瘤,
HP:0033004,Palmar warts,手掌疣,
HP:0033005,Plantar warts,足底疣,
HP:0033006,Diffuse alveolar damage,弥漫性肺泡损伤,
HP:0033007,Architectural distortion of the lung,肺结构性改变,
HP:0033008,Increased Z-disc width,Z线宽度增加,
HP:0033009,Increased fecal coproporphyrin 1,粪卟啉1增高,
HP:0033010,Increased fecal coproporphyrin 3,粪卟啉3增多,
HP:0033011,Platystencephaly,扁窄头,
HP:0033012,Abnormal salivary metabolite concentration,唾液代谢物浓度异常,
HP:0033013,Abnormal salivary cortisol level,唾液皮质醇水平异常,
HP:0033014,Decreased salivary cortisol level,唾液皮质醇水平降低,
HP:0033015,Increased salivary cortisol level,唾液皮质醇水平升高,
HP:0033016,Chronic decreased circulating IgD,血液IgD持续降低,
HP:0033017,Transient decreased circulating IgD,血液IgD一过性降低,
HP:0033018,Chronic absent circulating IgD,血液IgD持续缺乏,
HP:0033019,Male reproductive system neoplasm,男性生殖系统肿瘤,
HP:0033020,Female reproductive system neoplasm,女性生殖系统肿瘤,
HP:0033021,Transient decreased circulating IgE concentration,循环IgE水平一过性降低,
HP:0033022,Chronic decreased circulating IgE concentration,慢性循环IgE水平降低,
HP:0033023,Chronic absent circulating IgE,血液IgE持续缺乏,
HP:0033024,Transient decreased circulating IgA,血液IgA一过性降低,
HP:0033025,Chronic absent circulating total IgG,血液总IgG持续缺乏,
HP:0033026,White oral mucosal macule,口腔粘膜白斑,
HP:0033027,Retinal peau d'orange,视网膜橘皮样损害,
HP:0033028,Anti-U1 ribonucleoprotein antibody positivity,抗U1核糖蛋白抗体阳性,
HP:0033030,Anti-glomerular basement membrane-antibody positivity,抗肾小球基底膜抗体阳性,
HP:0033031,Hyperpyrexia,体温过高,
HP:0033032,Triggered by an abusive adult,被成年人虐待触发,
HP:0033033,Anti-MDA5 antibody positivity,抗MDA5抗体阳性,
HP:0033034,Anti-citrullinated protein antibody positivity,抗瓜氨酸化蛋白抗体阳性,
HP:0033035,Abnormal Schwann cell morphology,雪旺细胞形态异常,
HP:0033036,Decreased nasal nitric oxide,鼻腔一氧化氮减低,
HP:0033037,Migratory arthritis,迁徙性关节炎,
HP:0033038,Anti-RNA-polymerase-III-autoantibody positivity,抗RNA聚合酶Ⅲ自身抗体阳性,
HP:0033039,Increased circulating precipitin level,血液沉淀素水平升高,
HP:0033040,Anti-Sm antibody positivity,抗Sm抗体阳性,
HP:0033041,Cytokine storm,细胞因子风暴,
HP:0033042,Abnormal chorion morphology,绒毛膜形态异常,
HP:0033043,Edematous chorionic villi,绒毛水肿,
HP:0033044,Motor regression,运动倒退,
HP:0033045,Bipedal edema,双足水肿,
HP:0033046,Michaelis-Gutmann bodies,米-古二氏体,
HP:0033047,Body ache,身体疼痛,
HP:0033048,Substantia nigra hypointensity on susceptibility-weighted imaging,SWI序列黑质低信号,
HP:0033049,Globus pallidus hypointensity on susceptibility-weighted imaging,SWI序列苍白球低信号,
HP:0033050,Pharyngalgia,咽痛,
HP:0033051,Impaired executive functioning,执行功能受损,
HP:0033052,Non-epileptic seizure,非癫痫发作,
HP:0033053,Pseudoseizure,假性惊厥,
HP:0033054,Myoclonic tremor,肌阵挛性震颤,
HP:0033055,Impaired ability to plan,计划能力受损,
HP:0033056,Impaired ability to organize,组织能力受损,
HP:0033057,Decreased circulating terminal complement component concentration,循环终末补体成分浓度降低,
HP:0033058,Decreased circulating complement C7 concentration,循环补体C7浓度降低,
HP:0033059,Decreased circulating complement C6 concentration,循环补体C6浓度降低,
HP:0033060,Decreased circulating complement C5 concentration,循环补体C5浓度降低,
HP:0033061,Increased factor IX activity,因子 IX 活性增高,
HP:0033062,Abnormal factor IX activity,因子 IX 活性异常,
HP:0033063,Shortened sleep phase,睡眠周期缩短,
HP:0033064,Renal interstitial globotriaosylceramide inclusions,肾间质三已糖神经酰胺内含物,
HP:0033065,Mild albuminuria,轻度蛋白尿,
HP:0033066,Severe albuminuria,重度蛋白尿,
HP:0033067,Cystine crystalluria,胱氨酸结晶尿,
HP:0033068,Medication crystalluria,药物结晶尿,
HP:0033069,Renal interstitial IgG4+ plasma cell infiltration,肾间质IgG4+浆细胞浸润,
HP:0033070,Impaired self monitoring,自我监控受损,
HP:0033071,Impaired task monitoring,任务监控受损,
HP:0033072,Abnormal macroscopic urine appearance,肉眼可见尿液外观异常,
HP:0033073,Urate tophus,尿酸盐痛风结节,
HP:0033074,Steroid-responsive anemia,激素反应性贫血,
HP:0033075,Inappropriately normal thyroid-stimulating hormone level,促甲状腺激素水平不适当正常,
HP:0033076,Abnormal circulating free T4 concentration,循环游离T4水平异常,
HP:0033077,Increased circulating free T4 concentration,循环游离T4水平升高,
HP:0033078,Decreased circulating free T4 concentration,循环游离T4水平降低,
HP:0033079,Aplasia/Hypoplasia of the thyroid gland,甲状腺发育不全,
HP:0033080,Abnormal TSH response to thyrotrophin-releasing hormone stimulation test,促甲状腺激素释放激素刺激试验引起的TSH异常反应,
HP:0033081,Absent TSH response to thyrotrophin-releasing hormone stimulation test,促甲状腺激素释放激素刺激试验未引起TSH响应,
HP:0033082,Reduced TSH response to thyrotrophin-releasing hormone stimulation test,促甲状腺激素释放激素刺激试验引起的TSH降低,
HP:0033083,Increased circulating farnesol concentration,循环法尼醇浓度升高,
HP:0033084,Abnormal antral follicle count,窦卵泡量异當,
HP:0033085,Reduced antral follicle count,窦卵泡减少,
HP:0033086,Increased antral follicle count,窦卵泡增多,
HP:0033087,Quotidian fever,每日热,
HP:0033088,Valinuria,缬氨酸尿,
HP:0033089,Branched-chain aminoaciduria,支链氨基酸尿,
HP:0033090,Increased aromatic amino acid level in urine,尿芳香族氨基酸含量增加,
HP:0033091,Tyrosinuria,酪氨酸尿,
HP:0033092,Increased urine succinate level,尿琥珀酸水平升高,
HP:0033093,Increased glutamine family amino acid level in urine,尿中谷氨酰胺家族氨基酸水平升高,
HP:0033094,Increased urine glutamate level,尿谷氨酸水平升高,
HP:0033095,Increased sulfur amino acid level in urine,尿中含硫氨基酸水平升高,
HP:0033096,Increased aspartate family amino acid level in urine,尿天冬氨酸家族氨基酸水平升高,
HP:0033097,Increased urine proteinogenic amino acid derivative level,尿蛋白原性氨基酸衍生物水平升高,
HP:0033098,Increased urinary non-proteinogenic amino acid level,尿非蛋白原性氨基酸水平升高,
HP:0033099,Increased serine family amino acid in urine,尿丝氨酸家族氨基酸增加,
HP:0033100,Increased proteinogenic amino acid level in urine,尿蛋白质原性氨基酸水平升高,
HP:0033101,Elevated urine aconitic acid level,尿乌头酸水平升高,
HP:0033102,Monkey wrench femoral neck,扳手样股骨颈,
HP:0033103,Elevated circulating CHI3L1 level,循环CHI3L1水平升高,
HP:0033104,Inappropriate absence of fever,异常的不发热,
HP:0033105,Interhypothalamic adhesion,下丘脑间粘连,
HP:0033106,Elevated circulating D-dimer concentration,循环 D-二聚体浓度增高,
HP:0033107,Abnormal circulating proteinogenic amino acid concentration,循环蛋白原氨基酸浓度异常,
HP:0033108,Abnormal circulating proteinogenic amino acid derivative concentration,循环中蛋白质原氨基酸衍生物浓度异常,
HP:0033109,Abnormal circulating non-proteinogenic amino acid concentration,循环中非蛋白原性氨基酸浓度异常,
HP:0033110,Elevated circulating alpha-aminobutyric acid concentration,循环α-氨基丁酸浓度升高,
HP:0033111,3-hydroxyisovaleric aciduria,3-羟基异戊酸尿,
HP:0033112,Elevated circulating apolipoprotein C-III concentration,循环载脂蛋白C-III浓度升高,
HP:0033113,Gallop rhythm,奔马律,
HP:0033114,Quadruple gallop rhythm,四心音奔马律,
HP:0033115,Elevated circulating tenascin-C level,循环肌腱蛋白-C水平升高,
HP:0033116,Duodenal gastric metaplasia,十二指肠胃化生,
HP:0033117,Duodenitis,十二指肠炎,
HP:0033118,Abnormal right ventricular function,右心室功能异常,
HP:0033119,Elevated right ventricular systolic pressure,右心室收缩压升高,
HP:0033120,Nummular eczema,钱币样湿疹,
HP:0033121,Barking cough,犬吠样咳嗽,
HP:0033122,Absent P wave,P波消失,
HP:0033123,Elevated circulating osteopontin level,循环骨调素水平升高,
HP:0033124,Increased serum sorbitol concentration,血清山梨醇浓度升高,
HP:0033125,Follicular lymphoma,滤泡淋巴瘤,
HP:0033126,Cutaneous necrosis,皮肤坏死,
HP:0033127,Abnormality of the musculoskeletal system,肌肉骨骼系统异常,
HP:0033128,Delayed ability to crawl,爬行能力延迟,
HP:0033129,Abnormal shoulder physiology,肩部生理异常,
HP:0033130,Abnormal renal echogenicity,肾内异常回声,
HP:0033131,Renal medullary hyperechogenicity,肾髓质回声增强,
HP:0033132,Renal cortical hyperechogenicity,肾皮质回声增强,
HP:0033133,Renal cortical hypoechogeneity,肾皮质回声减弱,
HP:0033134,Abdominal adhesions,腹腔粘连,
HP:0033135,Hepatic infarction,肝梗塞,
HP:0033136,Lymph node abscess,淋巴结脓肿,
HP:0033137,Abnormal pulmonary alveolar system morphology,肺泡系统形态异常,
HP:0033138,Right atrial thrombus,右房血栓,
HP:0033139,Elevated circulating uracil concentration,循环尿嘧啶浓度升高,
HP:0033140,Blake's pouch cyst,布莱克氏囊肿,
HP:0033141,Severe SARS-CoV-2 infection,严重的 SARS-CoV-2 感染,
HP:0033142,Long nasal bridge,长鼻梁,
HP:0033143,Jejunitis,空肠炎,
HP:0033144,Abnormal circulating ceruloplasmin concentration,循环铜蓝蛋白浓度异常,
HP:0033145,Increased circulating ceruloplasmin concentration,循环铜蓝蛋白浓度升高,
HP:0033146,Elevated circulating methylsuccinic acid concentration,循环甲基琥珀酸浓度升高,
HP:0033147,Abnormal circulating short-chain fatty-acid concentration,循环短链脂肪酸浓度异常,
HP:0033148,Increased circulating isovaleric acid concentration,循环异戊酸浓度增加,
HP:0033149,Intrahepatic bile duct dilatation,肝内胆管扩张,
HP:0033150,Anorectal abscess,肛门直肠脓肿,
HP:0033151,Abnormal pharynx morphology,咽结构异常,
HP:0033152,Abnormal pharynx physiology,咽生理功能异常,
HP:0033153,Elevated circulating dodecenoylcarnitine concentration,循环十二烯基肉碱浓度升高,
HP:0033154,Elevated circulating deoxypyridinoline concentration,循环脱氧吡啶浓度升高,
HP:0033155,Elevated circulating L-alloisoleucine concentration,循环L -别异亮氨酸循环浓度升高,
HP:0033156,Elevated urine L-alloisoleucine level,尿L -别异亮氨酸水平升高,
HP:0033157,Elevated circulating 3-methylhistidine concentration,循环3-甲基组氨酸浓度升高,
HP:0033158,Reduced respiratory ciliary beating frequency,呼吸纤毛摆动频率异常,
HP:0033159,Reduced urinary inosine level,尿肌苷水平降低,
HP:0033160,Decreased urinary guanosine level,尿鸟嘌呤核苷水平下降,
HP:0033161,Abnormal urinary purine level,尿嘌呤水平异常,
HP:0033162,Abnormal urinary pyrimidine level,尿嘧啶水平异常,
HP:0033163,Small intestinal bacterial overgrowth,小肠肠道细菌过度生长,
HP:0033164,Focal active colitis,局灶性活动性结肠炎,
HP:0033165,Necrotizing enterocolitis,坏死性小肠结肠炎,
HP:0033166,Recurrent viral upper respiratory tract infections,复发性病毒性上呼吸道感染,
HP:0033167,Neutrophilic urticarial dermatosis,中性粒细胞性荨麻疹性皮肤病,
HP:0033168,Reduced mevalonate kinase activity,甲戊酸激酶活性降低,
HP:0033169,Reduced total lung capacity,肺活量降低,
HP:0033170,Abnormal skinfold thickness measurement,皮褶厚度测量异常,
HP:0033171,Abnormal triceps skinfold thickness,肱三头肌皮褶厚度异常,
HP:0033172,Increased triceps skinfold thickness,肱三头肌皮褶厚度增加,
HP:0033173,Milky appearance of bronchoalveolar lavage fluid,支气管肺泡灌洗液乳白色外观,
HP:0033174,Bloody bronchoalveolar lavage fluid,血性支气管肺泡灌洗液,
HP:0033175,Elevated circulating 5-oxoproline concentration,5-羟脯氨酸循环浓度升高,
HP:0033176,Submandibular lymph node enlargement,颌下淋巴结肿大,
HP:0033177,Elevated circulating suberic acid concentration,循环辛二酸浓度升高,
HP:0033178,Increased circulating interleukin 8 concentration,循环白细胞介素8水平升高,
HP:0033179,Elevated circulating aconitic acid concentration,循环乌头酸浓度升高,
HP:0033180,Torsion of appendix of testis,睾丸附件扭转,
HP:0033181,Spinal epidural abscess,脊髓硬膜外脓肿,
HP:0033182,Increased circulating cathepsin D level,循环组织蛋白酶D水平升高,
HP:0033183,Bilobed right lung,二叶右肺,
HP:0033184,Triggered by infection,感染触发,
HP:0033185,Triggered by EBV infection,EB病毒感染触发,
HP:0033186,Misalignment of the pulmonary veins,肺静脉错位,
HP:0033187,Hyperimidodipeptiduria,高亚氨基二肽尿症,
HP:0033188,Cystic acne,囊肿性痤疮,
HP:0033189,Radiculomegaly,牙根外露,
HP:0033190,Hypertrichotic hyperpigmented patch,多毛色素沉着斑,
HP:0033191,Increased circulating selenium concentration,循环硒浓度升高,
HP:0033192,Decreased circulating selenium concentration,循环硒浓度降低,
HP:0033193,Ballooning hepatocyte degeneration,气球样肝细胞变性,
HP:0033194,Perioral erythema,口周红斑,
HP:0033195,Perianal erythema,肛周红斑,
HP:0033196,Portal inflammation,门脉区炎症,
HP:0033197,Hepatic lobular inflammation,肝小叶炎症,
HP:0033198,Triggered by viral infection,病毒感染触发,
HP:0033199,Increased circulating interleukin 10 concentration,循环白细胞介素10水平升高,
HP:0033200,Triceps hyporeflexia,肱三头肌反射减弱,
HP:0033201,Biceps hyporeflexia,肱二头肌反射减弱,
HP:0033202,Brachioradialis hyporeflexia,肱桡肌反射减退,
HP:0033203,Brachioradialis hyperreflexia,肱桡肌反射活跃,
HP:0033204,Triceps hyperreflexia,肱三头肌反射活跃,
HP:0033205,Biceps hyperreflexia,肱二头肌反射活跃,
HP:0033206,Hyperactive Achilles reflex,跟腱反射活跃,
HP:0033207,Increased proportion autoreactive unresponsive CD21-/low B cells,自身反应性无应答 CD21-/低 B 细胞比例增高,
HP:0033208,Alveolar capillary dysplasia,肺泡毛细血管异常增生,
HP:0033209,Acinar dysplasia,腺泡发育异常,
HP:0033210,Congenital alveolar dysplasia,先天性肺泡发育异常,
HP:0033211,Decreased total iron binding capacity,总铁结合力下降,
HP:0033212,Abnormal total iron binding capacity,总铁结合力异常,
HP:0033213,Elevated urine suberic acid level,尿辛二酸水平升高,
HP:0033214,Recurrent viral pneumonia,复发性病毒性肺炎,
HP:0033215,Obliterative abnormality of the renal glomerulus,肾小球闭塞性异常,
HP:0033216,Glomerular hyalinosis,肾小球透明变性,
HP:0033217,Perihilar glomerular hyalinosis,门周肾小球透明变性,
HP:0033218,Glomerular hyalinosis at the tubular pole,肾小管管极肾小球透明变性（肾小管处肾小球透明变性）,
HP:0033219,Glomerular hyalinosis away from the vascular and tubular poles,远离血管和管极的肾小球透明变性,
HP:0033220,2-ethylhydracylic aciduria,2-乙基水杨酸尿,
HP:0033221,Increased CD4:CD8 ratio,CD4:CD8 比值增高,
HP:0033222,Decreased CD4:CD8 ratio,CD4:CD8 比值减低,
HP:0033223,Abnormal glomerular parietal epithelial cell morphology,肾小球壁上皮细胞形态异常,
HP:0033224,Glomerular parietal epithelial cell hyperplasia,肾小球壁上皮细胞增生,
HP:0033225,Glomerular parietal epithelial cell hypertrophy,肾小球壁上皮细胞肥大,
HP:0033226,Bowman capsular hyaline drops,鲍曼囊透明液滴,
HP:0033227,Glomerular synechial adhesion,肾小球粘连,
HP:0033228,Triceps areflexia,肱三头肌反射消失,
HP:0033229,Brachioradialis areflexia,肱桡肌反射消失,
HP:0033230,Biceps areflexia,肱二头肌反射消失,
HP:0033231,Abnormal glomerular mesangial cellularity,肾小球系膜细胞异常,
HP:0033232,Abnormal glomerular mesangial matrix morphology,肾小球系膜基质形态异常,
HP:0033233,Paramesangial deposits,肾小球系膜旁沉积,
HP:0033234,Mesangial hyaline deposition,肾小球系膜区透明沉积,
HP:0033235,Difficulty descending stairs,下楼梯困难,
HP:0033236,Cognitive fatigue,认知疲劳,
HP:0033237,Visceral epithelial cell detachment,内皮细胞脱离,
HP:0033238,Podocyte microvillous transformation,足细胞微绒毛转化,
HP:0033239,Visceral epithelial cell capping,帽状内上皮细胞（内皮细胞覆盖）,
HP:0033240,Elevated RV/TLC ratio,RV/TLC升高,
HP:0033241,Polyalveolar lobe,多肺泡叶,
HP:0033242,Horseshoe lung,马蹄肺,
HP:0033243,Pulmonary necrosis,肺坏疽,
HP:0033244,Glycogen accumulation in pulmonary interstitial cells,肺间质细胞糖原聚集,
HP:0033245,Abnormal alveolar type II pneumocyte morphology,II型肺泡上皮细胞形态异常,
HP:0033246,Type II pneumocyte hypertrophy,II型肺细胞肥大,
HP:0033247,Pulmonary amyloidosis,肺淀粉样变,
HP:0033248,Multiple pulmonary interstitial hyalinized nodules,多发肺间质透明结节,
HP:0033249,Focal substantia nigra T2 hyperintensity,黑质局灶长T2信号,
HP:0033250,Nailfold capillary tortuosity,甲襞毛细血管曲折,
HP:0033251,Elevated residual volume,残气量升高,
HP:0033252,Palmar hyperlinearity,掌纹过多,
HP:0033253,Reduced circulating interferon gamma concentration,循环γ干扰素浓度降低,
HP:0033254,Anorectal stricture,肛门直肠狭窄,
HP:0033255,Congenital lobar overinflation,先天性肺叶过度充气,
HP:0033256,Pancolitis,全结肠炎,
HP:0033257,Delayed ability to walk with support,辅助行走能力发育延迟,
HP:0033258,Sudden unexpected death in epilepsy,癫痫猝死症,
HP:0033259,Non-motor seizure,非运动性惊厥,
HP:0033260,Livedo racemosa,葡萄状青斑,
HP:0033261,Renal artery aneurysm,肾动脉瘤,
HP:0033262,Transphyseal fracture of the distal humerus,肱骨远端骺板骨折,
HP:0033263,Absent platelet dense granules,血小板致密颗粒缺乏,
HP:0033264,Enlarged platelet dense granules,血小板致密颗粒增大,
HP:0033265,Podocyte myelin figures,足细胞髓鞘样,
HP:0033266,Glomerular pseudocrescent,假性新月体肾小球（肾小球假性新月体）,
HP:0033267,Abnormal glomerular capillary lumen morphology,肾小球毛细血管腔形态异常,
HP:0033268,Deflation of the glomerular tuft,肾小球簇缩窄,
HP:0033269,Glomerular capillary collapse,肾小球毛细血管塌陷,
HP:0033270,Glomerular capillary congestion,肾小球毛细血管淤血（充血）,
HP:0033271,Glomerular capillary microaneurysm,肾小球毛细血管微动脉瘤,
HP:0033272,Abnormal glomerular endothelial cell morphology,肾小球内皮细胞形态异常,
HP:0033273,Loss of glomerular endothelial cell fenestration,肾小球内皮细胞窗孔消失（肾小球内皮细胞开窗缺失）,
HP:0033274,Glomerular endotheliosis,肾小球内皮增生,
HP:0033275,Glomerular endothelial tubuloreticular inclusion,肾小球内皮细胞管网状包涵体,
HP:0033277,Glomerular fibrinoid necrosis,纤维蛋白样坏死（肾小球纤维蛋白样坏死）,
HP:0033278,Reduced CD95-induced lymphocyte apoptosis,CD95诱导的淋巴细胞凋亡减少,
HP:0033279,Enterocutaneous fistula,肠外瘘,
HP:0033280,Paratracheal lymphadenopathy,气管旁淋巴结肿大,
HP:0033281,Circulating nucleated red blood cells,循环有核红细胞,
HP:0033282,Abnormal glomerular basement membrane morphology,肾小球基底膜形态异常,
HP:0033283,Segmentally thickened glomerular basement membrane,肾小球基底膜节段性增厚（节段性增厚的肾小球基底膜）,
HP:0033284,Diffusely thickened glomerular basement membrane,肾小球基底膜弥漫性增厚（弥漫性增厚的肾小球基底膜）,
HP:0033285,Thickened glomerular basement membranes with no electron dense deposits,肾小球基底膜增厚，不伴有电子致密沉积物,
HP:0033286,Thickened glomerular basement membranes with electron dense deposits,肾小球基底膜增厚，伴有电子致密沉积物,
HP:0033287,Glomerular basement membrane lucencies,肾小球基底膜透明,
HP:0033288,Glomerular basement membrane spikes,肾小球基底膜刺突,
HP:0033289,Glomerular basement membrane wrinkling,肾小球基底膜褶皱,
HP:0033290,Glomerular subendothelial widening,肾小球内皮下扩张,
HP:0033291,Glomerular karyhorrhectic debris,肾小球核碎裂碎片,
HP:0033292,Glomerular fibrin thrombus,肾小球纤维蛋白血栓,
HP:0033293,Glomerular hyaline pseudothrombus,肾小球玻璃样假血栓,
HP:0033294,Glomerular lipoprotein thrombus,肾小球脂蛋白血栓,
HP:0033295,Mesangial Immune complex deposition,系膜免疫复合物沉积,
HP:0033296,Binucleated visceral epithelial cells,双核内皮细胞,
HP:0033297,Multinucleated visceral epithelial cells,多核内皮细胞,
HP:0033298,Abnormal circulating complement factor H related protein 1 concentration,循环补体因子H相关蛋白1浓度异常,
HP:0033299,Reduced circulating complement factor H related protein 1 concentration,循环补体因子H相关蛋白1浓度降低,
HP:0033300,Increased circulating complement factor H related protein 1 concentration,循环补体因子H相关蛋白1浓度升高,
HP:0033301,Elevated circulating 1-methylhistidine concentration,循环1-甲基组氨酸浓度升高,
HP:0033302,Elevated circulating 4-hydroxyphenylacetic acid concentration,循环4-羟基苯乙酸浓度升高,
HP:0033303,Elevated urinary monocarboxylic acid level,尿单羧酸水平升高,
HP:0033305,Abnormal circulating fetuin A concentration,循环胎球蛋白A浓度异常,
HP:0033306,Decreased circulating fetuin A concentration,循环胎球蛋白A浓度降低,
HP:0033307,Increased circulating fetuin A concentration,循环胎球蛋白A浓度升高,
HP:0033308,Patellar overgrowth,髌骨过度生长,
HP:0033309,Ileoileal intussusception,回盲肠肠套叠,
HP:0033310,Osmotic diarrhea,渗透性腹泻,
HP:0033311,Abdominal aortic dissection,腹主动脉夹层,
HP:0033312,Abnormal Bowman space morphology,肾小囊腔形态异常,
HP:0033313,Urinary space collagenization,肾小囊腔胶原化,
HP:0033314,Visceral epithelial cell hyperplasia,内皮细胞增生,
HP:0033315,Visceral epithelial hyaline droplets,内皮透明滴,
HP:0033316,Glomerular crescent formation,肾小球新月体形成,
HP:0033317,Cellular crescent,细胞性新月体,
HP:0033318,Fibrocellular crescent,细胞纤维性新月体,
HP:0033319,Fibrous crescent,纤维性新月体,
HP:0033320,Mesangial cell loss,系膜细胞缺失,
HP:0033321,Glomerular obsolescence,肾小球退行性病变,
HP:0033322,Glomerular capillary wall duplication without cellular interposition,肾小球毛细血管壁重复，无细胞介入,
HP:0033323,Glomerular capillary wall duplication with cellular interposition,肾小球毛细血管壁重复，伴有细胞介入,
HP:0033324,Elevated circulating homovanillic acid concentration,循环高香草酸浓度升高,
HP:0033325,Elevated circulating sebacic acid concentration,循环癸二酸浓度升高,
HP:0033326,Elevated circulating hydroxyphenlyllactic acid concentration,循环羟基苯乳酸浓度升高,
HP:0033327,Nail psoriasis,银屑病甲,
HP:0033328,Type II pneumocyte hyperplasia,II型肺泡上皮细胞增生,
HP:0033329,Abnormal postural reflex,姿势反射异常,
HP:0033330,Impaired neck-righting reflex,颈部扶正反射受损,
HP:0033331,Acute phase response,急性期反应,
HP:0033332,Elevated circulating amyloid A concentration,循环淀粉样蛋白A水平升高,
HP:0033333,Jaw contracture,下颌挛缩,
HP:0033334,Abnormal embryonic development,胚胎发育异常,
HP:0033335,Abnormal preimplantation embryonic development,植入前胚胎发育异常,
HP:0033336,Zygotic cleavage failure,合子分裂失败,
HP:0033337,Abnormal gametogenesis,配子发育异常,
HP:0033338,Abnormal female meiosis,女性减数分裂异常,
HP:0033339,Increased circulating inosine concentration,循环肌苷浓度增加,
HP:0033340,Increased circulating guanosine concentration,循环鸟苷浓度增加,
HP:0033341,Elevated circulating sitosterol concentration,循环谷固醇浓度增加,
HP:0033342,Anti-aquaporin 4 antibody positivity,抗水通道蛋白 4 抗体阳性,
HP:0033343,Mucoid diarrhea,黏液状腹泻,
HP:0033344,Pleural cobblestoning,胸膜鹅卵石样改变,
HP:0033345,Neuralgia,神经抽搐（尤指头部或面部）,
HP:0033346,Psychic epileptic aura,精神癫痫先兆,
HP:0033347,Cognitive epileptic aura,认知性癫痫先兆,
HP:0033348,Epileptic aura,癫痫先兆,
HP:0033349,Seizure cluster,成簇癫痫发作,
HP:0033350,Elevated forced expiratory volume in one second,用力肺活量升高,
HP:0033351,Candida esophagitis,念珠菌性食管炎,
HP:0033352,Pulmonary hypertensive crisis,肺动脉高压危象,
HP:0033353,Abnormal blood vessel morphology,血管形态异常,
HP:0033354,Abnormal urine metabolite level,尿代谢物水平异常,
HP:0033355,Increased urine deoxypyridinoline level,尿脱氧吡啶啉水平升高,
HP:0033356,Elevated circulating o-phosphoserine concentration,循环o-磷酸丝氨酸浓度升高,
HP:0033357,Limited head rotation,转头受限,
HP:0033358,Abnormal urine osmolality,尿渗透压异常,
HP:0033359,Hyperosthenuria,高比重尿,
HP:0033360,Impaired ability to shift attention,转移注意力的能力受损,
HP:0033361,Nasal ulcer,鼻溃疡,
HP:0033362,Recurrent coughing spasms,反复咳嗽痉挛,
HP:0033363,Hyaline membranes,透明膜,
HP:0033364,Lipoid pneumonia,类脂性肺炎,
HP:0033365,Endogenous lipoid pneumonia,内源性类脂性肺炎,
HP:0033366,Exogenous lipoid pneumonia,外源性类脂性肺炎,
HP:0033367,Orthodeoxia,直立低氧血症,
HP:0033368,Platypnea,斜卧呼吸,
HP:0033369,Cavitating leukodystrophy,空洞性脑白质营养不良,
HP:0033370,Bronchial telangiectasia,支气管毛细血管扩张,
HP:0033371,Bronchocentric granulomatosis,支气管中心肉芽肿病,
HP:0033372,Abnormal KCO,异常KCO,
HP:0033373,Increased KCO,KCO升高,
HP:0033374,Decreased KCO,KCO降低,
HP:0033375,Anthracosis,矽肺病,
HP:0033376,Alveolar septal thickening,肺泡间隔增厚,
HP:0033377,Increased airway neuroendocrine cells,气道神经内分泌细胞增多,
HP:0033378,Increased airway neuroepithelial bodies,气道神经上皮小体增多,
HP:0033379,Bilateral superior vena cava,双侧上腔静脉,
HP:0033380,Nasal chondritis,鼻软骨炎,
HP:0033381,Elevated circulating stearoylcarnitine concentration,循环硬脂酰肉碱浓度升高,
HP:0033382,Elevated circulating palmitoylcarnitine concentration,循环棕榈酰肉碱浓度升高,
HP:0033383,Decreased compound muscle action potential amplitude,复合肌肉动作电位波幅降低,
HP:0033384,Elevated urinary collagen degradation products,尿胶原蛋白降解产物升高,
HP:0033385,Elevated urine pyridinoline level,尿中吡啶啉水平升高,
HP:0033386,Abnormal circulating collagen degradation product concentration,循环胶原降解产物浓度异常,
HP:0033387,Elevated circulating pyridinoline concentration,循环吡啶啉浓度升高,
HP:0033388,Abnormal bronchial artery morphology,支气管动脉形态异常,
HP:0033389,Bronchopulmonary anastomosis,支气管动脉与肺动脉吻合,
HP:0033390,Bronchial artery dilatation,支气管动脉扩张,
HP:0033391,Bronchial artery hypertrophy,支气管动脉肥大,
HP:0033392,Perivascular pre-capillary pulmonary artery inflammation,毛细血管前肺动脉周围炎症,
HP:0033393,Irregularly shaped sperm tail,精子尾部畸形（不规则形状的精子尾）,
HP:0033394,Anti-carbonic anhydrase II antibody positivity,抗碳酸酐酶II抗体阳性,
HP:0033395,Antilactoferrin antibody positivity,抗乳铁蛋白抗体阳性,
HP:0033396,Glomerular extracapillary fibrin,肾小球毛细血管外纤维蛋白,
HP:0033397,Bowman-space proteinaceous debris,肾小囊腔蛋白质碎片,
HP:0033398,Pleural plaque,胸模斑,
HP:0033399,Persistent fever,持续性发热,
HP:0033400,Acute abdomen,急性腹痛,
HP:0033401,Tissue ischemia,组织缺血,
HP:0033402,Digital ischemia,指端缺血,
HP:0033403,Testicular ischemia,睾丸缺血,
HP:0033404,Intestinal ischemia,肠缺血,
HP:0033405,Abnormal circulating organic amino compound concentration,循环有机氨基化合物浓度异常,
HP:0033406,Elevated circulating phosphoethanolamine concentration,循环磷酸乙醇胺水平升高,
HP:0033407,Elevated urine acetoacetic acid level,尿乙酰乙酸水平升高,
HP:0033408,Elevated circulating acetoacetic acid concentration,循环乙酰乙酸水平升高,
HP:0033409,Elevated urinary 2-hydroxybutyric acid,尿2-羟基丁酸升高,
HP:0033410,Elevated circulating cartilage oligomeric matrix protein concentration,循环软骨寡聚体基质蛋白浓度升高,
HP:0033411,Lower extremity akinesia,下肢运动不能,
HP:0033412,Upper extremity akinesia,上肢运动不能,
HP:0033413,Upper extremity hypokinesia,上肢运动减低,
HP:0033414,Lower extremity hypokinesia,下肢运动减低,
HP:0033415,Cardiac tamponade,心脏压塞,
HP:0033416,Hip adductor weakness,髋内收肌无力,
HP:0033417,Elevated circulating hydroxybutyric acid concentration,循环羟基丁酸浓度升高,
HP:0033418,Elevated circulating 2-hydroxybutyric acid concentration,循环2-羟基丁酸浓度升高,
HP:0033419,Elevated circulating 3-hydroxybutyric acid concentration,循环3-羟基丁酸浓度升高,
HP:0033420,Pulmonary arterial plexiform lesion,肺动脉丛状病变,
HP:0033421,Pulmonary artery intimal thickening,肺动脉内膜增厚,
HP:0033422,Pulmonary artery adventitial fibrosis,肺动脉外膜纤维化,
HP:0033423,Pulmonary arterial hypertension with positive acute response to NO challenge,对NO刺激急性反应阳性的肺动脉高压,
HP:0033424,Pulmonary arterial hypertension with lack of acute response to NO challenge,对NO刺激缺乏急性反应的肺动脉高压,
HP:0033425,Periungual erythema,甲周红斑,
HP:0033426,Pulmonary air embolism,肺空气栓塞,
HP:0033427,Pulmonary capillary angioectasia,肺毛细血管扩张,
HP:0033428,Systemic autoinflammation,全身性自身炎症,
HP:0033429,Neuroinflammation,神经炎症,
HP:0033430,Non-infectious meningitis,非感染性脑膜炎,
HP:0033431,Cytomegalovirus colitis,巨细胞病毒性结肠炎,
HP:0033432,Opportunistic viral infection,机会性病毒感染,
HP:0033433,Ileocecal ulcer,回盲肠溃疡,
HP:0033434,Nasal septum perforation,鼻中隔穿孔,
HP:0033435,Abnormal circulating keto acid concentration,循环酮酸浓度异常,
HP:0033436,Elevated circulating 3-methyl-2-oxovaleric acid concentration,循环3-甲基-2-氧化戊酸浓度升高,
HP:0033437,Elevated circulating 4-methyl-2-oxopentanoic acid concentration,循环4-甲基-2-氧戊酸浓度升高,
HP:0033438,Elevated circulating myoglobin concentration,循环肌红蛋白浓度升高,
HP:0033439,Elevated circulating decenoylcarnitine concentration,循环癸烯酰肉碱浓度升高,
HP:0033440,Elevated circulating octenoylcarnitine concentration,循环中辛烯酰肉碱浓度升高,
HP:0033441,Elevated circulating hexanoylcarnitine concentration,循环己酰肉碱浓度升高,
HP:0033442,Elevated circulating glutarylcarnitine concentration,循环戊二酰肉碱浓度升高,
HP:0033443,Elevated circulating propionylcarnitine concentration,循环丙基肉碱浓度升高,
HP:0033444,Elevated circulating dodecanoylcarnitine concentration,循环十二碳酰肉碱浓度升高,
HP:0033445,Reduced circulating acylcarnitine concentration,循环酰基肉碱浓度降低,
HP:0033446,Elevated circulating butyrylcarnitine concentration,循环中丁酰肉碱浓度升高,
HP:0033447,Elevated circulating isovalerylcarnitine concentration,循环中异戊酰肉碱浓度升高,
HP:0033448,Increased mid-arm muscle circumference,上臂肌围增加,
HP:0033449,Decreased mid-arm muscle circumference,上臂肌围降低,
HP:0033450,Abnormal circulating prealbumin concentration,循环前白蛋白浓度异常,
HP:0033451,Increased circulating prealbumin concentration,循环前白蛋白浓度升高,
HP:0033453,Limited neck extension,伸颈受限,
HP:0033454,Tube feeding,管饲,
HP:0033456,Elevated urine keto acid level,尿酮酸水平升高,
HP:0033457,Elevated urine 3-methyl-2-oxovaleric acid level,尿3-甲基-2-氧戊酸水平升高,
HP:0033458,Elevated urine 4-methyl-2-oxopentanoic acid level,尿4-甲基-2-氧戊酸水平升高,
HP:0033459,Decreased circulating apolipoprotein concentration,循环载脂蛋白浓度降低,
HP:0033460,Increased circulating apolipoprotein circulation,循环载脂蛋白升高,
HP:0033461,Elevated circulating 3-hydroxylinoleylcarnitine concentration,循环3-羟基亚麻烯酰肉碱浓度升高,
HP:0033462,Elevated circulating oleylcarnitine concentration,循环油酸肉碱浓度升高,
HP:0033464,Elevated circulating 3-hydroxypalmitoleylcarnitine concentration,循环3-羟棕榈烯酰肉碱浓度升高,
HP:0033465,Elevated circulating tetradecanoylcarnitine concentration,循环肉豆蔻酰肉碱水平身高,
HP:0033466,Weak grip,抓握无力,
HP:0033467,Low 10-minute APGAR score,10分钟APGAR评分低,
HP:0033468,10-minute APGAR score of 0,10分钟APGAR评分0分,
HP:0033469,10-minute APGAR score of 1,10分钟APGAR评分1分,
HP:0033470,10-minute APGAR score of 2,10分钟APGAR评分2分,
HP:0033471,10-minute APGAR score of 3,10分钟APGAR评分3分,
HP:0033472,10-minute APGAR score of 4,10分钟APGAR评分4分,
HP:0033473,10-minute APGAR score of 5,10分钟APGAR评分5分,
HP:0033474,10-minute APGAR score of 6,10分钟APGAR评分6分,
HP:0033475,Limited shoulder abduction,肩外展受限,
HP:0033476,Extractable nuclear antigen positivity,可提取性核抗原阳性,
HP:0033477,Abnormal circulating lipoprotein lipase concentration,循环脂蛋白脂肪酶浓度异常,
HP:0033478,Increased circulating lipoprotein lipase concentration,循环脂蛋白脂肪酶浓度升高,
HP:0033479,Abnormal circulating bilirubin concentration,循环胆红素浓度异常,
HP:0033480,Hypobilirubinemia,低胆红素血症,
HP:0033481,Limited lateral neck flexion,颈侧屈受限,
HP:0033482,Limited shoulder flexion,肩关节屈曲受限,
HP:0033483,Podocyte infolding,足细胞内折,
HP:0033484,Elevated circulating linoleylcarnitine concentration,循环中亚烯酰肉碱浓度升高,
HP:0033485,Glomerular basement membrane disruption,肾小球基底膜破裂,
HP:0033486,Abnormal glomerular basement membrane texture,肾小球基底膜结构异常,
HP:0033487,Glomerular basement membranes powdery deposit,肾小球基底膜粉状沉积,
HP:0033488,Glomerular endocapillary leukocyte hypercellularity,肾小球毛细血管内白细胞过多,
HP:0033489,Glomerular endocapillary neutrophil hypercellularity,肾小球毛细血管内中性粒细胞过多,
HP:0033490,Glomerular endocapillary foam-cell hypercellularity,肾小球毛细血管内泡沫细胞过多,
HP:0033491,Global mesangial sclerosis,全系膜硬化,
HP:0033492,Podocyte cytoskeletal condensation,足细胞细胞骨架凝聚（足细胞骨架凝聚）,
HP:0033493,Mesangial matrix expansion,系膜基质扩张,
HP:0033494,Glomerular basement membrane amyloid spicule,肾小球基底膜淀粉样骨针,
HP:0033495,Segmental glomerulosclerosis,节段性肾小球硬化症,
HP:0033496,Perihilar segmental glomerulosclerosis,节段性肾小球硬化症(门部型）,
HP:0033497,Tip variant segmental glomerulosclerosis,节段性肾小球硬化症(尖端变体型）,
HP:0033498,Segmental glomerulosclerosis away from the vascular and tubular poles,远离血管和肾小管极的节段性肾小球硬化,
HP:0033499,Glomerular basement membrane electron dense deposits,肾小球基底膜电子致密物沉积,
HP:0033500,Subendothelial glomerular basement membrane electron dense deposits,内皮下肾小球基底膜电子致密物沉积,
HP:0033501,Subepithelial glomerular basement membrane electron dense deposits,肾小球基底膜（上）皮下电子致密物沉积,
HP:0033502,Abnormal esterified to free carnitine ratio,酯化肉碱与游离肉碱比率异常,
HP:0033503,Elevated CSF fumarate concentration,脑脊液富马酸盐浓度升高,
HP:0033504,Elevated circulating fumarate concentration,循环延胡索酸浓度升高,
HP:0033505,Livedo reticularis,网状青斑,
HP:0033506,Increased esterified to free carnitine ratio,酯化肉碱与游离肉碱的比例增加,
HP:0033507,Decreased esterified to free carnitine ratio,酯化肉碱与游离肉碱的比例降低,
HP:0033508,EBV meningitis,EB病毒脑膜炎,
HP:0033509,EBV encephalitis,EB病毒脑炎,
HP:0033510,Cutaneous horn,皮角,
HP:0033511,Addictive substance use,物质使用成瘾,
HP:0033512,Addictive stimulant use,兴奋剂使用成瘾,
HP:0033513,Addictive cocaine use,可卡因使用成瘾,
HP:0033514,Addictive amphetamine use,安非他明使用成瘾,
HP:0033515,Addictive opioid use,阿片类药物使用成瘾,
HP:0033516,Addictive benzodiazepine use,苯二氮卓类药物使用成瘾,
HP:0033517,Addictive heroin use,海洛因使用成瘾,
HP:0033518,Addictive methylphenidate use,哌醋甲酯使用成瘾,
HP:0033519,Addictive methamphetamine use,甲基苯丙胺使用成瘾,
HP:0033520,Paradoxical embolism,反常栓塞,
HP:0033521,Nasal dryness,鼻干,
HP:0033522,Cerebral cavernous malformation,脑海绵状血管瘤,
HP:0033523,Abnormal sperm principal piece morphology,精子主段形态异常,
HP:0033524,Abnormal sperm axoneme morphology,精子轴丝形态异常,
HP:0033525,Absent sperm axoneme central pair complex,精子轴丝中心对复合体缺失,
HP:0033526,Limited ankle dorsiflexion,踝关节背屈受限,
HP:0033527,Decreased gonadotropin-stimulated testosterone-to-androstenedione ratio,促性腺激素刺激的睾酮与雄烯二酮比率降低,
HP:0033528,Abnormal cardiac output,心输出量异常,
HP:0033529,Abnormal cardiac index,心脏指数异常,
HP:0033530,Increased cardiac index,心脏指数升高,
HP:0033531,Decreased cardiac index,心脏指数下降,
HP:0033532,Decreased cardiac output,心输出量减少,
HP:0033533,Increased cardiac output,心输出量增加,
HP:0033534,Increased circulating brain natriuretic peptide concentration,循环脑利钠肽浓度升高,
HP:0033535,Reduced platelet dense granules,血小板致密颗粒减少,
HP:0033536,Reduced platelet alpha granules,血小板α颗粒减少,
HP:0033537,Mosaic pulmonary attenuation pattern,马赛克式肺衰减模式,
HP:0033538,Aortic annulus calcification,主动脉环钙化,
HP:0033539,Bilateral apical pulmonary fibrosis,双侧肺尖纤维化,
HP:0033540,Reversible airflow obstruction,可逆性气流受限,
HP:0033541,Irreversible airflow obstruction,不可逆性气流受限,
HP:0033542,Bronchial wall thickening,支气管壁增厚,
HP:0033543,Addictive nicotine use,尼古丁使用成瘾,
HP:0033544,Mesangial fibril deposition,系膜纤维沉积,
HP:0033545,Mesangial fibrillary deposits,系膜纤丝沉积,
HP:0033546,Mesangial microfibril deposition,系膜微纤维沉积,
HP:0033547,Mesangial immunotactoid deposits,系膜免疫触须样沉积,
HP:0033548,Mesangial amyloid deposition,系膜淀粉样沉积,
HP:0033549,Nodular mesangiosclerosis,结节性系膜硬化,
HP:0033550,Necrotizing pulmonary granulomatosis,坏死性肺肉芽肿病,
HP:0033551,Non-necrotizing pulmonary granulomatosis,非坏死性肺肉芽肿病,
HP:0033552,Chronic villitis,慢性绒毛炎,
HP:0033553,Septic embolism,脓毒性栓塞,
HP:0033554,Anti-Mi2 antibody positivity,抗 Mi2 抗体阳性,
HP:0033555,Anti-Ro/SS-A antibody positivity,抗 Ro/SS-A 抗体阳性,
HP:0033556,Anti-nucleoporin 62 antibody positivity,抗核孔蛋白 62 抗体阳性,
HP:0033557,Anti-proteinase 3 antibody positivity,抗蛋白酶 3 抗体阳性,
HP:0033558,Anti-histone antibody positivity,抗组蛋白抗体阳性,
HP:0033559,Anti-myeloperoxidase antibody positivity,抗髓过氧化物酶抗体阳性,
HP:0033560,Anti-PM-Scl antibody positivity,抗PM-Scl抗体阳性,
HP:0033561,Anti-bactericidal/permeability-increasing protein antibody positivity,抗杀菌通透性增高蛋白抗体阳性,
HP:0033562,Anti-glycoprotein-210 antibody positivity,抗糖蛋白-210抗体阳性,
HP:0033563,Anti-tissue transglutaminase antibody positivity,抗组织转谷氨酰胺酶抗体阳性,
HP:0033564,Stasis dermatitis,瘀积性皮炎,
HP:0033565,Anti-epidermal transglutaminase antibody positivity,抗表皮转谷氨酰胺酶抗体阳性,
HP:0033566,Abnormal ventricular axis,心室轴异常,
HP:0033567,Right axis deviation,电轴右偏,
HP:0033568,Left axis deviation,电轴左偏,
HP:0033569,Extreme axis deviation,电轴极度偏移,
HP:0033570,Indeterminate ventricular axis,不确定心室轴,
HP:0033571,Peripheral lung neovascularity,周围型肺新生血管,
HP:0033572,Anti-H1 antibody positivity,抗H1抗体阳性,
HP:0033573,Anti-H4 antibody positivity,抗H4抗体阳性,
HP:0033574,Anti-H3 antibody positivity,抗H3抗体阳性,
HP:0033575,Anti-H2A antibody positivity,抗H2A抗体阳性,
HP:0033576,Anti-H2B antibody positivity,抗H2B抗体阳性,
HP:0033577,In situ pulmonary artery thrombosis,原位肺动脉血栓形成,
HP:0033578,Pre-capillary pulmonary hypertension,毛细血管前肺动脉高压,
HP:0033579,Decreased growth hormone responses to growth hormone-releasing hormone challenge,生长激素释放激素激发后生长激素分泌不足,
HP:0033580,Compound motor action potential abnormality,复合肌肉动作电位异常,
HP:0033581,Absent peripheral lymph nodes in presence of infection,感染时周围淋巴结缺失,
HP:0033582,Pulmonary interstitial lymphocyte infiltration,肺间质淋巴细胞浸润,
HP:0033583,Follicular bronchiolitis,囊性细支气管炎,
HP:0033584,Nonspecific interstitial pneumonia,非特异性间质性肺炎,
HP:0033585,Fibrotic non-specific interstitial pneumonia,纤维化型非特异性间质性肺炎,
HP:0033586,Cellular non-specific interstitial pneumonia,细胞型非特异性间质性肺炎,
HP:0033587,Vulvar abscess,会阴部脓肿,
HP:0033588,Labial adhesion,阴唇粘连,
HP:0033589,Flatulence,肠胃胀气,
HP:0033590,Inguinal abscess,腹股沟脓肿,
HP:0033591,Staghorn calculus,鹿角形肾结石,
HP:0033592,Anti-H3-H4 antibody positivity,抗H3-H4抗体阳性,
HP:0033593,Anti-H2A-H2B antibody positivity,抗H2A-H2B抗体阳性,
HP:0033594,Elevated urinary 7-biopterin level,尿7-生物蝶呤水平升高,
HP:0033595,Elevated circulating globotriaosylceramide concentration,循环中神经酰胺三己糖苷浓度升高,
HP:0033596,Elevated urinary 3-methylcrotonylglycine level,尿3-甲基巴豆甘氨酸水平升高,
HP:0033597,Decreased mucosal sucrase-isomaltase activity,粘膜蔗糖酶-异麦芽糖酶活性降低,
HP:0033598,Fibrillar glomerular subepithelial deposits,纤维状肾小球皮下沉积物,
HP:0033599,Glomerular amyloid subepithelial deposits,肾小球淀粉样皮下沉积,
HP:0033600,Fibrillary glomerular subepithelial deposits,纤维性肾小球皮下沉积,
HP:0033601,Glomerular subepithelial immune-complex deposits,肾小球皮下免疫复合物沉积,
HP:0033602,Glomerular hyaline subepithelial deposits,肾小球玻璃样皮下沉积,
HP:0033603,Glomerular subepithelial deposits,肾小球皮下沉积,
HP:0033604,Glomerular capillary wire loop deposits,肾小球毛细血管袢沉积,
HP:0033605,Pustular rash,脓疱疹,
HP:0033606,Bone marrow maturation arrest,骨髓成熟停滞,
HP:0033607,Bone marrow arrest at the promyelocytic stage,早幼粒细胞阶段的骨髓停滞,
HP:0033608,Pulmonary nodule,肺结节,
HP:0033609,Solid pulmonary nodule,实性肺结节,
HP:0033610,Subsolid pulmonary nodule,亚实性肺结节,
HP:0033611,Part-solid pulmonary nodule,部分实性肺结节,
HP:0033612,Pure ground-glass pulmonary nodule,纯毛玻璃样肺结节,
HP:0033613,Perifissural pulmonary nodule,裂周肺结节,
HP:0033614,Tracheal bronchus,气管支气管,
HP:0033615,Displaced tracheal bronchus,气管支气管移位,
HP:0033616,Accessory cardiac bronchus,副心支气管,
HP:0033617,Supernumerary tracheal bronchus,副气管支气管,
HP:0033618,Displaced lobar tracheal bronchus,叶气管支气管移位,
HP:0033619,Typical perifissural nodule,典型裂间结节,
HP:0033620,Atypical perifissural nodule,非典型裂周结节,
HP:0033621,Bronchial diverticula,支气管憩室,
HP:0033622,Migratory erythematous plaque,游走性红斑,
HP:0033623,Birth history,出生史,
HP:0033624,History of congenital CMV infection,先天性巨细胞病毒感染史,
HP:0033625,Emotional insecurity,情感上的不安全感,
HP:0033626,Increased non-HDL cholesterol concentration,非高密度脂蛋白胆固醇浓度升高,
HP:0033627,Increased urine harderoporphyrin level,尿硬卟啉水平升高,
HP:0033628,Bowel irritability,肠易激,
HP:0033629,IgG4 autoimmune antibody positivity,IgG4自身免疫抗体阳性,
HP:0033630,Brain fog,脑雾,
HP:0033631,Spondylitis,脊柱炎,
HP:0033632,Abnormal alveolar volume,肺泡容积异常,
HP:0033633,Decreased alveolar volume,肺泡容积降低,
HP:0033634,Increased alveolar volume,肺泡容积升高,
HP:0033635,Post-capillary pulmonary hypertension,毛细血管后肺动脉高压,
HP:0033636,Combined pre- and post-capillary pulmonary hypertension,毛细血管前后混合肺动脉高压,
HP:0033637,Anti-endomysial antibody positivity,抗肌内膜抗体阳性,
HP:0033638,Intralobular septal thickening,小叶内间隔增厚,
HP:0033639,Septic pulmonary embolism,脓毒性肺栓塞,
HP:0033640,Acetabular erosions,髋臼侵蚀,
HP:0033641,Aortic valve leaflet calcification,主动脉瓣钙化,
HP:0033642,Mitral valve leaflet calcification,二尖瓣钙化,
HP:0033643,Increased circulating very long-chain fatty acid concentration,循环极长链脂肪酸浓度增加,
HP:0033644,Elevated circulating erythropoietin concentration,血液促红细胞生成素浓度升高,
HP:0033645,Midline brainstem cleft,脑干中线裂,
HP:0033646,Absent hippocampal commissure,海马联合缺失,
HP:0033647,Silhouette sign,轮廓征象,
HP:0033648,Pulmonary pseudocavity,肺假性囊肿,
HP:0033649,Paraseptal emphysema,隔旁气肿,
HP:0033650,Pulmonary parenchymal band,肺实质带,
HP:0033651,Pulmonary mycetoma,肺足分支菌病,
HP:0033652,Broncholith,支气管结石,
HP:0033653,Bronchocele,支气管膨出,
HP:0033654,Beaded septum sign,串珠状隔征,
HP:0033655,Pulmonary cavity,肺空洞,
HP:0033656,Juxtaphrenic peak,膈上尖峰征,
HP:0033657,Linear atelectasis,线性肺不张,
HP:0033658,Rounded atelectasis,圆形肺不张,
HP:0033660,Hand paresthesia,手感觉异常,
HP:0033661,Air crescent,空气新月征,
HP:0033662,Air bronchogram,空气支气管造影,
HP:0033663,Air trapping,空气潴留,
HP:0033664,Ganglioglioma,神经节神经胶质瘤,
HP:0033665,Diminished health-related quality of life,与健康相关的生活质量下降,
HP:0033666,Diminished physical functioning,身体机能减退,
HP:0033667,Diminished mental health,心理健康下降,
HP:0033668,Abnormal amygdala morphology,杏仁核形态异常,
HP:0033669,Enlarged amygdala,杏仁核增大,
HP:0033670,Organizing pneumonia,机化性肺炎,
HP:0033671,Pulmonary oligemia,肺少血征,
HP:0033672,Positive carpal Tinel sign,腕部Tinel征阳性,
HP:0033673,Positive Phalen test,Phalen征阳性,
HP:0033674,Pulmonary blood flow redistribution,肺血流再分布,
HP:0033675,Frailty,虚弱，衰弱,
HP:0033676,Posttraumatic stress symptom,创伤后应激综合征,
HP:0033677,Acute respiratory distress syndrome,急性呼吸窘迫综合征,
HP:0033678,Acute coronary syndrome,急性冠状动脉综合征,
HP:0033679,Abnormal red nucleus morphology,红核形态异常,
HP:0033680,Pilocytic astrocytoma,毛细胞型星型细胞瘤,
HP:0033681,Oligodendroglioma,少突神经胶质细胞瘤,
HP:0033682,Pleomorphic xanthoastrocytoma,多形性黄色星形细胞瘤,
HP:0033683,Jaw hyperreflexia,下颌反射亢进,
HP:0033684,Abnormal muscle fiber-type distribution,肌纤维类型分布异常,
HP:0033685,Fiber type grouping,纤维类型分组,
HP:0033686,Mitochondrial hypertrophy,线粒体肥大,
HP:0033687,Short term memory impairment,短时记忆障碍,
HP:0033688,Long term memory impairment,长期记忆障碍,
HP:0033689,Anterograde memory impairment,顺行性记忆障碍,
HP:0033690,Retrograde memory impairment,逆行性记忆障碍,
HP:0033691,Procedural memory loss,程序性记忆丧失,
HP:0033692,Declarative memory loss,陈述性记忆丧失,
HP:0033693,Phantosmia,嗅幻觉,
HP:0033694,Tactile hallucination,触觉幻觉,
HP:0033695,Occupational disability,职业残疾,
HP:0033696,Pseudo-chilblain,假性冻疮,
HP:0033697,Vesicular eruption,水疱疹,
HP:0033698,Monomorphic vesicular eruption,单形性水疱疹,
HP:0033699,Polymorphic vesicular eruption,多形性水疱疹,
HP:0033700,Papulovesicular eruption,丘疹疱疹,
HP:0033701,Cortical sclerosis of the iliac wing,髂翼皮质硬化,
HP:0033702,Subpleural curvilinear line,胸膜下曲线,
HP:0033703,Dysembryoplastic neuroepithelial tumor,胚胎发育不良性神经上皮瘤,
HP:0033704,Elevated urinary homogentisic acid,尿黑酸升高,
HP:0033705,Tearfulness,哭泣,
HP:0033706,Progressive massive fibrosis,进行性大面积肺纤维化,
HP:0033707,Perioral hyperkeratosis,口周角化过度,
HP:0033708,Anti-3-hydroxy- 3-methylglutaryl-coA reductase antibody positivity,抗-3-羟基-3-甲基戊二酰辅酶A还原酶抗体阳性,
HP:0033709,Increased sputum production,痰液产生增加,
HP:0033710,Rest dyspnea,静息性呼吸困难,
HP:0033711,Pulmonary interstitial thickening,肺间质增厚,
HP:0033712,Repeated implantation failure,反复种植失败,
HP:0033713,Anti-signal recognition particle antibody positivity,抗信号识别粒子抗体阳性,
HP:0033714,Multiple meningiomas,多发性脑膜瘤,
HP:0033715,Hippocampal sclerosis,海马硬化,
HP:0033716,EEG with frontal epileptiform discharges,额叶癫痫样放电的脑电图,
HP:0033717,EEG with temporal epileptiform discharges,颞叶癫痫样放电的脑电图,
HP:0033718,EEG with central epileptiform discharges,中央癫痫样放电的脑电图,
HP:0033719,EEG with parietal epileptiform discharges,顶叶癫痫样放电的脑电图,
HP:0033720,EEG with occipital epileptiform discharges,枕叶癫痫样放电的脑电图,
HP:0033721,EEG with centrotemporal epileptiform discharges,中央颞叶癫痫样放电的脑电图,
HP:0033722,Autonomic epileptic aura,自主癫痫先兆,
HP:0033723,Abnormal cerebral venous sinus morphology,脑静脉窦形态异常,
HP:0033724,Cerebral venous sinus thrombosis,脑静脉窦血栓形成,
HP:0033725,Thin corpus callosum,薄胼胝体,
HP:0033726,Lupus nephritis,狼疮性肾炎,
HP:0033727,Diffuse lupus nephritis,弥漫性狼疮性肾炎,
HP:0033728,Mesangial proliferative lupus nephritis,系膜增生性狼疮性肾炎,
HP:0033729,Minimal mesangial lupus nephritis,微小系膜狼疮性肾炎,
HP:0033730,Membranous lupus nephritis,膜性狼疮性肾炎,
HP:0033731,Focal lupus nephritis,局灶性狼疮性肾炎,
HP:0033732,Advanced sclerotic lupus nephritis,晚期硬化性狼疮性肾炎,
HP:0033733,Low-grade vesicoureteral reflux,低级膀胱输尿管反流（低级别膀胱输尿管反流）,
HP:0033734,High-grade vesicoureteral reflux,高级膀胱输尿管反流（重度膀胱输尿管反流）,
HP:0033735,Grade I vesicoureteral reflux,Ⅰ级膀胱输尿管反流,
HP:0033736,Grade II vesicoureteral reflux,II级膀胱输尿管反流,
HP:0033737,Grade III vesicoureteral reflux,III级膀胱输尿管反流,
HP:0033738,Primary vesicoureteral reflux,原发性膀胱输尿管反流,
HP:0033739,Secondary vesicoureteral reflux,继发性膀胱输尿管反流,
HP:0033740,Grade V vesicoureteral reflux,V级膀胱输尿管反流,
HP:0033741,Grade IV vesicoureteral reflux,IV级膀胱输尿管反流,
HP:0033742,Intrarenal reflux,肾内反流,
HP:0033743,Macular agenesis,黄斑发育不良,
HP:0033744,Global cerebellar dysplasia,全小脑发育不良,
HP:0033745,Dysplasia of the superior cerebellar vermis,小脑上蚓部发育不良,
HP:0033746,Intrascapular pain,肩胛痛,
HP:0033747,Abnormal exteroceptive sensation,感受外界刺激异常,
HP:0033748,Hypoesthesia,感觉迟钝,
HP:0033749,Abnormal functional residual capacity,功能残气量异常,
HP:0033750,Reduced functional residual capacity,功能残气量降低,
HP:0033751,Elevated functional residual capacity,功能残气量增加,
HP:0033752,Abnormal residual volume,残气量异常,
HP:0033753,Reduced residual volume,残气量降低,
HP:0033754,Abnormal left ventricular end-diastolic volume,左室舒张末期容积异常,
HP:0033755,Increased left ventricular end-diastolic volume,左心室舒张末期容量增大,
HP:0033756,Decreased left ventricular end-diastolic volume,左室舒张末期容积减少,
HP:0033757,Pancreatic steatosis,胰腺脂肪变性,
HP:0033758,Labial abscess,阴唇脓肿,
HP:0033759,Impaired renal tubular reabsorption of magnesium,肾小管对镁的重吸收受损,
HP:0033760,Decreased maximal oxygen uptake,最大摄氧量减少,
HP:0033761,Xanthogranulomatous pyelonephritis,黄色肉芽肿性肾盂肾炎,
HP:0033762,Middle cerebral artery stroke,大脑中动脉卒中,
HP:0033763,Death in adulthood,成年期死亡,
HP:0033764,Death in middle age,中年期死亡,
HP:0033765,Death in late adulthood,成年后期死亡,
HP:0033766,Polymelia,多肢畸形,
HP:0033767,Abnormal single motor unit action potential,单运动单元动作电位异常,
HP:0033768,Penile thrush,阴茎鹅口疮,
HP:0033769,Fundic gland polyposis,胃底腺息肉,
HP:0033770,Gastric adenocarcinoma,胃腺癌,
HP:0033771,Pleuritic chest pain,胸膜炎性胸痛,
HP:0033772,Abnormal RV/TLC ratio,RV/TLC异常,
HP:0033773,Decreased RV/TLC ratio,RV/TLC降低,
HP:0033774,Impaired renal tubular reabsorption of uric acid,肾小管对尿酸的重吸收受损,
HP:0033775,Pulmonary imaging sign,肺部影像学征象,
HP:0033776,Enamel pearls,牙根釉珠,
HP:0033777,Supernumerary cusp,多生尖,
HP:0033778,Leung cusp,梁尖,
HP:0033779,Barrel-shaped tooth,桶状牙,
HP:0033780,Bulbous tooth,球状牙,
HP:0033781,Tapered tooth,锥形牙,
HP:0033782,Semilunar tooth,半月形牙,
HP:0033783,Molar incisor malformation,磨牙切牙畸形,
HP:0033784,Dentin dysplasia,牙本质发育不良,
HP:0033785,Enamel agenesis,牙釉质发育不全,
HP:0033786,Hypomature enamel,牙釉质化不足,
HP:0033787,Cementum hypoplasia,牙骨质发育不良,
HP:0033788,Cementum overgrowth,牙骨质过度生长,
HP:0033789,Triggered by cheese ingestion,摄入奶酪触发,
HP:0033790,Thistle tube shaped pulp,蓟管状牙髓腔,
HP:0033791,Tooth ankylosis,牙与牙槽骨融合,
HP:0033792,Cross bite,反牙合,
HP:0033793,Triggered by food ingestion,摄入食物触发,
HP:0033794,Acral overgrowth,肢端过度生长,
HP:0033795,Growth without growth hormone,没有生长激素的生长,
HP:0033796,Abnormal leukocyte physiology,白细胞生理异常,
HP:0033797,Leukocyte migration defect,白细胞迁移缺陷,
HP:0033798,Impaired leukocyte adhesion,白细胞粘附受损,
HP:0033799,Abnormal circulating sex hormone concentration,血液性激素浓度异常,
HP:0033800,Blistering by anatomical location,解剖位置引起水疱,
HP:0033801,Blistering by histological location,组织学位置起疱,
HP:0033802,Intra-epidermal blistering,表皮内起疱,
HP:0033803,Sub-lamina densa cleavage,致密下层裂隙,
HP:0033804,Subepidermal blistering,表皮下水疱,
HP:0033805,Non-necrotizing granuloma,非坏死性肉芽肿,
HP:0033806,Abnormal epidermis stratum granulosum morphology,表皮颗粒层形态异常,
HP:0033807,Absent keratohyalin granules,透明角质颗粒缺失,
HP:0033808,Spermatocele,精液囊肿,
HP:0033809,Increased circulating 17 hydroxypregnenolone concentration,血液17α-羟基孕烯醇酮浓度增加,
HP:0033810,Decreased circulating dihydrotestosterone concentration,血液双氢睾酮浓度降低,
HP:0033811,Abnormal circulating androstenedione concentration,血液雄烯二酮浓度异常,
HP:0033812,Decreased circulating androstenedione concentration,血液雄烯二酮浓度降低,
HP:0033813,Perilobular,叶旁,
HP:0033814,Paraseptal,隔旁,
HP:0033815,Bronchocentric,支气管中心性,
HP:0033816,Centrilobular,小叶中心,
HP:0033817,Miliary,栗粒状,
HP:0033818,Reticular,网状,
HP:0033819,Perilymphatic,外淋巴的,
HP:0033820,Apical,顶部,
HP:0033821,Pulmonary mass,肺部肿块阴影,
HP:0033822,Mass on thoracic imaging,胸部影像显示肿块,
HP:0033823,Mediastinal mass,纵膈肿块,
HP:0033824,Pleural mass,胸膜肿块,
HP:0033825,Superior mediastinal mass,上纵膈肿块,
HP:0033826,Inferior mediastinal mass,下纵膈肿块,
HP:0033827,Anterior mediastinal mass,前纵膈肿块,
HP:0033828,Middle mediastinal mass,中纵膈肿块,
HP:0033829,Posterior mediastinal mass,后纵膈肿块,
HP:0033830,Hyperdense pulmonary mass,肺部高密度团块,
HP:0033831,Cavitating pulmonary mass,空洞性肺团块,
HP:0033832,Livedo,青斑,
HP:0033833,Elevated circulating soluble CD25 concentration,循环可溶性CD25浓度升高,
HP:0033834,Malaise,全身乏力不适,
HP:0033835,Abnormal renal vascular morphology,肾血管形态异常,
HP:0033836,Abnormal intrarenal artery morphology,肾内动脉形态异常,
HP:0033837,Abnormal arcuate artery morphology,弓状动脉形态异常,
HP:0033838,Dysphoria,烦躁不安,
HP:0033839,Testicular pain,睾丸疼痛,
HP:0033840,Postmenopausal bleeding,绝经后出血,
HP:0033841,Ocular pruritus,眼部瘙痒,
HP:0033842,Early satiety,早饱,
HP:0033843,Postprandial fullness,餐后过饱感,
HP:0033844,Racing thoughts,思维奔逸,
HP:0033845,Sense of impending doom,末日即将来临的感觉,
HP:0033846,Spinal hypomyelination,脊髓髓鞘形成不良,
HP:0033847,Phantageusia,味幻觉,
HP:0033848,Receptive aphasia,感觉性失语,
HP:0033849,Bilingual aphasia,双语失语症,
HP:0033850,Coldness,寒冷,
HP:0033851,Oculomotor synkinesis,眼球运动联动异常,
HP:0033852,Abnormal intrarenal vein morphology,肾静脉形态异常,
HP:0033853,Abnormal arcuate vein morphology,弓状静脉形态异常,
HP:0033854,Abnormal interlobular vein morphology,小叶间静脉形态异常,
HP:0033855,Abnormal interlobular vein lumen morphology,小叶间静脉腔形态异常,
HP:0033856,Cholesterol emboli within interlobular vein lumen,小叶间静脉腔内胆固醇栓子,
HP:0033857,Intraluminal thrombi within interlobular veins,小叶间静脉腔内血栓,
HP:0033858,Organized thrombi within interlobular vein lumen,小叶间静脉腔内机化性血栓,
HP:0033859,Abnormal peritubular capillary morphology,管周毛细血管形态异常,
HP:0033860,Abnormal cortical peritubular capillary morphology,皮质管周毛细血管形态异常,
HP:0033861,Multilamellation of cortical peritubular capillary basement membranes,皮质管周毛细血管基底膜的多层,
HP:0033862,Cortical peritubular capillaritis,皮质管周毛细血管炎,
HP:0033863,Abnormal cortical peritubular capillary lumen morphology,皮质管周毛细血管腔形态异常,
HP:0033864,Abnormal medullary peritubular capillary morphology,髓质管周毛细血管形态异常,
HP:0033865,Medullary peritubular capillaritis,髓管周毛细血管炎,
HP:0033866,Medullary peritubular capillary erythrocyte congestion,髓质管周毛细血管红细胞充血,
HP:0033867,Multilamellation of medullary peritubular capillary basement membranes,管周毛细血管基底膜的多层（髓质管周毛细血管基底膜的多层化）,
HP:0033868,Abnormal medullary peritubular capillary lumen morphology,髓质管周毛细血管腔形态异常,
HP:0033869,Medullary peritubular capillary lumen cholesterol emboli,髓质管周毛细血管内胆固醇栓子,
HP:0033870,Medullary peritubular capillary intraluminal thrombi,髓质管周毛细血管腔内血栓,
HP:0033871,Medullary peritubular capillary lumen organized thrombi,髓质管周毛细血管腔内的机化性血栓,
HP:0033872,Cortical peritubular capillary lumen cholesterol emboli,皮质管周毛细血管内胆固醇栓子,
HP:0033873,Cortical peritubular capillary intraluminal thrombi,皮质管周毛细血管腔内血栓,
HP:0033874,Cortical peritubular capillary lumen organized thrombi,皮质管周毛细血管腔机化性血栓,
HP:0033875,Abnormal arcuate vein lumen morphology,弓状静脉腔形态异常,
HP:0033876,Arcuate vein lumen cholesterol emboli,弓状静脉内胆固醇栓子,
HP:0033877,Arcuate vein intraluminal thrombi,弓状静脉腔内血栓,
HP:0033878,Arcuate vein lumen organized thrombi,弓状静脉腔内机化性血栓,
HP:0033879,Abnormal arcuate vein intima/media morphology,弓状静脉内膜/中膜形态异常,
HP:0033880,Arcuate vein intimal mucoid edema,弓状静脉内膜黏液样水肿,
HP:0033881,Arcuate vein intimal/medial myxomatous degeneration,弓状静脉内膜/中间层粘液变性（粘液瘤样变性）,
HP:0033882,Arcuate vein intima/medial amyloidosis,弓状静脉内膜/中间层淀粉样变性,
HP:0033883,Abnormal cortical radial artery morphology,皮质桡动脉形态异常,
HP:0033884,Abnormal cortical radial artery lumen morphology,皮质桡动脉管腔形态异常,
HP:0033885,Cortical radial artery lumen cholesterol emboli,皮质桡动脉管腔胆固醇栓子,
HP:0033886,Abnormal arcuate artery intima/media morphology,弓状动脉内膜/中膜形态异常,
HP:0033887,Cortical radial artery intimal/medial amyloidosis,皮质桡动脉内膜/中间层淀粉样变性,
HP:0033888,Abnormal cortical radial artery intima/media morphology,皮质桡动脉内膜/中膜形态异常,
HP:0033889,Abnormal renal arteriole morphology,肾小动脉形态异常,
HP:0033890,Abnormal renal arteriole lumen morphology,肾小动脉管腔形态异常,
HP:0033891,Renal arteriolar lumen cholesterol emboli,肾小动脉腔内胆固醇栓子,
HP:0033892,Abnormal renal arteriole intima/media morphology,肾小动脉内膜/中膜形态异常,
HP:0033893,Renal arteriolar lumen organized thrombi,肾小动脉腔内机化性血栓,
HP:0033894,Renal arteriolar intraluminal thrombi,肾小动脉腔内血栓,
HP:0033895,Abnormal renal arteriole endothelium morphology,肾小动脉内皮形态异常,
HP:0033896,Abnormal arcuate artery lumen morphology,弓状动脉腔形态异常,
HP:0033897,Arcuate artery lumen cholesterol emboli,弓状动脉管内胆固醇栓子,
HP:0033898,Arcuate artery intraluminal thrombi,弓状动脉腔内血栓,
HP:0033899,Arcuate artery lumen organized thrombi,弓状动脉腔内机化性血栓,
HP:0033900,Renal arteriole intima/media amyloidosis,肾小动脉内膜/中层膜淀粉样变性,
HP:0033901,Abnormal arcuate artery endothelium morphology,弓状动脉内皮形态异常,
HP:0033902,Arcuate artery endotheliosis,弓状动脉内皮增生,
HP:0033903,Arcuate artery endoarterial hypercellularity,弓状动脉内细胞过多,
HP:0033904,Renal arteriole intima/media hyalinosis,肾小动脉内膜/中膜透明变性,
HP:0033905,Arcuate artery intima/media arteriosclerosis,弓状动脉内膜/中膜动脉硬化,
HP:0033906,Renal intimal/medial arteriolitis,肾内膜/中膜小动脉炎,
HP:0033907,Renal arteriole intima/media arteriolosclerosis,肾小动脉内膜/中膜动脉硬化,
HP:0033908,Renal arteriole medial atrophy,肾小动脉中间层萎缩,
HP:0033909,Arcuate vein medial hypertrophy,弓状静脉中间层肥大,
HP:0033910,Arcuate vein medial atrophy,弓状静脉中间层萎缩,
HP:0033911,Cortical radial artery medial hypertrophy,皮质桡动脉中间层肥大,
HP:0033912,Cortical radial artery medial atrophy,皮质桡动脉中间层萎缩,
HP:0033913,Cortical radial artery medial/intimal arteriitis,皮质桡动脉中/内膜性动脉炎,
HP:0033914,Arcuate artery intima/media amyloidosis,弓状动脉内/中膜淀粉样变性,
HP:0033915,Arcuate artery intimal mucoid edema,弓状动脉内膜黏液样水肿,
HP:0033916,Medial/intimal arcuate venosclerosis,中/内膜的弓状静脉硬化,
HP:0033917,Arcuate intimal/medial venulitis,弓状内/中膜静脉炎,
HP:0033918,Renal arteriole medial hypertrophy,肾小动脉中膜肥大,
HP:0033920,Renal arteriole intima/media storage material accumulation,肾小动脉内膜/中膜储藏（储存）物质积聚,
HP:0033921,Renal arteriole endoarterial hypercellularity,肾小动脉内膜细胞过多,
HP:0033922,Renal arteriole leukocytic endoarterial hypercellularity,肾小动脉内膜白细胞过多,
HP:0033923,Renal arteriole foam cell endoarterial hypercellularity,肾小动脉内膜泡沫细胞过多,
HP:0033924,Renal arteriole neutrophil endoarterial hypercellularity,肾小动脉中性粒细胞过多,
HP:0033925,Renal arteriole lymphocyte endoarterial hypercellularity,肾小动脉内膜淋巴细胞过多,
HP:0033926,Renal arteriole intimal/medial multilamellation,肾小动脉内膜/中膜多层化,
HP:0033927,Arcuate artery endoarterial leukocyte hypercellularity,弓状动脉内白细胞过多,
HP:0033928,Arcuate artery endoarterial foam cell hypercellularity,弓状动脉内泡沫细胞过多,
HP:0033929,Arcuate artery endoarterial neutrophil hypercellularity,弓状动脉内中性粒细胞过多,
HP:0033930,Arcuate artery endoarterial lymphocyte hypercellularity,弓状动脉内淋巴细胞过多,
HP:0033931,Arcuate artery intima/media necrosis,弓状动脉内膜/中膜坏死,
HP:0033932,Arcuate artery intima/media coagulative necrosis,弓状动脉内膜/中膜凝固性坏死,
HP:0033933,Arcuate artery intima/media liquefactive necrosis,弓状动脉内膜/中膜液化性坏死,
HP:0033934,Arcuate vein intimal/medial storage material accumulation,弓状静脉内膜/中膜储藏（储存）物质积聚,
HP:0033935,Cortical radial artery intima/media necrosis,皮层桡动脉内膜/中膜坏死,
HP:0033936,Cortical radial artery intima/media liquefactive necrosis,皮质桡动脉内膜/中膜液化性坏死,
HP:0033937,Cortical radial artery intima/media coagulative necrosis,皮质桡动脉内膜/中膜凝固性坏死,
HP:0033938,Renal arteriole intima/media necrosis,肾小动脉内膜/中膜坏死,
HP:0033939,Renal arteriole intima/media liquefactive necrosis,肾小动脉内膜/中膜液化性坏死,
HP:0033940,Renal arteriole intima/media coagulative necrosis,肾小动脉内膜/中膜凝固性坏死,
HP:0033941,Granulomatous arteriolitis of the arteriolar intima/media,小动脉内膜/中膜肉芽肿性小动脉炎,
HP:0033942,Arcuate vein medial/intimal necrosis,弓状静脉中膜/内膜坏死,
HP:0033943,Arcuate vein medial/intimal coagulative necrosis,弓状静脉中膜/内膜凝固性坏死,
HP:0033944,Arcuate vein medial/intimal liquefactive necrosis,弓状静脉中膜/内膜液化性坏死,
HP:0033945,Arcuate intimal/medial granulomatous venulitis,弓状内膜/中膜肉芽肿性小静脉炎,
HP:0033946,Arcuate vein intima/media crystal accumulation,弓状静脉内膜/中膜结晶积聚,
HP:0033947,Renal arteriole intima/media crystal accumulation,肾小动脉内膜/中膜结晶积聚,
HP:0033948,Arcuate artery intima/media arteriitis,弓状动脉内膜/中膜动脉炎,
HP:0033949,Arcuate artery intima/media granulomatous arteriitis,弓状动脉内膜/中膜肉芽肿性动脉炎,
HP:0033950,Cortical radial artery intraluminal thrombi,皮质桡动脉腔内血栓,
HP:0033951,Cortical radial artery intraluminal organized thrombi,皮质桡动脉腔内机化性血栓,
HP:0033952,Abnormal cortical radial artery endothelium morphology,皮质桡动脉内皮形态异常,
HP:0033953,Cortical radial artery endotheliosis,皮质桡动脉内皮增生症,
HP:0033954,Cortical radial artery hypercellularity,皮质桡动脉细胞过多,
HP:0033955,Cortical radial artery leukocyte hypercellularity,皮质桡动脉白细胞过多,
HP:0033956,Cortical radial artery lymphocyte hypercellularity,皮质桡动脉淋巴细胞过多,
HP:0033957,Cortical radial artery neutrophil hypercellularity,皮质桡动脉中性粒细胞过多,
HP:0033958,Cortical radial artery foam cell hypercellularity,皮质桡动脉泡沫细胞过多,
HP:0033959,Cortical radial artery intima/media arteriosclerosis,皮质桡动脉内膜/中膜动脉硬化,
HP:0033960,Cortical radial artery intimal mucoid edema,皮质桡动脉内膜黏液样水肿,
HP:0033961,Cortical radial artery intima/media multilamellation,皮层桡动脉内膜/中膜多层化,
HP:0033962,Cortical radial artery medial/intimal granulomatous arteriitis,皮质桡动脉中/内膜肉芽肿性动脉炎,
HP:0033963,Abnormal interlobular vein intima/media morphology,小叶间静脉内膜/中膜形态异常,
HP:0033964,Interlobular intima/media venosclerosis,小叶间内膜/中膜静脉硬化,
HP:0033965,Interlobular vein intimal mucoid edema,小叶间静脉内膜黏液样水肿,
HP:0033966,Interlobular vein intima/media amyloidosis,小叶间静脉内膜/中膜淀粉样变性,
HP:0033967,Interlobular vein intima/media venulitis,小叶间静脉内膜/中膜静脉炎,
HP:0033968,Interlobular vein intima/media granulomatous venulitis,小叶间静脉内膜/中膜肉芽肿性小静脉炎,
HP:0033969,Interlobular vein intima/media necrosis,小叶间静脉内膜/中膜坏死,
HP:0033970,Interlobular vein intima/media liquefactive necrosis,小叶间静脉内膜/中膜液化性坏死,
HP:0033971,Interlobular vein intima/media coagulative necrosis,小叶间静脉内膜/中膜凝固性坏死,
HP:0033972,Interlobular vein medial atrophy,小叶间静脉内侧萎缩,
HP:0033973,Interlobular vein medial hypertrophy,小叶间静脉中膜肥大（小叶间静脉内侧肥厚）,
HP:0033974,Interlobular vein intima/media multilamellation,小叶间静脉内膜/中膜多层化,
HP:0033975,Absent second fingernail,食指指甲缺失,
HP:0033976,Volar fingernail,掌侧指甲,
HP:0033977,Talar aplasia,距骨发育不全,
HP:0033978,Reduced beta-hexosaminidase B activity,β-己糖胺酶B活性降低,
HP:0033979,Excessive dynamic airway collapse,气道过度动力塌陷,
HP:0033980,Paroxysmal tonic upgaze,阵发性强直性向上注视,
HP:0033981,Vertebral artery tortuosity,椎动脉迂曲,
HP:0033982,Celiac artery dissection,腹腔动脉夹层,
HP:0033983,Decreased circulating apolipoprotein C-II concentration,循环载脂蛋白C-II浓度降低,
HP:0033984,"Increased urinary 8-oxo-7,8-dihydroguanosine level","尿8-氧-7,8-二氢鸟苷水平升高",
HP:0033985,Elongated femoral neck,股骨颈细长,
HP:0033986,Tortuous lymphatic vessels,淋巴管迂曲,
HP:0033987,Phosphaturic mesenchymal tumor,磷酸盐尿性间叶性肿瘤,
HP:0033988,Amygdala microinfarct,杏仁核微梗死,
HP:0033989,Hippocampal microinfarct,海马微梗死,
HP:0033990,Cartilaginous tracheobronchomalacia,软骨性气管支气管软化症,
HP:0033991,Vasa previa,前置血管,
HP:0033992,Chronotropic incompetence,变时性机能不全,
HP:0033993,Viral encephalitis,病毒性脑炎,
HP:0033994,Dependency on parenteral nutrition,依赖肠外营养,
HP:0033995,Microvillus inclusions,微绒毛包涵体,
HP:0033996,Microvillar PAS-positive secretory granules,微绒毛PAS染色阳性分泌颗粒,
HP:0033997,Perinuclear cardiomyocyte vacuolization,心肌细胞核周空泡化,
HP:0033998,Single-lobed right lung,右肺单叶,
HP:0033999,Bronchial hemorrhage,支气管出血,
HP:0034000,Tracheal hemorrhage,气管出血,
HP:0034001,Anti-Complement factor H antibody positivity,抗补体因子H抗体阳性,
HP:0034002,Anti-phospholipase A2 receptor antibody positivity,抗磷脂酶A2受体抗体阳性,
HP:0034003,Broad medial eyebrow,中央眉毛较宽,
HP:0034004,Parosmia,嗅觉倒错,
HP:0034005,Decreased dendritic spine number,树突棘数目减少,
HP:0034006,Decreased urinary lysyl-pyridinoline-hydroxylysyl-pyridinoline ratio,尿液赖氨酰吡啶啉和羟赖氨酰吡啶啉的比率降低,
HP:0034007,Posterior atrophy of corpus callosum,胼胝体后部萎缩,
HP:0034008,Opto-chiasmatic atrophy,视交叉萎缩,
HP:0034009,Pelvic lipomatosis,盆腔脂肪增多症,
HP:0034010,Increased megakaryocyte colony forming unit count,巨核细胞集落形成单位数量增加,
HP:0034011,Reduced progressive sperm motility,精子前向运动减少,
HP:0034012,Palmoplantar hypohidrosis,掌趾少汗症,
HP:0034013,Curvilinear pericallosal lipoma,曲线型胼胝体周围脂肪瘤,
HP:0034014,Tubulonodular pericallosal lipoma,管状结节性胼胝体周围脂肪瘤,
HP:0034015,Cavitating pulmonary nodule,空洞性肺结节,
HP:0034016,Anti-HLA antibody positivity,抗HLA抗体阳性,
HP:0034017,Anti-class I HLA antibody positivity,抗HLAⅠ类抗体阳性,
HP:0034018,Anti-class II HLA antibody positivity,抗HLAⅡ类抗体阳性,
HP:0034019,Anti-HLA-A antibody positivity,抗HLA-A抗体阳性,
HP:0034020,Anti-HLA-A IgG1 antibody positivity,抗HLA-A IgG1抗体阳性,
HP:0034021,Anti-HLA-A IgG3 antibody positivity,抗HLA-A IgG3抗体阳性,
HP:0034022,Anti-HLA-B antibody positivity,抗HLA-B抗体阳性,
HP:0034023,Anti-HLA-B IgG1 antibody positivity,抗HLA-B IgG1抗体阳性,
HP:0034024,Anti-HLA-B IgG3 antibody positivity,抗HLA-B IgG3抗体阳性,
HP:0034025,Abnormal circulating GABA concentration,循环GABA水平异常,
HP:0034026,Elevated circulating saccharopine concentration,循环酵母氨酸水平升高,
HP:0034027,Abnormal urinary non-proteinogenic amino acid level,尿非蛋白氨基酸水平异常,
HP:0034028,Saccharopinuria,酵母氨酸尿,
HP:0034029,Hepatic foam cells,肝泡沫细胞,
HP:0034030,Lip cyanosis,嘴唇发绀,
HP:0034031,Facial cyanosis,面部发绀,
HP:0034032,Central cyanosis,中心性发绀,
HP:0034033,Peripheral cyanosis,周围性发绀,
HP:0034034,Differential cyanosis,差异性发绀,
HP:0034035,Pharyngeal exudate,咽部渗出液,
HP:0034036,Pseudo-chilblains on toes,脚趾假冻疮,
HP:0034037,Pseudo-chilblains on fingers,手指假冻疮,
HP:0034038,Silent hypoxemia,隐形缺氧,
HP:0034039,Ventricular couplet,成对室早,
HP:0034040,Bidirectional ventricular tachycardia,双向性室性心动过速,
HP:0034042,Dorsal hirsutism,背部多毛症,
HP:0034043,Increased fecal bile acid,粪便胆汁酸升高,
HP:0034044,Trident pelvis,三叉戟骨盆,
HP:0034045,Angulated muscle fibers,成角的肌纤维,
HP:0034046,Mandibular osteolysis,下颌骨质溶解,
HP:0034047,Rib osteolysis,肋骨骨质溶解,
HP:0034048,Decreased circulating chenodeoxycholic acid concentration,循环鹅去氧胆酸降低,
HP:0034049,Elevated urinary prostaglandin E2 level,尿前列腺素E2水平升高,
HP:0034050,Elevated urinary prostaglandin E2 metabolite level,尿前列腺素E2代谢物水平升高,
HP:0034051,Hypoplastic anterior limbs of the internal capsule,内囊前肢发育不全,
HP:0034052,Impaired toe-walking ability,脚趾行走能力受损,
HP:0034053,Decreased acid ceramidase activity,酸性神经酰胺酶活性降低,
HP:0034054,Probst bundles,Probst束,
HP:0034055,Anti-side-chain cleavage enzyme antibody positivity,抗侧链裂解酶抗体阳性,
HP:0034056,Increased fecal calprotectin level,粪便钙卫蛋白水平升高,
HP:0034057,Fetal anomaly,胎儿异常,
HP:0034058,Abnormal fetal morphology,胎儿形态异常,
HP:0034059,Abnormal fetal physiology,胎儿生理异常,
HP:0034060,Triggered by fava bean ingestion,摄入蚕豆触发,
HP:0034061,Anti-steroid 17alpha-hydroxylase antibody positivity,抗类固醇17α羟化酶抗体阳性,
HP:0034062,Anti-insulin antibody positivity,抗胰岛素抗体阳性,
HP:0034063,Anti-islet antigen-2 antibody positivity,抗胰岛抗原2抗体阳性,
HP:0034064,Anti-salivary protein antibody positivity,抗唾液蛋白抗体阳性,
HP:0034065,Anti-Zinc transporter 8 antibody positivity,抗锌转运蛋白8抗体阳性,
HP:0034066,Anti-carbonic anhydrase VI antibody positivity,抗碳酸酐酶VI抗体阳性,
HP:0034067,Tonofilament clumping,张力丝聚集,
HP:0034068,Anti-plasminogen binding peptide antibody positivity,抗血纤维蛋白溶酶原结合肽抗体阳性,
HP:0034069,Anti-parotid secretory protein antibody positivity,抗腮腺分泌蛋白抗体阳性,
HP:0034070,Anti-enterocyte antibody positivity,抗肠上皮细胞抗体阳性,
HP:0034071,Anti-21-hydroxylase antibody positivity,抗21羟化酶抗体阳性,
HP:0034072,Abnormal fetal long-bone echogenicity,胎儿长骨回声异常,
HP:0034073,Reduced fetal long bone echogenicity,胎儿长骨回声减弱,
HP:0034074,Increased fetal long bone echogenicity,胎儿长骨回声增强,
HP:0034075,Decreased circulating apolipoprotein B concentration,循环载脂蛋白B水平降低,
HP:0034076,Anti-ribosome Po antibody positivity,抗核糖体PO蛋白抗体阳性,
HP:0034077,Anti-complement component C1q antibody positivity,抗补体C1q抗体阳性,
HP:0034078,Anti-centromere protein A antibody positivity,抗着丝力蛋白A抗体阳性,
HP:0034079,Anti-centromere protein B antibody positivity,抗着丝力蛋白B抗体阳性,
HP:0034080,Anti-U3 RNP antibody positivity,抗U3 RNP抗体阳性,
HP:0034081,Anti-Th/To antibody positivity,抗Th/To抗体阳性,
HP:0034082,Anti-bicaudal D2 antibody positivity,抗双尾D2抗体阳性,
HP:0034083,Anti-nucleolus-organizing region antibody positivity,抗核仁组织区抗体阳性,
HP:0034084,Anti-phosphatidyl ethanolamine antibody positivity,抗磷脂酰乙醇胺抗体阳性,
HP:0034085,Anti-PM-Scl100 antibody positivity,抗PM-Scl100抗体阳性,
HP:0034086,Anti-PM-Scl75 antibody positivity,抗PM-Scl75抗体阳性,
HP:0034087,Anti-U11/U12 RNP antibody positivity,抗U11/U12 RNP抗体阳性,
HP:0034088,Anti-Ku antibody positivity,抗Ku抗体阳性,
HP:0034089,Anti-B23 antibody positivity,抗B23抗体阳性,
HP:0034090,Anti-RuvBL1/2 antibody positivity,抗RuvBL1/2抗体阳性,
HP:0034091,Anti-platelet derived growth factor receptor,抗血小板衍生生长因子受体,
HP:0034092,Anti-cyclic citrullinated peptide antibody positivity,抗环瓜氨酸肽抗体阳性,
HP:0034093,Anti-Ro52/TRIM21 antibody positivity,抗Ro52/TRIM21抗体阳性,
HP:0034094,Anti-angiotensin receptor type-1 antibody positivity,抗血管紧张素1型受体抗体阳性,
HP:0034095,Anti-endothelin-1 type A receptor antibody positivity,抗A型内皮素受体抗体阳性,
HP:0034096,Anti-phosphatidic acid antibody positivity,抗磷脂酸抗体阳性,
HP:0034097,Anti-phosphatidyl choline antibody positivity,抗磷脂酰胆碱抗体阳性,
HP:0034098,Anti-phosphatidyl glycerol antibody positivity,抗磷脂酰甘油抗体阳性,
HP:0034099,Anti-phosphatidyl inositol antibody positivity,抗磷脂酰肌醇抗体阳性,
HP:0034100,Anti-phosphatidyl serine antibody positivity,抗磷脂酰丝氨酸抗体阳性,
HP:0034101,Anti-annexin-V antibody positivity,抗膜联蛋白V抗体阳性,
HP:0034102,Anti-sphingolipid antibody positivity,抗鞘磷脂抗体阳性,
HP:0034103,Anti-GM1 antibody positivity,抗GM1抗体阳性,
HP:0034104,Anti-neutrophil elastase antibody positivity,抗中性粒弹性蛋白酶抗体阳性,
HP:0034105,Anti-transcription intermediary factor-1gamma antibody positivity,抗转录中介因子1-γ 抗体阳性,
HP:0034106,Anti-Su antigen/argonaute 2 antibody positivity,抗Su 抗原/Argonaute 2 抗体阳性,
HP:0034107,Anti-p53 antibody positivity,抗p53抗体阳性,
HP:0034108,Anti-Y-box protein-1 antibody positivity,抗Y盒蛋白1抗体阳性,
HP:0034109,Anti-GW182 antibody positivity,抗GW182 抗体阳性,
HP:0034110,Anti-Gerbich phenotype 1 antibody positivity,抗Gerbich表型1抗体阳性,
HP:0034111,Anti-MIT3 antibody positivity,抗MIT3抗体阳性,
HP:0034112,Anti-GM1 IgG antibody positivity,抗GM1 IgG抗体阳性,
HP:0034114,Anti-hexokinase-1 antibody positivity,抗己糖激酶1抗体阳性,
HP:0034115,Anti-Kelch like protein 12 antibody positivity,抗Kelch样蛋白12抗体阳性,
HP:0034117,Anti-angiotensin-converting enzyme 2 antibody positivity,抗血管紧张素转换酶2抗体阳性,
HP:0034118,Anti-GM1 IgM antibody positivity,抗GM1 IgM抗体阳性,
HP:0034119,Anti-GD1a IgG antibody positivity,抗GD1a IgG抗体阳性,
HP:0034120,Anti-GD1a IgM antibody positivity,抗GD1a IgM抗体阳性,
HP:0034121,Anti-GD1a antibody positivity,抗GD1a抗体阳性,
HP:0034122,Anti-GQ1b antibody positivity,抗GQ1b抗体阳性,
HP:0034123,Anti-GQ1b IgM antibody positivity,抗GQ1b IgM抗体阳性,
HP:0034124,Anti-GD1b antibody positivity,抗GD1b抗体阳性,
HP:0034125,Anti-GD1b IgM antibody positivity,抗GD1b IgM抗体阳性,
HP:0034126,Anti-GD1b IgG antibody positivity,抗GD1b IgG抗体阳性,
HP:0034127,Anti-GQ1b IgG antibody positivity,抗GQ1b IgG抗体阳性,
HP:0034128,Anti-GT1a antibody positivity,抗GT1a抗体阳性,
HP:0034129,Anti-GT1a IgM antibody positivity,抗GT1a IgM抗体阳性,
HP:0034130,Anti-GT1a IgG antibody positivity,抗GT1a IgG抗体阳性,
HP:0034131,Anti-GT1b antibody positivity,抗GT1b抗体阳性,
HP:0034132,Anti-GM2 antibody positivity,抗GM2抗体阳性,
HP:0034133,Anti-GM3 antibody positivity,抗GM3抗体阳性,
HP:0034134,Anti-GM4 antibody positivity,抗GM4抗体阳性,
HP:0034135,Anti-neurofascin-155 antibody positivity,抗神经束蛋白155抗体阳性,
HP:0034136,Anti-neurofascin 186 antibody positivity,抗神经束蛋白186抗体阳性,
HP:0034137,Anti-contactin-1 antibody positivity,抗接触蛋白1抗体阳性,
HP:0034138,Anti-contactin-associated protein 1 antibody positivity,抗接触蛋白相关蛋白1抗体阳性,
HP:0034139,Anti-SUMO-activating enzyme antibody positivity,抗SUMO 激活酶抗体阳性,
HP:0034140,Anti-SUMO-activating enzyme subunit 1 antibody positivity,抗SUMO 激活酶亚基1抗体阳性,
HP:0034141,Anti-SUMO-activating enzyme subunit 2 antibody positivity,抗SUMO 激活酶亚基2抗体阳性,
HP:0034142,Anti-nuclear matrix protein-2 antibody positivity,抗核基质蛋白2抗体阳性,
HP:0034143,Anti-threonyl-tRNA synthetase antibody positivity,抗苏氨酰tRNA合成酶抗体阳性,
HP:0034144,Anti-hY-RNA complex antibody positivity,抗hY-RNA 复合抗体阳性,
HP:0034145,Anti-alanyl-tRNA synthetase antibody positivity,抗丙氨酰tRNA合成酶抗体阳性,
HP:0034146,Anti-glycyl tRNA-synthetase antibody positivity,抗甘氨酰tRNA合成酶抗体阳性,
HP:0034147,Anti-aminoacyl-tRNA synthetase antibody positivity,抗氨酰基tRNA合成酶抗体阳性,
HP:0034148,Anti-isoleucyl tRNA-synthetase antibody positivity,抗异亮氨酰tRNA合成酶抗体阳性,
HP:0034149,Anti-phenylalanyl tRNA synthetase antibody positivity,抗苯丙氨酰tRNA合成酶抗体阳性,
HP:0034150,Anti-tyrosyl-tRNA synthetase antibody positivity,抗酪氨酰tRNA合成酶抗体阳性,
HP:0034151,Anti-asparaginyl-tRNA synthetase antibody positivity,抗天冬酰氨酰tRNA合成酶抗体阳性,
HP:0034152,Anti-histidyl tRNA synthetase antibody positivity,抗组氨酰tRNA合成酶抗体阳性,
HP:0034153,Anti-cytosolic-5-nucleotidase-1A antibody positivity,抗细胞溶质5-核苷酸酶1A抗体阳性,
HP:0034154,Anti-Ki antibody positivity,抗Ki抗体阳性,
HP:0034155,Anti-sp100 antibody positivity,抗sp100抗体阳性,
HP:0034156,Anti-beta-2-Glycoprotein I IgG antibody positivity,抗β2糖蛋白I IgG抗体阳性,
HP:0034157,Anti-beta-2-Glycoprotein I IgM antibody positivity,抗β2糖蛋白I IgM抗体阳性,
HP:0034158,Anti-tyrosine phosphatase region of islet antigen-2 antibody positivity,抗胰岛抗原2的酪氨酸磷酸酶区域抗体阳性,
HP:0034159,Paget disease of bone,Paget骨病,
HP:0034160,Abnormal circulating interleukin 9 concentration,循环白细胞介素9水平异常,
HP:0034161,Reduced circulating interleukin 9 concentration,循环白细胞介素9水平降低,
HP:0034162,Abnormal circulating interleukin 10 concentration,循环白细胞介素10水平异常,
HP:0034163,Reduced circulating interleukin 10 concentration,循环白细胞介素10水平降低,
HP:0034164,Abnormal circulating interleukin 21 concentration,循环白细胞介素21水平异常,
HP:0034165,Reduced circulating interleukin 21 concentration,循环白细胞介素21水平降低,
HP:0034166,Increased circulating interleukin 21 concentration,循环白细胞介素21水平升高,
HP:0034167,Abnormal circulating interleukin 22 concentration,循环白细胞介素22水平异常,
HP:0034168,Reduced circulating interleukin 22 concentration,循环白细胞介素22水平降低,
HP:0034169,Increased circulating interleukin 22 concentration,循环白细胞介素22水平升高,
HP:0034170,Abnormal circulating interleukin 23 concentration,循环白细胞介素23水平异常,
HP:0034171,Reduced circulating interleukin 23 concentration,循环白细胞介素23水平降低,
HP:0034172,Increased circulating interleukin 23 concentration,循环白细胞介素23水平升高,
HP:0034173,Abnormal circulating interleukin 27 concentration,循环白细胞介素27水平异常,
HP:0034174,Reduced circulating interleukin 27 concentration,循环白细胞介素27水平降低,
HP:0034175,Increased circulating interleukin 27 concentration,循环白细胞介素27水平升高,
HP:0034176,Abnormal circulating interleukin 17A concentration,循环白细胞介素17A水平异常,
HP:0034177,Reduced circulating interleukin 17A concentration,循环白细胞介素17A水平降低,
HP:0034178,Increased circulating interleukin 17A concentration,循环白细胞介素17A水平升高,
HP:0034179,Vertebral artery aneurysm,椎动脉瘤,
HP:0034180,Fusion of the caudate and putamen,尾状核与壳核融合,
HP:0034181,Aplasia/Hypoplasia of the liver,肝发育不全,
HP:0034182,Segmental hypoplasia of liver,肝节段性发育不全,
HP:0034183,Spastic triplegia,痉挛性三肢瘫痪,
HP:0034184,Increased insulin like growth factor binding protein acid labile subunit concentration,胰岛素样生长因子结合蛋白酸不稳定性亚单位水平升高,
HP:0034185,Median pseudocleft lip,假性正中唇裂,
HP:0034186,Patella alta,高位髌骨,
HP:0034187,Clavicular pseudarthrosis,锁骨假关节,
HP:0034188,Midline liver,正中线肝脏,
HP:0034189,Anti-thyroid-stimulating hormone receptor antibody positivity,抗甲状腺刺激激素受体抗体阳性,
HP:0034190,Abnormal fetal cardiovascular physiology,胎儿心血管生理异常,
HP:0034191,Elevated fetal middle cerebral artery peak systolic velocity,胎儿大脑中动脉收缩期峰值流速上升,
HP:0034192,Pulmonary thromboembolism,肺血栓栓塞症,
HP:0034193,Stratum basale cleavage,基底层裂隙,
HP:0034194,Suprabasal cleavage,基底上层裂隙,
HP:0034195,Triggered by muscle relaxant,肌肉松弛剂触发,
HP:0034196,Ductus venosus agenesis,静脉导管发育不全,
HP:0034197,Third trimester onset,孕晚期起病,
HP:0034198,Second trimester onset,孕中期起病,
HP:0034199,Late first trimester onset,孕早期晚期起病,
HP:0034200,Abnormal CSF homovanillic acid concentration,脑脊液高香脑酸水平异常,
HP:0034201,Increased CSF homovanillic acid concentration,脑脊液高香脑酸水平增加,
HP:0034202,Abnormal iduronate sulfatase concentration,艾杜糖醛酸硫酸酯酶水平异常,
HP:0034203,Decreased iduronate sulfatase level,艾杜糖醛酸硫酸酯酶水平降低,
HP:0034204,Decreased circulating C1-esterase inhibitor concentration,循环C1-酯酶抑制因子水平降低,
HP:0034205,Iniencephaly,枕骨裂脑露畸形,
HP:0034206,Abnormal fetal central nervous system morphology,胎儿中枢神经系统形态异常,
HP:0034207,Abnormal fetal gastrointestinal system morphology,胎儿消化系统形态异常,
HP:0034208,Fetal intracranial hemorrhage,胎儿颅内出血,
HP:0034209,Fetal subependymal hemorrhage,胎儿室管膜下出血,
HP:0034210,Fetal intraventricular hemorrhage,胎儿脑室内出血,
HP:0034211,Fetal cerebral parenchymal hemorrhage,胎儿脑实质出血,
HP:0034212,Fetal extra-axial hemorrhage,胎儿轴外出血,
HP:0034213,Fetal posterior fossa hemorrhage,胎儿后颅窝出血,
HP:0034214,Fetal intraventricular hemorrhage without ventriculomegaly,胎儿脑室内出血不伴脑室扩大,
HP:0034215,Fetal cerebellar hemisphere hemorrhage,胎儿小脑半球出血,
HP:0034216,Fetal cerebellar vermis hemorrhage,胎儿小脑蚓部出血,
HP:0034217,Sonographic non-visualized fetal bladder,超声未见胎儿膀胱,
HP:0034218,Fetal intraventricular hemorrhage with ventriculomegaly,胎儿脑室内出血伴脑室扩大,
HP:0034219,Fetal intraventricular hemorrhage with periventricular hemorrhage,胎儿脑室内出血伴脑室周围出血,
HP:0034220,Temporal lobe megalencephaly,颞叶巨脑畸形,
HP:0034221,Abnormal temporal lobe morphology,颞叶形态异常,
HP:0034222,Temporal lobe dysplasia,颞叶发育不良,
HP:0034223,Elevated umbilical artery pulsatility,脐动脉搏动增强,
HP:0034224,Absent end-diastolic umbilical artery flow,脐动脉舒张末期血流缺失,
HP:0034225,Reversed end-diastolic umbilical artery flow,脐动脉舒张末期血流反向,
HP:0034226,Champagne cork sign,香槟软木塞征,
HP:0034227,Aortic isthmus hypoplasia,主动脉峡部发育不全,
HP:0034228,Proximal aortic arch hypoplasia,近端主动脉弓发育不全,
HP:0034229,Distal aortic arch hypoplasia,远端主动脉弓发育不全,
HP:0034230,Inferior crossed fused renal ectopia,下交叉融合肾异位,
HP:0034231,Sigmoid kidney,乙状肾,
HP:0034232,Unilateral lump kidney,单侧肾肿块,
HP:0034233,Disc kidney,盘状肾,
HP:0034234,L-shaped kidney,L形肾,
HP:0034235,Superior crossed-fused renal ectopia,上交叉融合肾异位,
HP:0034236,Apnea of prematurity,早产儿呼吸暂停,
HP:0034237,Open neural tube defect,开放性神经管缺陷,
HP:0034238,Closed neural tube defect,闭合性神经管缺陷,
HP:0034239,Renal vein thrombosis,肾静脉血栓形成,
HP:0034240,Fetal neck mass,胎儿颈部肿块,
HP:0034241,Prenatal death,产前死亡,
HP:0034242,Abnormal fetal genitourinary system morphology,胎儿泌尿生殖系统形态异常,
HP:0034243,Abnormal fetal pulmonary morphology,胎儿肺形态异常,
HP:0034244,Gastric pseudomass,胃假性肿块,
HP:0034245,Fetal head anomaly,胎儿头部异常,
HP:0034246,Fetal scalp mass,胎儿头皮肿块,
HP:0034247,Fetal lower urinary tract obstruction,胎儿下尿路梗阻,
HP:0034248,Increased fetal lens echogenicity,胎儿晶状体回声增强,
HP:0034249,Severe influenza infection,严重流感病毒感染,
HP:0034250,Fetal nuchal edema,胎儿颈水肿,
HP:0034251,Abnormal corneal reflex,角膜反射异常,
HP:0034252,Absent corneal reflex,角膜反射缺失,
HP:0034253,Eosinophil nuclear hypersegmentation,嗜酸性粒细胞分叶过多,
HP:0034254,Face of the giant panda sign,熊猫脸征,
HP:0034255,Colovesical fistula,结肠膀胱瘘,
HP:0034256,Absent dermoepidermal hemidesmosomes,真皮半桥粒缺失,
HP:0034257,C4 nephritic factor positivity,C4肾炎因子阳性,
HP:0034258,Aplasia/Hypoplasia of the midbrain,中脑发育不全,
HP:0034259,Hypoplasia of the midbrain,中脑发育不全,
HP:0034260,Aplastic zygomatic arch,颧弓发育不全,
HP:0034261,Aplasia/Hypoplasia of facial bones,颜面骨发育不全,
HP:0034262,Absent lanugo,胎毛缺失,
HP:0034263,Abnormal vaginal bleeding,异常阴道出血,
HP:0034264,Postcoital vaginal bleeding,性交后阴道出血,
HP:0034265,Mastalgia,乳腺痛,
HP:0034266,Vaginal bleeding during sex,性交阴道出血,
HP:0034267,Pelvic pain,骨盆痛,
HP:0034268,Abnormal vaginal physiology,阴道生理异常,
HP:0034269,Abnormal vaginal discharge,阴道分泌物异常,
HP:0034270,Serrated incisors,锯齿状切牙,
HP:0034271,Copper beaten skull,铜打碗征,
HP:0034272,Perifoveal hypoautofluorescence,中心凹周围自发荧光减弱,
HP:0034273,Premature sagging cheeks,早熟面颊下垂,
HP:0034274,Gastrointestinal ulcer,消化道溃疡,
HP:0034275,Verrucous epidermal nevus,疣状表皮痣,
HP:0034276,Elevated circulating thymidine concentration,循环胸苷水平升高,
HP:0034277,Elevated circulating deoxyuridine concentration,循环脱氧尿苷水平升高,
HP:0034278,Multinucleated erythroblast,多核成红血细胞,
HP:0034279,"2,8-dihydroxyadenine crystalluria","2,8-二羟腺嘌呤结晶尿",
HP:0034280,Target cells,靶细胞,
HP:0034281,Phalangeal cone-shaped epiphyses,指骨/趾骨锥形骨骺,
HP:0034282,Subcutaneous ossification,皮下骨化,
HP:0034283,Increased fecal protoporphyrin concentration,粪原卟啉升高,
HP:0034284,Recurrent gingivitis,复发性龈炎,
HP:0034285,Enteroviral encephalitis,肠道病毒性脑炎,
HP:0034286,Pneumocystis carinii pneumonia,卡氏肺孢菌性肺炎,
HP:0034287,Afibrinogenemia,无纤维蛋白原血症,
HP:0034288,Elevated circulating reverse T3 concentration,循环反T3水平升高,
HP:0034289,Elevated circulating rT3/T3 ratio,循环rT3/T3比值升高,
HP:0034290,Elevated circulating tiglylglycine concentration,循环甲基巴豆酰甘氨酸水平升高,
HP:0034291,Elevated circulating creatine concentration,循环肌酸水平升高,
HP:0034292,Reduced circulating creatine concentration,循环肌酸水平降低,
HP:0034293,Temporal lobe calcification,颞叶钙化,
HP:0034294,Ductal bile plugs,胆管胆栓堵塞,
HP:0034295,Reduced cerebral white matter volume,脑白质容积减少,
HP:0034296,"Elevated urine 3,5,6-trichloro-2-pyridinol level","3,5,6-三氯-2-吡啶醇水平升高",
HP:0034297,Elevated circulating tetracosanoic acid concentration,循环二十四烷酸水平升高,
HP:0034298,Elevated circulating hexacosanoic acid concentration,循环二十六烷酸水平升高,
HP:0034299,Sertoli cell-only phenotype,纯睾丸支持细胞表型,
HP:0034300,Decreased acid sphingomyelinase activity,酸性鞘磷脂酶活性降低,
HP:0034301,Congenital pouch colon,先天性袋状结肠,
HP:0034302,Megalopapilla,巨大视乳头,
HP:0034303,Notched T wave,T波切迹,
HP:0034304,Epsilon wave,Epsilon 波,
HP:0034305,2:1 atrioventricular block,2∶1的房室传导阻滞,
HP:0034306,Ventricular bigeminy,室性二联律,
HP:0034307,Elevated left ventricular end-diastolic diameter,左心室舒张末期内径升高,
HP:0034308,Prolonged P wave,P波延长,
HP:0034309,Multiflagellar spermatozoa,多尾精子,
HP:0034310,Post-vaccination yellow fever,接种疫苗后黄热病,
HP:0034311,Hypoplastic optic chiasm,视交叉发育不全,
HP:0034312,Nocturnal hypoxemia,夜间低氧血症,
HP:0034313,Hyperdynamic left ventricular ejection fraction,高动力左心室射血分数,
HP:0034314,Abnormal left ventricular ejection fraction,左心室射血分数异常,
HP:0034315,Chronic cough,慢性咳嗽,
HP:0034316,Thinning of the substantia nigra pars compacta,致密部黑质变薄,
HP:0034317,Unusual viral infection,异常病毒感染,
HP:0034318,Unusual virus reactivation,异常病毒活化,
HP:0034319,CNS vasculitis with reactivation of varicella-zoster virus,水痘带状疱疹病毒活化的中枢神经系统血管炎,
HP:0034320,Muscle fiber intracytoplasmic reducing inclusion bodies,肌纤维包涵体减少,
HP:0034321,Elevated circulating guanidinoacetic acid concentration,胍基乙酸水平升高,
HP:0034322,Reduced tissue galactocerebrosidase activity,组织半乳糖脑苷脂酶活性降低,
HP:0034323,Reduced circulating growth hormone concentration,循环生长激素水平降低,
HP:0034324,Brachiocephalic artery aneurysm,头臂动脉瘤,
HP:0034325,Common carotid artery aneurysm,颈总动脉瘤,
HP:0034326,Adenomyosis,子宫腺肌症,
HP:0034327,Posterior corneal stroma punctiform multicolored opacities,角膜后基质点状多色混浊,
HP:0034328,Fibro-obliterative bile-duct lesion,纤维性闭塞性胆管病变,
HP:0034329,Dysplastic megalencephaly,发育不良的巨脑症,
HP:0034330,Regional right ventricular hypokinesis,局部右心室功能减退,
HP:0034331,McConnell sign,McConnell征,
HP:0034332,Cognitive regression,认知衰退,
HP:0034333,Increased circulating hypoxanthine concentration,循环次黄嘌呤水平升高,
HP:0034335,Inheritance qualifier,遗传修饰,
HP:0034336,Splenic infarction,脾梗死,
HP:0034337,Claw hand deformity,爪形手畸形,
HP:0034338,Imprinted,印记的,
HP:0034339,Pseudoautosomal inheritance,假常染色体遗传,
HP:0034340,Pseudoautosomal dominant inheritance,假常染色体显性遗传,
HP:0034341,Pseudoautosomal recessive inheritance,假常染色体隐性遗传,
HP:0034342,Trapezius muscle aplasia,斜方肌发育不全,
HP:0034343,Requires heterozygosity,杂合子加重,
HP:0034344,Female-limited expression,女性限性表达,
HP:0034345,Mendelian inheritance,孟德尔遗传,
HP:0034346,Nesidioblastosis,胰岛母细胞增生症,
HP:0034347,Greater auricular nerve thickening,耳大神经增厚,
HP:0034348,Subpulmonary stenosis,肺动脉瓣下狭窄,
HP:0034349,Supravalvar pulmonary stenosis,肺动脉瓣上狭窄,
HP:0034350,Valvular pulmonary stenosis,肺动脉瓣狭窄,
HP:0034351,Neuromyotonia,神经性肌强直,
HP:0034352,Bile duct polyp,胆管息肉,
HP:0034353,Appendicular spasticity,四肢痉挛,
HP:0034354,Trichoschisis,裂发,
HP:0034355,White cerebellum sign,白小脑征,
HP:0034356,Impaired renal tubular reabsorption of low molecular weight protein,肾小管对低分子量蛋白质的重吸收功能受损,
HP:0034357,Impaired renal tubular reabsorption of glucose,肾小管对葡萄糖的重吸收功能受损,
HP:0034358,Impaired renal tubular reabsorption of sodium,肾小管对钠的重吸收功能受损,
HP:0034359,Impaired renal tubular reabsorption of phosphate,肾小管对磷酸盐的重吸收功能受损,
HP:0034360,Action myoclonus,动作性肌阵挛,
HP:0034361,Redundant umbilical skin,脐部皮肤过多,
HP:0034362,Dull foveal reflex,中央凹反射迟钝,
HP:0034363,Corneal pterygium,角膜翼状胬肉,
HP:0034364,Fibrofatty replacement of right ventricular myocardium,右心室心肌纤维脂肪置换,
HP:0034365,Elevated circulating alpha-aminoadipic semialdehyde concentration,循环α-氨基己二酸半醛水平升高,
HP:0034366,Fracture blister,骨折水泡,
HP:0034367,Decreased circulating beta-mannosidase activity,循环β-甘露糖苷酶活性降低,
HP:0034368,Urolithiasis,尿石症,
HP:0034369,Decreased level of coenzyme Q10 in skeletal muscle,骨骼肌辅酶Q10水平降低,
HP:0034370,Abnormal muscle tissue metabolite concentration,肌肉组织代谢物浓度异常,
HP:0034371,Reduced circulating prekallikrein concentration,循环前激肽释放酶水平降低,
HP:0034372,Internal tibial torsion,胫骨内旋,
HP:0034373,External tibial torsion,胫骨外旋,
HP:0034374,Trident acetabulum,三叉戟髋臼,
HP:0034375,Spherophakia,球形晶状体,
HP:0034376,Atrioventricular valve regurgitation,房室瓣反流,
HP:0034377,Single atrioventricular valve regurgitation,单房室瓣膜反流,
HP:0034378,Urethrovesical occlusion,尿道膀胱闭塞,
HP:0034380,Juvenile type testicular granulosa cell tumor,少年型颗粒细胞瘤,
HP:0034381,Central nervous system axonal spheroid,中枢神经系统轴突球样变,
HP:0034382,Disease remission,疾病缓解,
HP:0034383,Elevated circulating biliverdin concentration,循环胆绿素水平升高,
HP:0034384,Elevated circulating insulin:C-peptide ratio,循环胰岛素/C肽比值升高,
HP:0034385,Abnormal left ventricular endsystolic diameter,左室收缩末期内径异常,
HP:0034386,Reduced left ventricular endsystolic diameter,左室收缩末期内径内径减小,
HP:0034387,Bacterial encephalitis,细菌性脑炎,
HP:0034388,Hilar lymph node enlargement,肺门淋巴结肿大,
HP:0034389,Pulmonary vein varix,肺静脉曲张,
HP:0034390,Decreased CSF glycine concentration,脑脊液甘氨酸水平降低,
HP:0034391,Elbow contracture,肘部挛缩,
HP:0034392,Joint contracture,关节挛缩,
HP:0034393,Elbow extension contracture,肘伸挛缩,
HP:0034394,Forearm supination contracture,前臂旋后挛缩,
HP:0034395,Forearm pronation contracture,前臂旋前挛缩,
HP:0034396,Hippocampal malrotation,海马旋转不良,
HP:0034397,Claw toe deformity,爪状趾畸形,
HP:0034398,Toe deformity,趾畸形,
HP:0034399,Prolonged central motor conduction time,中枢运动传导时间延长,
HP:0034400,Circumferential skin creases on extremities,四肢环形皮肤皱褶,
HP:0034401,Atypical teratoid/rhabdoid tumor,非典型畸胎瘤样/横纹肌样瘤,
HP:0034402,Rhabdoid tumor of the kidney,肾横纹肌样瘤,
HP:0034403,Subcutaneous panniculitis-like T-cell lymphoma,皮下脂膜炎样T细胞淋巴瘤,
HP:0034404,Fungal hyphae in sputum,痰液真菌菌丝,
HP:0034405,Enlarged tectum,中脑顶盖增大,
HP:0034406,Elevated CSF angiotensin-converting enzyme concentration,脑脊液血管紧张素转换酶浓度升高,
HP:0034407,Reduced circulating 3-ketoacyl-CoA thiolase concentration,循环3-酮酰基辅酶A硫解酶浓度降低,
HP:0034408,Solitary angiokeratoma,孤立性血管角化瘤,
HP:0034409,Fordyce angiokeratoma,Fordyce血管角化瘤,
HP:0034410,Angiokeratoma circumscriptum naeviforme,局限性痣状血管角化瘤,
HP:0034411,Angiokeratoma of Mibelli,Mibelli血管角化瘤,
HP:0034412,Laryngeal mass,喉部肿块,
HP:0034413,Palate mass,腭肿块,
HP:0034414,Thick oral frenulum,口腔系带增厚,
HP:0034415,Tooth avulsion,牙齿撕脱,
HP:0034416,Torn oral frenulum,口腔系带撕裂,
HP:0034417,Intraoral laceration,口腔内裂伤,
HP:0034418,Erythematous oral mucosa,口腔粘膜红斑,
HP:0034419,Mitral chordae tendinae rupture,二尖瓣腱索断裂,
HP:0034420,History of cardiovascular procedure,心血管手术史,
HP:0034421,Ejection click,喷射音,
HP:0034422,Cryofibrinogenemia,冷纤维蛋白原血症,
HP:0034423,triggered by allergens,过敏原触发,
HP:0034424,Clicking tinnitus,撞击性耳鸣,
HP:0034425,Reduced hair sulfur content,头发硫含量降低,
HP:0034426,Chromhidrosis,色汗症,
HP:0034427,Purulent eye discharge,化脓性眼分泌物,
HP:0034428,Megaloblepharon,巨眼睑,
HP:0034429,Bacteria in cerebrospinal fluid,脑脊液细菌,
HP:0034430,Abnormal joint physiology,关节生理异常,
HP:0034431,Joint crepitus,关节骨擦音,
HP:0034432,Intertriginous distribution,间擦性分布,
HP:0034433,Distributed along skin tension lines,沿皮肤张力线分布,
HP:0034434,Abnormal communication,交流异常,
HP:0034435,Abnormal eye contact,眼神交流异常,
HP:0034436,Gaze avoidance,注视回避,
HP:0034437,Excessive eye contact,过度的眼神交流,
HP:0034438,Balanitis,龟头炎,
HP:0034439,Instep location,足背区,
HP:0034440,Ameliorated by ultraviolet light exposure,紫外线照射缓解,
HP:0034441,Decreased circulating aspartic acid concentration,循环天冬氨酸浓度降低,
HP:0034442,Abnormal circulating erythropoietin concentration,循环促红细胞生成素浓度异常,
HP:0034443,Reduced circulating erythropoietin concentration,循环促红细胞生成素浓度降低,
HP:0034444,Abnormal gamma-glutamyltransferase level,γ-谷氨酰转肽酶水平异常,
HP:0034445,Reduced gamma-glutamyltransferase level,γ-谷氨酰转肽酶水平降低,
HP:0034446,Elevated circulating histamine concentration,循环组胺浓度升高,
HP:0034447,Increased circulating interleukin 18 concentration,循环白介素18浓度增高,
HP:0034448,Abnormal phytanic acid:pristanic acid ratio,植烷酸:降植烷酸比值异常,
HP:0034449,Increased phytanic acid:pristanic acid ratio,植烷酸:降植烷酸比值增加,
HP:0034450,Decreased phytanic acid:pristanic acid ratio,植烷酸:降植烷酸比值降低,
HP:0034451,Rectovesical fistula,直肠膀胱瘘,
HP:0034452,Rectoureteral fistula,直肠输尿管瘘,
HP:0034453,Hypoplastic umbilicus,脐发育不良,
HP:0034454,Arachnoid granulation,蛛网膜颗粒化,
HP:0034455,Increased CSF taurine concentration,脑脊液牛磺酸浓度增高,
HP:0034456,Elevated circulating glutathione concentration,循环谷胱甘肽浓度升高,
HP:0034457,Hawkinsinuria,乙酸尿症,
HP:0034458,Elevated urinary phenylpyruvic acid level,尿苯丙酮酸水平升高,
HP:0034459,Ameliorated by lumbar puncture,腰椎穿刺缓解,
HP:0034460,Increased CSF uracil concentration,脑脊液尿嘧啶浓度增高,
HP:0034461,Elevated urine kynurenine level,尿犬尿氨酸水平升高,
HP:0034462,Increased CSF L-alloisoleucine concentration,脑脊液L-别异亮氨酸浓度增高,
HP:0034463,Hydroxylysinemia,羟基赖氨酸血症,
HP:0034464,Homocitrullinuria,同型瓜氨酸尿症,
HP:0034465,2-hydroxyadipic aciduria,2-羟基己二酸尿症,
HP:0034466,Homoargininuria,高精氨酸尿症,
HP:0034467,Increased urinary cysteine level,尿半胱氨酸水平增高,
HP:0034468,Gastric xanthoma,胃黄色瘤,
HP:0034469,Decreased stool elastase level,粪弹性蛋白酶水平降低,
HP:0034470,Elevated stool chloride content,粪氯化物含量升高,
HP:0034471,Increased fecal coproporphyrin III:coproporphyrin I ratio,粪便粪卟啉 III:粪卟啉 I 比例增高,
HP:0034472,Increased fecal harderoporphyrin,粪硬卟啉增加,
HP:0034473,Increased fecal heptacarboxylporphyrin,粪七羧基卟啉增加,
HP:0034474,Increased fecal pentacarboxylporphyrin,粪五羧基卟啉增加,
HP:0034475,Increased fecal isocoproporphyrin,粪便异钴卟啉增加,
HP:0034476,Positive fecal Clostridium botulinum test,粪便肉毒杆菌检测阳性,
HP:0034477,Perihepatic adhesions,肝周粘连,
HP:0034478,Dilated vas deferens,输精管扩张,
HP:0034479,Enlarged epididymis,附睾增大,
HP:0034480,Absent epididymidis,附睾缺如,
HP:0034481,Atypical gestures,非典型手势,
HP:0034482,Abnormal spinal cord physiology,脊髓生理异常,
HP:0034483,Bone marrow vacuolated lymphocytes,骨髓空泡淋巴细胞,
HP:0034484,Spinal cord calcifications,脊髓钙化,
HP:0034485,Neuroepithelial cyst,神经上皮囊肿,
HP:0034486,Reduced circulating interleukin 7 concentration,循环白介素7浓度降低,
HP:0034487,Increased circulating interleukin 12 concentration,循环白介素12浓度增高,
HP:0034488,Increased circulating interleukin 13 concentration,循环白介素13浓度增高,
HP:0034489,Increased circulating interleukin 2 concentration,循环白介素2浓度增高,
HP:0034490,Increased circulating interleukin 4 concentration,循环白介素4浓度增高,
HP:0034491,Increased circulating interleukin 5 concentration,循环白介素5浓度增高,
HP:0034492,Salpingitis,输卵管炎,
HP:0034493,Tubo-ovarian abscess,输卵管卵巢脓肿,
HP:0034494,Opacified paranasal sinuses,副鼻窦混浊,
HP:0034495,Elevated brain glutamine level by MRS,磁共振波谱脑谷氨酰胺水平升高,
HP:0034496,Abnormal brain glutamine level by MRS,磁共振波谱脑谷氨酰胺水平异常,
HP:0034497,Increased urinary hexanoic acid level,尿己酸水平增高,
HP:0034498,Hepatic focal nodular hyperplasia,肝脏局灶性结节性增生,
HP:0034499,Increased bone marrow iron,骨髓铁增高,
HP:0034500,Glenoid fracture,肩关节窝骨折,
HP:0034501,Widened mediastinum,纵隔增宽,
HP:0034502,Narrow mediastinum,纵隔狭窄,
HP:0034503,Ovarian torsion,卵巢扭转,
HP:0034504,Septate gallbladder,分隔胆囊,
HP:0034505,Gallbladder wall thickening,胆囊壁增厚,
HP:0034506,Gallbladder enlargement,胆囊增大,
HP:0034507,Gallbladder mass,胆囊肿块,
HP:0034508,Fingerprint bodies,指纹体,
HP:0034509,Spheroid bodies,球状体,
HP:0034510,Abnormal muscle tissue enzyme activity or level,肌组织酶活性或水平异常,
HP:0034511,Reduced muscle aconitase activity,肌肉顺乌头酸酶活性降低,
HP:0034512,Transitional-cell carcinoma of the ureter,输尿管移行细胞癌,
HP:0034513,Increased circulating Interferon-alpha concentration,循环干扰素α浓度增高,
HP:0034514,Liver hamartoma,肝错构瘤,
HP:0034515,Ameloblastoma,成釉细胞瘤,
HP:0034516,Ameliorated by ketogenic diet,生酮饮食缓解,
HP:0034517,Pretibial hyperpigmentation,胫前色素沉着,
HP:0034518,Gingival fragility,牙龈脆弱,
HP:0034519,Muscle fiber fuchsinophilic inclusion bodies,肌纤维嗜品红包涵体,
HP:0034520,Esophageal myenteric plexus degeneration,食管肌间神经丛变性,
HP:0034521,Periorificial hyperkeratosis,口周角化过度,
HP:0034522,Eosinophilic lymph node infiltration,淋巴结嗜酸性粒细胞浸润,
HP:0034523,Blood parasite,血液寄生虫,
HP:0034524,Bloodstream trypomastigotes,血流锥鞭毛体,
HP:0034525,Adamantinoma,造釉细胞瘤,
HP:0034526,Abnormal enzyme activity in muscle tissue,肌组织酶活性异常,
HP:0034527,Reduced muscle phosphoglycerate kinase activity,肌磷酸甘油酸激酶活性降低,
HP:0034528,Reduced fibroblast type III procollagen synthesis,成纤维细胞 III 型前胶原合成减少,
HP:0034529,Reduced muscle myoadenylate deaminase activity,肌肉肌腺苷酸脱氨酶活性降低,
HP:0034530,Bent long bone,长骨弯曲,
HP:0034531,Tracheal rupture,气管破裂,
HP:0034532,Increased myocardial glycogen content,心肌糖原含量增加,
HP:0034533,Triggered by monoamine oxidase inhibitor,单胺氧化酶抑制剂触发,
HP:0034534,Triggered by serotonin reuptake inhibitor,选择性5-羟色胺再摄取抑制剂触发,
HP:0034535,Ameliorated by acetazolamide,乙酰唑胺缓解,
HP:0034536,Ameliorated by exposure to medication,药物治疗缓解,
HP:0034537,Ameliorated by vitamin B12,维生素B12缓解,
HP:0034538,Ameliorated by thiamine,硫胺素缓解,
HP:0034539,Ameliorated by dantrolene,丹曲林缓解,
HP:0034540,Ameliorated by biotin,生物素缓解,
HP:0034541,Reduced bone-marrow megakaryocyte size,骨髓巨核细胞体积减小,
HP:0034542,Hairshafts with longitudinal grooves,毛干纵向凹槽,
HP:0034543,Mycobacterium bacteremia,分枝杆菌菌血症,
HP:0034544,Decreased delta-aminolevulinate dehydratase activity,δ-氨基乙酰丙酸脱水酶活性降低,
HP:0034545,Elevated circulating pancreatic secretory trypsin inhibitor activity,循环胰腺分泌胰蛋白酶抑制剂活性升高,
HP:0034546,"Presence of uterus in 46,XY individual","46,XY 个体存在子宫",
HP:0034547,Intraluminal meconium calcification,腔内胎粪钙化,
HP:0034548,Portal vein hypoplasia,门静脉发育不全,
HP:0034549,Adrenal leiomyoma,肾上腺平滑肌瘤,
HP:0034550,Small intestinal lymphoplasmacytic infiltrate,小肠淋巴浆细胞浸润,
HP:0034551,Triggered by neuroleptic medication,抗精神病药物触发,
HP:0034552,Abnormal peroxisomal morphology,过氧化物酶体形态异常,
HP:0034553,Absence of peroxisomes,过氧化物酶体缺失,
HP:0034554,Paucity of peroxisomes,过氧化物酶体缺少,
HP:0034555,Reduced sulfide:quinone oxidoreductase activity,硫化物:醌氧化还原酶活性降低,
HP:0034556,Deficit at segmental level,脊柱节段水平缺损,
HP:0034557,Rhabdoid tumor,横纹肌样瘤,
HP:0034558,Rhabdoid tumor of the ovary,卵巢横纹肌样瘤,
HP:0034559,Cardiac rhabdoid tumor,心脏横纹肌样瘤,
HP:0034560,Malignant rhabdoid tumor of the bladder,膀胱恶性横纹肌样瘤,
HP:0034561,Malignant rhabdoid tumor of liver,肝脏恶性横纹肌样瘤,
HP:0034562,Malignant rhabdoid tumor of muscle,肌肉恶性横纹肌样瘤,
HP:0034563,Neck teratoma,颈部畸胎瘤,
HP:0034564,Kidney teratoma,肾脏畸胎瘤,
HP:0034565,Elevated urinary 5-amino-4-imidazolecarboxamide-riboside level,尿 5-氨基-4-咪唑甲酰胺核苷水平升高,
HP:0034566,Aplasia of posterior communicating artery,后交通动脉发育不良,
HP:0034567,Optic pit,视盘小凹,
HP:0034568,Ameliorated by naloxone,纳洛酮缓解,
HP:0034569,Ameliorated by pyridoxal phosphate,磷酸吡哆醛缓解,
HP:0034570,Thickened intrahepatic portal venules,肝内门静脉增厚,
HP:0034571,Ovarian fibrosis,卵巢纤维化,
HP:0034572,Pigment incontinence,色素失禁,
HP:0034573,Abnormal epidermal protein expression,表皮蛋白表达异常,
HP:0034574,Reduced epidermal keratin 10 protein expression,表皮角蛋白10表达降低,
HP:0034575,Reduced epidermal collagen IV protein expression,IV型表皮胶原蛋白表达降低,
HP:0034576,Reduced epidermal bullous pemphigoid antigen 1 protein expression,表皮大疱性类天疱疮抗原1蛋白表达降低,
HP:0034577,Reduced epidermal collagen VII protein expression,VII型表皮胶原蛋白表达降低,
HP:0034578,Reduced epidermal collagen XVII protein expression,XVII型表皮胶原蛋白表达降低,
HP:0034579,Reduced epidermal integrin alpha6beta4 protein expression,表皮整合素α6β4蛋白表达降低,
HP:0034580,Reduced epidermal plectin protein expression,表皮凝集素蛋白表达降低,
HP:0034581,Bloodstream Trypanosoma cruzi,血流克氏锥虫,
HP:0034582,Abnormal lymph node cell composition,淋巴结细胞组成异常,
HP:0034583,Lipid-laden lymph node macrophages,富含脂质的淋巴结巨噬细胞,
HP:0034584,Abnormal pancreatic acinus morphology,胰腺腺泡形态异常,
HP:0034585,Cochlear nerve hypoplasia,耳蜗神经发育不全,
HP:0034586,Glutathionuria,谷胱甘肽尿症,
HP:0034587,Nevus psiloliparus,裸毛痣,
HP:0034588,Crypt hyperplasia,肠隐窝增生,
HP:0034589,Increased circulating dehydroepiandrosterone-sulfate concentration,循环硫酸脱氢表雄酮浓度升高,
HP:0034590,Abnormal circulating thyroxine-binding globulin concentration,循环甲状腺素结合球蛋白浓度异常,
HP:0034591,Decreased circulating thyroxine-binding globulin concentration,循环甲状腺素结合球蛋白浓度降低,
HP:0034592,Elevated circulating beta-aminoisobutyric acid concentration,循环β氨基异丁酸升高,
HP:0034593,Elevated circulating dihydrouracil concentration,循环二氢尿嘧啶浓度升高,
HP:0034594,Elevated circulating dihydrothymine concentration,循环二氢胸腺嘧啶浓度升高,
HP:0034595,Elevated circulating N-carbamoyl-beta-alanine concentration,循环N-氨基甲酰-β-丙氨酸水平升高,
HP:0034596,Elevated ciculating 5-hydroxymethyluracil concentration,循环5-羟甲基尿嘧啶浓度升高,
HP:0034597,Decreased CSF creatinine concentration,脑脊液肌酐浓度降低,
HP:0034598,Elevated urinary creatine level,尿肌酸水平升高,
HP:0034599,Decreased circulating biotin concentration,循环生物素浓度降低,
HP:0034600,Elevated circulating thrombopoietin concentration,循环促血小板生成素浓度升高,
HP:0034601,Decreased circulating C1q concentration,循环C1q浓度降低,
HP:0034602,Decreased circulating apolipoprotein A-II concentration,循环载脂蛋白A-Ⅱ浓度降低,
HP:0034603,Elevated circulating CA19-9 concentration,循环CA19-9浓度升高,
HP:0034604,Elevated circulating DOPA concentration,循环多巴浓度升高,
HP:0034605,Elevated CSF DOPA concentration,脑脊液多巴浓度升高,
HP:0034606,Elevated circulating porphyrin concentration,循环卟啉浓度升高,
HP:0034607,Decreased circulating 17-hydroxyprogesterone concentration,循环17-羟孕酮浓度降低,
HP:0034608,Decreased circulating transcobalamin II concentration,循环转钴胺素 II 浓度降低,
HP:0034609,Polychromasia,多色症,
HP:0034610,Decreased circulating myo-inositol concentration,循环肌醇浓度降低,
HP:0034611,Elevated circulating arabinitol concentration,循环阿拉伯糖醇水平升高,
HP:0034612,Elevated urine arabitol level,尿阿拉伯糖醇水平升高,
HP:0034613,Elevated urine erythritol level,尿赤藓糖醇水平升高,
HP:0034614,Elevated circulating erythritol concentration,循环藓糖醇浓度升高,
HP:0034615,Reduced circulating matrix metalloproteinase 2 concentration,循环基质金属蛋白酶2浓度降低,
HP:0034616,Abnormal circulating coenzyme concentration,循环辅酶浓度异常,
HP:0034617,Elevated circulating S-adenosyl methionine concentration,循环S-腺苷甲硫氨酸浓度升高,
HP:0034618,Abnormal circulating membrane cofactor protein concentration,循环膜辅因子蛋白浓度异常,
HP:0034619,Decreased circulating membrane cofactor protein concentration,循环膜辅因子蛋白浓度降低,
HP:0034620,Elevated circulating membrane cofactor protein concentration,循环膜辅因子蛋白浓度升高,
HP:0034621,Hepatic xanthomatosis,肝脏黄瘤病,
HP:0034622,Adrenal xanthomatosis,肾上腺黄瘤病,
HP:0034623,Splenic xanthomatosis,脾脏黄瘤病,
HP:0034624,Spinal cord xanthomatosis,脊髓黄瘤病,
HP:0034625,Brain xanthomatosis,脑黄瘤病,
HP:0034626,Pulmonary xanthomatosis,肺黄瘤病,
HP:0034627,Bone marrow xanthomatosis,骨髓黄瘤病,
HP:0034628,Lymph node xanthomatosis,淋巴结黄瘤病,
HP:0034629,Xanthoma of bone,骨黄瘤,
HP:0034630,Ameliorated by folinic acid,叶酸缓解,
HP:0034631,Triggered by succinylcholine anesthetic,琥珀酰胆碱麻醉剂触发,
HP:0034632,Exogenous androgen exposure,接受外源性雄激素药物治疗,
HP:0034633,Reduced muscle enolase activity,肌烯醇酶活性降低,
HP:0034634,Dopamine antagonist exposure,接受多巴胺拮抗剂治疗,
HP:0034635,Muscle fiber granulofilamentous inclusion bodies,肌纤维颗粒丝状包涵体,
HP:0034636,Bone marrow myeloid vacuolization,骨髓髓细胞空泡形成,
HP:0034637,Pulmonary cylindroma,肺圆柱瘤,
HP:0034638,Colonic fibrinopurulent exudate,结肠纤维蛋白脓性渗出物,
HP:0034639,Bloodstream microfilaria,血流微丝蚴,
HP:0034640,Skin infectious agent,皮肤感染原,
HP:0034641,Dermal microfilaria,真皮微丝蚴,
HP:0034642,Dermal papillary IgA deposition,真皮乳头IgA沉积,
HP:0034643,Dermal immune complex deposition,真皮免疫复合物沉积,
HP:0034644,Abnormal liver metabolite concentration,肝脏代谢产物浓度异常,
HP:0034645,Hepatic polyglucosan accumulation,肝脏葡聚糖积累,
HP:0034646,Urinary bladder neurofibroma,膀胱神经纤维瘤,
HP:0034647,Synovial granuloma,滑膜肉芽肿,
HP:0034648,Elevated urine fumaric acid level,尿富马酸水平升高,
HP:0034649,Elevated urine N-acetylaspartic acid level,尿N-乙酰天冬氨酸水平升高,
HP:0034650,Elevated urine suberylglycine level,尿亚甘氨酸水平升高,
HP:0034651,Elevated urine phenylpropionylglycine level,尿苯丙酰甘氨酸水平升高,
HP:0034652,Elevated urine octenedioic acid level,尿辛烯二酸水平升高,
HP:0034653,Monocarboxylic aciduria,单羧酸尿症,
HP:0034654,Elevated urine octanoic acid level,尿辛酸水平升高,
HP:0034655,Elevated urine glutaconic acid level,尿戊烯二酸水平升高,
HP:0034656,Elevated urine 3-hydroxyglutaric level,尿3-羟基戊二酸水平升高,
HP:0034657,Elevated urine malonic acid level,尿丙二酸水平升高,
HP:0034658,Elevated urine propionylglycine level,尿丙酰甘氨酸水平升高,
HP:0034659,Elevated urine tiglylglycine level,尿巴豆酰基甘氨酸水平升高,
HP:0034660,Elevated urine 2-methylacetoacetic acid level,尿2-甲基乙酰乙酸水平升高,
HP:0034661,Elevated urine 3-hydroxypropionic acid level,尿3-羟基丙酸水平升高,
HP:0034662,Elevated urine 2-methylcitric acid level,尿2-甲基柠檬酸水平升高,
HP:0034663,Elevated urine 4-hydroxyisovaleric acid level,尿4-羟基异戊酸水平升高,
HP:0034664,Elevated urine 2-hydroxy-3-methylvaleric acid level,尿2-羟基-3-甲基戊酸水平升高,
HP:0034665,Shoulder contracture,肩部挛缩,
HP:0034666,Shoulder extension contracture,肩部伸展挛缩,
HP:0034667,Thumb extension contracture,拇指伸展挛缩,
HP:0034668,Tongue myxoma,舌粘液瘤,
HP:0034669,Abnormal knee morphology,膝关节形态异常,
HP:0034670,Abnormal knee physiology,膝关节生理异常,
HP:0034671,Knee contracture,膝关节挛缩,
HP:0034672,Knee extension contracture,膝关节伸展挛缩,
HP:0034673,Abnormal ankle morphology,踝关节形态异常,
HP:0034674,Abnormal ankle physiology,踝关节生理异常,
HP:0034675,Toe joint contracture,趾关节挛缩,
HP:0034676,Extension contracture of toe,趾关节伸展挛缩,
HP:0034677,Ankle contracture,踝关节挛缩,
HP:0034678,Forefoot pronation contracture,前足旋前挛缩,
HP:0034679,Forefoot supination contracture,前足旋后挛缩,
HP:0034680,Forefoot adduction contracture,前足内收挛缩,
HP:0034681,Finger joint contracture,指关节挛缩,
HP:0034682,Extension contracture of finger,指关节伸展挛缩,
HP:0034683,Reduced muscle telethonin level,肌节蛋白telethonin水平降低,
HP:0034684,Abnormal enzyme concentration or activity,酶浓度或活性异常,
HP:0034685,Abnormal liver enzyme activity or concentration,肝酶浓度或活性异常,
HP:0034686,Reduced hepatic urocanase activity,肝尿刊酸水合酶活性降低,
HP:0034687,Impaired cerebroside sulfate hydrolysis,硫酸脑苷脂水解受损,
HP:0034688,Reduced peroxisomal glutaryl-CoA oxidase activity,过氧化物酶体戊二酰辅酶A氧化酶活性降低,
HP:0034689,Reduced sterol 27-hydroxylase activity,固醇27-羟化酶活性降低,
HP:0034690,Reduced short-chain acyl-CoA dehydrogenase activity,短链酰基辅酶A脱氢酶活性降低,
HP:0034691,Reduced 3-phosphoglycerate dehydrogenase activity,3-磷酸甘油酸脱氢酶活性降低,
HP:0034692,Elongated mitochondria,线粒体长度增加,
HP:0034693,Reduced hepatic methionine adenosyltransferase activity,肝脏甲硫氨酸腺苷转移酶活性降低,
HP:0034694,Substantia nigra dopaminergic neuron loss,黑质多巴胺能神经元丢失,
HP:0034696,Intramuscular lipoma,肌内脂肪瘤,
HP:0034697,Cutaneous telangiectasia,皮肤毛细血管扩张,
HP:0034698,Abnormal aromatase activity,芳香化酶活性异常,
HP:0034699,Elevated aromatase activity,芳香化酶活性升高,
HP:0034700,Reduced aromatase activity,芳香化酶活性降低,
HP:0034701,Corneal amyloidosis,角膜淀粉样变,
HP:0034702,Abnormal keratinocyte morphology,角化细胞形态异常,
HP:0034703,Keratinocyte vacuolization,角化细胞空泡形成,
HP:0034704,Parotid gland adenocarcinoma,腮腺腺癌,
HP:0034705,Pulmonary vasculitis,肺血管炎,
HP:0034706,Reduced hepatic D-glycerate kinase activity,肝D-甘油酸激酶活性降低,
HP:0034707,Lymph-node hemophagocytosis,淋巴结噬血细胞增多症,
HP:0034708,Superior pubic ramus hypoplasia,耻骨上支发育不全,
HP:0034709,Uterine adenofibroma,子宫腺纤维瘤,
HP:0034710,Pulmonary hamartoma,肺错构瘤,
HP:0034711,Peripheral axonal distension,外周轴突扩张,
HP:0034712,Decreased circulating alpha-mannosidase activity,循环α-甘露糖苷酶活性降低,
HP:0034713,Abnormal hepatocyte morphology,肝细胞形态异常,
HP:0034714,Hepatic melanin-like lysosomal pigmentation,肝脏黑色素样溶酶体色素沉着,
HP:0034715,Reduced uroporphyrinogen decarboxylase activity,尿卟啉原脱羧酶活性降低,
HP:0034716,Reduced heme oxygenase activity,血红素氧合酶活性降低,
HP:0034717,Swollen achromatic neurons in the cerebral cortex,大脑皮层非染色质神经元肿胀,
HP:0034718,Vacuolated hepatocytes,空泡状肝细胞,
HP:0034719,Lack of oocyte pronucleus formation,卵母细胞原核形成缺乏,
HP:0034720,Self-healing squamous epithelioma,自愈性鳞状上皮瘤,
HP:0034721,Elevated circulating pristanic acid concentration,循环降植烷酸浓度升高,
HP:0034722,Sarcoplasmic bodies,肌浆体,
HP:0034723,Elevated CSF hydroxyproline concentration,脑脊液羟基脯氨酸浓度升高,
HP:0034724,Reduced CSF cystine concentration,脑脊液胱氨酸浓度降低,
HP:0034725,Abnormal circulating beta-mannosidase activity,循环β-甘露糖苷酶活性异常,
HP:0034726,Elevated circulating beta-mannosidase activity,循环β-甘露糖苷酶活性升高,
HP:0034727,Reduced circulating alpha-L-fucosidase activity,循环α-L-岩藻糖苷酶活性降低,
HP:0034728,Abnormal circulating alpha-L-fucosidase activity,循环α-L-岩藻糖苷酶活性异常,
HP:0034729,Elevated circulating alpha-L-fucosidase activity,循环α-L-岩藻糖苷酶活性升高,
HP:0034730,Elevated circulating S-adenosyl-L-homocysteine concentration,循环 S-腺苷-L-同型半胱氨酸浓度升高,
HP:0034731,Elevated circulating S-adenosyl-L-methionine concentration,循环 S-腺苷-L-甲硫氨酸浓度升高,
HP:0034732,Exercise-triggered malignant hyperthermia,运动触发恶性高热,
HP:0034733,Anesthesic-triggered malignant hyperthermia,麻醉触发恶性高热,
HP:0034734,Elevated CSF argininosuccinic acid concentration,脑脊液精氨基琥珀酸浓度升高,
HP:0034735,Elevated CSF aspartylglucosamine concentration,脑脊液天门冬氨酸氨基葡萄糖浓度升高,
HP:0034736,Elevated circulating alpha-oxoadipic acid concentration,循环α-氧代己酸浓度升高,
HP:0034737,Abnormal erythrocyte metabolite concentration,红细胞代谢物浓度异常,
HP:0034738,Reduced erythrocyte glutathione concentration,红细胞谷胱甘肽浓度降低,
HP:0034739,Elevated CSF sarcosine concentration,脑脊液肌氨酸浓度升高,
HP:0034740,Reduced CSF methionine concentration,脑脊液甲硫氨酸浓度降低,
HP:0034741,Elevated circulating homoarginine concentration,循环高精氨酸浓度升高,
HP:0034742,Elevated urinary formiminoglutamic acid level,尿亚胺甲基谷氨酸水平升高,
HP:0034743,Elevated CSF proline concentration,脑脊液脯氨酸浓度升高,
HP:0034744,Elevated urinary S-sulfocysteine level,尿 S-磺基半胱氨酸水平升高,
HP:0034745,Elevated circulating S-sulfocysteine concentration,循环 S-磺基半胱氨酸浓度升高,
HP:0034746,Sertoli cell hyperplasia,支持细胞增生,
HP:0034747,CSF infectious agent,脑脊液感染原,
HP:0034748,CSF mycobacteria,脑脊液分枝杆菌,
HP:0034749,Fungal bloodstream infection,真菌血流感染,
HP:0034750,Supraclavicular lymphadenopathy,锁骨上淋巴结肿大,
HP:0034751,Inguinal lymphadenopathy,腹股沟淋巴结肿大,
HP:0034752,Axillary lymphadenopathy,腋窝淋巴结肿大,
HP:0034753,Positive Murphy sign,墨菲征阳性,
HP:0034754,Bilious emesis,胆汁性呕吐,
HP:0034755,Ameliorated by NSAID,非甾体抗炎药缓解,
HP:0034756,Fetal exposure history,胎儿接触史,
HP:0034757,Fetal barbiturate exposure,胎儿巴比妥酸盐接触史,
HP:0034758,Fetal narcotic exposure,胎儿麻醉药接触史,
HP:0034759,Ameliorated by ethosuximide,乙琥胺缓解,
HP:0034760,Reduced epidermal extracellular matrix protein 1 protein expression,表皮细胞外基质蛋白1蛋白表达降低,
HP:0034761,Neurofibroma by anatomical location,按解剖位置划分的神经纤维瘤,
HP:0034762,Tongue neurofibroma,舌神经纤维瘤,
HP:0034763,Cardiac neurofibroma,心脏神经纤维瘤,
HP:0034764,Gastric neurofibroma,胃神经纤维瘤,
HP:0034765,Renal neurofibroma,肾神经纤维瘤,
HP:0034766,Muscle fiber polyglucosan inclusion bodies,肌纤维葡聚糖包涵体,
HP:0034767,Abnormal rete ridge morphology,上皮脊形态异常,
HP:0034768,Rete ridge elongation,上皮脊延长,
HP:0034769,Pulmonary Langerhans cell histiocytosis,肺朗格汉斯细胞组织细胞增多症,
HP:0034770,Lumbar hypolordosis,腰椎前凸变平,
HP:0034771,Battle sign,Battle征,
HP:0034772,Decreased skull base length,颅底长度缩短,
HP:0034773,Oscillopsia,振动幻视,
HP:0034774,Decreased blink rate,眨眼频率降低,
HP:0034775,Abnormal blink rate,眨眼频率异常,
HP:0034776,Elevated blink rate,眨眼频率升高,
HP:0034777,Purulent sputum,脓痰,
HP:0034778,Maternal hyperthyroidism,母亲甲状腺功能亢进症,
HP:0034779,Perineal,引起会阴异常,
HP:0034780,Gadolinium exposure,钆接触史,
HP:0034781,Purulent parotid gland drainage,化脓性腮腺引流,
HP:0034782,Obstipation,便秘,
HP:0034783,Posttussive emesis,咳嗽后呕吐,
HP:0034784,Vasculitis by anatomical site,根据解剖部位分类的血管炎,
HP:0034785,Vasculitis by histology,根据组织学分类的血管炎,
HP:0034786,Leukocytoclastic vasculitis,白细胞破碎性血管炎,
HP:0034787,Accumulation of lipid droplets in small-bowel enterocytes,肠上皮细胞内脂滴积聚,
HP:0034788,Pericardial friction rub,心包摩擦音,
HP:0034789,Muscular vasculitis,肌肉血管炎,
HP:0034790,Abnormal muscle succinate dehydrogenase staining,肌肉琥珀酸脱氢酶染色异常,
HP:0034791,Increased muscle succinate dehydrogenase staining,肌肉琥珀酸脱氢酶染色增加,
HP:0034792,Decreased muscle succinate dehydrogenase staining,肌肉琥珀酸脱氢酶染色减少,
HP:0034793,Small intestinal hamartoma,小肠错构瘤,
HP:0034794,Pyriform sperm head,梨形精子头,
HP:0034795,Excess residual spermatozoal cytoplasm,精子细胞质过量残留,
HP:0034796,Cardiomyocyte hyaline bodies,心肌细胞透明小体,
HP:0034797,Hepatic hemophagocytosis,肝噬血细胞增多症,
HP:0034798,CSF hemophagocytosis,脑脊液噬血细胞增多症,
HP:0034799,Splenic hemophagocytosis,脾噬血细胞增多症,
HP:0034800,Urinary bladder granulomatosis,膀胱肉芽肿病,
HP:0034801,Epidermal necrosis,表皮坏死,
HP:0034802,Exacerbated by flexion,屈曲加重,
HP:0034803,Hemolacria,血泪症,
HP:0034804,Corneal foreign body sensation,角膜异物感,
HP:0034805,Buttock pain,臀部痛,
HP:0034806,Vaginal foreign body sensation,阴道异物感,
HP:0034807,Paroxysmal nocturnal dyspnea,夜间阵发性呼吸困难,
HP:0034808,Eyelid pain,眼睑痛,
HP:0034809,Abnormal sperm physiology,精子生理异常,
HP:0034810,Small acrosomal area,顶体面积小,
HP:0034811,Bent sperm flagella,精子鞭毛弯曲,
HP:0034812,Spermiation failure,排精失败,
HP:0034813,Hypospermatogenesis,精子生成不足,
HP:0034814,Conjunctival membrane,膜性结膜,
HP:0034815,Extreme oligozoospermia,极度少精症,
HP:0034816,Mild oligozoospermia,轻度少精症,
HP:0034817,Moderate oligozoospermia,中度少精症,
HP:0034818,Severe oligozoospermia,严重少精症,
HP:0034819,Iris nodule,虹膜结节,
HP:0034820,Koeppe nodules,Koeppe结节,
HP:0034821,Bussaca nodules,Bussaca结节,
HP:0034822,Abnormal CSF ion concentration,脑脊液离子浓度异常,
HP:0034823,Decreased CSF copper concentration,脑脊液铜浓度降低,
HP:0034824,Diffuse pulmonary lymphoid hyperplasia,弥漫性肺淋巴组织增生,
HP:0034825,Ameliorated by steroid medication,类固醇药物缓解,
HP:0034826,Triggered by medication exposure,服用药物触发,
HP:0034827,Triggered by levothyroxin exposure,服用左甲状腺素触发,
HP:0034828,Reduced muscle laminin alpha-2 chain staining,肌层粘连蛋白 α-2 链染色减少,
HP:0034829,Adrenal cortical sclerosis,肾上腺皮质硬化,
HP:0034830,"Reduced hepatic fructose-1,6-phosphate aldolase activity","肝果糖-1,6-磷酸醛缩酶活性降低",
HP:0034831,Pancreatic hamartoma,胰腺错构瘤,
HP:0034832,Liver angiomyolipoma,肝血管平滑肌脂肪瘤,
HP:0034833,Cardiac lipoma,心脏脂肪瘤,
HP:0034834,Peripheral nerve polyglucosan inclusion bodies,外周神经葡聚糖包涵体,
HP:0034835,Cardiac polyglucosan accumulation,心脏葡聚糖累积,
HP:0034836,Cystic nephroma,囊性肾瘤,
HP:0034837,Absent dermal elastic fibers,真皮弹性纤维缺如,
HP:0034838,Cleavage at junction of stratum corneum and stratum granulosum,角质层和颗粒层交界处裂隙,
HP:0034839,Lymphoid hyperplasia,淋巴组织增生,
HP:0034840,Absence of epidermal lamellar bodies,表皮层状体缺失,
HP:0034841,Gastrointestinal granulomatosis,胃肠道肉芽肿病,
HP:0034842,Enlarged sperm head vacuole,精子头部液泡增大,
HP:0034843,Ureteral hamartoma,输尿管错构瘤,
HP:0034844,Fetal methimazole exposure,胎儿甲巯咪唑接触史,
HP:0034845,Fetal procarbazine exposure,胎儿甲基苄肼接触史,
HP:0034846,Fetal fluorouracil exposure,胎儿氟尿嘧啶接触史,
HP:0034847,Fetal cytarabine exposure,胎儿阿糖胞苷接触史,
HP:0034848,Fetal tetracycline exposure,胎儿四环素接触史,
HP:0034849,Fetal quinine exposure,胎儿奎宁接触史,
HP:0034850,Fetal cyclophosphamide exposure,胎儿环磷酰胺接触史,
HP:0034851,Fetal metronidazole exposure,胎儿甲硝唑接触史,
HP:0034852,Fetal phenobarbital exposure,胎儿苯巴比妥接触史,
HP:0034853,Fetal phenytoin exposure,胎儿苯妥英接触史,
HP:0034854,Periumbilical,引起脐周异常,
HP:0034855,Maternal obesity during pregnancy,母孕期肥胖,
HP:0034856,Maternal amniocentesis,母羊膜穿刺术,
HP:0034857,Typified by highly variable age of onset,以发病年龄高度可变为特征,
HP:0034858,Abnormal leukocyte enzyme concentration or activity,白细胞酶浓度或活性异常,
HP:0034859,Reduced tissue beta-glucuronidase activity,组织β-葡萄糖醛酸酶活性降低,
HP:0034860,Reduced leukocyte alpha-L-fucosidase activity,白细胞α-L-岩藻糖苷酶活性降低,
HP:0034861,Reduced leukocyte arylsulfatase B activity,白细胞芳香基硫酸酯酶B活性降低,
HP:0034862,Reduced leukocyte steroid sulfatase activity,白细胞甾体硫酸酯酶活性降低,
HP:0034863,Reduced leukocyte arylsulfatase A activity,白细胞芳香基硫酸酯酶A活性降低,
HP:0034864,Decreased alpha-galactosidase A activity,α-半乳糖苷酶 A 活性降低,
HP:0034865,Positive fecal parasite test,粪便寄生虫检测阳性,
HP:0034866,Positive stool infectious agent test,粪便感染原检测阳性,
HP:0034867,Positive stool giardia antigen,粪便贾第鞭毛虫抗原阳性,
HP:0034868,Entamoeba histolytica antibody positive in stool,粪便溶组织内阿米巴抗体阳性,
HP:0034869,Reduced erythrocyte free porphyrin concentration,红细胞游离卟啉浓度降低,
HP:0034870,Reduced circulating urocanic acid concentration,循环尿刊酸浓度降低,
HP:0034871,Decreased urinary epinephrine level,尿肾上腺素水平降低,
HP:0034872,Decreased CSF epinephrine concentration,脑脊液肾上腺素浓度降低,
HP:0034873,Decreased circulating epinephrine concentration,循环肾上腺素浓度降低,
HP:0034874,Decreased circulating norepinephrine concentration,循环去甲肾上腺素浓度降低,
HP:0034875,Decreased urinary norepinephrine level,尿去甲肾上腺素浓度降低,
HP:0034876,Decreased urinary metaepinephrine level,尿甲氧基肾上腺素水平降低,
HP:0034877,Decreased CSF metanephrine concentration,脑脊液甲氧基肾上腺素水平降低,
HP:0034878,Decreased circulating metanephrine concentration,循环甲氧基肾上腺素水平降低,
HP:0034879,Ovarian mass,卵巢肿块,
HP:0034880,Adrenal mass,肾上腺肿块,
HP:0034881,Uterine mass,子宫肿块,
HP:0034882,Prostatic calculus,前列腺结石,
HP:0034883,Decreased portal vein velocity,门静脉流速降低,
HP:0034884,Uterine cervix mass,子宫颈肿块,
HP:0034885,Abnormal urinary uromodulin level,尿液尿调节素水平异常,
HP:0034886,Decreased urinary uromodulin level,尿液尿调节素水平降低,
HP:0034887,Increased urine phenylacetylglutamine level,尿苯乙酰谷氨酰胺水平升高,
HP:0034888,Decreased urine guanidinoacetic acid level,尿胍乙酸水平降低,
HP:0034889,Positive urine infectious agent nucleic acid test,尿液感染性病原体核酸检测阳性,
HP:0034890,Positive CMV urine nucleic acid test,尿巨细胞病毒核酸检测阳性,
HP:0034891,Positive Neisseria gonorrhoeae urine nucleic acid test,尿淋病奈瑟氏菌核酸检测阳性,
HP:0034892,Positive enterovirus urine nucleic acid test,尿肠道病毒核酸检测阳性,
HP:0034893,Elevated brain glycine level by MRS,MRS 检测脑甘氨酸水平升高,
HP:0034894,Elevated brain polyol compounds by MRS,MRS 检测脑多元醇化合物升高,
HP:0034895,Elevated brain gamma-aminobutyric acid by MRS,MRS 检测脑γ-氨基丁酸升高,
HP:0034896,History of recent anticoagulant ingestion,近期服用抗凝药史,
HP:0034897,Decreased circulating antidiuretic hormone concentration,循环抗利尿激素浓度降低,
HP:0034898,Elevated circulating growth hormone-releasing hormone concentration,循环生长激素释放激素浓度升高,
HP:0034899,Abnormal amniotic fluid protein concentration,羊水蛋白浓度异常,
HP:0034900,Decreased amniotic fluid alpha-fetoprotein concentration,羊水甲胎蛋白浓度降低,
HP:0034901,Increased circulating vitamin E concentration,循环维生素E浓度升高,
HP:0034902,Abnormal circulating calcitonin concentration,循环降血钙素浓度异常,
HP:0034903,Decreased circulating calcitonin concentration,循环降血钙素浓度降低,
HP:0034904,Decreased circulating thyrotropin releasing hormone concentration,循环促甲状腺激素释放激素降低,
HP:0034905,Elevated circulating uroporphyrin concentration,循环尿卟啉浓度升高,
HP:0034906,Increased urine pentacarboxylporphyrin level,尿五羧基卟啉水平升高,
HP:0034907,Increased urine hexacarboxylporphyrin level,尿六羧基卟啉水平升高,
HP:0034908,Increased circulating dehydroepiandrosterone concentration,循环脱氢表雄酮浓度升高,
HP:0034909,Increased erythrocyte coproporphyrin concentration,红细胞粪卟啉浓度增高,
HP:0034910,Increased erythrocyte uroproporphyrin concentration,红细胞尿卟啉浓度增高,
HP:0034911,Decreased circulating apolipoprotein E concentration,循环载脂蛋白E浓度降低,
HP:0034912,Elevated circulating apolipoprotein E concentration,循环载脂蛋白E浓度升高,
HP:0034913,Acrosomal hypoplasia,顶体发育不良,
HP:0034914,Oocyte maturation arrest,卵母细胞成熟阻滞,
HP:0034915,Abnormal anus morphology,肛门形态异常,
HP:0034916,Abnormal anus physiology,肛门生理异常,
HP:0034917,Weak anal sphincter tone,肛门括约肌张力弱,
HP:0034918,"Reduced muscle 2,4-dienoyl-CoA reductase activity","肌肉2,4-二烯酰辅酶A还原酶活性降低",
HP:0034919,"Reduced liver 2,4-dienoyl-CoA reductase activity","肝2,4-二烯酰辅酶A还原酶活性降低",
HP:0034920,Nasal mucosa vasculitis,鼻黏膜血管炎,
HP:0034921,Pituitary blastoma,垂体母细胞瘤,
HP:0034922,Peripheral axon spheroid formation,外周轴突球体形成,
HP:0034923,Reduced liver carboxylesterase 1 activity,肝羧酸酯酶1活性降低,
HP:0034924,Abnormal dermis morphology,真皮形态异常,
HP:0034925,Perivascular dermis hyaline deposition,血管周围透明沉积物,
HP:0034926,Perivascular small intestinal hyaline deposition,小肠血管周围透明沉积物,
HP:0034927,Large keratohyaline granules,角膜大透明颗粒,
HP:0034928,Decreased muscle lipoic acid content,肌肉硫辛酸含量减少,
HP:0034929,Reduced hepatic cystathionine gamma-lyase activity,肝胱硫氨酸γ -裂解酶活性降低,
HP:0034930,Digestive system neoplasm,消化系统肿瘤,
HP:0034931,Lumbar spondylosis,腰椎关节强硬,
HP:0034932,Decreased circulating acid maltase activity,循环酸性麦芽糖酶活性降低,
HP:0034934,Abnormal circulating 7-dehydrocholesterol concentration,循环7-脱氢胆固醇浓度异常,
HP:0034935,Decreased circulating 7-dehydrocholesterol concentration,循环7-脱氢胆固醇浓度降低,
HP:0034936,Elevated circulating lathosterol concentration,循环烯胆甾烷醇浓度升高,
HP:0034937,Elevated circulating desmosterol concentration,循环链甾醇浓度升高,
HP:0034938,Decreased circulating sialic acid concentration,循环唾液酸浓度降低,
HP:0034939,Purulent synovial fluid,脓性滑膜液,
HP:0034940,Muscle fiber calsequestrin 1-containing inclusion bodies,含肌纤维肌集钙蛋白1的包涵体,
HP:0034941,Palatine myxoma,腭粘液瘤,
HP:0034942,Vaginal myxoma,阴道粘液瘤,
HP:0034943,Decreased dermal collagen,真皮胶原蛋白减少,
HP:0034944,Irregularly shaped keratohyaline granules,不规则形状的角质透明颗粒,
HP:0034945,Tubular shadows,管状阴影,
HP:0034946,Multiple eyelid margin cysts,眼睑边缘多发囊肿,
HP:0034947,Altered location of the longitudinal column in the fibrous sheath,纤维鞘内纵柱位置改变,
HP:0034948,Uterine myxoma,子宫粘液瘤,
HP:0034949,Uterine cervix myxoma,子宫颈粘液瘤,
HP:0034950,Typified by complete penetrance,以完全外显为特征,
HP:0034951,Osteochondromyxoma,骨软骨粘液瘤,
HP:0034952,Gangliocytoma,神经节细胞瘤,
HP:0034953,Duodenal gastrinoma,十二指肠胃泌素瘤,
HP:0034954,Thymic carcinoid tumor,胸腺类癌,
HP:0034955,Bone marrow eosinophilia,骨髓嗜酸性粒细胞增多症,
HP:0034956,Exacerbated by lithium exposure,锂接触加重,
HP:0034957,Reduced hepatic glycogen debrancher enzyme activity,肝糖原脱支酶活性降低,
HP:0034958,Asymmetrical insertion of the midpiece into the head,中段非对称地接在头部,
HP:0034959,Bent sperm neck,精子颈弯曲,
HP:0034960,"Elevated urine 3,6-epoxydicarboxylic acid level","尿液 3,6-环氧二羧酸水平升高",
HP:0034961,Gallbladder biliary sludging,胆囊胆汁淤积,
HP:0034962,Exacerbated by amiodarone exposure,接触胺碘酮加重,
HP:0034963,Ureteral mass,输尿管肿块,
HP:0034964,Wide cavum septum pellucidum,透明隔腔增宽,
HP:0034965,Hypoplastic trochlear nerve,滑车神经发育不良,
HP:0034966,Thymic cyst,胸腺囊肿,
HP:0034967,Uterine cyst,子宫囊肿,
HP:0034968,Urinary bladder mass,膀胱肿块,
HP:0034969,Endosteal scalloping,骨内膜扇形样变,
HP:0034970,Urinary bladder hamartoma,膀胱错构瘤,
HP:0034971,Peritoneal mass,腹膜肿块,
HP:0034972,Fallopian tube mass,输卵管肿块,
HP:0034973,Aplasia of the pyramids of the medulla oblongata,延髓锥体发育不良,
HP:0034974,Bathrocephaly,梯形头,
HP:0034975,Occipital horn,枕角,
HP:0034976,Absent pituitary stalk,垂体柄缺如,
HP:0034977,Abnormal pituitary stalk morphology,垂体柄形态异常,
HP:0034978,Interrupted pituitary stalk,垂体柄中断,
HP:0034979,Facial synkinesis,面部联动,
HP:0034980,Synkinesis,联带动作,
HP:0034981,Exposure to birds,鸟类接触史,
HP:0034982,Perianal anethesia,肛周麻醉,
HP:0034983,Failure of phenylephrine to induce blanching of eye redness,苯肾上腺素未能使眼部充血消退,
HP:0034984,Fetal alcohol exposure,胎儿酒精接触,
HP:0034985,Reduced cellular cobalamin uptake,细胞钴胺素摄取减少,
HP:0034986,Focal necrotic brainstem lesion,局灶性坏死性脑干病变,
HP:0034987,Focal necrotic optic nerve lesion,局灶性坏死性视神经病变,
HP:0034988,Focal necrotic thalamus lesion,局灶性坏死性丘脑病变,
HP:0034989,Interstitial dermal edema,真皮间质性水肿,
HP:0034990,Shoulder abduction contracture,肩外展挛缩,
HP:0034991,Shoulder external rotation contracture,肩部外旋挛缩,
HP:0034992,Thumb adduction contracture,拇指内收挛缩,
HP:0034993,Hip internal rotation contracture,髋关节内旋挛缩,
HP:0034995,"Reduced tissue fructose-1,6-bisphosphatase activity","组织果糖-1,6-双磷酸酶活性降低",
HP:0034996,Reduced hepatic carbamoylphosphate synthetase 1 activity,肝脏氨基甲酰磷酸合成酶1活性降低,
HP:0034997,Reduced intraepidermal small nerve fiber density,表皮内小神经纤维密度降低,
HP:0034998,Femoral artery duplication,股动脉重复,
HP:0034999,Intracellular accumulation of collagen VII,VII型胶原蛋白在细胞内积聚,
HP:0035000,Reduced reticular lamina anchoring fibril density,网状层锚定原纤维密度减少,
HP:0035001,Reduced lamina lucida anchoring filament density,透明层锚定丝密度减少,
HP:0035002,Reduced epidermal keratin 5 protein expression,表皮角蛋白5蛋白表达减少,
HP:0035003,Reduced epidermal keratin 14 protein expression,表皮角蛋白14蛋白表达减少,
HP:0035004,Reduced epidermal keratin protein expression,表皮角蛋白表达减少,
HP:0035005,Reduced hepatic alanine-glyoxylate aminotransferase activity,肝脏丙氨酸乙醛酸转氨酶活性降低,
HP:0035006,Hepatic sinusoidal dilatation,肝窦扩张,
HP:0035007,Thin spermatozoon midpiece,精子中段薄,
HP:0035008,Thick spermatozoon midpiece insertion,厚精子中段插入,
HP:0035009,Shoulder adduction contracture,肩内收挛缩,
HP:0035010,Occupational exposure history,职业暴露史,
HP:0035011,Occupational silver exposure,职业银暴露,
HP:0035012,Abnormal femoral artery morphology,股动脉形态异常,
HP:0035013,Abnormal extrahepatic bile duct morphology,肝外胆管形态异常,
HP:0035014,Extrahepatic bile duct fibrosis,肝外胆管纤维化,
HP:0035015,Elevated circulating short-chain acylcarnitine concentration,循环短链酰基肉碱浓度升高,
HP:0035016,Elevated circulating C4 acylcarnitine concentration,循环C4酰肉碱浓度升高,
HP:0035017,Elevated circulating medium-chain acylcarnitine concentration,循环中链酰基肉碱浓度升高,
HP:0035018,Elevated circulating long-chain acylcarnitine concentration,循环长链酰基肉碱浓度升高,
HP:0035019,Elevated circulating C5 acylcarnitine concentration,循环C5酰肉碱浓度升高,
HP:0035020,Elevated circulating C18 acylcarnitine concentration,循环C18酰肉碱浓度升高,
HP:0035021,Elevated circulating C16 acylcarnitine concentration,循环C16酰肉碱浓度升高,
HP:0035022,Elevated circulating very long-chain acylcarnitine concentration,循环极长链酰基肉碱浓度升高,
HP:0035023,Elevated circulating acetylcarnitine concentration,循环乙酰肉碱浓度升高,
HP:0035024,Elevated circulating methylmalonylcarnitine concentration,循环甲基丙二酰肉碱浓度升高,
HP:0035025,Elevated circulating 3-hydroxyhexadecanoylcarnitine concentration,循环3-羟基十六酰肉碱浓度升高,
HP:0035026,Elevated circulating C6 acylcarnitine concentration,循环C6酰肉碱浓度升高,
HP:0035027,Elevated circulating methylglutarylcarnitine concentration,循环甲基戊二酰肉碱浓度升高,
HP:0035028,Elevated circulating 3-hydroxyisovalerylcarnitine concentration,循环3-羟基异戊酰肉碱浓度升高,
HP:0035029,Elevated circulating 3-hydroxyhexanoylcarnitine concentration,循环3-羟基己酰肉碱浓度升高,
HP:0035030,Elevated circulating carnitine concentration,循环肉碱浓度升高,
HP:0035031,Elevated circulating tiglylcarnitine concentration,循环替甲酰基肉碱浓度升高,
HP:0035032,Reduced circulating acetylcarnitine concentration,循环乙酰肉碱浓度降低,
HP:0035033,Reduced circulating octadecenoylcarnitine concentration,循环十八碳烯酰肉碱浓度降低,
HP:0040004,Abnormality of corneal shape,角膜形状异常,
HP:0040006,Mortality/Aging,死亡/衰老,
HP:0040007,Absent pigmentation of chest,胸部无色素沉着,
HP:0040008,Aplasia of facial bones,颜面骨不发育,
HP:0040009,Hyperparakeratosis,过度角化不全,
HP:0040010,Small posterior fossa,后颅窝小,
HP:0040011,Flat posterior fossa,扁平后颅窝,
HP:0040012,Chromosome breakage,染色体断裂,
HP:0040013,Decreased mitochondrial number,线粒体数量减少,
HP:0040014,Increased mitochondrial number,线粒体数目增加,
HP:0040015,Increased activity of mitochondrial respiratory chain,线粒体呼吸链活性增高,
HP:0040016,Prominent coccyx,突出的尾骨,
HP:0040017,Protruding coccyx,尾骨突出,
HP:0040018,Clinodactyly of hallux,拇趾弯曲,
HP:0040019,Finger clinodactyly,指弯曲,
HP:0040020,Radial deviation of the 5th finger,小指桡偏,
HP:0040022,Clinodactyly of the 2nd finger,第二指弯曲,
HP:0040023,Clinodactyly of the thumb,拇指弯曲,
HP:0040024,Clinodactyly of the 3rd finger,第三指弯曲,
HP:0040025,Clinodactyly of the 4th finger,第四指弯曲,
HP:0040030,Chorioretinal hypopigmentation,脉络膜视网膜色素沉着减退,
HP:0040031,Chorioretinal hyperpigmentation,脉络膜视网膜色素沉着,
HP:0040032,Hypoplasia of the upper eyelids,上眼睑发育不全,
HP:0040033,Aplasia/Hypoplasia of the fifth metatarsal bone,第五跖骨不发育/发育不全,
HP:0040034,Abnormality of the second metatarsal bone,第二跖骨异常,
HP:0040035,Abnormality of the fourth metatarsal bone,第四跖骨异常,
HP:0040036,Onychogryposis of fingernail,指甲弯曲,
HP:0040039,Onycholysis of fingernails,指甲剥离,
HP:0040040,Toenail onycholysis,趾甲松解症,
HP:0040042,Aplasia of the eccrine sweat glands,外泌汗腺不发育,
HP:0040043,Hypoplasia of the eccrine sweat glands,外泌汗腺发育不全,
HP:0040044,Hypoplasia of the diaphragm,横膈膜发育不全,
HP:0040045,Abnormal hemidiaphragm morphology,单侧横膈形态异常,
HP:0040046,Abnormal left hemidiaphragm morphology,左侧横膈形态异常,
HP:0040047,Abnormal right hemidiaphragm morphology,右侧横膈形态异常,
HP:0040049,Macular edema,黄斑水肿,
HP:0040050,Sparse upper eyelashes,上睫稀疏,
HP:0040051,Abnormality of upper eyelashes,上睫异常,
HP:0040052,Abnormality of lower eyelashes,下睫异常,
HP:0040053,Long lower eyelashes,长下睫,
HP:0040054,Short upper eyelashes,短上睫,
HP:0040055,Short lower eyelashes,短下睫,
HP:0040056,Absent upper eyelashes,上睫缺如,
HP:0040057,Abnormal nasal hair morphology,鼻毛形态异常,
HP:0040059,Calcification of ribs,肋骨钙化,
HP:0040061,Osteosclerosis of the radius,桡骨骨硬化,
HP:0040062,Slender radius,细长桡骨,
HP:0040063,Decreased adipose tissue,脂肪组织减少,
HP:0040064,Abnormality of limbs,肢体异常,
HP:0040068,Abnormality of limb bone,四肢骨骼异常,
HP:0040069,Abnormal lower limb bone morphology,下肢骨形态异常,
HP:0040070,Abnormal upper limb bone morphology,上肢骨骼形态异常,
HP:0040071,Abnormal morphology of ulna,尺骨形态异常,
HP:0040072,Abnormal forearm bone morphology,前臂骨形态异常,
HP:0040075,Hypopituitarism,垂体功能减退,
HP:0040078,Axonal degeneration,轴索变性,
HP:0040079,Irregular dentition,牙列不规则,
HP:0040080,Anteverted ears,前倾耳,
HP:0040081,Abnormal circulating creatine kinase concentration,血液肌酸激酶水平异常,
HP:0040082,Happy demeanor,快乐举止,
HP:0040084,Abnormal circulating renin concentration,循环肾素水平异常,
HP:0040085,Abnormal circulating aldosterone concentration,循环醛固酮水平异常,
HP:0040086,Abnormal prolactin level,催乳素水平异常,
HP:0040087,Abnormal blood folate concentration,血液叶酸异常,
HP:0040088,Abnormal lymphocyte count,淋巴细胞计数异常,
HP:0040089,Abnormal natural killer cell count,自然杀伤细胞数量异常,
HP:0040090,Abnormal tympanic membrane morphology,鼓膜形态异常,
HP:0040091,Asymmetry of the size of ears,耳朵大小不对称,
HP:0040092,Asymmetry of the shape of the ears,耳朵形状不对称,
HP:0040093,Asymmetry of the position of the ears,耳朵位置不对称,
HP:0040095,Neoplasm of the outer ear,外耳肿瘤,
HP:0040096,Neoplasm of the inner ear,内耳肿瘤,
HP:0040097,Neoplasm of the ceruminal gland,耵聍腺肿瘤,
HP:0040098,Basalioma of the outer ear,外耳基底细胞癌,
HP:0040099,Abnormality of the round window,圆窗异常,
HP:0040100,Abnormality of the vestibular window,前庭窗异常,
HP:0040101,Cutaneous atresia of the external auditory canal,外耳道皮肤闭锁,
HP:0040102,Osseous atresia of the external auditory canal,外耳道骨性闭锁,
HP:0040103,Cutaneous stenosis of the external auditory canal,外耳道皮肤狭窄,
HP:0040104,Osseous stenosis of the external auditory canal,外耳道骨性狭窄,
HP:0040106,Abnormal lateral semicircular canal morphology,外半规管形态异常,
HP:0040107,Abnormal posterior semicircular canal morphology,后半规管形态异常,
HP:0040108,Abnormal anterior semicircular canal morphology,前半规管形态异常,
HP:0040109,Abnormal utricle morphology,椭圆囊形态异常,
HP:0040110,Abnormal saccule morphology,球囊形态异常,
HP:0040112,Abnormal number of tubercles,结节数量异常,
HP:0040113,Old-aged sensorineural hearing impairment,老年感音神经性听力受损,
HP:0040114,Absence of the reflex of the tensor tympani muscle,鼓膜张肌反射缺失,
HP:0040115,Abnormal Eustachian tube morphology,咽鼓管形态异常,
HP:0040116,Aplasia of the Eustachian tube,咽鼓管不发育,
HP:0040117,Atresia of the Eustachian tube,咽鼓管闭锁,
HP:0040118,Stenosis of the Eustachian tube,咽鼓管狭窄,
HP:0040119,Unilateral conductive hearing impairment,单侧传导性听力受损,
HP:0040120,Abnormality of the reflex of the tensor tympani muscle,鼓膜张肌反射异常,
HP:0040121,Abnormality of the acoustic reflex,听觉反射异常,
HP:0040122,Impairment of the the acoustic reflex,听觉反射障碍,
HP:0040123,Impairment of the reflex of the tensor tympani muscle,鼓膜张肌反射障碍,
HP:0040126,Abnormal circulating vitamin B12 concentration,循环维生素B12水平异常,
HP:0040127,Abnormal sweat homeostasis,汗液稳态异常,
HP:0040128,Abnormal sweat electrolytes,汗液电解质异常,
HP:0040129,Abnormal nerve conduction velocity,神经传导速度异常,
HP:0040130,Abnormal circulating iron concentration,循环铁水平异常,
HP:0040131,Abnormal motor nerve conduction velocity,运动神经传导速度异常,
HP:0040132,Abnormal sensory nerve conduction velocity,感觉神经传导速度异常,
HP:0040133,Abnormal circulating ferritin concentration,血清铁蛋白异常,
HP:0040134,Abnormal hepatic iron concentration,肝脏铁浓度异常,
HP:0040135,Abnormal transferrin saturation,运铁蛋白饱和度异常,
HP:0040137,Comedonal acne,粉刺性痤疮,
HP:0040138,Mucinous histiocytosis,黏液性组织细胞增多症,
HP:0040139,Lipogranulomatosis,脂肪肉芽肿病,
HP:0040140,Degeneration of the striatum,纹状体退行性变,
HP:0040141,Tardive dyskinesia,迟发性运动障碍,
HP:0040142,Reduced circulating 5-oxoprolinase activity,循环5-氧脯氨酸酶活性降低,
HP:0040143,Dystopic os odontoideum,齿突异位,
HP:0040144,L-2-hydroxyglutaric aciduria,L-2-羟基戊二酸尿症,
HP:0040145,Dicarboxylic acidemia,二羧酸血症,
HP:0040146,D-2-hydroxyglutaric acidemia,D-2-羟基戊二酸血症,
HP:0040147,L-2-hydroxyglutaric acidemia,L-2-羟基戊二酸血症,
HP:0040148,Cortical myoclonus,皮质性肌阵挛,
HP:0040149,Woolly scalp hair,羊毛状发,
HP:0040150,Epiblepharon of upper lid,上眼睑赘皮,
HP:0040151,Epiblepharon of lower lid,下眼睑赘皮,
HP:0040154,Acne inversa,化脓性汗腺炎,
HP:0040155,Elevated urinary 3-hydroxybutyric acid,尿3-羟基丁酸水平升高,
HP:0040156,Elevated urinary carboxylic acid,尿羧酸水平升高,
HP:0040157,Abnormal intermamillary distance,乳头间距异常,
HP:0040158,Short intermamillary distance,乳头间距短,
HP:0040159,Abnormal spaced incisors,切牙间隙异常,
HP:0040160,Generalized osteoporosis,全身性骨质疏松症,
HP:0040161,Localized osteoporosis,局部骨质疏松,
HP:0040162,Orthokeratosis,正角化,
HP:0040163,Abnormal pelvis bone morphology,盆骨形态异常,
HP:0040164,Lipomas of eyelids,眼睑脂肪瘤,
HP:0040165,Periostitis,骨膜炎,
HP:0040167,Facial papilloma,面部乳头状瘤,
HP:0040169,Loose anagen hair,生长期毛发松动,
HP:0040170,Abnormality of hair growth,头发生长异常,
HP:0040171,Decreased serum testosterone concentration,血清睾酮水平降低,
HP:0040172,Abnormality of occipitofrontalis muscle,枕额肌异常,
HP:0040173,Abnormality of the tongue muscle,舌肌异常,
HP:0040174,Abnormality of extrinsic muscle of tongue,舌外肌异常,
HP:0040175,Platelet-activating factor acetylhydrolase deficiency,血小板活化因子乙酰水解酶缺乏,
HP:0040176,Abnormal circulating phospholipid concentration,磷脂水平异常,
HP:0040177,Abnormal level of platelet-activating factor,血小板活化因子水平异常,
HP:0040178,Increased level of platelet-activating factor,血小板活化因子水平升高,
HP:0040179,Decreased level of platelet-activating factor,血小板活化因子水平降低,
HP:0040181,Chapped lip,嘴唇皲裂,
HP:0040182,Inappropriate sinus tachycardia,不适当窦性心动过速,
HP:0040183,Encopresis,大便失禁,
HP:0040184,Oral bleeding,口腔出血,
HP:0040185,Macrothrombocytopenia,巨血小板减少症,
HP:0040186,Maculopapular exanthema,斑丘疹样皮疹,
HP:0040187,Neonatal sepsis,新生儿败血症,
HP:0040188,Osteochondrosis,骨软骨炎,
HP:0040189,Scaling skin,皮肤脱屑,
HP:0040190,White scaling skin,白色鳞屑型皮肤,
HP:0040191,Rectus femoris muscle atrophy,股四头肌肌肉萎缩,
HP:0040192,APUdoma,APUD瘤,
HP:0040194,Increased head circumference,头围增加,
HP:0040195,Decreased head circumference,头围减小,
HP:0040196,Mild microcephaly,轻度小头畸形,
HP:0040197,Encephalomalacia,脑软化症,
HP:0040198,Non-medullary thyroid carcinoma,甲状腺非髓样癌,
HP:0040200,Motor impersistence,运动保持困难,
HP:0040201,Simultanapraxia,失用症,
HP:0040202,Abnormal consumption behavior,消费行为异常,
HP:0040203,Abnormal CSF neopterin concentration,脑脊液新喋呤水平异常,
HP:0040204,Elevated CSF neopterin level,脑脊液新喋呤水平升高,
HP:0040205,Decreased CSF neopterin level,脑脊液新喋呤水平降低,
HP:0040206,Abnormal circulating neopterin concentration,新喋呤水平异常,
HP:0040207,Abnormal CSF pterin concentration,脑脊液蝶呤水平异常,
HP:0040208,Elevated CSF biopterin level,脑脊液生物喋呤水平升高,
HP:0040209,Decreased CSF biopterin level,脑脊液生物喋呤水平降低,
HP:0040210,Abnormal circulating biopterin concentration,生物喋呤水平异常,
HP:0040211,Abnormal skin morphology of the palm,手掌皮肤异常,
HP:0040212,Risus sardonicus,痉笑，苦笑面容,
HP:0040213,Hypopnea,呼吸浅慢,
HP:0040214,Abnormal circulating insulin concentration,循环胰岛素水平异常,
HP:0040216,Hypoinsulinemia,低胰岛素血症,
HP:0040217,Elevated hemoglobin A1c,糖化血红蛋白水平增高,
HP:0040218,Reduced natural killer cell count,自然杀伤细胞数量减少,
HP:0040219,Absent natural killer cells,自然杀伤细胞缺如,
HP:0040220,Abnormal size of the dental root,牙根大小异常,
HP:0040221,Hypoplasia of the dental root,牙根发育不全,
HP:0040222,Maternal thrombophilia,妊娠期高凝状态，妊娠期血栓形成倾向,
HP:0040223,Pulmonary hemorrhage,肺出血,
HP:0040224,Abnormality of fibrinolysis,纤溶异常,
HP:0040225,Decrease in high molecular weight von Willebrand factor Multimers,高分子量血管性血友病因子多聚体减少,
HP:0040226,Decreased level of heparin co-factor II,肝素辅因子II水平减低,
HP:0040227,Decreased level of histidine-rich glycoprotein,富含组氨酸的糖蛋白水平减低,
HP:0040228,Decreased level of plasminogen,纤溶酶原水平下降,
HP:0040229,Decreased level of thrombomodulin,血栓调节素水平减低,
HP:0040230,Decreased level of tissue plasminogen activator,组织纤溶酶原激活物水平减低,
HP:0040231,Abnormal onset of bleeding,异常出血,
HP:0040232,Delayed onset bleeding,延迟性出血,
HP:0040233,Factor XIII subunit A deficiency,凝血因子XIII A亚基缺陷,
HP:0040234,Factor XIII subunit B deficiency,凝血因子XIII B亚基缺陷,
HP:0040235,Leukocyte inclusion bodies,白细胞包涵体,
HP:0040236,Hyperfibrinolysis,纤溶亢进,
HP:0040237,Impaired binding of factor VIII to VWF,凝血因子VIII与VWF结合受损,
HP:0040238,Impaired neutrophil chemotaxis,中性粒细胞趋化功能受损,
HP:0040239,Increased plasma vitamin K epoxide after vitamin K supplementation,补充维生素 K 后血浆维生素 K 环氧化物增加,
HP:0040240,Increased ratio of VWF propeptide to VWF antigen,VWF前肽与VWF抗原比例增加,
HP:0040241,Increased RIPA,瑞斯托菌素诱导的血小板凝集反应增强,
HP:0040242,Muscle hemorrhage,肌肉出血,
HP:0040243,Prolonged euglobulin clot lysis time,优球蛋白凝块溶解时间延长,
HP:0040244,Prolonged Russell's viper venom time,蝰蛇毒时间延长,
HP:0040245,Reduced alpha-2-antiplasmin activity,α2-抗纤溶酶活性减低,
HP:0040246,Reduced antithrombin antigen,抗凝血酶抗原减少,
HP:0040247,Reduced euglobulin clot lysis time,优球蛋白凝块溶解时间减少,
HP:0040248,Reduced plasminogen activator inhibitor 1 activity,纤溶酶原激活物抑制剂1活性降低,
HP:0040249,Reduced plasminogen activator inhibitor 1 antigen,纤溶酶原激活物抑制剂1抗原减少,
HP:0040250,Reduced prothrombin antigen,凝血酶原抗原减少,
HP:0040251,Hand dimple,手酒窝征,
HP:0040252,Abnormal size of the clitoris,阴蒂大小异常,
HP:0040253,Increased size of the clitoris,阴蒂异常增大,
HP:0040254,Decreased size of the clitoris,阴蒂异常缩小,
HP:0040255,Aplasia/Hypoplasia of the clitoris,阴蒂发育不全/发育不良,
HP:0040256,Aplastic/Hypoplastic nasopharyngeal adenoids,鼻咽部腺样体未发育/发育不良,
HP:0040257,Abnormal size of nasopharyngeal adenoids,鼻咽部腺样体大小异常,
HP:0040258,Hypoplastic nasopharyngeal adenoids,鼻咽部腺样体发育不全,
HP:0040259,Aplastic nasopharyngeal adenoids,鼻咽部腺样体未发育,
HP:0040260,Decreased size of nasopharyngeal adenoids,鼻咽部腺样体缩小,
HP:0040261,Increased size of nasopharyngeal adenoids,鼻咽部腺样体肥大,
HP:0040262,Glue ear,胶耳,
HP:0040263,Jaw ankylosis,下颌关节强直,
HP:0040264,Jaw pain,下颌疼痛,
HP:0040265,Upper limb muscle hypertrophy,上肢肌肉肥大,
HP:0040266,Proximal upper limb muscle hypertrophy,上肢近端肌肉肥大,
HP:0040267,Distal upper limb muscle hypertrophy,上肢远端肌肉肥大,
HP:0040269,Blocked Eustachian tube,咽鼓管堵塞,
HP:0040270,Impaired glucose tolerance,葡萄糖耐量下降,
HP:0040272,Hyperintensity of MRI T2 signal of the spinal cord,脊髓MRI T2呈高信号,
HP:0040273,Adenocarcinoma of the intestines,肠腺癌,
HP:0040274,Adenocarcinoma of the small intestine,小肠腺癌,
HP:0040275,Adenocarcinoma of the large intestine,大肠腺癌,
HP:0040276,Adenocarcinoma of the colon,结肠腺癌,
HP:0040277,Neoplasm of the pituitary gland,脑垂体肿瘤,
HP:0040279,Frequency,频率,
HP:0040280,Obligate,必需的,
HP:0040281,Very frequent,非常频繁的,
HP:0040282,Frequent,频繁的,
HP:0040283,Occasional,偶尔,
HP:0040284,Very rare,非常罕见的,
HP:0040285,Excluded,排除的,
HP:0040286,Abnormal axial muscle morphology,体中轴肌肉形态异常,
HP:0040287,Axial muscle atrophy,中轴肌萎缩,
HP:0040288,Nasogastric tube feeding,鼻胃管灌食,
HP:0040289,Cyclic neutropenia,周期性中性粒细胞减少症,
HP:0040291,Skeletal muscle steatosis,骨骼肌脂肪变性,
HP:0040292,Left hemiplegia,左侧偏瘫,
HP:0040293,Right hemiplegia,右侧偏瘫,
HP:0040294,Duplicated tongue,复舌,
HP:0040295,Duplication of the upper lip,双上唇,
HP:0040296,Abnormal location of the eyebrow,眉毛位置异常,
HP:0040297,Preauricular cyst,耳前囊肿,
HP:0040298,Hyperplasia of the endometrium,子宫内膜增生症,
HP:0040299,Decreased circulating free fatty acid level,循环游离脂肪酸水平降低,
HP:0040300,Abnormal circulating free fatty acid concentration,游离脂肪酸水平异常,
HP:0040301,Increased urinary glycerol,尿液甘油增高,
HP:0040302,Hyperglycerolemia,高甘油血症,
HP:0040303,Decreased circulating iron concentration,循环铁水平降低,
HP:0040304,Duplication of the sella turcica,蝶鞍重复,
HP:0040305,Increased male libido,男性性欲亢进,
HP:0040306,Decreased male libido,男性性欲低下,
HP:0040307,Male sexual dysfunction,男性性功能障碍,
HP:0040308,Male anorgasmia,男性性快感缺失,
HP:0040309,Increased size of the mandible,下颌骨增大,
HP:0040310,Sterile arthritis,无菌性关节炎,
HP:0040311,Symmetric polyarthritis,对称性多发关节炎,
HP:0040312,Temporomandibular arthritis,颞颌关节炎,
HP:0040313,Oligoarthritis,寡关节炎,
HP:0040314,Blind vagina,盲端阴道,
HP:0040315,Tongue edema,舌头水肿,
HP:0040317,Blue urine,蓝色尿液,
HP:0040318,Red urine,红色尿液,
HP:0040319,Dark urine,深色尿液,
HP:0040320,Red-brown urine,红棕色尿液,
HP:0040321,Dark yellow urine,深黄色尿液,
HP:0040322,Purple urine,紫色尿液,
HP:0040323,Eyelid erythema,眼睑红斑,
HP:0040324,Heliotrope rash,向阳性皮疹,
HP:0040325,Bull's eye rash,靶心皮疹,
HP:0040326,Hypoplasia of the olfactory bulb,嗅球发育不全,
HP:0040327,Abnormal morphology of the olfactory bulb,嗅球形态异常,
HP:0040328,Focal hyperintensity of cerebral white matter on MRI,MRI脑白质局灶高信号,
HP:0040329,Multifocal hyperintensity of cerebral white matter on MRI,多灶性脑白质高信号的MRI表现,
HP:0040330,Confluent hyperintensity of cerebral white matter on MRI,脑白质融合性高信号的MRI表现,
HP:0040331,Focal hypointensity of cerebral white matter on MRI,MRI脑白质局灶低信号,
HP:0040332,Multifocal hypointensity of cerebral white matter on MRI,多灶性脑白质低信号的MRI表现,
HP:0040333,Confluent hypointensity of cerebral white matter on MRI,脑白质融合性低信号的MRI表现,
HP:0040334,Purulent rhinitis,化脓性鼻炎,
HP:0040402,Nipple localization,乳头定位,
HP:0040403,Breast microcalcification,乳房微钙化,
HP:0040404,Architectural distortion of breast,乳房结构扭曲,
HP:0040405,Asymmetric thickening of the nipple-areolar complex,乳头-乳晕复合体不对称增厚,
HP:0040406,Perimenopausal,围绝经期,
HP:0040407,Mastitis,乳腺炎,
HP:0040408,Ameliorated by menopause,更年期缓解,
HP:0040409,Fluctuance on palpation,触诊波动感,
HP:0040410,History of vasectomy,输精管结扎史,
HP:0040411,Pain in penis,阴茎疼痛,
HP:0040412,Left ventricular thrombus,左心室血栓,
HP:0040413,Atrophic vaginal mucosa,阴道粘膜萎缩,
HP:0040414,Gelatinous ascites,胶状腹水,
HP:0040415,Diffuse breast nodularity,乳腺弥漫性结节,
HP:0040416,Abnormal urinary nitrogen compound level,尿氮化合物水平异常,
HP:0040417,Decreased urinary biopterin level,尿生物蝶呤水平降低,
HP:0040418,Abnormal urine guanidinoacetic acid level,尿胍基乙酸水平升高,
HP:0040419,Elevated urine guanidinoacetic acid level,尿胍基乙酸水平升高,
HP:0040420,Decreased urinary neopterin level,尿液新蝶呤水平降低,
HP:0040421,Abnormal urinary inosine level,尿肌苷水平异常,
HP:0040422,Elevated urinary inosine level,尿液肌苷水平升高,
HP:0040423,Abnormal urinary guanosine level,尿液鸟苷水平异常,
HP:0040424,Elevated urinary guanosine level,尿液鸟苷水平升高,
HP:0040425,Abnormal urinary hypoxanthine level,尿液次黄嘌呤水平异常,
HP:0040426,Decreased urinary hypoxanthine level,尿液次黄嘌呤水平降低,
HP:0041042,Absent neutrophil lactoferrin,中性粒细胞乳铁蛋白缺乏,
HP:0041043,Neutrophil nuclear clefts,中性粒细胞核裂,
HP:0041044,Low neutrophil alkaline phosphatase,中性粒细胞碱性磷酸酶低,
HP:0041045,Increased neutrophil mitochondria,中性粒细胞线粒体增加,
HP:0041046,Increased neutrophil ribosomes,中性粒细胞核糖体增加,
HP:0041047,Bladder outlet obstruction,膀胱出口梗阻,
HP:0041048,Decreased expression of GPI-anchored proteins on the cell surface,细胞表面GPI锚定蛋白表达降低,
HP:0041049,Starch intolerance,淀粉不耐受,
HP:0041050,Renal tubular cyst,肾小管囊肿,
HP:0041051,Ageusia,味觉缺失症,
HP:0041052,Agenesis of putamen,壳核不发育,
HP:0041055,Fractured humerus,肱骨骨折,
HP:0041056,Hot cross bun sign,十字征,
HP:0041057,Transient decreased circulating IgG4,血液IgG4一过性降低,
HP:0041058,Chronic decreased circulating IgG4,血液IgG4持续性降低,
HP:0041059,Chronic (near) absent circulating IgG4,血液IgG4持续性（接近）缺乏,
HP:0041060,Chronic partially decreased circulating IgG4,血液IgG4持续性部分降低,
HP:0041061,Fractured calcaneus,跟骨骨折,
HP:0041062,Transient decreased circulating IgG2,血液IgG2一过性降低,
HP:0041063,Chronic decreased circulating IgG2,慢性循环IgG2降低,
HP:0041064,Fractured knee,膝盖骨折,
HP:0041065,Chronic (near) absent circulating IgG2,血液IgG2持续性（接近）缺乏,
HP:0041066,Chronic partially decreased circulating IgG2,血液IgG2持续性部分降低,
HP:0041067,Transient decreased circulating IgG1,血液IgG1一过性降低,
HP:0041068,Chronic decreased circulating IgG1,血液IgG1持续性降低,
HP:0041069,Chronic (near) absent circulating IgG1,血液IgG1持续性（接近）缺乏,
HP:0041070,Chronic partially decreased circulating IgG1,血液IgG1持续性部分降低,
HP:0041071,Transient decreased circulating IgG3,血液IgG3一过性降低,
HP:0041072,Chronic decreased circulating IgG3,血液IgG3持续性降低,
HP:0041073,Fractured thoracic vertebra,胸椎骨折,
HP:0041074,Chronic (near) absent circulating IgG3,血液lgG3持续性（接近）缺乏,
HP:0041075,Chronic partially decreased circulating IgG3,血液IgG3持续性部分降低,
HP:0041076,Abnormal immunoglobulin level in body fluid,体液免疫球蛋白水平异常,
HP:0041077,Increased immunoglobulin level in body fluid,体液免疫球蛋白水平升高,
HP:0041078,Decreased immunoglobulin level in body fluid,体液免疫球蛋白水平下降,
HP:0041079,Decreased body fat percentage,体脂百分比减少,
HP:0041080,Abnormal proportion of exhausted T cells,耗竭型T细胞比例异常,
HP:0041081,Fractured lower leg,小腿骨折,
HP:0041082,Fractured skull,颅骨骨折,
HP:0041083,Fractured phalanx,指骨骨折,
HP:0041084,Compression-fractured thoracic vertebra,胸椎压缩性骨折,
HP:0041085,Compression-fractured vertebra,椎体压缩性骨折,
HP:0041086,Compression-fractured cervical vertebra,颈椎压缩性骨折,
HP:0041087,Compression-fractured lumbar vertebra,腰椎压缩性骨折,
HP:0041088,Avulsion fractured humerus,肱骨撕脱性骨折,
HP:0041089,Avulsion fractured tibia,胫骨撕脱性骨折,
HP:0041091,Avulsion fractured epiphysis of femur,股骨骨骺撕脱性骨折,
HP:0041092,Emotional hypersensitivity,情绪过度敏感,
HP:0041093,Beau's lines,博氏线,
HP:0041094,Complete tracheal ring,完全性气管环,
HP:0041095,Decreased middle cerebral artery pulsatility index,大脑中动脉搏动指数下降,
HP:0041114,Fractured metaphysis of femur,股骨干骺端骨折,
HP:0041115,Fractured right clavicle,右锁骨骨折,
HP:0041116,Fractured left clavicle,左锁骨骨折,
HP:0041117,Fractured lower limb segment,下肢骨折节段,
HP:0041118,Fractured upper limb segment,上肢骨折节段,
HP:0041119,Fractured metacarpus skeleton,掌骨骨折,
HP:0041121,Fractured epiphysis of fifth metacarpal bone,第五掌骨骨骺骨折,
HP:0041143,Fractured tibia,胫骨骨折,
HP:0041144,Fractured clavicle bone,锁骨骨折,
HP:0041145,Fractured acetabular part of hip bone,髋臼骨折,
HP:0041146,Fractured coccyx,尾骨骨折,
HP:0041147,Fractured epiphysis,骨骺骨折,
HP:0041149,Fractured navicular bone of pes,足舟骨骨折,
HP:0041150,Fractured cuboid bone,骰骨骨折,
HP:0041152,Fractured sternoclavicular joint,胸锁关节骨折,
HP:0041153,Fractured ankle,脚踝骨折,
HP:0041155,Fractured mandible,下颌骨骨折,
HP:0041156,Fractured orbit of skull,颅骨眼框骨折,
HP:0041157,Fractured larynx,喉断裂,
HP:0041159,Fractured rib,肋骨骨折,
HP:0041162,Metatarsal fracture,跖骨骨折,
HP:0041163,Fractured manual digit,手指骨折,
HP:0041164,Fractured talus,距骨骨折,
HP:0041165,Fractured maxilla,上颌骨骨折,
HP:0041166,Fractured vertebra,脊椎骨折,
HP:0041167,Fractured cervical vertebra,颈椎骨折,
HP:0041168,Fractured lumbar vertebra,腰椎骨折,
HP:0041172,Fractured fused sacrum,骶骨骨折融合,
HP:0041173,Fractured metacarpophalangeal joint,掌指关节骨折,
HP:0041174,Fractured distal phalanx of manus,末节指骨骨折,
HP:0041175,Fractured middle phalanx of pes,中节趾骨骨折,
HP:0041176,Fractured distal phalanx of manual digit 2,第二指末节指骨骨折,
HP:0041177,Fractured distal phalanx of manual digit 3,第三指末节指骨骨折,
HP:0041178,Fractured distal phalanx of manual digit 4,第四指末节指骨骨折,
HP:0041179,Fractured distal phalanx of manual digit 5,第五指末节指骨骨折,
HP:0041180,Fractured distal phalanx of pedal digit 1,第一趾末节趾骨骨折,
HP:0041181,Fractured distal phalanx of pedal digit 3,第三趾末节趾骨骨折,
HP:0041182,Fractured middle phalanx of manual digit 2,第二指中节指骨骨折,
HP:0041183,Fractured middle phalanx of manual digit 3,第三指中节指骨骨折,
HP:0041184,Fractured middle phalanx of manual digit 4,第四指中节指骨骨折,
HP:0041185,Fractured middle phalanx of manual digit 5,第五指中节指骨骨折,
HP:0041186,Fractured middle phalanx of pedal digit 3,第三趾中节趾骨骨折,
HP:0041187,Fractured proximal phalanx of pedal digit 1,大拇趾近节趾骨骨折,
HP:0041188,Fractured proximal phalanx of manual digit 1,大拇指近节指骨骨折,
HP:0041189,Fractured epiphysis of femur,股骨骨骺骨折,
HP:0041190,Fractured epiphysis of second metacarpal bone,第二掌骨骨骺骨折,
HP:0041191,Fractured epiphysis of third metacarpal bone,第三掌骨骨骺骨折,
HP:0041192,Fractured epiphysis of fourth metacarpal bone,第四掌骨骨骺骨折,
HP:0041193,Fractured epiphysis of first metatarsal bone,第一跖骨骨骺骨折,
HP:0041194,Fractured epiphysis of second metatarsal bone,第二跖骨骨骺骨折,
HP:0041195,Fractured epiphysis of third metatarsal bone,第三跖骨骨骺骨折,
HP:0041196,Fractured distal epiphysis of radius,桡骨远端骨骺骨折,
HP:0041197,Fractured proximal epiphysis of first metacarpal bone,第一掌骨近端骨骺骨折,
HP:0041198,Fractured proximal epiphysis of middle phalanx of manual digit 3,第三指中节指骨近端骨骺骨折,
HP:0041199,Fractured interphalangeal joint,指间关节骨折,
HP:0041200,Fractured sternal end of clavicle,锁骨胸骨段骨折,
HP:0041209,Fractured epiphysis of middle phalanx of manus,中节指骨骨骺骨折,
HP:0041210,Fractured lateral malleolus of fibula,腓骨外踝骨折,
HP:0041211,Fractured proximal phalanx of digit 2,第二指近节指骨骨折,
HP:0041212,Fractured proximal phalanx of digit 3,第三指近节指骨骨折,
HP:0041213,Fractured proximal phalanx of digit 4,第四指近节指骨骨折,
HP:0041214,Fractured proximal phalanx of digit 5,第五指近节指骨骨折,
HP:0041215,Fractured fused metatarsal bones 2-4,第二至四跖骨融合骨折,
HP:0041216,Fractured distal epiphysis of distal phalanx of manual digit 1,拇指末节指骨远端骨骺骨折,
HP:0041217,Fractured shoulder,肩部骨折,
HP:0041218,Fractured distal phalanx,远节指骨骨折,
HP:0041219,Fractured elbow,肘部骨折,
HP:0041220,Fractured facial bone,面部骨折,
HP:0041221,Fractured head of femur,股骨头骨折,
HP:0041222,Fractured fibula,腓骨骨折,
HP:0041223,Fractured metatarsal bone of digit 5,第五跖骨骨折,
HP:0041224,Fractured manual digit bone,指骨骨折,
HP:0041225,Fractured metacarpal bone of digit 1,拇指掌骨骨折,
HP:0041226,Fractured distal tarsal bone,跗骨远端骨折,
HP:0041227,Fractured distal tarsal bone 2,第二跗骨远端骨折,
HP:0041228,Fractured distal tarsal bone 3,第三跗骨远端骨折,
HP:0041230,Fractured metatarsal bone of digit 4,第四跖骨骨折,
HP:0041231,Fractured metatarsal bone of digit 1,拇趾跖骨骨折,
HP:0041233,Fractured ilium,髂骨骨折,
HP:0041234,Fractured bone of jaw,下颌骨骨折,
HP:0041235,Fractured hindlimb bone,下肢骨骨折,
HP:0041236,Fractured middle phalanx of manus,中节指骨骨折,
HP:0041237,Fractured patella,髌骨骨折,
HP:0041239,Fractured manual digit 1 phalanx,拇指指骨骨折,
HP:0041240,Fractured phalanx of pes,趾骨骨折,
HP:0041241,Fractured phalanx of manus,指骨骨折,
HP:0041243,Fractured proximal phalanx of manus,近节指骨骨折,
HP:0041244,Fractured scapula,肩胛骨骨折,
HP:0041245,Fractured shoulder bone,肩胛骨骨折,
HP:0041246,Fractured sternum,胸骨骨折,
HP:0041247,Fractured tarsal bone,跗骨骨折,
HP:0041248,Fractured carpal bone,腕骨骨折,
HP:0041249,Fractured nose,鼻骨骨折,
HP:0045001,Abnormal ossification of the trapezium,大多角骨异常骨化,
HP:0045002,Absent ossification of the trapezium,大多角骨无骨化,
HP:0045003,Abnormal ossification of the scaphoid,舟状骨异常骨化,
HP:0045004,Abnormal ossification of the trapezoid bone,小多角骨骨化异常,
HP:0045005,Neural tube defect,神经管缺损,
HP:0045006,Aplasia of lymphatic vessels,淋巴管发育不全,
HP:0045007,Abnormal substantia nigra morphology,黑质形态异常,
HP:0045008,Abnormal shape of the radius,桡骨形状异常,
HP:0045010,Abnormal peripheral nerve morphology by anatomical site,按解剖部位划分的周围神经形态异常,
HP:0045011,Decreased urine bicarbonate concentration,尿中碳酸氢盐浓度降低,
HP:0045012,Decreased urinary catecholamine concentration,尿中儿茶酚胺浓度降低,
HP:0045014,Hypolipidemia,低脂血症,
HP:0045017,Congenital malformation of the left heart,先天性左心畸形,
HP:0045018,Partial duplication of eyebrows,眉毛部分重复,
HP:0045025,Narrow palpebral fissure,小睑裂,
HP:0045026,Abnormal mediastinum morphology,纵隔形态异常,
HP:0045027,Abnormality of the thoracic cavity,胸廓异常,
HP:0045028,Microlissencephaly,小头畸形-无脑回畸形,
HP:0045029,Eosinophilic fasciitis,嗜酸细胞性筋膜炎,
HP:0045034,Elevated urinary 3-aminoisobutyric acid,尿液3-氨基异丁酸升高,
HP:0045035,Decreased urinary copper concentration,尿铜浓度降低,
HP:0045036,Abnormal urinary copper concentration,尿铜浓度异常,
HP:0045037,Abnormality of jaw muscles,下颌肌肉异常,
HP:0045038,Gastric lymphoma,胃淋巴瘤,
HP:0045039,Osteolysis involving bones of the upper limbs,上肢骨骼溶骨,
HP:0045040,Abnormal circulating lactate dehydrogenase concentration,循环乳酸脱氢酶水平异常,
HP:0045041,Reduced circulating lactate dehydrogenase concentration,循环乳酸脱氢酶水平降低,
HP:0045042,Decreased circulating complement C4 concentration,循环补体C4浓度降低,
HP:0045043,Decreased circulating complement C4a concentration,循环补体C4a浓度降低,
HP:0045044,Decreased circulating complement C4b concentration,循环补体C4b浓度降低,
HP:0045045,Elevated circulating acylcarnitine concentration,血浆酰基肉碱水平升高,
HP:0045046,Reduced insulin like growth factor binding protein acid labile subunit concentration,胰岛素样生长因子结合蛋白酸敏感亚基水平降低,
HP:0045047,HbS hemoglobin,血红蛋白S,
HP:0045048,Increased HbA2 hemoglobin,血红蛋白HbA2增多,
HP:0045049,Abnormal DLCO,一氧化碳弥散量异常,
HP:0045050,Increased DLCO,一氧化碳弥散量增加,
HP:0045051,Decreased DLCO,一氧化碳弥散量减少,
HP:0045052,Abnormality of the brachial nerve plexus,臂神经丛异常,
HP:0045053,Abnormality of the lumbosacral nerve plexus,腰骶神经丛异常,
HP:0045054,Brachial plexus neuropathy,臂丛神经病变,
HP:0045055,Tiger tail banding,老虎尾巴带,
HP:0045056,Abnormal circulating alpha-fetoprotein concentration,循环甲胎蛋白浓度异常,
HP:0045057,Decreased circulating alpha-fetoprotein concentration,循环甲胎蛋白浓度降低,
HP:0045058,Abnormality of the testis size,睾丸大小异常,
HP:0045059,Hyperkeratotic papule,角化过度性丘疹,
HP:0045060,Aplasia/hypoplasia involving bones of the extremities,四肢骨发育不良/发育不全,
HP:0045061,Decreased carnitine level in liver,肝脏肉碱水平下降,
HP:0045063,Increased PIVKA-II,PIVKA-II增高（异常凝血酶原）,
HP:0045073,Serositis,浆膜腔炎症,
HP:0045074,Thin eyebrow,细眉,
HP:0045075,Sparse eyebrow,疏眉,
HP:0045079,Distal femoral metaphyseal irregularity,股骨远端干骺端不规则,
HP:0045080,Decreased proportion of CD3-positive T cells,CD3+T细胞比例减低,
HP:0045081,Abnormality of body mass index,体重指数异常,
HP:0045082,Decreased body mass index,体重指数下降,
HP:0045084,Limb myoclonus,肢体肌阵挛,
HP:0045085,Atrophy of masseter muscle,咀嚼肌萎缩,
HP:0045086,Knee joint hypermobility,膝关节过度伸展,
HP:0045087,Hip joint hypermobility,髋关节过度伸展,
HP:0045088,Clinical relevance,临床相关性,
HP:0045089,Distinctive finding,特异发现,
HP:0045090,Minor finding,次要发现,
HP:0046502,Anorgasmia,性高潮障碍,
HP:0046503,Increased libido,性欲增强,
HP:0046504,Decreased libido,性欲减退,
HP:0046505,Hand pain,手部疼痛,
HP:0046506,Pain in head and neck region,头颈部疼痛,
HP:0046507,Bradypnea,呼吸过缓,
HP:0046508,Abnormal cervical spine morphology,颈椎形态异常,
HP:0100000,Early onset of sexual maturation,早发性成熟,
HP:0100001,Malignant mesothelioma,恶性间皮瘤,
HP:0100002,Pleural mesothelioma,胸膜间皮瘤,
HP:0100003,Peritoneal mesothelioma,腹膜间皮瘤,
HP:0100004,Pericardial mesothelioma,心包间皮瘤,
HP:0100005,Testicular mesothelioma,睾丸间皮瘤,
HP:0100006,Neoplasm of the central nervous system,中枢神经系统的肿瘤,
HP:0100007,Neoplasm of the peripheral nervous system,周围神经系统的肿瘤,
HP:0100008,Schwannoma,神经鞘瘤,
HP:0100009,Intracranial meningioma,颅内脑膜瘤,
HP:0100010,Spinal meningioma,脊膜瘤,
HP:0100011,Scleral schwannoma,巩膜神经鞘瘤,
HP:0100012,Neoplasm of the eye,眼肿瘤,
HP:0100013,Neoplasm of the breast,乳腺肿瘤,
HP:0100014,Epiretinal membrane,视网膜前膜,
HP:0100015,Stahl ear,Stahl耳畸形,
HP:0100016,Abnormal mesentery morphology,肠系膜形态异常,
HP:0100017,Capsular cataract,囊膜型白内障,
HP:0100018,Nuclear cataract,核性白内障,
HP:0100019,Cortical cataract,皮质性白内障,
HP:0100020,Posterior capsular cataract,后囊型白内障,
HP:0100021,Cerebral palsy,脑瘫,
HP:0100022,Abnormality of movement,运动异常,
HP:0100023,Recurrent hand flapping,反复用手拍打,
HP:0100024,Conspicuously happy disposition,显着快乐的性格,
HP:0100025,Overfriendliness,过度友善,
HP:0100026,Arteriovenous malformation,动静脉畸形,
HP:0100027,Recurrent pancreatitis,复发性胰腺炎,
HP:0100028,Ectopic thyroid,异位甲状腺,
HP:0100029,Lingual thyroid,舌部甲状腺,
HP:0100030,Accessory ectopic thyroid tissue,异位的副甲状腺组织,
HP:0100031,Neoplasm of the thyroid gland,甲状腺肿瘤,
HP:0100033,Tics,抽动症,
HP:0100034,Motor tics,运动抽动,
HP:0100035,Phonic tics,声音抽搐,
HP:0100036,Pseudo-fractures,假骨折,
HP:0100037,Abnormality of the scalp hair,头皮毛发异常,
HP:0100038,Slow-growing scalp hair,头发生长缓慢,
HP:0100039,Thickened cortex of bones,骨皮质增厚,
HP:0100040,Broad 2nd toe,第二趾变宽,
HP:0100041,Broad 3rd toe,第三趾变宽,
HP:0100042,Broad 4th toe,第四趾变宽,
HP:0100043,Broad 5th toe,第五趾变宽,
HP:0100044,Absent epiphyses of the 2nd toe,第二趾骨骺缺失,
HP:0100045,Bracket epiphyses of the 2nd toe,第二趾夹板样骨骺,
HP:0100046,Cone-shaped epiphyses of the 2nd toe,第二趾锥形骨骺,
HP:0100047,Enlarged epiphyses of the 2nd toe,第二趾骨骺膨大,
HP:0100048,Fragmentation of the epiphyses of the 2nd toe,第二趾骨骺碎裂,
HP:0100049,Irregular epiphyses of the 2nd toe,第二趾骨骺不规则,
HP:0100050,Ivory epiphyses of the 2nd toe,第二趾象牙色骨骺,
HP:0100051,Pseudoepiphyses of the 2nd toe,第二趾假骨骺,
HP:0100052,Small epiphyses of the 2nd toe,第二趾小骨骺,
HP:0100053,Stippling of the epiphyses of the 2nd toe,第二趾骨骺点状钙化,
HP:0100054,Triangular epiphyses of the 2nd toe,第二趾三角形骨骺,
HP:0100055,Absent epiphyses of the 3rd toe,第三趾骨骺缺失,
HP:0100056,Bracket epiphyses of the 3rd toe,第三趾夹板样骨骺,
HP:0100057,Cone-shaped epiphyses of the 3rd toe,第三趾锥形骨骺,
HP:0100058,Enlarged epiphyses of the 3rd toe,第三趾骨骺膨大,
HP:0100059,Fragmentation of the epiphyses of the 3rd toe,第三趾骨骺碎裂,
HP:0100060,Irregular epiphyses of the 3rd toe,第三趾骨骺不规则,
HP:0100061,Ivory epiphyses of the 3rd toe,第三趾象牙色骨骺,
HP:0100062,Pseudoepiphyses of the 3rd toe,第三趾假骨骺,
HP:0100063,Small epiphyses of the 3rd toe,第三趾小骨骺,
HP:0100064,Stippling of the epiphyses of the 3rd toe,第三趾骨骺点状钙化,
HP:0100065,Triangular epiphyses of the 3rd toe,第三趾三角骨骺,
HP:0100066,Absent epiphyses of the 4th toe,第四趾骨骺缺失,
HP:0100067,Bracket epiphyses of the 4th toe,第四趾夹板样骨骺,
HP:0100068,Cone-shaped epiphyses of the 4th toe,第四趾锥形骨骺,
HP:0100069,Enlarged epiphyses of the 4th toe,第四趾骨骺膨大,
HP:0100070,Fragmentation of the epiphyses of the 4th toe,第四趾骨骺碎裂,
HP:0100071,Irregular epiphyses of the 4th toe,第四趾不规则骨骺,
HP:0100072,Ivory epiphyses of the 4th toe,第四趾象牙色骨骺,
HP:0100073,Pseudoepiphyses of the 4th toe,第四趾假骨骺,
HP:0100074,Small epiphyses of the 4th toe,第四趾小骨骺,
HP:0100075,Stippling of the epiphyses of the 4th toe,第四趾骨骺点状钙化,
HP:0100076,Triangular epiphyses of the 4th toe,第四趾三角形骨骺,
HP:0100077,Absent epiphyses of the 5th toe,第五趾骨骺缺失,
HP:0100078,Bracket epiphyses of the 5th toe,第五趾夹板样骨骺,
HP:0100079,Cone-shaped epiphyses of the 5th toe,第五趾锥形骨骺,
HP:0100080,Enlarged epiphyses of the 5th toe,第五趾骨骺膨大,
HP:0100081,Fragmentation of the epiphyses of the 5th toe,第五趾骨骺碎裂,
HP:0100082,Irregular epiphyses of the 5th toe,第五趾骨骺不规则,
HP:0100083,Ivory epiphyses of the 5th toe,第五趾象牙色骨骺,
HP:0100084,Pseudoepiphyses of the 5th toe,第五趾假骨骺,
HP:0100085,Small epiphyses of the 5th toe,第五趾小骨骺,
HP:0100086,Stippling of the epiphyses of the 5th toe,第五趾骨骺点状钙化,
HP:0100087,Triangular epiphyses of the 5th toe,第五趾三角形骨骺,
HP:0100088,Abnormality of the epiphysis of the distal phalanx of the 2nd toe,第二趾末节趾骨骨骺异常,
HP:0100089,Abnormality of the epiphysis of the middle phalanx of the 2nd toe,第二趾中节趾骨骨骺异常,
HP:0100090,Abnormality of the epiphysis of the proximal phalanx of the 2nd toe,第二趾近节趾骨骨骺异常,
HP:0100091,Abnormality of the epiphysis of the distal phalanx of the 3rd toe,第三趾末节趾骨骨骺异常,
HP:0100092,Abnormality of the epiphysis of the middle phalanx of the 3rd toe,第三趾中节趾骨骨骺异常,
HP:0100093,Abnormality of the epiphysis of the proximal phalanx of the 3rd toe,第三趾近节趾骨骨骺异常,
HP:0100094,Abnormality of the epiphysis of the distal phalanx of the 4th toe,第四趾末节趾骨骨骺异常,
HP:0100095,Abnormality of the epiphysis of the middle phalanx of the 4th toe,第四趾中节趾骨骨骺异常,
HP:0100096,Abnormality of the epiphysis of the proximal phalanx of the 4th toe,第四趾近节趾骨骨骺异常,
HP:0100097,Abnormality of the epiphysis of the distal phalanx of the 5th toe,第五趾末节趾骨骨骺异常,
HP:0100098,Abnormality of the epiphysis of the middle phalanx of the 5th toe,第五趾中节趾骨骨骺异常,
HP:0100099,Abnormality of the epiphysis of the proximal phalanx of the 5th toe,第五趾近节趾骨骨骺异常,
HP:0100100,Absent epiphysis of the distal phalanx of the 2nd toe,第二趾末节趾骨骨骺异常,
HP:0100101,Bracket epiphysis of the distal phalanx of the 2nd toe,第二趾末节趾骨夹板样骨骺,
HP:0100102,Cone-shaped epiphysis of the distal phalanx of the 2nd toe,第二趾末节趾骨锥形骨骺,
HP:0100103,Enlarged epiphysis of the distal phalanx of the 2nd toe,第二趾末节趾骨骨骺膨大,
HP:0100104,Fragmentation of the epiphysis of the distal phalanx of the 2nd toe,第二趾末节趾骨骨骺碎裂,
HP:0100105,Irregular epiphysis of the distal phalanx of the 2nd toe,第二趾末节趾骨骨骺不规则,
HP:0100106,Ivory epiphysis of the distal phalanx of the 2nd toe,第二趾末节趾骨象牙色骨骺,
HP:0100107,Pseudoepiphysis of the distal phalanx of the 2nd toe,第二趾末节趾骨假骨骺,
HP:0100108,Small epiphysis of the distal phalanx of the 2nd toe,第二趾末节趾骨小骨骺,
HP:0100109,Stippling of the epiphysis of the distal phalanx of the 2nd toe,第二趾末节趾骨骨骺点状钙化,
HP:0100110,Triangular epiphysis of the distal phalanx of the 2nd toe,第二趾末节趾骨三角形骨骺,
HP:0100111,Absent epiphysis of the middle phalanx of the 2nd toe,第二趾中节趾骨骨骺缺失,
HP:0100112,Bracket epiphysis of the middle phalanx of the 2nd toe,第二趾中节趾骨夹板样骨骺,
HP:0100113,Cone-shaped epiphysis of the middle phalanx of the 2nd toe,第二趾中节趾骨锥形骨骺,
HP:0100114,Enlarged epiphysis of the middle phalanx of the 2nd toe,第二趾中节趾骨骨骺膨大,
HP:0100115,Fragmentation of the epiphysis of the middle phalanx of the 2nd toe,第二趾中节趾骨骨骺碎裂,
HP:0100116,Irregular epiphysis of the middle phalanx of the 2nd toe,第二趾中节趾骨骨骺不规则,
HP:0100117,Ivory epiphysis of the middle phalanx of the 2nd toe,第二趾中节趾骨象牙色骨骺,
HP:0100118,Pseudoepiphysis of the middle phalanx of the 2nd toe,第二趾中节趾骨假骨骺,
HP:0100119,Small epiphysis of the middle phalanx of the 2nd toe,第二趾中节指骨骨骺小,
HP:0100120,Stippling of the epiphysis of the middle phalanx of the 2nd toe,第二趾中节趾骨骨骺点状钙化,
HP:0100121,Triangular epiphysis of the middle phalanx of the 2nd toe,第二趾中节指骨三角形骨骺,
HP:0100122,Absent epiphysis of the proximal phalanx of the 2nd toe,第二趾近节趾骨骨骺缺失,
HP:0100123,Bracket epiphysis of the proximal phalanx of the 2nd toe,第二趾近节趾骨夹板样骨骺,
HP:0100124,Cone-shaped epiphysis of the proximal phalanx of the 2nd toe,第二趾近节趾骨锥形骨骺,
HP:0100125,Enlarged epiphysis of the proximal phalanx of the 2nd toe,第二趾近节趾骨骨骺膨大,
HP:0100126,Fragmentation of the epiphysis of the proximal phalanx of the 2nd toe,第二趾近节趾骨骨骺碎裂,
HP:0100127,Irregular epiphysis of the proximal phalanx of the 2nd toe,第二趾近节趾骨骨骺不规则,
HP:0100128,Ivory epiphysis of the proximal phalanx of the 2nd toe,第二趾近节趾骨象牙色骨骺,
HP:0100129,Pseudoepiphysis of the proximal phalanx of the 2nd toe,第二趾近节趾骨的假骨骺,
HP:0100130,Small epiphysis of the proximal phalanx of the 2nd toe,第二趾近节指骨骨骺小,
HP:0100131,Stippling of the epiphysis of the proximal phalanx of the 2nd toe,第二趾近节趾骨点状骨骺点状钙化,
HP:0100132,Triangular epiphysis of the proximal phalanx of the 2nd toe,第二趾近节趾骨三角形骨骺,
HP:0100133,Abnormality of the pubic hair,阴毛异常,
HP:0100134,Abnormality of the axillary hair,腋毛异常,
HP:0100135,Absent epiphysis of the distal phalanx of the 3rd toe,第三趾末节指骨骨骺缺如,
HP:0100136,Bracket epiphysis of the distal phalanx of the 3rd toe,第三趾末节指骨夹板样骨骺,
HP:0100137,Cone-shaped epiphysis of the distal phalanx of the 3rd toe,第三趾末节趾骨锥形骨骺,
HP:0100138,Enlarged epiphysis of the distal phalanx of the 3rd toe,第三趾末节趾骨骨骺膨大,
HP:0100139,Fragmentation of the epiphysis of the distal phalanx of the 3rd toe,第三趾的末节趾骨骨骺碎裂,
HP:0100140,Irregular epiphysis of the distal phalanx of the 3rd toe,第三趾末节趾骨骨骺不规则,
HP:0100141,Ivory epiphysis of the distal phalanx of the 3rd toe,第三趾末节趾骨象牙色骨骺,
HP:0100142,Pseudoepiphysis of the distal phalanx of the 3rd toe,第三趾末节趾骨假骨骺,
HP:0100143,Small epiphysis of the distal phalanx of the 3rd toe,第三趾末节趾骨小骨骺,
HP:0100144,Stippling of the epiphysis of the distal phalanx of the 3rd toe,第三趾末节趾骨骨骺点状钙化,
HP:0100145,Triangular epiphysis of the distal phalanx of the 3rd toe,第三趾末节趾骨三角形骨骺,
HP:0100146,Absent epiphysis of the middle phalanx of the 3rd toe,第三趾中节趾骨骨骺缺失,
HP:0100147,Bracket epiphysis of the middle phalanx of the 3rd toe,第三趾中节指骨夹板样骨骺,
HP:0100148,Cone-shaped epiphysis of the middle phalanx of the 3rd toe,第三趾中节趾骨锥形骨骺,
HP:0100149,Enlarged epiphysis of the middle phalanx of the 3rd toe,第三趾中节趾骨骨骺膨大,
HP:0100150,Fragmentation of the epiphysis of the middle phalanx of the 3rd toe,第三趾中节趾骨骨骺碎裂,
HP:0100151,Irregular epiphysis of the middle phalanx of the 3rd toe,第三趾中节趾骨骨骺不规则,
HP:0100152,Ivory epiphysis of the middle phalanx of the 3rd toe,第三趾中节趾骨象牙色骨骺,
HP:0100153,Pseudoepiphysis of the middle phalanx of the 3rd toe,第三趾中节趾骨假骨骺,
HP:0100154,Small epiphysis of the middle phalanx of the 3rd toe,第三趾中节指骨骨骺小,
HP:0100155,Stippling of the epiphysis of the middle phalanx of the 3rd toe,第三趾中节趾骨骨骺点状钙化,
HP:0100156,Triangular epiphysis of the middle phalanx of the 3rd toe,第三趾中节趾骨三角形骨骺,
HP:0100157,Absent epiphysis of the proximal phalanx of the 3rd toe,第三趾近节趾骨骨骺缺失,
HP:0100158,Bracket epiphysis of the proximal phalanx of the 3rd toe,第三趾近节趾骨夹板样骨骺,
HP:0100159,Cone-shaped epiphysis of the proximal phalanx of the 3rd toe,第三趾近节趾骨锥形骨骺,
HP:0100160,Enlarged epiphysis of the proximal phalanx of the 3rd toe,第三趾近节趾骨骨骺膨大,
HP:0100161,Fragmentation of the epiphysis of the proximal phalanx of the 3rd toe,第三趾近节趾骨骨骺碎裂,
HP:0100162,Irregular epiphysis of the proximal phalanx of the 3rd toe,第三趾近节趾骨骨骺不规则,
HP:0100163,Ivory epiphysis of the proximal phalanx of the 3rd toe,第三趾近节趾骨象牙色骨骺,
HP:0100164,Pseudoepiphysis of the proximal phalanx of the 3rd toe,第三趾近节趾骨假骨骺,
HP:0100165,Small epiphysis of the proximal phalanx of the 3rd toe,第三趾近节趾骨骨骺小,
HP:0100166,Stippling of the epiphysis of the proximal phalanx of the 3rd toe,第三趾近节趾骨骨骺点状钙化,
HP:0100167,Triangular epiphysis of the proximal phalanx of the 3rd toe,第三趾近节趾骨三角形骨骺,
HP:0100168,Fragmented epiphyses,骨骺碎裂,
HP:0100169,Absent epiphysis of the distal phalanx of the 4th toe,第四趾末节趾骨骨骺缺失,
HP:0100170,Bracket epiphysis of the distal phalanx of the 4th toe,第四趾末节趾骨夹板样骨骺,
HP:0100171,Cone-shaped epiphysis of the distal phalanx of the 4th toe,第四趾末节趾骨锥形骨骺,
HP:0100172,Enlarged epiphysis of the distal phalanx of the 4th toe,第四脚趾末节趾骨骨骺膨大,
HP:0100173,Fragmentation of the epiphysis of the distal phalanx of the 4th toe,第四趾末节趾骨骨骺碎裂,
HP:0100174,Irregular epiphysis of the distal phalanx of the 4th toe,第四趾末节趾骨骨骺不规则,
HP:0100175,Ivory epiphysis of the distal phalanx of the 4th toe,第四趾末节趾骨象牙色骨骺,
HP:0100176,Pseudoepiphysis of the distal phalanx of the 4th toe,第四趾末节趾骨假骨骺,
HP:0100177,Small epiphysis of the distal phalanx of the 4th toe,第四趾末节趾骨小骨骺,
HP:0100178,Stippling of the epiphysis of the distal phalanx of the 4th toe,第四趾末节趾骨骨骺点状钙化,
HP:0100179,Triangular epiphysis of the distal phalanx of the 4th toe,第四趾末节趾骨三角形骨骺,
HP:0100180,Absent epiphysis of the middle phalanx of the 4th toe,第四趾中节趾骨骨骺缺失,
HP:0100181,Bracket epiphysis of the middle phalanx of the 4th toe,第四趾中节趾骨夹板样骨骺,
HP:0100182,Cone-shaped epiphysis of the middle phalanx of the 4th toe,第四趾中节趾骨的锥形骨骺,
HP:0100183,Enlarged epiphysis of the middle phalanx of the 4th toe,第四趾中节趾骨骨骺膨大,
HP:0100184,Fragmentation of the epiphysis of the middle phalanx of the 4th toe,第四趾中节趾骨骨骺碎裂,
HP:0100185,Irregular epiphysis of the middle phalanx of the 4th toe,第四趾中节趾骨骨骺不规则,
HP:0100186,Ivory epiphysis of the middle phalanx of the 4th toe,第四趾中节趾骨象牙色骨骺,
HP:0100187,Pseudoepiphysis of the middle phalanx of the 4th toe,第四趾中节趾骨假骨骺,
HP:0100188,Small epiphysis of the middle phalanx of the 4th toe,第四趾中节指骨骨骺小,
HP:0100189,Stippling of the epiphysis of the middle phalanx of the 4th toe,第四趾中节趾骨骨骺点状钙化,
HP:0100190,Triangular epiphysis of the middle phalanx of the 4th toe,第四趾中节指骨三角形骨骺,
HP:0100191,Absent epiphysis of the proximal phalanx of the 4th toe,第四趾近节趾骨骨骺缺失,
HP:0100192,Bracket epiphysis of the proximal phalanx of the 4th toe,第四趾近节趾骨夹板样骨骺,
HP:0100193,Cone-shaped epiphysis of the proximal phalanx of the 4th toe,第四趾近节趾骨锥形骨骺,
HP:0100194,Enlarged epiphysis of the proximal phalanx of the 4th toe,第四趾近节脚骨骨骺膨大,
HP:0100195,Fragmentation of the epiphysis of the proximal phalanx of the 4th toe,第四趾近节趾骨骨骺碎裂,
HP:0100196,Irregular epiphysis of the proximal phalanx of the 4th toe,第四趾近节趾骨骨骺不规则,
HP:0100197,Ivory epiphysis of the proximal phalanx of the 4th toe,第四趾近节趾骨象牙色骨骺,
HP:0100198,Pseudoepiphysis of the proximal phalanx of the 4th toe,第四趾近节趾骨假骨骺,
HP:0100199,Small epiphysis of the proximal phalanx of the 4th toe,第四趾近节趾骨骨骺小,
HP:0100200,Stippling of the epiphysis of the proximal phalanx of the 4th toe,第四趾近节趾骨骨骺点状钙化,
HP:0100201,Triangular epiphysis of the proximal phalanx of the 4th toe,第四趾近节趾骨三角形骨骺,
HP:0100202,Absent epiphysis of the distal phalanx of the 5th toe,第五趾末节趾骨骨骺缺失,
HP:0100203,Bracket epiphysis of the distal phalanx of the 5th toe,第五趾末节趾骨夹板样骨骺,
HP:0100204,Cone-shaped epiphysis of the distal phalanx of the 5th toe,第五趾末节趾骨锥形骨骺,
HP:0100205,Enlarged epiphysis of the distal phalanx of the 5th toe,第五趾末节趾骨骨骺膨大,
HP:0100206,Fragmentation of the epiphysis of the distal phalanx of the 5th toe,第五趾末节趾骨骨骺碎裂,
HP:0100207,Irregular epiphysis of the distal phalanx of the 5th toe,第五趾末节趾骨骨骺不规则,
HP:0100208,Ivory epiphysis of the distal phalanx of the 5th toe,第五趾末节趾骨象牙色骨骺,
HP:0100209,Pseudoepiphysis of the distal phalanx of the 5th toe,第五趾末节趾骨假骨骺,
HP:0100210,Small epiphysis of the distal phalanx of the 5th toe,第五趾末节趾骨小骨骺,
HP:0100211,Stippling of the epiphysis of the distal phalanx of the 5th toe,第五趾末节趾骨骨骺点状钙化,
HP:0100212,Triangular epiphysis of the distal phalanx of the 5th toe,第五趾末节趾骨三角形骨骺,
HP:0100213,Absent epiphysis of the middle phalanx of the 5th toe,第五趾中节趾骨骨骺缺失,
HP:0100214,Bracket epiphysis of the middle phalanx of the 5th toe,第五趾中节趾骨夹板样骨骺,
HP:0100215,Cone-shaped epiphysis of the middle phalanx of the 5th toe,第五趾中节趾骨锥形骨骺,
HP:0100216,Enlarged epiphysis of the middle phalanx of the 5th toe,第五趾中节趾骨骨骺膨大,
HP:0100217,Fragmentation of the epiphysis of the middle phalanx of the 5th toe,第五趾中节趾骨骨骺碎裂,
HP:0100218,Irregular epiphysis of the middle phalanx of the 5th toe,第五趾中节趾骨骨骺不规则,
HP:0100219,Ivory epiphysis of the middle phalanx of the 5th toe,第五趾中节趾骨象牙色骨骺,
HP:0100220,Pseudoepiphysis of the middle phalanx of the 5th toe,第五趾中节趾骨假骨骺,
HP:0100221,Small epiphysis of the middle phalanx of the 5th toe,第五趾中节趾骨骨骺小,
HP:0100222,Stippling of the epiphysis of the middle phalanx of the 5th toe,第五趾中节趾骨骨骺点状钙化,
HP:0100223,Triangular epiphysis of the middle phalanx of the 5th toe,第五趾中节趾骨三角形骨骺,
HP:0100224,Absent epiphysis of the proximal phalanx of the 5th toe,第五趾近节趾骨骨骺缺失,
HP:0100225,Bracket epiphysis of the proximal phalanx of the 5th toe,第五趾近节趾骨夹板样骨骺,
HP:0100226,Cone-shaped epiphysis of the proximal phalanx of the 5th toe,第五趾近节趾骨锥形骨骺,
HP:0100227,Enlarged epiphysis of the proximal phalanx of the 5th toe,第五趾近节趾骨骨骺膨大,
HP:0100228,Fragmentation of the epiphysis of the proximal phalanx of the 5th toe,第五趾近节趾骨骨骺碎裂,
HP:0100229,Irregular epiphysis of the proximal phalanx of the 5th toe,第五趾近节趾骨骨骺不规则,
HP:0100230,Ivory epiphysis of the proximal phalanx of the 5th toe,第五趾近节趾骨象牙色骨骺,
HP:0100231,Pseudoepiphysis of the proximal phalanx of the 5th toe,第五趾近节趾骨假骨骺,
HP:0100232,Small epiphysis of the proximal phalanx of the 5th toe,第五趾近节趾骨骨骺小,
HP:0100233,Stippling of the epiphysis of the proximal phalanx of the 5th toe,第五趾近节趾骨骨骺点状钙化,
HP:0100234,Triangular epiphysis of the proximal phalanx of the 5th toe,第五趾近节趾骨三角形骨骺,
HP:0100235,Synostosis involving bones of the toes,累及趾骨的骨性连合,
HP:0100237,Proximal foot symphalangism,近端趾关节融合,
HP:0100238,Synostosis involving bones of the upper limbs,累及上肢骨骼的骨性连合,
HP:0100240,Synostosis of joints,关节骨性联接,
HP:0100241,Ectopic respiratory mucosa,呼吸道黏膜异位,
HP:0100242,Sarcoma,肉瘤,
HP:0100243,Leiomyosarcoma,平滑肌肉瘤,
HP:0100244,Fibrosarcoma,纤维肉瘤,
HP:0100245,Gastrointestinal desmoid tumor,胃肠道硬纤维瘤,
HP:0100246,Osteoma,骨瘤,
HP:0100247,Recurrent singultus,反复性嗝逆,
HP:0100248,Hemiballismus,偏侧投掷/偏侧投掷症,
HP:0100249,Calcification of muscles,肌肉钙化,
HP:0100250,Meningeal calcification,脑膜钙化,
HP:0100251,Multiple central nervous system lipomas,多发中枢神经系统脂肪瘤,
HP:0100252,Diaphyseal dysplasia,骨干发育不良,
HP:0100253,Abnormality of the medullary cavity of the long bones,长骨髓腔异常,
HP:0100254,Stenosis of the medullary cavity of the long bones,长骨髓腔狭窄,
HP:0100255,Metaphyseal dysplasia,干骺端发育不良,
HP:0100256,Senile plaques,老年斑,
HP:0100257,Ectrodactyly,缺趾/指畸形,
HP:0100258,Preaxial polydactyly,轴前多指（趾）,
HP:0100259,Postaxial polydactyly,轴后多指（趾）,
HP:0100260,Mesoaxial polydactyly,中轴多指（趾）,
HP:0100261,Abnormal tendon morphology,肌腱形态异常,
HP:0100262,Synostosis involving digits,累及指/趾的骨性联接,
HP:0100263,Distal symphalangism,远端指关节融合,
HP:0100264,Proximal symphalangism,近端指关节融合,
HP:0100265,Synostosis of metacarpals/metatarsals,掌骨（跖骨）间的骨性联接,
HP:0100266,Synostosis of carpals/tarsals,腕骨（跗骨）间的骨性联接,
HP:0100267,Lip pit,唇点凹,
HP:0100268,Upper lip pit,上唇点凹,
HP:0100269,Paramedian lip pit,正中旁唇点凹,
HP:0100270,Abnormality of dorsoventral patterning of the limbs,四肢背腹模式异常,
HP:0100271,Hyponasal speech,鼻音低,
HP:0100272,Branchial sinus,鳃窦,
HP:0100273,Neoplasm of the colon,结肠新生物,
HP:0100274,Gustatory lacrimation,味觉流泪,
HP:0100275,Diffuse cerebellar atrophy,弥漫性小脑萎缩,
HP:0100276,Skin pit,皮肤凹点,
HP:0100277,Periauricular skin pits,耳周皮肤点凹,
HP:0100279,Ulcerative colitis,溃疡性结肠炎,
HP:0100280,Crohn's disease,克罗恩氏病,
HP:0100281,Chronic colitis,慢性结肠炎,
HP:0100282,Acute colitis,急性结肠炎,
HP:0100283,EMG: continuous motor unit activity at rest,EMG:休息中持续的运动单元活动,
HP:0100284,EMG: myotonic discharges,肌电图:肌强直性放电,
HP:0100285,EMG: impaired neuromuscular transmission,肌电图:神经肌肉接头传递受损,
HP:0100287,EMG: slow motor conduction,肌电图:运动传导慢,
HP:0100288,EMG: myokymic discharges,肌电图:肌纤维颤搐放电,
HP:0100289,Abnormality of pattern reversal visual evoked potentials,图形翻转视觉诱发电位异常,
HP:0100290,Abnormality of peripheral somatosensory evoked potentials,周围体感诱发电位异常,
HP:0100291,Delayed somatosensory central conduction time,躯体感觉中枢传导时间延迟,
HP:0100292,Amyloidosis of peripheral nerves,周围神经的淀粉样变性病,
HP:0100293,Hypertrophied muscle fibers,肥大的肌纤维,
HP:0100295,Muscle fiber atrophy,肌纤维萎缩,
HP:0100296,Perifascicular muscle fiber atrophy,肌束周围肌纤维萎缩,
HP:0100297,Increased endomysial connective tissue,肌内膜结缔组织增加,
HP:0100298,Motheaten muscle fibers,虫噬样肌纤维,
HP:0100299,Muscle fiber inclusion bodies,肌纤维包涵体,
HP:0100300,Desmin bodies,结蛋白体,
HP:0100301,Muscle fiber tubular inclusions,肌纤维管状包涵体,
HP:0100302,Muscle fiber tubuloreticular inclusions,肌纤维管网状包涵体,
HP:0100303,Muscle fiber cytoplasmatic inclusion bodies,肌纤维胞质包涵体,
HP:0100304,Muscle fiber intranuclear inclusion bodies,肌纤维核内包涵体,
HP:0100305,Ring fibers,环状肌纤维,
HP:0100306,Muscle fiber hyaline bodies,肌纤维透明小体,
HP:0100307,Cerebellar hemisphere hypoplasia,小脑半球发育不全,
HP:0100308,Cerebral cortical hemiatrophy,大脑皮层偏侧萎缩,
HP:0100309,Subdural hemorrhage,硬膜下出血,
HP:0100310,Epidural hemorrhage,硬膜外出血,
HP:0100311,Cerebral ventricular adhesions,脑室粘连,
HP:0100312,Cerebral germinoma,脑生殖细胞瘤,
HP:0100313,Cerebral granulomatosis,脑肉芽肿,
HP:0100314,Cerebral inclusion bodies,脑包涵体,
HP:0100315,Lewy bodies,路易体,
HP:0100316,Hirano bodies,平野小体,
HP:0100317,Argyrophilic inclusion bodies,嗜银包涵体,
HP:0100318,Lafora bodies,小体,
HP:0100319,Cerebral hyaline bodies,脑透明小体/脑玻璃样小体,
HP:0100320,Rosenthal fibers,罗森塔尔纤维,
HP:0100321,Abnormal dentate nucleus morphology,齿状核形态异常,
HP:0100322,Aplasia of the pyramidal tract,锥体束的发育缺陷,
HP:0100323,Juvenile aseptic necrosis,青少年型无菌性坏死,
HP:0100324,Scleroderma,硬皮病,
HP:0100326,Immunologic hypersensitivity,免疫过敏,
HP:0100327,Cow milk allergy,牛奶过敏,
HP:0100328,Carpometacarpal synostosis,腕掌骨骨性融合,
HP:0100329,Tarsometatarsal synostosis,跗跖关节骨性融合,
HP:0100333,Unilateral cleft lip,单侧唇裂,
HP:0100334,Unilateral cleft palate,单侧腭裂,
HP:0100335,Non-midline cleft of the upper lip,上唇非中线裂,
HP:0100336,Bilateral cleft lip,双侧唇裂,
HP:0100337,Bilateral cleft palate,双侧腭裂,
HP:0100338,Non-midline cleft palate,非中线腭裂,
HP:0100339,Abnormality of the os naviculare pedis,足舟骨异常,
HP:0100340,Fibular deviation of the 4th toe,第四趾腓侧偏移,
HP:0100341,Tibial deviation of the 4th toe,第四趾胫侧偏移,
HP:0100342,Fibular deviation of the 3rd toe,第三趾腓侧偏移,
HP:0100343,Tibial deviation of the 3rd toe,第三趾胫侧偏移,
HP:0100344,Fibular deviation of the 2nd toe,第二趾腓侧偏移,
HP:0100345,Tibial deviation of the 2nd toe,第二趾胫侧偏移,
HP:0100346,Fibular deviation of the 5th toe,第五趾腓侧偏移,
HP:0100347,Tibial deviation of the 5th toe,第五趾胫侧偏移,
HP:0100348,Contracture of the proximal interphalangeal joint of the 2nd toe,第二趾近端趾间关节挛缩,
HP:0100349,Contracture of the proximal interphalangeal joint of the 3rd toe,第三趾近端趾间关节挛缩,
HP:0100350,Contracture of the proximal interphalangeal joint of the 4th toe,第四趾近端趾间关节挛缩,
HP:0100351,Contractures of the proximal interphalangeal joint of the 5th toe,第五趾近端趾间关节挛缩,
HP:0100352,Contracture of the distal interphalangeal joint of the 2nd toe,第二趾远端趾间关节挛缩,
HP:0100353,Contracture of the distal interphalangeal joint of the 3rd toe,第三趾远端趾间关节挛缩,
HP:0100354,Contracture of the distal interphalangeal joint of the 4th toe,第四趾远端趾间关节挛缩,
HP:0100355,Contractures of the distal interphalangeal joint of the 5th toe,第五趾远端趾间关节挛缩,
HP:0100356,Contracture of the metatarsophalangeal joint of the 2nd toe,第二趾跖趾关节挛缩,
HP:0100357,Contracture of the metatarsophalangeal joint of the 3rd toe,第三趾跖趾关节挛缩,
HP:0100358,Contracture of the metatarsophalangeal joint of the 4th toe,第四趾跖趾关节挛缩,
HP:0100359,Contracture of the metatarsophalangeal joint of the 5th toe,第五趾跖趾关节挛缩,
HP:0100360,Upper-limb joint contracture,上肢关节挛缩,
HP:0100362,Aplasia of the phalanges of the 3rd toe,第三趾趾骨发育不全,
HP:0100363,Aplasia of the phalanges of the 4th toe,第四趾趾骨发育不全,
HP:0100364,Aplasia of the phalanges of the 5th toe,第五趾趾骨发育不全,
HP:0100366,Short phalanx of the 3rd toe,第三趾趾骨短,
HP:0100367,Short phalanx of the 4th toe,第四趾趾骨短,
HP:0100368,Short phalanx of the 5th toe,第五趾趾骨短,
HP:0100369,Aplasia/Hypoplasia of the distal phalanx of the 3rd toe,第三趾末节趾骨发育不全/发育不良,
HP:0100370,Aplasia/Hypoplasia of the distal phalanx of the 4th toe,第四趾末节趾骨发育不全/发育不良,
HP:0100371,Aplasia/Hypoplasia of the distal phalanx of the 5th toe,第五趾末节趾骨发育不全/发育不良,
HP:0100372,Aplasia/Hypoplasia of the middle phalanx of the 3rd toe,第三趾中节趾骨发育不全/发育不良,
HP:0100373,Aplasia/Hypoplasia of the middle phalanx of the 4th toe,第四趾第三节趾骨发育不全/发育不良,
HP:0100374,Aplasia/Hypoplasia of the middle phalanx of the 5th toe,第五趾中节趾骨发育不全/发育不良,
HP:0100375,Aplasia/hypoplasia of the proximal phalanx of the 3rd toe,第三趾近节趾骨发育不全/发育不良,
HP:0100376,Aplasia/hypoplasia of the proximal phalanx of the 4th toe,第四趾近节趾骨发育不全/发育不良,
HP:0100377,Aplasia/hypoplasia of the proximal phalanx of the 5th toe,第五趾近节趾骨发育不全/发育不良,
HP:0100378,Absent distal phalanx of the 3rd toe,第三趾末节趾骨缺失,
HP:0100379,Aplasia of the distal phalanx of the 4th toe,第四趾末节趾骨发育不全,
HP:0100380,Aplasia of the distal phalanx of the 5th toe,第五趾末节趾骨发育不全,
HP:0100381,Absent middle phalanx of the 3rd toe,第三趾中节趾骨缺失,
HP:0100382,Aplasia of the middle phalanx of the 4th toe,第四趾中节趾骨发育不全,
HP:0100383,Aplasia of the middle phalanx of the 5th toe,第五趾中节趾骨发育不全,
HP:0100384,Absent proximal phalanx of the 3rd toe,第三趾近节趾骨缺如,
HP:0100385,Aplasia of the proximal phalanx of the 4th toe,第四趾近节趾骨发育不全,
HP:0100386,Aplasia of the proximal phalanx of the 5th toe,第五趾近节趾骨发育不全,
HP:0100387,Aplasia of the middle phalanges of the toes,中节趾骨发育不全,
HP:0100388,Aplasia of the proximal phalanges of the toes,近节趾骨发育不全,
HP:0100389,Short distal phalanx of the 3rd toe,第三趾末节趾骨短,
HP:0100390,Short distal phalanx of the 4th toe,第四趾末节趾骨短,
HP:0100391,Short distal phalanx of the 5th toe,第五趾末节趾骨短,
HP:0100392,Short middle phalanx of the 3rd toe,第三趾中节趾骨短,
HP:0100393,Short middle phalanx of the 4th toe,第四趾中节趾骨短,
HP:0100394,Short middle phalanx of the 5th toe,第五趾中节趾骨短,
HP:0100395,Short proximal phalanx of the 3rd toe,第三趾近节趾骨短,
HP:0100396,Short proximal phalanx of the 4th toe,第四趾近节趾骨短,
HP:0100397,Short proximal phalanx of the 5th toe,第五趾近节趾骨短,
HP:0100398,Duplication of the distal phalanx of the 3rd toe,第三趾末节趾骨重复,
HP:0100399,Duplication of the distal phalanx of the 4th toe,第四趾末节趾骨重复,
HP:0100400,Duplication of the distal phalanx of the 5th toe,第五趾末节趾骨重复,
HP:0100401,Duplication of the middle phalanx of the 3rd toe,第三趾中节趾骨重复,
HP:0100402,Duplication of the middle phalanx of the 4th toe,第四趾中节趾骨重复,
HP:0100403,Duplication of the middle phalanx of the 5th toe,第五趾中节趾骨重复,
HP:0100404,Duplication of the proximal phalanx of the 3rd toe,第三趾近节趾骨重复,
HP:0100405,Duplication of the proximal phalanx of the 4th toe,第四趾近节趾骨重复,
HP:0100406,Duplication of the proximal phalanx of the 5th toe,第五趾近节趾骨重复,
HP:0100407,Complete duplication of the distal phalanx of the 3rd toe,第三趾末节趾骨完全重复,
HP:0100408,Complete duplication of the distal phalanx of the 4th toe,第四趾末节趾骨完全重复,
HP:0100409,Complete duplication of the distal phalanx of the 5th toe,第五趾末节趾骨完全重复,
HP:0100410,Complete duplication of the middle phalanx of the 3rd toe,第三趾中节趾骨完全重复,
HP:0100411,Complete duplication of the middle phalanx of the 4th toe,第四趾中节趾骨完全重复,
HP:0100412,Complete duplication of the middle phalanx of the 5th toe,第五趾中节趾骨完全重复,
HP:0100413,Complete duplication of the proximal phalanx of the 3rd toe,第三趾近节趾骨完全重复,
HP:0100414,Complete duplication of the proximal phalanx of the 4th toe,第四趾近节趾骨完全重复,
HP:0100415,Complete duplication of the proximal phalanx of the 5th toe,第五趾近节趾骨完全重复,
HP:0100416,Partial duplication of the distal phalanx of the 3rd toe,第三趾末节趾骨部分重复,
HP:0100417,Partial duplication of the distal phalanx of the 4th toe,第四趾末节趾骨部分重复,
HP:0100418,Partial duplication of the distal phalanx of the 5th toe,第五趾末节趾骨部分重复,
HP:0100419,Partial duplication of the middle phalanx of the 3rd toe,第三趾中节趾骨部分重复,
HP:0100420,Partial duplication of the middle phalanx of the 4th toe,第四趾中节趾骨部分重复,
HP:0100421,Partial duplication of the middle phalanx of the 5th toe,第五趾中节趾骨部分重复,
HP:0100422,Partial duplication of the proximal phalanx of the 3rd toe,第三趾近节趾骨部分重复·,
HP:0100423,Partial duplication of the proximal phalanx of the 4th toe,第四趾近节趾骨部分重复,
HP:0100424,Partial duplication of the proximal phalanx of the 5th toe,第五趾近节趾骨部分重复,
HP:0100425,Broad middle phalanx of the 3rd toe,第三趾中节趾骨变宽,
HP:0100426,Broad middle phalanx of the 4th toe,第四趾中节趾骨变宽,
HP:0100427,Broad middle phalanx of the 5th toe,第五趾中节趾骨变宽,
HP:0100428,Broad proximal phalanx of the 3rd toe,第三趾近节趾骨变宽,
HP:0100429,Broad proximal phalanx of the 4th toe,第四趾近节趾骨变宽,
HP:0100430,Broad proximal phalanx of the 5th toe,第五趾近节趾骨变宽,
HP:0100431,Broad distal phalanx of the 3rd toe,第三趾末节趾骨变宽,
HP:0100432,Broad distal phalanx of the 4th toe,第四趾末节趾骨变宽,
HP:0100433,Broad distal phalanx of the 5th toe,第五趾末节趾骨变宽,
HP:0100434,Bullet-shaped middle phalanx of the 3rd toe,第三趾子弹形中节趾骨,
HP:0100435,Bullet-shaped middle phalanx of the 4th toe,第四趾子弹形中节趾骨,
HP:0100436,Bullet-shaped middle phalanx of the 5th toe,第五趾子弹形中节趾骨,
HP:0100437,Bullet-shaped proximal phalanx of the 3rd toe,第三趾子弹形近节趾骨,
HP:0100438,Bullet-shaped proximal phalanx of the 4th toe,第四趾子弹形近节趾骨,
HP:0100439,Bullet-shaped proximal phalanx of the 5th toe,第五趾子弹形近节趾骨,
HP:0100440,Bullet-shaped distal phalanx of the 3rd toe,第三趾子弹形末节趾骨,
HP:0100441,Bullet-shaped distal phalanx of the 4th toe,第四趾子弹形末节趾骨,
HP:0100442,Bullet-shaped distal phalanx of the 5th toe,第五趾子弹形末节趾骨,
HP:0100443,Curved middle phalanx of the 3rd toe,第三趾中节趾骨弯曲,
HP:0100444,Curved middle phalanx of the 4th toe,第四趾中节趾骨弯曲,
HP:0100445,Curved middle phalanx of the 5th toe,第五趾中节趾骨弯曲,
HP:0100446,Curved proximal phalanx of the 3rd toe,第三趾中节趾骨弯曲,
HP:0100447,Curved proximal phalanx of the 4th toe,第四趾近节趾骨弯曲,
HP:0100448,Curved proximal phalanx of the 5th toe,第五趾近节趾骨弯曲,
HP:0100449,Curved distal phalanx of the 3rd toe,第三趾末节趾骨弯曲,
HP:0100450,Curved distal phalanx of the 4th toe,第四趾末节趾骨弯曲,
HP:0100451,Curved distal phalanx of the 5th toe,第五趾末节趾骨弯曲,
HP:0100452,Osteolytic defects of the middle phalanx of the 3rd toe,第三趾中节趾骨溶骨性缺陷,
HP:0100453,Osteolytic defects of the middle phalanx of the 4th toe,第四趾中节趾骨溶骨性缺陷,
HP:0100454,Osteolytic defects of the middle phalanx of the 5th toe,第五趾中节趾骨溶骨性缺陷,
HP:0100455,Osteolytic defects of the proximal phalanx of the 3rd toe,第三趾近节趾骨溶骨性缺陷,
HP:0100456,Osteolytic defects of the proximal phalanx of the 4th toe,第四趾近节趾骨溶骨性缺陷,
HP:0100457,Osteolytic defects of the proximal phalanx of the 5th toe,第五趾近节趾骨溶骨性缺陷,
HP:0100458,Osteolytic defects of the distal phalanx of the 3rd toe,第三趾末节趾骨溶骨性缺陷,
HP:0100459,Osteolytic defects of the distal phalanx of the 4th toe,第四趾末节趾骨溶骨性缺陷,
HP:0100460,Osteolytic defects of the distal phalanx of the 5th toe,第五趾末节趾骨溶骨性缺陷,
HP:0100461,Patchy sclerosis of the middle phalanx of the 3rd toe,第三趾中节趾骨斑片状骨硬化,
HP:0100462,Patchy sclerosis of the middle phalanx of the 4th toe,第四趾中节趾骨斑片状骨硬化,
HP:0100463,Patchy sclerosis of the middle phalanx of the 5th toe,第五趾中节趾骨斑片状骨硬化,
HP:0100464,Patchy sclerosis of the proximal phalanx of the 3rd toe,第三趾近节趾骨斑片状骨硬化,
HP:0100465,Patchy sclerosis of the proximal phalanx of the 4th toe,第四趾近节趾骨斑片状骨硬化,
HP:0100466,Patchy sclerosis of the proximal phalanx of the 5th toe,第五趾近节趾骨斑片状骨硬化,
HP:0100467,Patchy sclerosis of the distal phalanx of the 3rd toe,第三趾末节趾骨斑片状骨硬化,
HP:0100468,Patchy sclerosis of the distal phalanx of the 4th toe,第四趾末节趾骨斑片状骨硬化,
HP:0100469,Patchy sclerosis of the distal phalanx of the 5th toe,第五趾末节趾骨斑片状骨硬化,
HP:0100470,Symphalangism affecting the middle phalanx of the 3rd toe,第三趾中节趾趾关节融合,
HP:0100471,Symphalangism affecting the middle phalanx of the 4th toe,第四趾中节趾关节融合,
HP:0100472,Symphalangism affecting the middle phalanx of the 5th toe,第五趾中节趾关节融合,
HP:0100473,Symphalangism affecting the proximal phalanx of the 3rd toe,第三趾近节趾关节融合,
HP:0100474,Symphalangism affecting the proximal phalanx of the 4th toe,第四趾近节趾关节融合,
HP:0100475,Symphalangism affecting the proximal phalanx of the 5th toe,第五趾近节趾关节融合,
HP:0100476,Symphalangism affecting the distal phalanx of the 3rd toe,第三趾末节趾关节融合,
HP:0100477,Symphalangism affecting the distal phalanx of the 4th toe,第四趾末节趾关节融合,
HP:0100478,Symphalangism affecting the distal phalanx of the 5th toe,第五趾末节趾关节融合,
HP:0100480,Proximal/middle symphalangism of 3rd toe,第三趾近节/中节趾关节融合,
HP:0100481,Proximal/middle symphalangism of 4th toe,第四趾近节/中节趾关节融合,
HP:0100482,Proximal/middle symphalangism of 5th toe,第五趾近节/中节趾关节融合,
HP:0100483,Symphalangism of the proximal phalanx of the 2nd toe with the 2nd metatarsal,第二趾近节趾骨与第二跖骨关节融合,
HP:0100484,Symphalangism of the proximal phalanx of the 3rd toe with the 3rd metatarsal,第三趾近节趾骨与第三跖骨跖趾关节融合,
HP:0100485,Symphalangism of the proximal phalanx of the 4th toe with the 4th metatarsal,第四趾近节趾骨与第四跖骨趾关节融合,
HP:0100486,Symphalangism of the proximal phalanx of the 5th toe with the 5th metatarsal,第五趾近节趾骨与第五跖骨趾关节融合,
HP:0100487,Triangular shaped distal phalanx of the 5th toe,第五趾三角形末节趾骨,
HP:0100488,Synostosis of the proximal phalanx of the hallux with the 1st metatarsal,拇趾近节趾骨与第一跖骨融合,
HP:0100489,Proximal/middle symphalangism of 2nd toe,第二趾近节/中节趾关节融合,
HP:0100490,Camptodactyly of finger,手指弯曲,
HP:0100491,Abnormality of lower limb joint,下肢关节异常,
HP:0100493,Hypoammonemia,低血氨,
HP:0100494,Abnormal mast cell morphology,肥大细胞形态异常,
HP:0100495,Mastocytosis,肥大细胞增多症,
HP:0100496,Abnormality of the vitamin B3 metabolism,维生素B3代谢异常,
HP:0100497,Vitamin B3 deficiency,维生素B3缺乏症,
HP:0100498,Deviation of toes,脚趾偏离,
HP:0100499,Tibial deviation of toes,脚趾胫侧偏移,
HP:0100500,Fibular deviation of toes,脚趾的腓骨侧偏移,
HP:0100501,Recurrent bronchiolitis,复发性毛细支气管炎,
HP:0100502,Decreased circulating vitamin B12 concentration,循环维生素B12水平降低,
HP:0100503,Decreased circulating vitamin B1 concentration,循环维生素B1水平降低,
HP:0100504,Decreased circulating vitamin B2 concentration,循环维生素B2水平降低,
HP:0100505,Decreased circulating vitamin B5 concentration,循环维生素B5水平降低,
HP:0100506,Decreased circulating vitamin B8 concentration,循环维生素B8水平降低,
HP:0100507,Reduced blood folate concentration,叶酸缺乏症,
HP:0100508,Abnormality of vitamin metabolism,维生素代谢异常,
HP:0100509,Abnormality of vitamin C metabolism,维生素C代谢异常,
HP:0100510,Decreased circulating vitamin C concentration,循环维生素C水平降低,
HP:0100511,Abnormality of vitamin D metabolism,维生素D代谢异常,
HP:0100512,Decreased circulating vitamin D concentration,循环维生素D水平降低,
HP:0100513,Decreased circulating vitamin E concentration,循环维生素E浓度降低,
HP:0100514,Abnormal circulating vitamin E concentration,循环维生素E浓度异常,
HP:0100515,Pollakisuria,尿频,
HP:0100516,Neoplasm of the ureter,输尿管肿瘤,
HP:0100517,Neoplasm of the urethra,尿道肿瘤,
HP:0100518,Dysuria,排尿困难,
HP:0100519,Anuria,无尿症,
HP:0100520,Oliguria,少尿症,
HP:0100521,Neoplasm of the thymus,胸腺肿瘤,
HP:0100522,Thymoma,胸腺瘤,
HP:0100523,Liver abscess,肝脓肿,
HP:0100524,Limb duplication,肢体重复,
HP:0100525,Urachus fistula,脐尿管瘘,
HP:0100526,Neoplasm of the lung,肺部肿瘤,
HP:0100527,Neoplasia of the pleura,胸膜肿瘤,
HP:0100528,Pleuropulmonary blastoma,胸膜肺母细胞瘤,
HP:0100529,Abnormal blood phosphate concentration,磷酸盐稳态平衡异常,
HP:0100530,Abnormal circulating calcium-phosphate regulating hormone concentration,循环磷酸钙调节激素浓度异常,
HP:0100531,Wind-swept deformity of the knees,双膝同向侧弯,
HP:0100532,Scleritis,巩膜炎,
HP:0100533,Inflammatory abnormality of the eye,眼睛的炎性异常,
HP:0100534,Episcleritis,巩膜外层炎,
HP:0100535,Tibiofibular diastasis,胫腓分离,
HP:0100536,Abnormality of the fascia,筋膜异常,
HP:0100537,Fasciitis,筋膜炎,
HP:0100538,Abnormality of the supraorbital ridges,眶上嵴异常,
HP:0100539,Periorbital edema,眶周水肿,
HP:0100540,Palpebral edema,眼睑水肿,
HP:0100541,Femoral hernia,股疝,
HP:0100542,Abnormal localization of kidney,肾脏位置异常,
HP:0100543,Cognitive impairment,认知功能损害,
HP:0100544,Neoplasm of the heart,心脏肿瘤,
HP:0100545,Arterial stenosis,动脉狭窄,
HP:0100546,Carotid artery stenosis,颈动脉狭窄,
HP:0100547,Abnormal forebrain morphology,前脑形态异常,
HP:0100548,Exstrophy,外翻,
HP:0100550,Tendon rupture,肌腱断裂,
HP:0100551,Neoplasm of the trachea,气管肿瘤,
HP:0100552,Neoplasm of the tracheobronchial system,气管支气管系统肿瘤,
HP:0100553,Hemihypertrophy of lower limb,下肢偏身肥大,
HP:0100554,Hemihypertrophy of upper limb,上肢偏身肥大,
HP:0100555,Asymmetric growth,不对称生长,
HP:0100556,Hemiatrophy,偏侧萎缩,
HP:0100557,Hemiatrophy of lower limb,下肢偏侧萎缩,
HP:0100558,Hemiatrophy of upper limb,上肢偏侧萎缩,
HP:0100559,Lower limb asymmetry,下肢不对称,
HP:0100560,Upper limb asymmetry,上肢不对称,
HP:0100561,Spinal cord lesion,脊髓病变,
HP:0100562,Diplomyelia,双脊髓,
HP:0100563,Diastomatomyelia,脊髓纵裂,
HP:0100564,Triplomyelia,三重脊髓,
HP:0100565,Hydromyelia,脊髓积水,
HP:0100566,Amyelia,无脊髓畸形,
HP:0100568,Neoplasm of the endocrine system,内分泌系统的肿瘤,
HP:0100569,Abnormally ossified vertebrae,椎骨异常骨化,
HP:0100570,Carcinoid tumor,类癌,
HP:0100571,Cardiac diverticulum,心脏憩室,
HP:0100572,Fibrous cardiac diverticulum,纤维性心脏憩室,
HP:0100573,Muscular cardiac diverticulum,肌性心脏憩室,
HP:0100574,Biliary tract neoplasm,胆管新生物,
HP:0100575,Neoplasm of the gallbladder,胆囊新生物,
HP:0100576,Amaurosis fugax,一时性黑蒙,
HP:0100577,Urinary bladder inflammation,膀胱炎,
HP:0100578,Lipoatrophy,脂肪萎缩,
HP:0100579,Mucosal telangiectasiae,粘膜毛细血管扩张,
HP:0100580,Barrett esophagus,Barrett食管,
HP:0100581,Dilatation of renal calices,肾盏扩张,
HP:0100582,Nasal polyposis,鼻息肉,
HP:0100583,Corneal perforation,角膜穿孔,
HP:0100584,Endocarditis,心内膜炎,
HP:0100585,Telangiectasia of the skin,皮肤毛细血管扩张,
HP:0100586,Sterile pyuria,无菌性白细胞尿,
HP:0100587,Abnormal preputium morphology,包皮形态异常,
HP:0100588,Paraphimosis,嵌顿包茎,
HP:0100589,Urogenital fistula,泌尿生殖道瘘,
HP:0100590,Rectal fistula,直肠瘘,
HP:0100592,Peritoneal abscess,腹膜脓肿,
HP:0100593,Calcification of cartilage,软骨钙化,
HP:0100594,Esophageal web,食管蹼,
HP:0100595,Camptocormia,驼背,
HP:0100596,Absent nares,无鼻孔,
HP:0100598,Pulmonary edema,肺水肿,
HP:0100599,Bifid penis,二裂阴茎,
HP:0100600,Penoscrotal transposition,阴茎阴囊转位,
HP:0100601,Eclampsia,子痫,
HP:0100602,Preeclampsia,先兆子痫,
HP:0100603,Toxemia of pregnancy,妊娠毒血症,
HP:0100604,Neoplasm of the lip,唇部肿瘤,
HP:0100605,Neoplasm of the larynx,喉部肿瘤,
HP:0100606,Neoplasm of the respiratory system,呼吸系统肿瘤,
HP:0100607,Dysmenorrhea,痛经,
HP:0100608,Metrorrhagia,子宫出血,
HP:0100610,Maternal hyperphenylalaninemia,母体高苯丙氨酸血症,
HP:0100611,Multiple glomerular cysts,多发性肾小球囊肿,
HP:0100612,Odontogenic neoplasm,牙源性肿瘤,
HP:0100613,Death in early adulthood,成年早期死亡,
HP:0100614,Myositis,肌炎,
HP:0100615,Ovarian neoplasm,卵巢肿瘤,
HP:0100616,Testicular teratoma,睾丸畸胎瘤,
HP:0100617,Testicular seminoma,睾丸精原细胞瘤,
HP:0100618,Leydig cell neoplasia,莱迪细胞瘤,
HP:0100619,Sertoli cell neoplasm,睾丸支持细胞瘤,
HP:0100620,Germinoma,生殖细胞瘤,
HP:0100621,Dysgerminoma,无性细胞瘤,
HP:0100622,Maternal seizure,妊娠期癫痫发作,
HP:0100623,Abnormal corpus cavernosum morphology,阴茎海绵体异常,
HP:0100624,Corpus cavernosum sclerosis,阴茎海绵体硬化,
HP:0100625,Enlarged thorax,胸廓扩张,
HP:0100626,Chronic hepatic failure,慢性肝功能衰竭,
HP:0100627,Displacement of the urethral meatus,尿道外口异位,
HP:0100628,Esophageal diverticulum,食管憩室,
HP:0100629,Midline facial cleft,面中裂,
HP:0100630,Neoplasia of the nasopharynx,鼻咽部肿瘤,
HP:0100631,Neoplasm of the adrenal gland,肾上腺肿瘤,
HP:0100632,Pulmonary sequestration,肺隔离症,
HP:0100633,Esophagitis,食管炎,
HP:0100634,Neuroendocrine neoplasm,神经内分泌肿瘤,
HP:0100635,Carotid paraganglioma,颈动脉副神经节瘤,
HP:0100636,Pulmonary paraglioma,肺部副神经节瘤,
HP:0100638,Neoplasm of the pharynx,咽喉瘤,
HP:0100639,Erectile dysfunction,勃起功能障碍,
HP:0100640,Laryngeal cyst,喉囊肿,
HP:0100641,Neoplasm of the adrenal cortex,肾上腺皮质肿瘤,
HP:0100642,Neoplasm of the adrenal medulla,肾上腺髓质肿瘤,
HP:0100643,Abnormality of nail color,指（趾）甲颜色异常,
HP:0100644,Melanonychia,黑甲,
HP:0100645,Cystocele,膀胱膨出,
HP:0100646,Thyroiditis,甲状腺炎,
HP:0100647,Graves disease,Graves病,
HP:0100648,Neoplasm of the tongue,舌瘤,
HP:0100649,Neoplasm of the oral cavity,口腔肿瘤,
HP:0100650,Vaginal neoplasm,阴道肿瘤,
HP:0100651,Type I diabetes mellitus,1型糖尿病,
HP:0100653,Optic neuritis,视神经炎,
HP:0100654,Retrobulbar optic neuritis,球后视神经炎,
HP:0100656,Thoracoabdominal wall defect,胸腹壁缺损,
HP:0100657,Thoracoabdominal eventration,胸腹脏器膨出,
HP:0100658,Cellulitis,蜂窝织炎,
HP:0100659,Abnormal cerebral vascular morphology,脑血管形态异常,
HP:0100660,Dyskinesia,运动障碍,
HP:0100661,Trigeminal neuralgia,三叉神经痛,
HP:0100662,Chondritis,软骨炎,
HP:0100663,Synotia,并耳畸形,
HP:0100665,Angioedema,血管性水肿,
HP:0100668,Intestinal duplication,肠重复,
HP:0100669,Abnormal pigmentation of the oral mucosa,口腔粘膜色素沉着异常,
HP:0100670,Coarse metaphyseal trabecularization,干骺端小梁增粗,
HP:0100671,Abnormal trabecular bone morphology,骨小梁形态异常,
HP:0100672,Vaginal hernia,阴道疝,
HP:0100673,Vaginal hydrocele,阴道积液,
HP:0100674,Vaginal hematocele,睾丸鞘膜积血,
HP:0100675,Vaginal pyocele,阴道囊肿，鞘膜积血,
HP:0100676,Vaginal lymphocele,阴道淋巴管瘤,
HP:0100677,Vulval varicose vein,外阴静脉曲张,
HP:0100678,Premature skin wrinkling,皮肤过早起皱,
HP:0100679,Lack of skin elasticity,皮肤弹性缺乏,
HP:0100681,Esophageal duplication,食管重复,
HP:0100682,Tracheal atresia,气管闭锁,
HP:0100684,Salivary gland neoplasm,唾液腺肿瘤,
HP:0100685,Abnormal Sharpey fiber morphology,穿通纤维形态异常,
HP:0100686,Enthesitis,附着点炎,
HP:0100687,Polyotia,多耳,
HP:0100689,Decreased corneal thickness,角膜厚度降低,
HP:0100690,Mosaic central corneal dystrophy,嵌合型中央角膜营养不良,
HP:0100691,Abnormality of the curvature of the cornea,角膜的曲率异常,
HP:0100692,Increased corneal curvature,角膜曲率偏高,
HP:0100693,Iridodonesis,虹膜震颤,
HP:0100694,Tibial torsion,胫骨扭转,
HP:0100695,Lipedema,脂肪水肿,
HP:0100697,Neurofibrosarcoma,神经纤维肉瘤,
HP:0100698,Subcutaneous neurofibroma,皮下神经纤维瘤,
HP:0100699,Scarring,瘢痕形成,
HP:0100700,Abnormal arachnoid mater morphology,蛛网膜形态异常,
HP:0100701,Abnormal pia mater,软脑脊膜异常,
HP:0100702,Arachnoid cyst,蛛网膜囊肿,
HP:0100703,Tongue thrusting,吐舌习惯,
HP:0100704,Cerebral visual impairment,大脑皮质型视觉障碍,
HP:0100705,Abnormal glial cell morphology,胶质细胞形态异常,
HP:0100706,Abnormal oligodendroglia morphology,少突胶质细胞形态异常,
HP:0100707,Abnormal astrocyte morphology,星形胶质细胞形态异常,
HP:0100708,Abnormal microglia morphology,小胶质细胞形态异常,
HP:0100709,Reduction of oligodendroglia,少突胶质细胞减少,
HP:0100710,Impulsivity,冲动,
HP:0100711,Abnormal thoracic spine morphology,胸椎形态异常,
HP:0100712,Abnormal lumbar spine morphology,腰椎形态异常,
HP:0100716,Self-injurious behavior,自伤行为,
HP:0100717,Abnormal cementum morphology,牙骨质形态异常,
HP:0100718,Uterine rupture,子宫破裂,
HP:0100719,Lens coloboma,晶状体缺损,
HP:0100720,Hypoplasia of the ear cartilage,耳软骨发育不全,
HP:0100721,Mediastinal lymphadenopathy,纵膈淋巴结病,
HP:0100723,Gastrointestinal stroma tumor,胃肠道间质肿瘤,
HP:0100724,Hypercoagulability,高凝状态,
HP:0100725,Lichenification,苔藓样变,
HP:0100726,Kaposi's sarcoma,卡波西肉瘤,
HP:0100727,Histiocytosis,组织细胞增多症,
HP:0100728,Germ cell neoplasia,生殖细胞瘤,
HP:0100729,Large face,大脸,
HP:0100730,Bronchogenic cyst,支气管囊肿,
HP:0100731,Transverse facial cleft,面横裂,
HP:0100732,Pancreatic fibrosis,胰腺纤维化,
HP:0100733,Neoplasm of the parathyroid gland,甲状旁腺肿瘤,
HP:0100734,Abnormal vertebral epiphysis morphology,椎体骨骺形态异常,
HP:0100735,Hypertensive crisis,高血压危象,
HP:0100736,Abnormal soft palate morphology,软腭形态异常,
HP:0100737,Abnormal hard palate morphology,硬腭形态异常,
HP:0100738,Abnormal eating behavior,进食行为异常,
HP:0100739,Bulimia,贪食症,
HP:0100742,Vascular neoplasm,血管肿瘤,
HP:0100743,Neoplasm of the rectum,直肠肿瘤,
HP:0100744,Abnormality of the humeroradial joint,肱桡关节异常,
HP:0100745,Abnormality of the humeroulnar joint,肱尺关节异常,
HP:0100746,Macrodactyly of finger,手指巨指畸形,
HP:0100747,Macrodactyly of toe,巨趾畸形,
HP:0100748,Muscular edema,肌肉水肿,
HP:0100749,Chest pain,胸痛,
HP:0100750,Atelectasis,肺不张,
HP:0100751,Esophageal neoplasm,食管肿瘤,
HP:0100752,Abnormal liver lobulation,肝分叶异常,
HP:0100753,Schizophrenia,精神分裂症,
HP:0100754,Mania,躁狂,
HP:0100755,Abnormality of salivation,流涎异常,
HP:0100757,Pancreatoblastoma,胰母细胞瘤,
HP:0100758,Gangrene,坏疽,
HP:0100759,Clubbing of fingers,杵状指,
HP:0100760,Clubbing of toes,杵状趾,
HP:0100761,Visceral angiomatosis,内脏血管瘤病,
HP:0100762,Hemobilia,胆道出血,
HP:0100763,Abnormality of the lymphatic system,淋巴系统异常,
HP:0100764,Lymphangioma,淋巴管瘤,
HP:0100765,Abnormality of the tonsils,扁桃体异常,
HP:0100766,Abnormal lymphatic vessel morphology,淋巴管形态异常,
HP:0100767,Abnormal placenta morphology,胎盘异常,
HP:0100768,Choriocarcinoma,绒癌,
HP:0100769,Synovitis,滑膜炎,
HP:0100770,Hyperperistalsis,蠕动过强,
HP:0100771,Hypoperistalsis,蠕动迟缓,
HP:0100773,Cartilage destruction,软骨破坏,
HP:0100774,Hyperostosis,骨质增生,
HP:0100775,Dural ectasia,硬膜扩张,
HP:0100776,Recurrent pharyngitis,复发性咽炎,
HP:0100777,Exostoses,外生骨疣,
HP:0100778,Cryoglobulinemia,冷球蛋白血症,
HP:0100779,Urogenital sinus anomaly,泌尿生殖窦异常,
HP:0100780,Conjunctival hamartoma,结膜错构瘤,
HP:0100781,Abnormal sacroiliac joint morphology,骶髂关节形态异常,
HP:0100783,Breast aplasia,乳房发育不全,
HP:0100784,Peripheral arteriovenous fistula,外围动静脉瘘,
HP:0100785,Insomnia,失眠,
HP:0100786,Hypersomnia,过度睡眠,
HP:0100787,Prostate neoplasm,前列腺肿瘤,
HP:0100788,Fused lips,融合嘴唇,
HP:0100789,Torus palatinus,腭隆凸,
HP:0100790,Hernia,疝,
HP:0100792,Acantholysis,皮肤棘层松解,
HP:0100795,Abnormally straight spine,脊柱异常变直,
HP:0100796,Orchitis,睾丸炎,
HP:0100797,Toenail dysplasia,趾甲发育不良,
HP:0100798,Fingernail dysplasia,指甲发育不良,
HP:0100799,Neoplasm of the middle ear,中耳肿瘤,
HP:0100800,Aplasia/Hypoplasia of the pancreas,胰腺发育不良/发育不全,
HP:0100801,Pancreatic aplasia,胰腺发育不良,
HP:0100802,Malposition of the stomach,胃错位,
HP:0100803,Abnormality of the periungual region,甲周异常,
HP:0100804,Ungual fibroma,甲纤维瘤,
HP:0100806,Sepsis,脓毒症,
HP:0100807,Long fingers,长手指,
HP:0100808,Gastric diverticulum,胃憩室,
HP:0100809,Scalp tenderness,头皮压痛,
HP:0100810,Pointed helix,尖头耳轮,
HP:0100811,Aplasia/Hypoplasia of the colon,结肠发育不全/发育不良,
HP:0100812,Halitosis,口臭,
HP:0100813,Testicular torsion,睾丸扭转,
HP:0100814,Blue nevus,蓝痣,
HP:0100816,Lip hyperpigmentation,唇部色素沉着,
HP:0100817,Renovascular hypertension,肾血管性高血压,
HP:0100818,Long thorax,长胸廓,
HP:0100819,Intestinal fistula,肠瘘,
HP:0100820,Glomerulopathy,肾小球病,
HP:0100821,Urethrocele,尿道膨出,
HP:0100822,Rectocele,直肠膨出,
HP:0100823,Genital hernia,外阴疝,
HP:0100825,Cheilitis,唇炎,
HP:0100826,Neoplasm of the nail,甲肿瘤,
HP:0100827,Lymphocytosis,淋巴细胞增多症,
HP:0100828,Increased T cell count,T细胞数目增多,
HP:0100829,Galactorrhea,溢乳,
HP:0100830,Round ear,圆耳,
HP:0100831,Abnormality of vitamin K metabolism,维生素K代谢异常,
HP:0100832,Vitreous floaters,玻璃体漂浮物,
HP:0100833,Neoplasm of the small intestine,小肠新生物,
HP:0100834,Neoplasm of the large intestine,大肠新生物,
HP:0100835,Benign neoplasm of the central nervous system,中枢神经系统的良性肿瘤,
HP:0100836,Malignant neoplasm of the central nervous system,中枢神经系统恶性肿瘤,
HP:0100837,Atrophodermia vermiculata,虫蚀状皮肤萎缩,
HP:0100838,Recurrent cutaneous abscess formation,复发性皮肤脓肿,
HP:0100839,Hepatic agenesis,肝脏发育不全,
HP:0100840,Aplasia/Hypoplasia of the eyebrow,眉毛发育不全,
HP:0100841,Microgastria,小胃,
HP:0100842,Septo-optic dysplasia,透明隔-视神经发育不良,
HP:0100844,Pancreatic fistula,胰瘘,
HP:0100845,Anaphylactic shock,过敏性休克,
HP:0100847,Palmoplantar pustulosis,掌跖脓疱病,
HP:0100848,Neoplasm of the male external genitalia,男性外生殖器肿瘤,
HP:0100849,Neoplasm of the scrotum,阴囊肿瘤,
HP:0100850,Neoplasm of the penis,阴茎肿瘤,
HP:0100851,Abnormal emotional state,情绪状态异常,
HP:0100852,Abnormal fear-induced behavior,恐惧引起的异常行为,
HP:0100853,Hypoplastic areola,乳晕发育不良,
HP:0100854,Aplasia of the musculature,肌肉组织发育不全,
HP:0100855,Triceps hypoplasia,三头肌发育不良,
HP:0100856,Poorly ossified vertebrae,椎骨骨化不良,
HP:0100857,Flat sella turcica,蝶鞍扁平,
HP:0100858,Dilatation of celiac artery,腹腔动脉扩张,
HP:0100859,Dilatation of superior mesenteric artery,肠系膜上动脉扩张,
HP:0100860,Dilatation of Inferior mesenteric artery,肠系膜下动脉扩张,
HP:0100861,Sclerotic vertebral body,椎体硬化,
HP:0100862,Aplasia of the femoral head,股骨头发育不全,
HP:0100863,Aplasia of the femoral neck,股骨颈发育不全,
HP:0100864,Short femoral neck,股骨颈短,
HP:0100865,Broad ischia,坐骨增宽,
HP:0100866,Short iliac bones,短髂骨,
HP:0100867,Duodenal stenosis,十二指肠狭窄,
HP:0100869,Palmar telangiectasia,手掌毛细血管扩张,
HP:0100870,Plantar telangiectasia,跖部毛细血管扩张,
HP:0100871,Abnormal palm morphology,手掌形态异常,
HP:0100872,Abnormality of the plantar skin of foot,跖部皮肤异常,
HP:0100874,Thick hair,浓发,
HP:0100875,Hemimacroglossia,舌偏侧肥大,
HP:0100876,Infra-orbital crease,下睑皱纹,
HP:0100877,Renal diverticulum,肾憩室,
HP:0100878,Enlarged uterus,子宫增大,
HP:0100879,Enlarged ovaries,卵巢增大,
HP:0100880,Nephrogenic rest,肾源性胚胎细胞残留,
HP:0100881,Congenital mesoblastic nephroma,先天性中胚层肾瘤,
HP:0100882,Fibrous hamartoma,纤维错构瘤,
HP:0100883,Chorangioma,绒膜血管瘤,
HP:0100884,Compensatory scoliosis,代偿性脊柱侧凸,
HP:0100885,Lateral venous anomaly,外侧静脉异常,
HP:0100886,Abnormality of globe location,眼球位置异常,
HP:0100887,Abnormality of globe size,眼球大小异常,
HP:0100888,Interdigital loops,指间螺纹,
HP:0100889,Abnormal ductus choledochus morphology,胆总管形态异常,
HP:0100890,Cyst of the ductus choledochus,胆总管囊肿,
HP:0100891,Bifid xiphoid process,剑突骨裂,
HP:0100892,Abnormality of the xiphoid process,剑突异常,
HP:0100893,Prominent xiphoid process,剑突突出,
HP:0100894,Broad xiphoid process,剑突增宽,
HP:0100896,Rectal polyposis,直肠息肉病,
HP:0100898,Connective tissue nevi,结缔组织痣,
HP:0100899,Sclerosis of finger phalanx,手指指骨硬化,
HP:0100900,Sclerosis of the distal phalanx of the 2nd finger,第二指末节指骨硬化,
HP:0100901,Sclerosis of the distal phalanx of the 3rd finger,第三指末节指骨硬化,
HP:0100902,Sclerosis of the distal phalanx of the 4th finger,第四指末节指骨硬化,
HP:0100903,Sclerosis of the distal phalanx of the 5th finger,第五指末节指骨硬化,
HP:0100904,Sclerosis of the middle phalanx of the 2nd finger,第二指中节指骨硬化,
HP:0100905,Sclerosis of the middle phalanx of the 3rd finger,第三指中节指骨硬化,
HP:0100906,Sclerosis of the middle phalanx of the 4th finger,第四指中节指骨硬化,
HP:0100907,Sclerosis of the middle phalanx of the 5th finger,第五指中节指骨硬化,
HP:0100908,Sclerosis of the proximal phalanx of the 2nd finger,第二指近节指骨硬化,
HP:0100909,Sclerosis of the proximal phalanx of the 3rd finger,第三指近节指骨硬化,
HP:0100910,Sclerosis of the proximal phalanx of the 4th finger,第四指近节指骨硬化,
HP:0100911,Sclerosis of the proximal phalanx of the 5th finger,第五指近节指骨硬化,
HP:0100912,Sclerosis of the distal phalanx of the thumb,拇指末节指骨硬化,
HP:0100913,Sclerosis of the proximal phalanx of the thumb,拇指近节指骨硬化,
HP:0100914,Sclerosis of the 1st metacarpal,第一掌骨硬化,
HP:0100915,Sclerosis of distal finger phalanx,末节指骨硬化,
HP:0100916,Sclerosis of middle finger phalanx,中节指骨硬化,
HP:0100917,Sclerosis of proximal finger phalanx,近节指骨硬化,
HP:0100918,Sclerosis of 2nd finger phalanx,第二指指骨硬化,
HP:0100919,Sclerosis of 3rd finger phalanx,第三指指骨硬化,
HP:0100920,Sclerosis of 4th finger phalanx,第四指指骨硬化,
HP:0100921,Sclerosis of 5th finger phalanx,第五指指骨硬化,
HP:0100922,Sclerosis of thumb phalanx,拇指指骨硬化,
HP:0100923,Clavicular sclerosis,锁骨硬化,
HP:0100924,Sclerosis of toe phalanx,脚趾趾骨硬化,
HP:0100925,Sclerosis of foot bone,足骨硬化,
HP:0100926,Sclerosis of 2nd toe phalanx,第二趾趾骨硬化,
HP:0100927,Sclerosis of 3rd toe phalanx,第三趾趾骨硬化症,
HP:0100928,Sclerosis of 4th toe phalanx,第四趾趾骨硬化症,
HP:0100929,Sclerosis of 5th toe phalanx,第五趾趾骨硬化,
HP:0100930,Sclerosis of hallux phalanx,拇趾趾骨硬化,
HP:0100931,Sclerosis of the proximal phalanx of the 2nd toe,第二趾近节趾骨硬化,
HP:0100932,Sclerosis of the proximal phalanx of the 3rd toe,第三趾近节趾骨硬化,
HP:0100933,Sclerosis of the proximal phalanx of the 4th toe,第四趾近节趾骨硬化,
HP:0100934,Sclerosis of the proximal phalanx of the 5th toe,第五趾近节趾骨硬化,
HP:0100935,Sclerosis of the middle phalanx of the 2nd toe,第二趾中节趾骨硬化,
HP:0100936,Sclerosis of the middle phalanx of the 3rd toe,第三趾中节趾骨硬化,
HP:0100937,Sclerosis of the middle phalanx of the 4th toe,第四趾中节趾骨硬化,
HP:0100938,Sclerosis of the middle phalanx of the 5th toe,第五趾中节趾骨硬化,
HP:0100939,Sclerosis of the distal phalanx of the 2nd toe,第二趾末节趾骨硬化,
HP:0100940,Sclerosis of the distal phalanx of the 3rd toe,第三趾末节趾骨硬化,
HP:0100941,Sclerosis of the distal phalanx of the 4th toe,第四趾末节趾骨硬化,
HP:0100942,Sclerosis of the distal phalanx of the 5th toe,第五趾末节趾骨硬化,
HP:0100943,Sclerosis of the proximal phalanx of the hallux,拇趾近节趾骨硬化,
HP:0100944,Sclerosis of the distal phalanx of the hallux,拇趾末节趾骨硬化,
HP:0100945,Sclerosis of the 1st metatarsal,第一跖骨硬化,
HP:0100946,Sclerosis of proximal toe phalanx,近节趾骨骨硬化,
HP:0100947,Sclerosis of middle toe phalanx,中节趾骨硬化,
HP:0100948,Sclerosis of distal toe phalanx,末节趾骨硬化,
HP:0100950,Decreased 3-hydroxyacyl-CoA dehydrogenase level,3-羟酰基辅酶A脱氢酶水平降低,
HP:0100951,Enlarged fossa interpeduncularis,脚间窝扩大,
HP:0100952,Enlarged sylvian cistern,侧裂池扩大,
HP:0100953,Enlarged interhemispheric fissure,纵裂扩大,
HP:0100954,Open operculum,岛盖张开,
HP:0100955,Giant cell granuloma of mandible,下颌骨巨细胞肉芽肿,
HP:0100957,Abnormal renal medulla morphology,肾髓质形态异常,
HP:0100958,Narrow foramen obturatorium,闭孔狭窄,
HP:0100959,Dense metaphyseal bands,干骺端致密带,
HP:0100960,Lateral ventricular asymmetry,侧脑室不对称,
HP:0100961,Enlarged hippocampus,海马区体积扩大,
HP:0100962,Excessive shyness,过度害羞,
HP:0100963,Hyperesthesia,感觉过敏,
HP:0200000,Dysharmonic skeletal maturation,骨骼成熟失调,
HP:0200001,Dysharmonic accelerated bone age,发育异常的骨龄加速,
HP:0200003,Splayed epiphyses,骨骺端膨大,
HP:0200005,Abnormal shape of the palpebral fissure,睑裂形状异常,
HP:0200006,Slanting of the palpebral fissure,睑裂倾斜,
HP:0200007,Abnormal size of the palpebral fissures,睑裂大小异常,
HP:0200008,Intestinal polyposis,肠息肉病,
HP:0200011,Abnormal length of corpus callosum,胼胝体长度异常,
HP:0200012,Short corpus callosum,短胼胝体,
HP:0200013,Neoplasm of fatty tissue,脂肪组织肿瘤,
HP:0200015,Symmetric great toe depigmentation,拇趾对称性色素脱失,
HP:0200016,Acrokeratosis,肢端角化症,
HP:0200017,Cerebral white matter agenesis,脑白质发育不全,
HP:0200018,Protanomaly,红色弱,
HP:0200020,Corneal erosion,角膜糜烂,
HP:0200021,Down-sloping shoulders,肩下斜,
HP:0200022,Choroid plexus papilloma,脉络丛乳头状瘤,
HP:0200023,Priapism,阴茎持续勃起症,
HP:0200024,Premature chromatid separation,姐妹染色单体过早分离,
HP:0200025,Mandibular pain,下颌疼痛,
HP:0200026,Ocular pain,眼痛,
HP:0200028,Pretibial myxedema,胫前粘液性水肿,
HP:0200029,Vasculitis in the skin,皮肤血管炎,
HP:0200030,Punctate vasculitis skin lesions,表皮点状血管炎,
HP:0200032,Kayser-Fleischer ring,角膜色素环,
HP:0200034,Papule,丘疹,
HP:0200035,Skin plaque,皮肤斑块,
HP:0200036,Skin nodule,皮肤结节,
HP:0200037,Skin vesicle,表皮水疱,
HP:0200039,Pustule,脓疱,
HP:0200040,Epidermoid cyst,表皮样囊肿,
HP:0200041,Skin erosion,皮肤糜烂,
HP:0200042,Skin ulcer,皮肤溃疡,
HP:0200043,Verrucae,疣,
HP:0200044,Porokeratosis,汗孔角化病,
HP:0200046,Cat cry,猫叫,
HP:0200047,Chondritis of pinna,耳廓软骨炎,
HP:0200048,Cyanotic episode,紫绀发作,
HP:0200049,Upper limb hypertonia,上肢张力增高,
HP:0200050,Bracket metacarpal epiphyses,掌骨夹板样骨骺,
HP:0200053,Hemihypotrophy of lower limb,下肢偏侧萎缩,
HP:0200054,Foot monodactyly,独趾畸形,
HP:0200055,Small hand,小手,
HP:0200056,Macular scar,黄斑瘢痕,
HP:0200057,Marcus Gunn pupil,Marcus Gunn 瞳孔,
HP:0200058,Angiosarcoma,血管肉瘤,
HP:0200059,Metastatic angiosarcoma,转移性血管肉瘤,
HP:0200063,Colorectal polyposis,结直肠息肉病,
HP:0200064,Asymmetry of iris pigmentation,虹膜色素不对称,
HP:0200065,Chorioretinal degeneration,脉络膜视网膜变性,
HP:0200066,Ribbonlike corneal degeneration,带状角膜变性,
HP:0200067,Recurrent spontaneous abortion,复发性自然流产,
HP:0200068,Nonprogressive visual loss,非进行性视力下降,
HP:0200070,Peripheral retinal atrophy,周边视网膜萎缩,
HP:0200071,Peripheral vitreoretinal degeneration,周边玻璃体视网膜变性,
HP:0200072,Episodic quadriplegia,发作性四肢瘫痪,
HP:0200073,Respiratory insufficiency due to defective ciliary clearance,纤毛清除缺陷所致呼吸功能不全,
HP:0200083,Severe limb shortening,重度肢体短缩,
HP:0200084,Giant cell hepatitis,巨细胞肝炎,
HP:0200085,Limb tremor,肢体震颤,
HP:0200094,Frontal open bite,前牙开合畸形,
HP:0200096,Triangular-shaped open mouth,三角形张口,
HP:0200097,Oral mucosal blisters,口腔粘膜水泡,
HP:0200098,Absent skin pigmentation,皮肤色素缺失,
HP:0200101,Decreased/absent ankle reflexes,踝反射降低/缺如,
HP:0200102,Sparse or absent eyelashes,睫毛稀疏/无睫毛,
HP:0200104,Absent fifth fingernail,第5指甲缺损,
HP:0200105,Absent fifth toenail,第5趾甲缺损,
HP:0200106,Absent/shortened dynein arms,动力蛋白臂缺失/缩短,
HP:0200107,Shortened inner dynein arms,内动力蛋白臂缩短,
HP:0200108,Shortened outer dynein arms,外动力蛋白臂缩短,
HP:0200109,Absent/shortened outer dynein arms,外动力蛋白臂缺失/缩短,
HP:0200111,Absent stapes head,镫骨头缺失,
HP:0200113,Aphalangy of hands and feet,指（趾）骨缺如,
HP:0200114,Metabolic alkalosis,代谢性碱中毒,
HP:0200116,Distal ileal atresia,远端回肠闭锁,
HP:0200117,Recurrent upper and lower respiratory tract infections,上下呼吸道反复感染,
HP:0200118,Malabsorption of Vitamin B12,维生素B12吸收不良,
HP:0200119,Acute hepatitis,急性肝炎,
HP:0200120,Chronic active hepatitis,慢性活动性肝炎,
HP:0200122,Atypical or prolonged hepatitis,非典型或持续性肝炎,
HP:0200123,Chronic hepatitis,慢性肝炎,
HP:0200124,Chronic hepatitis due to cryptosporidium infection,隐孢子虫感染引起的慢性肝炎,
HP:0200125,Mitochondrial respiratory chain defects,线粒体呼吸链缺陷,
HP:0200127,Atrial cardiomyopathy,心房心肌病,
HP:0200128,Biventricular hypertrophy,双心室肥厚,
HP:0200133,Lumbosacral meningocele,腰骶部脊膜膨出,
HP:0200134,Epileptic encephalopathy,癫痫性脑病,
HP:0200136,Oral-pharyngeal dysphagia,口咽部吞咽困难,
HP:0200138,Bilateral choanal atresia/stenosis,双侧后鼻孔闭锁/狭窄,
HP:0200141,"Small, conical teeth",锥形小齿,
HP:0200143,Megaloblastic erythroid hyperplasia,巨幼红细胞增生异常,
HP:0200146,Mucoid extracellular matrix accumulation,粘液样细胞外基质积聚,
HP:0200147,Neuronal loss in basal ganglia,基底神经节神经元丢失,
HP:0200148,Abnormal liver function tests during pregnancy,孕期肝功能检查异常,
HP:0200149,CSF lymphocytic pleiocytosis,脑脊液淋巴细胞增生症,
HP:0200150,Increased serum bile acid concentration during pregnancy,孕期血清胆汁酸浓度增高,
HP:0200151,Cutaneous mastocytosis,皮肤肥大细胞增多症,
HP:0200153,Agenesis of lateral incisor,侧切牙发育不全,
HP:0200154,Agenesis of mandibular lateral incisor,下颌侧切牙发育不全,
HP:0200158,Agenesis of permanent mandibular lateral incisor,下颌恒侧切牙发育不全,
HP:0200159,Agenesis of primary mandibular lateral incisor,乳下颌侧切牙发育不全,
HP:0200160,Agenesis of maxillary incisor,上颌切牙发育不全,
HP:0200161,Agenesis of mandibular incisor,下颌切牙发育不全,
HP:0400000,Tall chin,高下巴,
HP:0400001,Chin with vertical crease,髁突凹陷,
HP:0400002,Extra concha fold,额外耳甲皱褶,
HP:0400003,Focal absence of the external ear,局灶性外耳缺失,
HP:0400004,Long ear,长耳,
HP:0400005,Short ear,短耳,
HP:0400007,Polymenorrhea,月经过频,
HP:0400008,Menometrorrhagia,月经过多,
HP:0410000,Abnormal vomer morphology,犁骨形态异常,
HP:0410005,Cleft hard palate,硬腭裂,
HP:0410006,Abnormality of ophthalmic artery,眼动脉异常,
HP:0410008,Abnormality of the peripheral nervous system,周围神经系统异常,
HP:0410009,Abnormality of the somatic nervous system,躯体神经系统异常,
HP:0410010,Abnormality of somatic nerve plexus,躯体神经丛异常,
HP:0410011,Abnormality of masticatory muscle,咀嚼肌异常,
HP:0410012,Abnormal mouth floor morphology,口底形态异常,
HP:0410013,Abnormality of the submandibular region,颌下区异常,
HP:0410014,Abnormal ganglion morphology,神经节形态异常,
HP:0410015,Abnormal peripheral nervous system ganglion morphology,周围神经系统神经节形态异常,
HP:0410016,Abnormal cranial ganglion morphology,颅神经节形态异常,
HP:0410017,Otitis externa,外耳炎,
HP:0410018,Recurrent ear infections,反复耳部感染,
HP:0410019,Epigastric pain,上腹部疼痛,
HP:0410020,Fish odor,鱼腥味,
HP:0410021,Musty odor,霉味,
HP:0410022,Vaginal fish odor,阴道鱼腥味,
HP:0410023,Abnormal distribution of cell junction proteins in buccal mucosal cells,口腔黏膜细胞中细胞连接蛋白的异常分布,
HP:0410026,Abnormal periodontium morphology,牙周组织形态异常,
HP:0410027,Alveolar bone loss around teeth,牙周的牙槽骨萎缩,
HP:0410028,Recurrent oral herpes,复发性口腔疱疹,
HP:0410030,Cleft lip,唇裂,
HP:0410031,Submucous cleft of soft and hard palate,黏膜下腭裂,
HP:0410033,Unilateral alveolar cleft of maxilla,单侧牙槽嵴裂。,
HP:0410034,Bilateral alveolar cleft of maxilla,双侧上颌骨牙槽裂,
HP:0410035,Abnormal T cell activation,T细胞活化异常,
HP:0410042,Abnormal liver morphology,肝脏形态异常,
HP:0410043,Abnormal neural tube morphology,神经管形态异常,
HP:0410049,Abnormal radial ray morphology,桡骨线形态异常,
HP:0410050,"Decreased level of 1,5 anhydroglucitol in serum","血清1,5脱水葡萄糖醇水平降低",
HP:0410051,Increased level of 3-hydroxy-3-methylglutaric acid in urine,尿液中3-羟-3-甲基戊二酸水平增高,
HP:0410052,Increased level of allantoin in serum,血清尿囊素水平增高,
HP:0410053,Elevated circulating gamma-aminobutyric acid concentration,循环γ-氨基丁酸水平升高,
HP:0410054,Decreased circulating GABA concentration,循环GABA水平降低,
HP:0410055,Decreased level of erythritol in urine,尿液赤藓糖醇水平降低,
HP:0410056,Decreased CSF erythritol concentration,脑脊液赤藓糖醇浓度降低,
HP:0410057,Increased level of D-threitol in plasma,血浆D-苏糖醇水平增高,
HP:0410058,Increased CSF D-threitol concentration,脑脊液D-苏糖醇水平升高,
HP:0410059,Increased level of D-threitol in urine,尿液D-苏糖醇水平增高,
HP:0410060,Decreased level of D-mannose in urine,尿液D-甘露糖水平降低,
HP:0410061,Increased level of galactitol in plasma,血浆半乳糖醇水平增高,
HP:0410062,Increased level of galactitol in urine,尿液半乳糖醇水平增高,
HP:0410063,Increased level of galactonate in red blood cells,红细胞半乳糖水平增高,
HP:0410064,Increased level of galactitol in red blood cells,红细胞半乳糖醇水平增高,
HP:0410065,Increased level of hippuric acid in blood,血液马尿酸水平增高,
HP:0410066,Increased level of hippuric acid in urine,尿液马尿酸水平增高,
HP:0410067,Increased level of L-fucose in urine,尿液L-岩藻糖水平增高,
HP:0410069,Increased level of propylene glycol in blood,血液中丙二酸浓度增高,
HP:0410070,Increased level of ribitol in urine,尿液核糖醇水平增高,
HP:0410071,Increased CSF ribitol concentration,脑脊液核糖醇水平升高,
HP:0410072,Increased level of ribose in urine,尿液核糖水平增高,
HP:0410073,Increased CSF ribose concentration,脑脊液核糖水平升高,
HP:0410074,Increased level of xylitol in urine,尿液木糖醇水平增高,
HP:0410075,Increased CSF xylitol concentration,脑脊液木糖醇水平升高,
HP:0410132,Increased level of L-pyroglutamic acid in urine,尿液L-焦谷氨酸水平增高,
HP:0410133,Chronic idiopathic urticaria,慢性特发性荨麻疹,
HP:0410134,Physical urticaria,物理性荨麻疹,
HP:0410135,Cold urticaria,寒性荨麻疹,
HP:0410136,Aquagenic urticaria,水源性荨麻疹,
HP:0410137,Solar urticaria,日光性荨麻疹,
HP:0410138,Vibratory urticaria,振动性荨麻疹,
HP:0410139,Exercise induced anaphylaxis,运动性过敏反应,
HP:0410144,Abnormal circulating biotinidase concentration,循环生物素酶浓度异常,
HP:0410145,Decreased circulating biotinidase concentration,循环生物素酶浓度降低,
HP:0410146,Elevated circulating biotinidase concentration,循环生物素酶浓度升高,
HP:0410147,Eosinophilic infiltration in the stomach mucosa,胃粘膜嗜酸性粒细胞浸润,
HP:0410148,Idiopathic anaphylaxis,特发性过敏反应,
HP:0410149,Drug-induced anaphylaxis,药物引起的过敏反应,
HP:0410151,Eosinophilic infiltration of the esophagus,食道嗜酸性粒细胞浸润,
HP:0410152,Eosinophilic microabscess formation in the esophagus,食道嗜酸性微脓肿形成,
HP:0410153,Increased level of methylsuccinic acid in urine,尿液甲基琥珀酸升高,
HP:0410154,Increased level of myristic acid in serum,血清肉豆蔻酸升高,
HP:0410156,Increased level of N-acetylneuraminic acid in urine,尿液N-乙酰神经氨酸升高,
HP:0410157,Increased level of N-acetylneuraminic acid in fibroblasts,成纤维细胞中N-乙酰神经氨酸升高,
HP:0410166,Defective interstrand cross-link repair,链间交联修复缺陷,
HP:0410167,Abnormal morphology of the chest musculature,胸部肌肉组织形态异常,
HP:0410168,Abnormality of the back musculature,背部肌肉组织异常,
HP:0410169,Abnormal morphology of the shoulder musculature,肩部肌肉组织形态异常,
HP:0410170,Hippocampal atrophy,海马萎缩,
HP:0410171,Increased cotinine level,可替宁升高,
HP:0410172,Blood xenobiotic,血液异生物,
HP:0410173,Increased circulating troponin I concentration,循环肌钙蛋白I浓度升高,
HP:0410174,Increased circulating troponin T concentration,循环肌钙蛋白T浓度升高,
HP:0410175,Hyperketonemia,高酮血症,
HP:0410176,Abnormal circulating glucose-6-phosphate dehydrogenase concentration,循环葡萄糖-6-磷酸脱氢酶浓度异常,
HP:0410177,Abnormal glucose-6-phosphate dehydrogenase level in blood,血液6-磷酸葡萄糖脱氢酶异常,
HP:0410178,Increased glucose-6-phosphate dehydrogenase level in blood,血液6-磷酸葡萄糖脱氢酶升高,
HP:0410179,Decreased glucose-6-phosphate dehydrogenase level in blood,血液6-磷酸葡萄糖脱氢酶降低,
HP:0410180,Abnormal glucose-6-phosphate dehydrogenase level in dried blood spot,干血斑中6-磷酸葡萄糖脱氢酶异常,
HP:0410181,Increased glucose-6-phosphate dehydrogenase level in dried blood spot,干血斑中6-磷酸葡萄糖脱氢酶升高,
HP:0410182,Decreased glucose-6-phosphate dehydrogenase level in dried blood spot,干血斑中6-磷酸葡萄糖脱氢酶降低,
HP:0410183,Abnormal glucose-6-phosphate dehydrogenase level in leukocytes,白细胞6-磷酸葡萄糖脱氢酶异常,
HP:0410184,Abnormal glucose-6-phosphate dehydrogenase level in red blood cells,红细胞6-磷酸葡萄糖脱氢酶异常,
HP:0410185,Abnormal glucose-6-phosphate dehydrogenase level in tissue,组织中6-磷酸葡萄糖脱氢酶异常,
HP:0410186,Increased glucose-6-phosphate dehydrogenase level in tissue,组织中6-磷酸葡萄糖脱氢酶升高,
HP:0410187,Decreased glucose-6-phosphate dehydrogenase level in tissue,组织中6-磷酸葡萄糖脱氢酶降低,
HP:0410188,Decreased glucose-6-phosphate dehydrogenase level in red blood cells,红细胞6-磷酸葡萄糖脱氢酶降低,
HP:0410189,Increased glucose-6-phosphate dehydrogenase level in red blood cells,红细胞6-磷酸葡萄糖的脱氢酶升高,
HP:0410190,Decreased glucose-6-phosphate dehydrogenase level in leukocytes,白细胞6-磷酸葡萄糖脱氢酶降低,
HP:0410191,Increased glucose-6-phosphate dehydrogenase level in leukocytes,白细胞6-磷酸葡萄糖脱氢酶升高,
HP:0410193,Abnormal circulating UDP glucose-4-epimerase concentration,循环UDP葡萄糖-4-表异构酶水平异常,
HP:0410194,Increased circulating UDP glucose-4-epimerase concentration,循环UDP葡萄糖-4-表异构酶水平升高,
HP:0410195,Decreased circulating UDP glucose-4-epimerase concentration,循环UDP葡萄糖-4-表异构酶水平降低,
HP:0410196,Abnormal erythrocyte UDP glucose-4-epimerase concentration,红细胞UDP葡萄糖-4-表异构酶水平异常,
HP:0410197,Increased erythrocyte UDP glucose-4-epimerase concentration,红细胞UDP葡萄糖-4-表异构酶水平升高,
HP:0410198,Decreased erythrocyte UDP glucose-4-epimerase concentration,红细胞UDP葡萄糖-4-表异构酶水平降低,
HP:0410199,Increased CSF urate concentration,脑脊液中尿酸盐浓度升高,
HP:0410200,Positive meconium barbiturate test,胎粪巴比妥酸盐试验阳性,
HP:0410201,Positive hair barbiturate test,毛发巴比妥酸盐试验阳性,
HP:0410202,Positive stool barbiturate test,粪便巴比妥酸盐试验阳性,
HP:0410203,Positive gastric fluid barbiturate test,胃液巴比妥酸盐试验阳性,
HP:0410204,Increased intestinal transit time,肠道转运时间增加,
HP:0410205,Abnormal circulating nicotinurate concentration,血液烟酸盐异常,
HP:0410206,Increased circulating nicotinurate level,血液烟酸盐升高,
HP:0410207,Positive methadone plasma/serum test,血浆/血清美沙酮试验阳性,
HP:0410208,Positive plasma/serum cotinine test,血浆/血清可替宁试验阳性,
HP:0410209,Folate deficiency in CSF,脑脊液中叶酸缺乏,
HP:0410210,Abnormal cord blood measurement,脐血测量异常,
HP:0410211,Abnormal blood gas level in cord blood,脐血的血气水平异常,
HP:0410212,Hyperoxemia in cord blood,脐血高氧血症,
HP:0410213,Hypoxemia in cord blood,脐血低氧血症,
HP:0410214,Hypercapnia in cord blood,脐血高碳酸血症,
HP:0410215,Hypocapnia in cord blood,脐血低碳酸血症,
HP:0410216,Abnormal blood 5-methyltetrahydrofolate level,血液5-甲基四氢叶酸异常,
HP:0410217,Reduced blood 5-methyltetrahydrofolate level,血液5-甲基四氢叶酸降低,
HP:0410218,Hypoplasia of maxilla relative to mandible,相对于下颌骨上颌骨发育不良,
HP:0410219,Hypoplasia of mandible relative to maxilla,相对于上颌骨下颌骨发育不良,
HP:0410220,Increased anti-dairy protein IgE antibody level,抗乳蛋白IgE抗体升高,
HP:0410221,Increased anti-animal protein IgE antibody level,抗动物蛋白IgE抗体升高,
HP:0410222,Increased anti-seafood IgE antibody level,抗海鲜IgE抗体升高,
HP:0410223,Increased anti-dust mite IgE antibody level,抗尘螨IgE抗体升高,
HP:0410224,Increased anti-bacteria IgE antibody level,抗菌IgE抗体升高,
HP:0410225,Increased anti-drug IgE antibody level,抗药物IgE抗体升高,
HP:0410226,Increased anti-feather IgE antibody level,抗羽毛IgE抗体升高,
HP:0410227,Increased anti-food allergen IgE antibody level,抗食物过敏原IgE抗体升高,
HP:0410228,Increased anti-plant based food allergen IgE antibody level,抗植物性食物过敏原IgE抗体升高,
HP:0410229,Increased anti-gluten IgE antibody level,抗谷蛋白IgE抗体升高,
HP:0410230,Increased anti-nut food product IgE antibody level,抗坚果食品IgE抗体升高,
HP:0410231,Increased anti-egg IgE antibody level,抗蛋类IgE抗体升高,
HP:0410232,Increased anti-fungi IgE antibody level,抗真菌IgE抗体升高,
HP:0410233,Increased anti-meat allergen IgE antibody level,抗肉类过敏原IgE抗体升高,
HP:0410234,Increased anti-parasite IgE antibody level,抗寄生虫IgE抗体升高,
HP:0410235,Increased anti-insect IgE antibody level,抗昆虫IgE抗体升高,
HP:0410236,Increased anti-venom IgE antibody level,抗毒液IgE抗体升高,
HP:0410238,Increased anti-plant product IgE antibody level,抗植物表达产物IgE抗体升高,
HP:0410239,Positive urine norcotinine test,去甲可替宁尿检阳性,
HP:0410240,Abnormal circulating IgA concentration,循环IgA水平异常,
HP:0410241,Abnormal circulating IgE concentration,循环IgE水平异常,
HP:0410242,Abnormal circulating IgG concentration,循环IgG水平异常,
HP:0410243,Abnormal circulating IgM concentration,循环IgM水平异常,
HP:0410244,Abnormal circulating IgD concentration,循环IgD水平异常,
HP:0410245,Decreased circulating IgD concentration,循环IgD水平降低,
HP:0410246,Increased circulating IgD concentration,循环IgD水平升高,
HP:0410247,Increased anti-animal dander IgE antibody level,抗动物皮屑IgE抗体升高,
HP:0410248,Increased anti-house dust mite IgE antibody level,抗尘螨IgE抗体升高,
HP:0410249,Increased anti-alpha-gal IgE antibody level,"抗α-gal-IgE（α-1,3-半乳糖-IgE）抗体升高",
HP:0410251,Abnormal L-selectin shedding,L-选择素脱落异常,
HP:0410252,Chronic neutropenia,慢性中性粒细胞减少症,
HP:0410253,Myeloid maturation arrest,髓系成熟阻滞,
HP:0410254,Cyclic neutropenia in myeloid maturation arrest in bone marrow,骨髓中髓系成熟阻滞的周期性中性粒细胞减少,
HP:0410255,Transient neutropenia,一过性中性粒细胞减少,
HP:0410256,Infection associated neutropenia,感染性中性粒细胞减少,
HP:0410257,Neutrophilia in presence of infection,感染性中性粒细胞增多,
HP:0410258,Neutrophilia in absence of infection,非感染性中性粒细胞增多,
HP:0410259,Hepatopulmonary fusion,肝肺融合,
HP:0410260,Asymmetrical gluteal crease,臀纹不对称,
HP:0410261,Wide space between 4th and 5th toe,第四、五趾间距增宽,
HP:0410262,Lower cranial nerve dysfunction,后组颅神经功能障碍,
HP:0410263,Brain imaging abnormality,脑成像异常,
HP:0410264,Subglottic hemangioma,声门下血管瘤,
HP:0410265,Supraglottic hemangioma,声门上血管瘤,
HP:0410266,Visceral hemangioma,内脏血管瘤,
HP:0410267,Intestinal hemangioma,肠道血管瘤,
HP:0410268,Spleen hemangioma,脾血管瘤,
HP:0410269,Labial hemangioma,唇部血管瘤,
HP:0410270,Esophageal hemangioma,食管血管瘤,
HP:0410271,Laryngeal hemangioma,喉部血管瘤,
HP:0410272,Vulvar hemangioma,外阴血管瘤,
HP:0410273,Retropharyngeal hemangioma,咽后血管瘤,
HP:0410274,Paraspinal hemangioma,椎旁血管瘤,
HP:0410275,Lumbosacral hemangioma,腰骶部血管瘤,
HP:0410276,Supraumbilical raphe,脐上缝,
HP:0410277,Sternal pit,胸骨浅窝,
HP:0410278,Pituitary gland cyst,垂体囊肿,
HP:0410279,Atrophic pituitary gland,垂体萎缩,
HP:0410280,Pediatric onset,童年发病,
HP:0410281,Dyspepsia,消化不良,
HP:0410282,Abnormal circulating amylase concentration,循环淀粉酶浓度异常,
HP:0410283,Positive blood acetaminophen test,血液对乙酰氨基酚阳性,
HP:0410284,Positive norpropoxyphene blood test,血液去甲丙氧酚阳性,
HP:0410285,Positive meconium methadone test,胎粪美沙酮阳性,
HP:0410286,Positive blood molindone test,血液莫林酮阳性,
HP:0410287,Intrathoracic hemangioma,胸腔内血管瘤,
HP:0410288,Hyperamylasemia,高淀粉酶血症,
HP:0410289,Hypoamylasemia,低淀粉酶血症,
HP:0410290,Positive urine norpropoxyphene test,尿液去甲丙氧酚阳性,
HP:0410291,Negativism,违抝,
HP:0410292,Abnormal isohemagglutinin level,同种红细胞血凝素水平异常,
HP:0410293,Absent isohemagglutinin level,同种红细胞凝集素缺乏,
HP:0410294,Decreased specific antibody response to protein vaccine,对蛋白疫苗的特异性抗体应答降低,
HP:0410295,Complete or near-complete absence of specific antibody response to tetanus vaccine,对破伤风疫苗完全或几乎全无特异性抗体应答,
HP:0410296,Complete or near-complete absence of specific antibody response to hepatitis B vaccine,对乙肝疫苗完全或几乎全无特异性抗体应答,
HP:0410297,Partial absence of specific antibody response to tetanus vaccine,对破伤风疫苗的特异性抗体应答部分缺失,
HP:0410298,Partial absence of specific antibody response to hepatitis B vaccine,对乙肝疫苗的特异性抗体应答降低,
HP:0410299,Decreased specific antibody response to polysaccharide vaccine,对多糖疫苗特异性抗体应答降低,
HP:0410300,Complete or near-complete absence of specific antibody response to unconjugated pneumococcus vaccine,对肺炎球菌疫苗完全或几乎全无特异性抗体应答,
HP:0410301,Partial absence of specific antibody response to unconjugated pneumococcus vaccine,对肺炎球菌疫苗特异性抗体应答降低,
HP:0410302,Decreased specific antibody response to protein-conjugated polysaccharide vaccine,对多糖-蛋白结合疫苗特异性抗体应答降低,
HP:0410303,Complete or near-complete absence of specific antibody response to Haemophilus influenzae type b (Hib) vaccine,对B型流感嗜血杆菌（Hib）疫苗完全或几乎全无特异性抗体应答,
HP:0410304,Complete or near-complete absence of specific antibody response to meningococcus vaccine,对脑膜炎球菌疫苗完全或几乎全无特异性抗体应答,
HP:0410305,Partial absence of specific antibody response to Haemophilus influenzae type b (Hib) vaccine,对B型流感嗜血杆菌（Hib）疫苗特异性抗体应答降低,
HP:0410306,Partial absence of specific antibody response to meningococcus vaccine,对脑膜炎球菌疫苗的特异性抗体应答降低,
HP:0410307,Positive stool methadone test,粪便美沙酮试验阳性,
HP:0410308,Decreased specific antibody response to infection,对感染源（病毒、细菌等）特异性抗体应答降低,
HP:0410309,Alpha-aminoadipic aciduria,α-氨基己二酸尿症,
HP:0410310,Abnormality of neutrophil morphology in CSF,脑脊液中性粒细胞形态异常,
HP:0410311,Hyposegmentation of neutrophil nuclei in CSF,脑脊液中性粒细胞核分叶过少,
HP:0410312,Hypersegmentation of neutrophil nuclei in CSF,脑脊液中性粒细胞核分叶过多,
HP:0410313,Abnormal urinary 1-methylhistidine concentration,尿1-甲基组氨酸浓度异常,
HP:0410314,Decreased urinary 1-methylhistidine,尿1-甲基组氨酸浓度降低,
HP:0410315,Increased urinary 1-methylhistidine,尿1-甲基组氨酸浓度升高,
HP:0410316,Abnormal urinary 3-methylhistidine level,尿3-甲基组氨酸水平异常,
HP:0410317,Increased urinary 3-methylhistidine,尿3-甲基组氨酸浓度升高,
HP:0410318,Decreased urinary 3-methylhistidine,尿3-甲基组氨酸浓度降低,
HP:0410319,Alpha-gal allergy,"α-1,3-半乳糖过敏",
HP:0410320,Animal protein allergy,动物蛋白过敏,
HP:0410321,Animal dander allergy,动物皮屑过敏,
HP:0410322,Bacteria allergy,细菌性过敏,
HP:0410323,Drug allergy,药物性过敏,
HP:0410324,Dust mite allergy,尘螨过敏,
HP:0410326,Feather allergy,羽毛过敏,
HP:0410327,Dairy allergy,乳制品过敏,
HP:0410328,Egg allergy,鸡蛋过敏,
HP:0410329,Gluten allergy,麸质过敏,
HP:0410330,Meat allergen allergy,肉类过敏原过敏,
HP:0410331,Nut food product allergy,坚果类食品过敏,
HP:0410332,Plant based food allergy,植物性食物过敏,
HP:0410333,Seafood allergy,海鲜过敏,
HP:0410334,Fungi allergy,真菌过敏,
HP:0410335,Insect allergy,昆虫过敏,
HP:0410336,Venom allergy,毒液过敏,
HP:0410337,Parasite allergy,寄生虫过敏,
HP:0410338,Plant product allergy,植物产品过敏,
HP:0410339,Insect bite allergy,昆虫叮咬过敏,
HP:0410340,Focal epithelial hyperplasia of oral mucosa,口腔粘膜局灶性上皮增生,
HP:0410341,Abnormal circulating heparan sulfate level,血液硫酸肝素水平异常,
HP:0410342,Increased circulating heparan sulfate level,血液硫酸肝素水平升高,
HP:0410343,Decreased circulating heparan sulfate level,血液硫酸肝素水平降低,
HP:0410344,Shortened O-fucosylated glycan on properdin,备解素上的截短O-岩藻糖基化多聚糖,
HP:0410345,Increased urinary polyhexose,尿聚己糖水平升高,
HP:0410346,Increased urinary galactosylated oligosaccharide,尿半乳糖寡糖水平升高,
HP:0410347,Increased urinary high-mannose-type oligosaccharide,尿高甘露糖寡糖水平升高,
HP:0410348,Increased urinary multiantennary sialylated oligosaccharide,尿多角唾液酸寡糖水平升高,
HP:0410349,Decreased glycosyltransferase O-Fucosylpeptide 3-Beta-N-Acetylglucosaminyltransferase level,O-岩藻糖肽3-β-N-乙酰氨基葡萄糖转移酶活性水平降低,
HP:0410350,Increased urinary fucosylated oligosaccharide,尿岩藻糖基寡糖水平升高,
HP:0410351,Abnormal complex N-glycan level,复合N-聚糖水平异常,
HP:0410352,Increased complex N-glycan level,复合N-聚糖水平升高,
HP:0410353,Decreased complex N-glycan level,复合N-聚糖水平降低,
HP:0410354,Increased sialylated N-glycan level,唾液酸化N-聚糖水平升高,
HP:0410355,Decreased sialylated N-glycan level,唾液酸化N-聚糖水平降低,
HP:0410356,Abnormal high-mannose N-glycan level,高甘露糖N-聚糖水平异常,
HP:0410357,Increased high-mannose N-glycan level,高甘露糖N-聚糖水平升高,
HP:0410358,Decreased high-mannose N-glycan level,高甘露糖N-聚糖水平降低,
HP:0410359,Abnormal core 1 O-glycan level,核心1型 O-聚糖水平异常,
HP:0410360,Increased core 1 O-glycan level,核心1型 O-聚糖水平升高,
HP:0410361,Decreased core 1 O-glycan level,核心1型 O-聚糖水平降低,
HP:0410362,Decreased O-mannosyl glycans on alpha-dystroglycan,α-肌营养不良蛋白聚糖上O-甘露糖基聚糖减少,
HP:0410363,Increased monosialylated core 1 O-glycan level,单唾液酸化核心1型 O-聚糖水平升高,
HP:0410364,Decreased monosialylated core 1 O-glycan level,单唾液酸化核心1型O-聚糖水平减少,
HP:0410365,Increased disialylated core 1 O-glycan level,双唾液酸化核心1型O-聚糖水平升高,
HP:0410366,Increased globoside Gb4 level,红细胞糖苷脂Gb4水平升高,
HP:0410367,Increased hepatitis A virus antibody level,甲肝病毒抗体水平升高,
HP:0410368,Increased globoside Gb3 level,红细胞糖苷脂Gb3水平升高,
HP:0410369,Increased hepatitis B virus antibody level,乙肝病毒抗体水平升高,
HP:0410370,Absence of ganglioside GM3,神经节苷脂GM3缺失,
HP:0410371,Increased hepatitis C virus antibody level,丙肝病毒抗体水平升高,
HP:0410372,Increased Tn-antigen level,Tn抗原水平升高,
HP:0410373,Abnormal proportion of naive CD4 T cells,初始CD4 T 细胞比例异常,
HP:0410374,Abnormal proportion of naive CD8 T cells,初始CD8 T 细胞比例异常,
HP:0410375,Increased proportion of naive CD4 T cells,初始CD4 T 细胞比例增高,
HP:0410376,Increased proportion of naive CD8 T cells,初始CD8 T 细胞比例增高,
HP:0410377,Decreased proportion of naive CD8 T cells,初始CD8 T 细胞比例减低,
HP:0410378,Decreased proportion of naive CD4 T cells,初始CD4 T 细胞比例减低,
HP:0410379,"Abnormal proportion of CD4-positive, alpha-beta memory T cells",CD4+，α-β记忆性T细胞比例异常,
HP:0410380,"Abnormal proportion of CD8-positive, alpha-beta memory T cells",CD8+的记忆性α-β T细胞比例异常,
HP:0410381,"Abnormal proportion of central memory CD4-positive, alpha-beta T cells",中央记忆性CD4+，α-β T细胞比例异常,
HP:0410383,"Abnormal proportion of effector memory CD8-positive, alpha-beta T cells",效应记忆性CD8+的α-β T细胞比例异常,
HP:0410384,"Abnormal proportion of central memory CD8-positive, alpha-beta T cells",中央记忆性CD8+，α-β T细胞比例异常,
HP:0410385,"Decreased proportion of CD8-positive, alpha-beta memory T cells",CD8+的记忆性α-β T细胞比例减低,
HP:0410386,"Decreased proportion of CD4-positive, alpha-beta memory T cells",CD4+，α-β记忆T细胞比例减低,
HP:0410388,"Decreased proportion of central memory CD4-positive, alpha-beta T cells",中央记忆性CD4+，α-β T细胞比例减低,
HP:0410389,"Decreased proportion of central memory CD8-positive, alpha-beta T cells",中央记忆性CD4+，α-β T细胞比例减低,
HP:0410390,"Decreased proportion of effector memory CD8-positive, alpha-beta T cells",效应记忆性CD8+的α-β T细胞比例减低,
HP:0410391,"Increased proportion of CD4-positive, alpha-beta memory T cells",CD4+、α-β记忆T细胞比例增高,
HP:0410392,"Increased proportion of CD8-positive, alpha-beta memory T cells",CD8 阳性的记忆 性α-βT 细胞比例增高,
HP:0410393,"Increased proportion of central memory CD4-positive, alpha-beta T cells",中央记忆性CD4+，α-β T细胞比例增高,
HP:0410394,"Increased proportion of effector memory CD4-positive, alpha-beta T cells",效应记忆性CD4+的α-β T细胞比例增高,
HP:0410395,"Increased proportion of effector memory CD8-positive, alpha-beta T cells",效应记忆性CD8+的α-β T细胞比例增高,
HP:0410396,"Increased proportion of central memory CD8-positive, alpha-beta T cells",中央记忆性CD8+，α-β T细胞比例增高,
HP:0410397,Bronchiolectasis,细支气管扩张,
HP:0410399,Positive blood lead test,血铅检测阳性,
HP:0410400,Absent sebaceous glands,皮脂腺缺失,
HP:0410401,Worse in evening,夜晚加重,
HP:0430000,Abnormal frontal bone morphology,额骨形态异常,
HP:0430002,Abnormal lacrimal bone morphology,泪骨形态异常,
HP:0430003,Abnormal palatine bone morphology,腭骨形态异常,
HP:0430004,Frontomalar faciosynostosis,额颧骨骨性联接,
HP:0430005,Abnormal ethmoid bone morphology,筛骨形态异常,
HP:0430006,Ectopic cilia of eyelid,眼睑异位睫毛,
HP:0430007,Symblepharon,睑球粘连,
HP:0430008,Accessory eyelid,附加眼睑,
HP:0430009,Hypoplasia of eyelid,眼睑发育不全,
HP:0430010,Microblepharia,小睑症,
HP:0430011,Defect of palpebral conjunctiva,睑结膜缺损,
HP:0430012,Incomplete ossification of palatine bone,腭骨不完全骨化,
HP:0430013,Absent palatine bone ossification,腭骨未骨化,
HP:0430014,Abnormality of musculature of soft palate,软腭肌肉组织异常,
HP:0430015,Abnormal morphology of musculature of pharynx,咽部肌肉组织形态异常,
HP:0430016,Abnormality of tensor veli palatini muscle,腭帆张肌异常,
HP:0430017,Abnormality of uvular muscle,悬雍垂肌异常,
HP:0430018,Abnormality of nasal musculature,鼻部肌肉异常,
HP:0430019,Abnormality of muscle of facial expression,面肌（表情肌）异常,
HP:0430020,Abnormality of levator labii superioris alaeque nasi muscle,提上唇鼻翼肌异常,
HP:0430021,Abnormal common carotid artery morphology,颈总动脉形态异常,
HP:0430022,Abnormality of the sphenoid sinus,蝶窦异常,
HP:0430023,Abnormality of the maxillary sinus,上颌窦异常,
HP:0430024,Abnormality of external jugular vein,颈外静脉异常,
HP:0430025,Bilateral facial palsy,双侧面瘫,
HP:0430028,Hyperplasia of the maxilla,上颌骨增生,
HP:0430029,Hyperplasia of the premaxilla,前颌骨增生,
HP:0430030,Positive infectious agent test,传染性病原体检测阳性,
HP:0430031,Aqueous humor viral DNA positivity,房水病毒DNA阳性,
HP:0430032,Electronic cigarette exposure history,电子烟接触史,
HP:0430033,Gottron sign,高雪征,
HP:0430034,Hypertension resistant to conventional therapy,对常规治疗无效的高血压,
HP:0430035,Tibiofibular interosseous membrane calcification,胫腓骨间膜钙化,
HP:0430036,Supracondylar elbow fracture,肘关节髁上骨折,
HP:0430037,Abnormal alcohol consumption,异常酒精摄入,
HP:0430043,Thoracic lordosis,胸椎前凸,
HP:0430044,Radiation into left arm,放射至左臂,
HP:0430045,Radiation into right arm,右臂放射痛,
HP:0430046,Small joint hypermobilty,小关节过度活动,
HP:0430047,Large joint hypermobilty,大关节活动过度,
HP:0430048,Intracranial calcification,颅内钙化,
HP:0430050,Anti-thyroid antibody positivity,抗甲状腺抗体阳性,
HP:0430051,Bloodstream pathogen-specific antibody positivity,血流病原体特异性抗体阳性,
HP:0430052,Anti-SARS-CoV-2 coronavirus antibody positivity,抗SARS-CoV-2冠状病毒抗体阳性,
HP:0430053,Anti-West Nile virus antibody positivity,抗西尼罗河病毒抗体阳性,
HP:0430054,Anti-microfilaria antibody positivity,抗微丝蚴抗体阳性,
HP:0430055,Anti-trypanosoma cruzi antibody positivity,抗克氏锥虫抗体阳性,
HP:0430056,Anti-chikungunya virus antibody positivity,抗基孔肯雅病毒抗体阳性,
HP:0430057,Anti-chlamydia psittaci antibody positivity,抗鹦鹉热衣原体抗体阳性,
HP:0430058,Anti-herpes simplex antibody positivity,抗单纯疱疹抗体阳性,
HP:0430059,Bloodstream virus-specific antibody positivity,血流病毒特异性抗体阳性,
HP:0430060,Bloodstream parasite-specific antibody positivity,血液寄生虫特异性抗体阳性,
HP:0430061,Bloodstream antibacterial antibody positivity,血液抗菌抗体阳性,
HP:0430062,Anti-Japanese encephalitis virus-specific antibody positivity,抗日本脑炎病毒特异性抗体阳性,
HP:0430063,Anti-chlamydia trachomatis-specific antibody positivity,沙眼衣原体特异性抗体阳性,
HP:0430064,Anti-Epstein-Barr virus-specific antibody positivity,抗EB病毒特异性抗体阳性,
HP:0430065,Anti-babesia-specific antibody positivity,抗巴贝斯虫特异性抗体阳性,
HP:0430066,Anti-Zikavirus-specific antibody positivity,抗寨卡病毒特异性抗体阳性,
HP:0430067,Positive bloodstream nucleic acid pathogen test,血流核酸病原体检测阳性,
HP:0430068,Positive microfilaria PCR test in the blood circulation,血液循环微丝蚴PCR检测阳性,
HP:0430069,Positive JC-virus PCR test in the blood circulation,血液循环中JC病毒PCR检测阳性,
HP:0430070,Placenta previa,前置胎盘,
HP:0430071,Abnormal circulating organic compound concentration,循环有机化合物浓度异常,
HP:0430072,Abnormal circulating beta-carotene concentration,循环β-胡萝卜素浓度异常,
HP:0430073,Decreased circulating beta-carotene concentration,血β-胡萝卜素水平降低,
HP:0430074,Increased circulating beta-carotene concentration,循环β-胡萝卜素浓度升高,
HP:0430075,Mammary blocked duct,乳腺导管堵塞,
HP:0430076,Bloodstream antifungal antibody positivity,血流抗真菌抗体阳性,
HP:0430077,Anti-coccidioidal antibody positivity,抗球孢子菌抗体阳性,
HP:0430078,Anti-cryptococcal antibody positivity,抗隐球菌抗体阳性,
HP:0430079,Anti-mycoplasma antibody positivity,抗支原体抗体阳性,
HP:0430080,Anti-rickettsial antibody positivity,抗立克次体抗体阳性,
HP:0430081,Anti-Bartonella henselae antibody positivity,抗巴尔通氏体抗体阳性,
HP:0430082,Anti-Dengue virus antibody positivity,抗登革热病毒抗体阳性,
HP:0430083,Anti-arbovirus antibody positivity,抗虫媒病毒抗体阳性,
HP:0430084,Anti-lymphocytic choriomeningitis antibody positivity,抗淋巴细胞性脉络丛脑膜炎抗体阳性,
HP:0430085,Anti-varicella-zoster antibody positivity,抗水痘-带状疱疹抗体阳性,
HP:0430086,Anti-rubella antibody positivity,抗风疹抗体阳性,
HP:0430087,Anti-cytomegalovirus antibody positivity,抗巨细胞病毒抗体阳性,
HP:0430088,Anti-measles antibody positivity,抗麻疹抗体阳性,
HP:0430089,Anti-schistosoma antibody positivity,抗血吸虫抗体阳性,
HP:0430090,Anti-Powassan virus antibody positivity,抗波瓦桑病毒抗体阳性,
HP:0430091,Marker expression,标志物表达,
HP:0430092,BCL2 expression,BCL2表达,
HP:0430093,BCL6 expression,BCL6表达,
HP:0430094,CD5 expression,CD5表达,
HP:0430095,CD10 expression,CD10表达,
HP:0430096,CD23 expression,CD23表达,
HP:0430097,CD38 expression,CD38表达,
HP:0430098,CD45 expression,CD45表达,
HP:0430099,Cyclin D1 expression,细胞周期蛋白D1的表达,
HP:0430100,FMC7 expression,FMC7表达,
HP:0430101,CD19 expression,CD19表达,
HP:0430102,CD20 expression,CD20表达,
HP:0430103,Past surgical history,既往手术史,
HP:0430104,Abnormal superficial temporal artery morphology,颞浅动脉形态异常,
HP:0430105,Skip lesions on temporal artery biopsy,颞动脉活检跳跃性病变,
HP:0430106,Abnormal brain-evoked potentials,脑诱发电位异常,
HP:0430107,Sputum infectious agent,唾液传染性病原体,
HP:0430108,Positive Mycobacterium avium sputum culture,鸟分枝杆菌痰培养阳性,
HP:0430109,Positive bloodstream infectious agent antigen test,血液传染性病原体抗原试验阳性,
HP:0430110,Positive bloodstream Cysticercosis antigen test,血流囊虫抗原检测阳性,
HP:0430111,Klazomania,克拉佐狂,
HP:0430112,Coprolalia,秽语症,
HP:0430113,Continuous involuntary vocalizations,连续的不自主发声,
HP:0430114,Aplasia/hypoplasia of the uterine cervix,宫颈发育不全/发育不良,
HP:0430115,Cervical hypoplasia,宫颈发育不全,
HP:0430116,Primary peritoneal serous papillary adenocarcinoma,原发性腹膜浆液性乳头状腺癌,
HP:0430117,Positive skin infectious agent test,皮肤感染性病原体检测阳性,
HP:0430118,Positive skin fungus test,皮肤真菌检测阳性,
HP:0430119,Nasal secretion eosinophilia,鼻分泌物嗜酸性粒细胞增多,
HP:0430120,Nasal secretion neutrophilia,鼻分泌物中性粒细胞增多,
HP:0430121,Seminal vesicle agenesis,精囊发育不全,
HP:0430122,Head impulse test has corrective saccade,头部冲击试验可见矫正性扫视,
HP:0430123,Positive CSF infectious agent test,脑脊液感染原试验阳性,
HP:0430124,Positive CSF toxoplasma gondii nucleic acid test,脑脊液弓形虫核酸检测阳性,
HP:0430125,Elevated circulating plasminogen activator inhibitor 1 activity,循环纤溶酶原激活物抑制剂1活性升高,
HP:0430126,Abnormal circulating plasminogen activator inhibitor 1 activity,循环纤溶酶原激活物抑制剂1活性异常,
HP:0430127,Brain localization,脑定位,
HP:0430128,Frontal cortical localization,额叶皮质定位,
HP:0430129,Posterior fossa localization,位于后颅窝,
HP:0430130,Subcortical localization,皮层下定位,
HP:0430131,Parietal cortex localization,顶叶皮层定位,
HP:0430132,Occipital cortex localization,枕叶皮质定位,
HP:0430133,Tobacco use history,吸烟史,
HP:0430134,Bartholin cyst,前庭大腺囊肿,
HP:0430135,Abnormal circulating hepatic transaminase concentration,循环肝转氨酶水平异常,
HP:0430136,Reduced circulating aspartate aminotransferase concentration,循环天冬氨酸转氨酶水平降低,
HP:0430137,Elevated urine succinic acid level,尿液琥珀酸水平升高,
HP:0430138,Positive CSF varicella zoster virus nucleic acid test,脑脊液水痘带状疱疹病毒核酸检测阳性,
HP:0430139,CSF pathogen-specific antibody positivity,脑脊液病原体特异性抗体阳性,
HP:0430140,Positive CSF nucleic acid pathogen test,脑脊液核酸病原体检测阳性,
HP:0430141,CSF varicella zoster antibody positivity,脑脊液水痘带状疱疹抗体阳性,
HP:0430142,Reduced circulating interleukin 6 concentration,循环白介素6水平降低,
HP:0430143,Elevated circulating C12 acylcarnitine concentration,循环C12酰基肉碱水平升高,
HP:0430144,Frontalis muscle overactivity,额肌过度活动,
HP:0430145,Nasal dermoid cyst,鼻皮样囊肿,
HP:0430146,Elevated circulating complement C3 concentration,循环补体C3水平升高,
HP:0430147,Abnormal circulating inhibin B concentration,循环抑制素B水平异常,
HP:0430148,Abnormal circulating lipoprotein(a) concentration,循环脂蛋白（a）浓度异常,
HP:0430150,Positive blood infectious agent test,血液感染原检测阳性,
HP:0430151,Positive respiratory tract infectious agent test,呼吸道感染性病原体检测阳性,
HP:0500001,Body odor,体味,
HP:0500005,Anal pain,肛门疼痛,
HP:0500006,Urethritis,尿道炎,
HP:0500007,Iris flocculi,瞳孔缘多发性囊肿,
HP:0500008,Cornea verticillata,角膜涡状营养不良,
HP:0500009,Dysplastic gangliocytoma of the cerebellum,小脑发育不良性神经节细胞瘤,
HP:0500011,Moon facies,满月脸,
HP:0500012,Abnormal gonadotropin-releasing hormone concentration,促性腺激素释放激素水平异常,
HP:0500013,Lack of gonadotropin-releasing hormone pulsatility,促性腺激素释放激素脉冲缺失,
HP:0500015,Abnormal cardiac test,心脏检查异常,
HP:0500016,Abnormal cardiac MRI,心脏MRI检查异常,
HP:0500017,Abnormal cardiac catheterization,心导管检查异常,
HP:0500018,Abnormal cardiac exercise stress test,心脏运动负荷试验异常,
HP:0500019,Abnormal resting energy expenditure from metabolic cart test,代谢监测仪显示静息能量消耗异常,
HP:0500020,Abnormal cardiac biomarker test,心脏生物标志物检测异常,
HP:0500021,Reduced brain gamma-aminobutyric acid level by MRS,磁共振波谱大脑γ-氨基丁酸水平降低,
HP:0500022,Abnormal circulating dehydroepiandrosterone concentration,血液脱氢表雄酮水平异常,
HP:0500023,Shoulder muscle aplasia,肩部肌肉发育不全,
HP:0500024,Aplasia of the musculature of the pelvis,骨盆肌发育不全,
HP:0500026,Hypoplasia of the musculature of the pelvis,骨盆肌发育不良,
HP:0500027,Aplastic colon,结肠发育不全,
HP:0500028,Cotton wool plaques,棉絮斑,
HP:0500030,Abnormal hepatic glycogen storage,异常肝糖原储积,
HP:0500031,Sclerosis of the carpal bones,腕骨硬化,
HP:0500032,Abnormal neuron branching,神经元分枝异常,
HP:0500033,Abnormal natural killer subset distribution,NK细胞亚群分布异常,
HP:0500034,Nasolacrimal sac obstruction,鼻泪囊闭锁,
HP:0500035,Nasolacrimal sac granuloma,鼻泪囊肉芽肿,
HP:0500036,Nasolacrimal sac papilloma,鼻泪囊乳头状瘤,
HP:0500037,Nasolacrimal sac epithelial papillary carcinoma,鼻泪囊上皮乳头状癌,
HP:0500039,Conjunctival cicatrization,结膜瘢痕形成,
HP:0500040,Dermolipoma of the conjunctiva,结膜皮肤脂瘤,
HP:0500041,Myopic astigmatism,近视散光,
HP:0500042,Latent hypermetropia,隐性远视,
HP:0500043,Eyelid retraction,眼睑挛缩,
HP:0500044,Upper eyelid retraction,上眼睑孪缩,
HP:0500045,Collier's sign,Collier氏症,
HP:0500046,Seborrhoeic blepharitis,脂溢性睑缘炎,
HP:0500047,Nasolacrimal sac lymphoma,鼻泪囊淋巴瘤,
HP:0500048,Delayed canalization of nasolacrimal duct,鼻泪管开放延迟（闭锁）,
HP:0500049,Retinopathy of prematurity,早产儿视网膜病,
HP:0500050,Retinopathy of prematurity stage 1,早产儿视网膜病变1期,
HP:0500051,Retinopathy of prematurity stage 2,早产儿视网膜病变2期,
HP:0500052,Retinopathy of prematurity stage 3,早产儿视网膜病变3期,
HP:0500053,Retinopathy of prematurity stage 4,早产儿视网膜病变4期,
HP:0500054,Retinopathy of prematurity stage 4a,早产儿视网膜病变4a期,
HP:0500055,Retinopathy of prematurity stage 4b,早产儿视网膜病变4b期,
HP:0500056,Retinopathy of prematurity stage 5,早产儿视网膜病变5期,
HP:0500057,Retinopathy of prematurity stage 5a,早产儿视网膜病变5a期,
HP:0500058,Retinopathy of prematurity stage 5b,早产儿视网膜病变5b期,
HP:0500059,Retinopathy of prematurity zone I,早产儿视网膜病变 I 区,
HP:0500060,Retinopathy of prematurity zone II,早产儿视网膜病变 II 区,
HP:0500061,Retinopathy of prematurity zone III,早产儿视网膜病变 III 区,
HP:0500062,Retinopathy of prematurity plus,早产儿视网膜病附加病变,
HP:0500063,Retinopathy of prematurity pre-plus,早产儿视网膜病附加前病变,
HP:0500064,Retinopathy of prematurity threshold,早产儿视网膜阈值病变,
HP:0500065,Retinopathy of prematurity prethreshold,早产儿视网膜阈值前病变,
HP:0500066,Latent myopia,隐性近视,
HP:0500069,Paralytic ectropion,麻痹性睑外翻,
HP:0500070,Conjunctival dermolipoma,结膜皮肤脂瘤,
HP:0500072,Absolute eccentric fixation,绝对偏心注视,
HP:0500073,Abnormal ocular alignment,眼位异常,
HP:0500074,Dissociated vertical deviation,分离垂直性偏斜,
HP:0500075,Dissociated horizontal deviation,分离水平性偏斜,
HP:0500076,Alternating hypertropia,交替性上斜视,
HP:0500077,Alternating hyperphoria,交替性上隐斜,
HP:0500078,Alternating hypotropia,交替性下斜视,
HP:0500079,Alternating hypophoria,交替性下隐斜,
HP:0500081,Pseudophakia,人工晶体状态,
HP:0500086,Optic nerve gray crescent,视神经灰新月,
HP:0500087,Peripapillary atrophy,视乳头周围萎缩,
HP:0500088,Foveal depigmentation,中心凹（视网膜中央）色素脱失,
HP:0500089,Optic nerve sheath meningioma,视神经鞘脑膜瘤,
HP:0500090,Periocular capillary hemangioma,眼周毛细血管瘤,
HP:0500091,Lymphangioma of the orbit,眼眶淋巴管瘤,
HP:0500092,Orbital rhabdomyosarcoma,眼眶横纹肌肉瘤,
HP:0500093,Food allergy,食物过敏,
HP:0500094,Latex allergy,乳胶过敏,
HP:0500095,Food-induced anaphylaxis,食物诱发的过敏反应,
HP:0500096,Venom-induced anaphylaxis,毒液诱发的过敏反应,
HP:0500097,Stool xenobiotic,粪便异源物,
HP:0500098,Meconium xenobiotic,胎粪异源物,
HP:0500099,Hair xenobiotic,毛发异源物,
HP:0500100,Plasma/serum xenobiotic,血浆/血清异源物,
HP:0500101,Gastric fluid xenobiotic,胃液异源物,
HP:0500104,Decreased diastolic blood pressure,舒张压降低,
HP:0500105,Decreased systolic blood pressure,收缩压降低,
HP:0500106,Isolated systolic hypertension,单纯性收缩期高血压,
HP:0500107,Isolated diastolic hypotension,单纯性舒张性低血压,
HP:0500108,Positive urine cocaine test,可卡因尿检阳性,
HP:0500109,Positive urine barbiturate test,巴比妥尿验阳性,
HP:0500110,Positive urine cannabinoid test,大麻素尿检阳性,
HP:0500111,Positive urine benzodiazepines test,苯二氮卓尿检阳性,
HP:0500112,Positive urine amphetamine test,苯丙胺尿检阳性,
HP:0500113,Positive urine opioid test,类鸦片尿检阳性,
HP:0500114,Abnormal stool urobilinogen concentration,粪便尿胆原浓度异常,
HP:0500115,Increased stool urobilinogen concentration,粪便尿胆原浓度升高,
HP:0500116,Positive blood barbiturate test,血液巴比妥酸盐试验阳性,
HP:0500117,Abnormal CSF urate concentration,脑脊液尿酸浓度异常,
HP:0500132,Hypovalinemia,低缬氨酸血症,
HP:0500133,Hypotyrosinemia,低酪氨酸血症,
HP:0500134,Hypertryptophanemia,高色氨酸血症,
HP:0500135,Hypotryptophanemia,低色氨酸血症,
HP:0500136,Hypothreoninemia,低苏氨酸血症,
HP:0500138,Hyperserinemia,高丝氨酸血症,
HP:0500139,Hypoprolinemia,低脯氨酸血症,
HP:0500140,Decreased circulating hydroxyproline concentration,血液羟脯氨酸浓度降低,
HP:0500141,Hypophenylalaninemia,低苯丙氨酸血症,
HP:0500142,Hypolysinemia,低赖氨酸血症,
HP:0500143,Hypoleucinemia,低亮氨酸血症,
HP:0500144,Hypoisoleucinemia,低异亮氨酸血症,
HP:0500145,Hypohistidinemia,低组氨酸血症,
HP:0500147,Hypoglutaminemia,低谷氨酰胺血症,
HP:0500148,Abnormal circulating glutamate concentration,血液谷氨酸浓度异常,
HP:0500149,Hyperglutamatemia,高谷氨酸血症,
HP:0500150,Hypoglutamatemia,低谷氨酸血症,
HP:0500151,Hypercystinemia,高胱氨酸血症,
HP:0500152,Hypocystinemia,低胱氨酸血症,
HP:0500153,Hyperargininemia,高精氨酸血症,
HP:0500154,Hypoalaninemia,低丙氨酸血症,
HP:0500155,Abnormal circulating asparagine concentration,血液天冬酰胺浓度异常,
HP:0500156,Hyperasparaginemia,高天冬酰胺血症,
HP:0500157,Hypoasparaginemia,低天冬酰胺血症,
HP:0500158,Abnormal circulating aspartic acid concentration,血液天冬氨酸浓度异常,
HP:0500159,Increased circulating aspartic acid concentration,循环天冬氨酸浓度增加,
HP:0500160,Abnormal circulating carnosine concentration,血液肌肽浓度异常,
HP:0500161,Increased circulating carnosine concentration,循环肌肽水平升高,
HP:0500162,Decreased circulating carnosine concentration,循环肌肽水平降低,
HP:0500163,Hypoornithinemia,低鸟氨酸血症,
HP:0500164,Abnormal blood carbon dioxide level,血液二氧化碳含量异常,
HP:0500165,Abnormal blood oxygen level,血液氧含量异常,
HP:0500166,Abnormal circulating gastrin concentration,血液胃泌素浓度异常,
HP:0500167,Hypergastrinemia,高胃泌素血症,
HP:0500170,Abnormal concentration of acylcarnitine in the urine,尿酰基肉碱浓度异常,
HP:0500173,Reflex asystolic syncope,心脏停搏所致的反射性晕厥,
HP:0500180,Abnormal circulating amino sulfonic acid concentration,血液氨基磺酸浓度异常,
HP:0500181,Hypertaurinemia,高牛磺酸血症,
HP:0500182,Hypotaurinemia,低牛磺酸血症,
HP:0500183,Abnormal CSF carboxylic acid concentration,脑脊液羧酸浓度异常,
HP:0500184,Abnormal CSF amino acid concentration,脑脊液氨基酸浓度异常,
HP:0500185,Abnormal CSF branched chain amino acid concentration,脑脊液支链氨基酸浓度异常,
HP:0500186,Abnormal CSF valine concentration,脑脊液缬氨酸浓度异常,
HP:0500187,Increased CSF valine concentration,脑脊液缬氨酸浓度升高,
HP:0500188,Decreased CSF valine concentration,脑脊液缬氨酸浓度降低,
HP:0500189,Abnormal CSF leucine concentration,脑脊液亮氨酸浓度异常,
HP:0500190,Decreased CSF leucine concentration,脑脊液亮氨酸浓度降低,
HP:0500191,Increased CSF leucine concentration,脑脊液亮氨酸浓度升高,
HP:0500192,Abnormal CSF isoleucine concentration,脑脊液异亮氨酸浓度异常,
HP:0500193,Increased CSF isoleucine concentration,脑脊液异亮氨酸浓度升高,
HP:0500194,Decreased CSF isoleucine concentration,脑脊液异亮氨酸浓度降低,
HP:0500195,Abnormal CSF glutamine family amino acid concentration,脑脊液谷氨酰胺家族氨基酸浓度异常,
HP:0500196,Abnormal CSF glutamine concentration,脑脊液谷氨酰胺浓度异常,
HP:0500197,Increased CSF glutamine concentration,脑脊液谷氨酰胺浓度升高,
HP:0500198,Decreased CSF glutamine concentration,脑脊液谷氨酰胺浓度降低,
HP:0500199,Abnormal CSF glutamate concentration,脑脊液谷氨酸浓度异常,
HP:0500200,Increased CSF glutamate concentration,脑脊液谷氨酸浓度升高,
HP:0500201,Decreased CSF glutamate concentration,脑脊液谷氨酸浓度降低,
HP:0500202,Abnormal CSF arginine concentration,脑脊液精氨酸浓度异常,
HP:0500203,Increased CSF arginine concentration,脑脊液精氨酸浓度升高,
HP:0500204,Decreased CSF arginine concentration,脑脊液精氨酸浓度降低,
HP:0500205,Abnormal CSF aspartate family amino acid concentration,脑脊液天门冬氨酸家族氨基酸浓度异常,
HP:0500206,Abnormal CSF lysine concentration,脑脊液赖氨酸浓度异常,
HP:0500207,Decreased CSF lysine concentration,脑脊液赖氨酸浓度降低,
HP:0500208,Increased CSF lysine concentration,脑脊液赖氨酸浓度升高,
HP:0500209,Abnormal CSF methionine concentration,脑脊液蛋氨酸浓度异常,
HP:0500210,Increased CSF methionine concentration,脑脊液蛋氨酸浓度升高,
HP:0500211,Abnormal CSF threonine concentration,脑脊液苏氨酸浓度异常,
HP:0500212,Increased CSF threonine concentration,脑脊液苏氨酸浓度升高,
HP:0500213,Decreased CSF threonine concentration,脑脊液苏氨酸浓度降低,
HP:0500214,Abnormal CSF aromatic amino acid concentration,脑脊液芳香族氨基酸浓度异常,
HP:0500215,Abnormal CSF phenylalanine concentration,脑脊液苯丙氨酸浓度异常,
HP:0500216,Abnormal CSF aspartate concentration,脑脊液天冬氨酸浓度异常,
HP:0500217,Increased CSF aspartate concentration,脑脊液天冬氨酸浓度升高,
HP:0500218,Abnormal CSF tryptophan concentration,脑脊液色氨酸浓度异常,
HP:0500219,Abnormal CSF tyrosine concentration,脑脊液酪氨酸浓度异常,
HP:0500220,Increased CSF tyrosine concentration,脑脊液酪氨酸浓度升高,
HP:0500221,Decreased CSF tyrosine concentration,脑脊液酪氨酸浓度降低,
HP:0500222,Increased CSF tryptophan concentration,脑脊液色氨酸浓度升高,
HP:0500223,Increased CSF phenylalanine concentration,脑脊液苯丙氨酸浓度升高,
HP:0500224,Decreased CSF phenylalanine concentration,脑脊液苯丙氨酸浓度降低,
HP:0500225,Abnormal CSF serine family amino acid concentration,脑脊液丝氨酸家族氨基酸浓度异常,
HP:0500226,Abnormal CSF serine concentration,脑脊液丝氨酸浓度异常,
HP:0500227,Increased CSF serine concentration,脑脊液丝氨酸浓度升高,
HP:0500228,Decreased CSF serine concentration,脑脊液丝氨酸浓度降低,
HP:0500229,Abnormal CSF glycine concentration,脑脊液甘氨酸浓度异常,
HP:0500230,Increased CSF glycine concentration,脑脊液甘氨酸浓度升高,
HP:0500231,Abnormal CSF pyruvate family amino acid concentration,脑脊液丙酮酸家族氨基酸浓度异常,
HP:0500232,Abnormal CSF alanine concentration,脑脊液丙氨酸浓度异常,
HP:0500233,Increased CSF alanine concentration,脑脊液丙氨酸浓度升高,
HP:0500234,Decreased CSF alanine concentration,脑脊液丙氨酸浓度降低,
HP:0500235,Abnormal CSF histidine concentration,脑脊液组氨酸浓度异常,
HP:0500236,Increased CSF histidine concentration,脑脊液组氨酸浓度升高,
HP:0500237,Decreased CSF histidine concentration,脑脊液组氨酸浓度降低,
HP:0500238,Abnormal CSF albumin concentration,脑脊液白蛋白浓度异常,
HP:0500239,Increased CSF albumin concentration,脑脊液白蛋白浓度升高,
HP:0500240,Abnormal CSF carnosine concentration,脑脊液肌肽浓度异常,
HP:0500241,Abnormal CSF homocarnosine concentration,脑脊液高肌肽浓度异常,
HP:0500242,Increased CSF homocarnosine concentration,脑脊液高肌肽浓度升高,
HP:0500243,Abnormal CSF ornithine concentration,脑脊液鸟氨酸浓度异常,
HP:0500244,Increased CSF ornithine concentration,脑脊液鸟氨酸浓度升高,
HP:0500245,Abnormal CSF citrulline concentration,脑脊液瓜氨酸浓度异常,
HP:0500246,Increased CSF citrulline concentration,脑脊液瓜氨酸浓度升高,
HP:0500247,Abnormal CSF alpha-aminobutyrate concentration,脑脊液α-氨基丁酸浓度异常,
HP:0500248,Increased CSF alpha-aminobutyrate concentration,脑脊液α-氨基丁酸浓度升高,
HP:0500249,Abnormal circulating ethanolamine concentration,血液乙醇胺浓度异常,
HP:0500250,Increased circulating ethanolamine concentration,血液乙醇胺浓度升高,
HP:0500251,Abnormal urine sebacic acid concentration,尿液癸二酸浓度异常,
HP:0500252,Increased urine sebacic acid concentration,尿液癸二酸浓度升高,
HP:0500253,Increased level of gamma-aminobutyric acid in urine,尿液γ-氨基丁酸水平升高,
HP:0500254,Abnormal urine hexanoylglycine concentration,尿液己酰甘氨酸浓度异常,
HP:0500255,Increased level of hexanoylglycine in urine,尿液己酰甘氨酸水平升高,
HP:0500256,Abnormal urine isobutyrylglycine concentration,尿液异丁酰甘氨酸浓度异常,
HP:0500257,Increased urine isobutyrylglycine concentration,尿液异丁酰甘氨酸浓度升高,
HP:0500258,Abnormal carbon dioxide level in cord blood,脐血二氧化碳含量异常,
HP:0500259,Abnormal oxygen level in cord blood,脐血氧含量异常,
HP:0500260,Triggered by head trauma,头部创伤触发,
HP:0500261,Triggered by anesthetics,麻醉剂触发,
HP:0500262,Atrichia,无毛症,
HP:0500263,Abnormal helper T cell proportion,辅助性T细胞比例异常,
HP:0500264,Increased helper T cell proportion,辅助性T细胞比例增高,
HP:0500265,"Increased proportion of CD8-positive, alpha-beta TEMRA T cells",CD8阳性的终末效应性α-β T细胞比例增高,
HP:0500266,"Decreased proportion of CD8-positive, alpha-beta TEMRA T cells",CD8阳性的终末效应性α-β T细胞比例减低,
HP:0500267,Abnormal proportion of CD4-positive helper T cells,CD4+辅助性T细胞比例异常,
HP:0500269,Abnormal proportion of gamma-delta T cells,γ-δT细胞比例异常,
HP:0500270,Increased proportion of gamma-delta T cells,γ-δT细胞比例增高,
HP:0500271,Decreased proportion of gamma-delta T cells,γ-δT细胞比例减低,
HP:0500272,Abnormal proportion of immature gamma-delta T cells,未成熟γ-δT细胞比例异常,
HP:0500273,Increased proportion of immature gamma-delta T cells,未成熟γ-δT细胞比例增高,
HP:0500274,Decreased proportion of immature gamma-delta T cells,未成熟γ-δ T细胞比例减低,
HP:0550003,Proximal scleroderma,近端硬皮病,
HP:0550004,Verruca plana,扁平疣,
HP:0550005,Bilateral basilar pulmonary fibrosis,双侧基底部肺纤维化,
HP:3000002,Abnormal inner ear epithelium morphology,内耳上皮细胞形态异常,
HP:3000003,Abnormal mandibular ramus morphology,下颌支形态异常,
HP:3000004,Abnormal frontalis muscle physiology,额肌生理异常,
HP:3000005,Abnormality of masseter muscle,咬肌异常,
HP:3000006,Abnormality of medial pterygoid muscle,内侧翼状肌异常,
HP:3000007,Abnormality of mentalis muscle,颏肌异常,
HP:3000008,Abnormality of mylohyoid muscle,下颌舌骨肌异常,
HP:3000009,Abnormality of nasalis muscle,鼻肌异常,
HP:3000010,Abnormality of orbicularis oris muscle,口轮匝肌异常,
HP:3000011,Abnormality of palatoglossus muscle,腭舌肌异常,
HP:3000012,Abnormality of palatopharyngeus muscle,腭咽肌异常,
HP:3000013,Abnormal platysma muscle morphology,颈阔肌形态异常,
HP:3000014,Abnormality of procerus muscle,降眉间肌异常,
HP:3000015,Abnormality of risorius muscle,笑肌异常,
HP:3000016,Abnormality of styloglossus muscle,茎突舌肌异常,
HP:3000017,Abnormality of temporalis muscle,颞肌异常,
HP:3000018,Abnormality of zygomaticus major muscle,颧大肌异常,
HP:3000019,Abnormal buccal mucosa morphology,颊粘膜形态异常,
HP:3000020,Abnormality of zygomaticus minor muscle,颧小肌异常,
HP:3000021,Abnormal buccal fat pad morphology,颊脂垫形态异常,
HP:3000022,Abnormality of cartilage of external ear,外耳软骨异常,
HP:3000023,Abnormality of angular artery,内眦动脉异常,
HP:3000024,Abnormal facial artery morphology,面动脉形态异常,
HP:3000025,Abnormality of ciliary ganglion,睫状神经节异常,
HP:3000027,Abnormality of buccinator muscle,颊肌异常,
HP:3000028,Abnormality of depressor anguli oris muscle,降口角肌异常,
HP:3000029,Abnormality of depressor labii inferioris,降下唇肌异常,
HP:3000030,Abnormal morphology of bony orbit of skull,颅骨眼眶形态异常,
HP:3000031,Abnormality of anterior ethmoidal artery,筛前动脉异常,
HP:3000032,Abnormality of central retinal artery,视网膜中央动脉异常,
HP:3000033,Abnormal nasopharyngeal adenoid morphology,鼻咽部腺样体形态异常,
HP:3000034,Abnormality nasal septum cartilage morphology,鼻中隔软骨形态异常,
HP:3000035,Abnormality of cervical plexus,颈丛异常,
HP:3000036,Abnormal head blood vessel morphology,头部血管形态异常,
HP:3000037,Abnormal neck blood vessel morphology,颈部血管形态异常,
HP:3000038,Abnormal cricoid cartilage morphology,环状软骨形态异常,
HP:3000039,Abnormality of dorsal nasal artery,鼻背动脉异常,
HP:3000040,Abnormality of ethmoid sinus,筛窦异常,
HP:3000041,Abnormality of external carotid artery,颈外动脉异常,
HP:3000042,Abnormal jugular vein morphology,颈静脉形态异常,
HP:3000043,Abnormal facial vein morphology,面静脉形态异常,
HP:3000044,Abnormality of frontal process of maxilla,上颌骨额突异常,
HP:3000045,Abnormality of genioglossus muscle,颏舌肌异常,
HP:3000046,Abnormal geniohyoid muscle morphology,颏舌骨肌形态异常,
HP:3000047,Abnormal glossopharyngeal nerve morphology,舌咽神经形态异常,
HP:3000048,Abnormal great auricular nerve morphology,耳大神经形态异常,
HP:3000049,Abnormal greater palatine artery morphology,腭大动脉形态异常,
HP:3000050,Abnormal odontoid tissue morphology,齿突组织形态异常,
HP:3000051,Abnormal hyoglossus muscle morphology,舌骨舌肌形态异常,
HP:3000052,Abnormal hyoid bone morphology,舌骨形态异常,
HP:3000053,Abnormal hypopharynx morphology,下咽部异常形态,
HP:3000054,Abnormal inferior alveolar artery morphology,下牙槽动脉形态异常,
HP:3000055,Abnormality of inferior alveolar nerve,下牙槽神经异常,
HP:3000056,Abnormality of artery of lower lip,下唇动脉异常,
HP:3000057,Abnormality of inferior oblique extraocular muscle,下斜眼外肌异常,
HP:3000058,Abnormality of inferior rectus extraocular muscle,下直眼外肌异常,
HP:3000059,Abnormal inferior thyroid vein morphology,甲状腺下静脉形态异常,
HP:3000060,Abnormal infraorbital artery morphology,眶下动脉形态异常,
HP:3000061,Abnormality of infra-orbital nerve,眶下神经异常,
HP:3000062,Abnormal internal carotid artery morphology,颈内动脉形态异常,
HP:3000063,Abnormality of internal jugular vein,颈内静脉异常,
HP:3000064,Abnormality of intrinsic muscle of tongue,舌固有肌异常,
HP:3000065,Abnormal lacrimal artery morphology,泪腺动脉形态异常,
HP:3000066,Abnormal lacrimal sac morphology,泪囊形态异常,
HP:3000067,Abnormal lateral cricoarytenoid muscle morphology,环杓侧肌形态异常,
HP:3000068,Abnormality of lateral pterygoid muscle,翼状外侧肌异常,
HP:3000069,Abnormality of lateral rectus extra-ocular muscle,眼外直肌异常,
HP:3000070,Abnormality of levator anguli oris,口角提肌异常,
HP:3000071,Abnormality of levator labii superioris,提上唇肌异常,
HP:3000072,Abnormal levator palpebrae superioris morphology,上睑提肌形态异常,
HP:3000073,Abnormality of levator veli palatini muscle,腭帆提肌异常,
HP:3000074,Abnormal lingual artery morphology,舌动脉形态异常,
HP:3000075,Abnormal lingual nerve morphology,舌神经形态异常,
HP:3000076,Abnormality of lingual tonsil,舌扁桃体异常,
HP:3000077,Abnormal mandible condylar process morphology,下颌骨髁突形态异常,
HP:3000078,Abnormal mandible coronoid process morphology,下颌骨冠状突形态异常,
HP:3000079,Abnormal mandibular symphysis morphology,下颌联合形态异常,
HP:4000001,Abnormal cardiac magnetic resonance imaging finding,心脏核磁共振成像异常,
HP:4000003,Elevated myocardial native T2,心肌固有T2升高,
HP:4000004,Myocardial late gadolinium enhancement,心肌钆对比剂延迟强化,
HP:4000005,Pericardial late gadolinium enhancement,心包钆对比剂延迟强化,
HP:4000006,Elevated myocardial native T1,心肌固有T1升高,
HP:4000007,Bronchoconstriction,支气管收缩,
HP:4000008,Formation of multiple pronuclei during fertilization,受精过程中多原核的形成,
HP:4000009,Kinesiophobia,运动恐惧,
HP:4000010,Impaired renal tubular reabsorption of bicarbonate,肾小管重吸收受损（肾小管重吸收碳酸氢盐受损）,
HP:4000011,History of congenital HPV infection,先天性HPV感染史,
HP:4000012,Necrotizing ileitis,坏死性回肠炎,
HP:4000013,Anti-desmoglein-1 antibody positivity,抗桥粒黏蛋白-1抗体阳性,
HP:4000014,Anti-desmoglein-3 antibody positivity,抗桥粒黏蛋白-3抗体阳性,
HP:4000015,Anti-envoplakin antibody positivity,抗包斑蛋白抗体阳性,
HP:4000016,Anti-periplakin antibody positivity,抗周斑蛋白抗体阳性,
HP:4000017,Anti-desmoplakin I antibody positivity,抗桥粒斑蛋白I抗体阳性,
HP:4000018,Anti-desmoplakin II antibody positivity,抗桥粒斑蛋白II抗体阳性,
HP:4000019,Anti-BP230 antibody positivity,抗BP230抗体阳性,
HP:4000020,Anti-BP180 antibody positivity,抗BP180抗体阳性,
HP:4000021,Anti-laminin 332 antibody positivity,抗层粘连蛋白332抗体阳性,
HP:4000022,Anti-laminin 6 antibody positivity,抗层粘连蛋白6抗体阳性,
HP:4000023,Anti-laminin gamma1 antibody positivity,抗层粘连蛋白γ1抗体阳性,
HP:4000024,Anti-laminin antibody positivity,抗层粘连蛋白抗体阳性,
HP:4000025,Anti-integrin antibody positivity,抗整合素抗体阳性,
HP:4000026,Anti-transglutaminase 6 antibody,抗谷氨酰胺转氨酶6抗体,
HP:4000027,Anti-LAD-1 antibody positivity,抗LAD-1抗体阳性,
HP:4000028,Anti-LABD97 antibody positivity,抗LABD97抗体阳性,
HP:4000029,Antigliadin antibody positivity,抗醇溶蛋白抗体阳性,
HP:4000030,Anti-reticulin antibody positivity,抗网硬蛋白抗体,
HP:4000031,Anti-type VII collagen antibody,抗VII型胶原抗体,
HP:4000032,False perception of self-motion,本体运动感知异常,
HP:4000033,Non-spinning vertigo,无旋转型眩晕,
HP:4000034,Infection-associated lymphopenia,感染相关淋巴细胞减少,
HP:4000035,Primary obstructive megaureter,原发性梗阻性巨输尿管症,
HP:4000036,Encysted hydrocele of the cord,鞘膜包裹性积液,
HP:4000037,Congenital hydrocele,先天性鞘膜积液,
HP:4000038,Infantile hydrocele,婴儿型鞘膜积液,
HP:4000039,Reduced proportion of mucosal-associated invariant T cells,减少黏膜相关恒定 T 细胞比例减低,
HP:4000040,Puerpural onset,围产期发病,
HP:4000041,AA amyloidosis,AA淀粉样变,
HP:4000042,Fracture type,骨折类型,
HP:4000043,Greenstick fracture,青枝骨折,
HP:4000044,Transverse fracture,横行骨折,
HP:4000045,Spiral fracture,螺旋骨折,
HP:4000046,Oblique fracture,斜行骨折,
HP:4000047,Compression fracture,压缩骨折,
HP:4000048,Comminuted fracture,粉碎性骨折,
HP:4000049,Segmental fracture,节段性骨折,
HP:4000050,Open fracture,开放性骨折,
HP:4000051,Closed fracture,闭合性骨折,
HP:4000052,Avulsion fracture,撕脱骨折,
HP:4000053,Displaced fracture,移位性骨折,
HP:4000054,Exanthem,皮疹,
HP:4000055,Intestinal inflammation,肠炎,
HP:4000056,Abnormal apoptosis,细胞凋亡异常,
HP:4000057,Decreased FasL-mediated apoptosis,FasL介导的凋亡减少,
HP:4000058,Glomerular proteinuria,肾小球性蛋白尿,
HP:4000059,Abnormal lung development,肺发育异常,
HP:4000060,Abnormal pulmonary alveolar system development,肺泡系统发育异常,
HP:4000061,Pancreatic alpha-cell hyperplasia,胰腺α细胞增生,
HP:4000062,3-4 metacarpal synostosis,第3、4掌骨骨性结合,
HP:4000066,Abnormal iliac artery morphology,髂动脉形态异常,
HP:4000067,Iliac artery aneurysm,髂动脉瘤,
HP:4000068,Abnormal interest,兴趣异常,
HP:4000069,Persistent preoccupation with parts of objects,对部分物品持续专注,
HP:4000070,Fixated interests,固定兴趣,
HP:4000072,Abnormal language feature,语言特征异常,
HP:4000073,Pronoun reversal,代名词反转,
HP:4000074,Involuntary vocalization,不自主发声,
HP:4000075,Reduced frequency of facial expressions,面部表情频率减少,
HP:4000076,Use of another person's body to communicate,利用他人身体进行交流,
HP:4000077,Fixated interest with abnormal focus,异常聚焦的固定兴趣,
HP:4000078,Fixated interest with abnormal intensity,异常强度的固定兴趣,
HP:4000079,Sensory seeking,感觉寻求,
HP:4000081,Reduced production of gestures,减少手势生成,
HP:4000082,Reduced cooperative play,合作游戏减少,
HP:4000083,Lack of interest in peers,对同龄人缺乏兴趣,
HP:4000084,Reduced sharing of interests,兴趣分享减少,
HP:4000085,Reduced object sharing,物品分享减少,
HP:4000087,Abnormal communicative facial expressions,异常的沟通面部表情,
HP:4000088,Facial expressions that do not match the context,与语境不符的面部表情,
HP:4000089,Abnormal quality of facial expression,面部表情质量异常,
HP:4000090,Abnormal gesture use,手势使用异常,
HP:4000092,Poor conversational reciprocity,会话的相互性差,
HP:4000093,Ectopic tooth eruption,异位牙萌出,
HP:4000094,Corpus cavernosum hypoplasia,海绵体发育不全,
HP:4000095,Elevated circulating thymine concentration,循环胸腺嘧啶浓度升高,
HP:4000100,Positive lactose hydrogen breath test,乳糖氢呼气试验阳性,
HP:4000101,Triggered by exposure to medication,药物治疗触发,
HP:4000102,Triggered by allopurinol,别嘌呤醇触发,
HP:4000103,Ameliorated by oral zinc supplementation,口服锌补充剂可改善,
HP:4000104,Curved dental root,牙根弯曲,
HP:4000105,Abnormal four chamber view of the fetal heart,胎儿四腔心切面异常,
HP:4000106,Spleen hamartoma,脾错构瘤,
HP:4000107,Positive lupus band test,狼疮带测试阳性,
HP:4000108,Bone marrow erythroid vacuolization,骨髓红细胞空泡化,
HP:4000109,Triggered by electromagnetic field,电磁场触发,
HP:4000110,Exposure history,暴露史,
HP:4000111,Asbestos exposure,石棉暴露,
HP:4000112,Medication history,用药史,
HP:4000113,Aminoglycoside exposure,氨基糖苷类药物服用史,
HP:4000114,Statin exposure,他汀类药物服用史,
HP:4000115,Potassium-sparing diuretic exposure,保钾利尿剂服用史,
HP:4000116,Carbamazepine exposure,卡马西平服用史,
HP:4000117,Valproate exposure,丙戊酸服用史,
HP:4000118,Hydralazine exposure,肼屈嗪服用史,
HP:4000119,Calcium channel blocker exposure,钙通道阻滞剂服用史,
HP:4000120,Triggered by nickel,镍触发,
HP:4000121,"Triggered by poison ivy, poson oak, or sumac",毒藤、毒橡树或漆树触发,
HP:4000122,History of exclusive breast feeding,纯母乳喂养史,
HP:4000123,Nutrition history,营养史,
HP:4000124,High dietary oxalate intake,膳食草酸盐摄入量高,
HP:4000125,Recent honey ingestion,近期摄入蜂蜜,
HP:4000126,Raw egg-white ingestion,生蛋清摄入,
HP:4000127,Exacerbated by sodium channel blocking agent exposure,服用钠通道阻断剂后恶化,
HP:4000128,Addictive nitrous oxide use,一氧化二氮使用成瘾,
HP:4000129,Recent blood transfusion,近期输血,
HP:4000130,Ameliorated by colchicine,秋水仙碱可改善,
HP:4000131,Ameliorated by vitamin D,维生素D可改善,
HP:4000132,Exacerbated by phenytoin exposure,服用苯妥英后恶化,
HP:4000133,Triggered by angiotensin-converting enzyme inhibitor,血管紧张素转换酶抑制剂触发,
HP:4000134,Prostaglandin E1 exposure,前列腺素E1服用史,
HP:4000135,5-fluorouracil exposure,5-氟尿嘧啶服用史,
HP:4000136,6-mercaptopurine exposure,6-巯基嘌呤服用史,
HP:4000137,Isoniazid exposure,异烟肼服用史,
HP:4000138,Absent cavum septum pellucidum,透明隔腔缺失,
HP:4000139,Fetal abdominal cyst,胎儿腹部囊肿,
HP:4000140,Fetal bowel dilatation,胎儿肠管扩张,
HP:4000141,Left ventricular dilatation,左心室扩张,
HP:4000142,Fetal trigonocephaly,胎儿三角头畸形,
HP:4000143,Abnormal fetal heart outflow tract,胎儿心脏流出道异常,
HP:4000144,Recent past medical history,最近既往病史,
HP:4000145,History of recent viral illness,近期病毒性疾病史,
HP:4000146,History of recent dental procedure,近期牙科手术史,
HP:4000147,Abnormal hepatic artery morphology,肝动脉形态异常,
HP:4000148,Hepatic artery hyperplasia,肝动脉增生,
HP:4000149,Lymph node necrosis,淋巴结坏死,
HP:4000150,Multinucleated neuron,多核神经元,
HP:4000151,History of recent contralateral injury,近期对侧损伤史,
HP:4000152,Alternating laterality,交替偏侧性,
HP:4000153,Cervical squamous cell papilloma,宫颈鳞状细胞乳头状瘤,
HP:4000154,Liver leiomyoma,肝平滑肌瘤,
HP:4000158,Typified by high penetrance,以高外显率为代表,
HP:4000159,Typified by moderate penetrance,以中等外显率为代表,
HP:4000160,Typified by low penetrance,以低外显率为代表,
HP:4000162,Decreased Succinyl-CoA 3-ketoacid CoA transferase activity,琥珀酰辅酶A3-酮酸辅酶A转移酶活性降低,
HP:4000163,Reduced phytanic acid oxidase activity in cultured fibroblasts,培养成纤维细胞中植烷酸氧化酶活性降低,
HP:4000164,Reduced bifunctional protein activity,双功能蛋白活性降低,
HP:4000165,Decreased circulating plasmalogen concentration,循环缩醛磷脂浓度降低,
HP:4000166,Post-vaccination varicella zoster virus infection,接种后水痘带状疱疹病毒感染,
HP:4000167,Recent steroid exposure,近期类固醇服用史,
HP:4000168,Shark teeth,鲨鱼齿,
HP:4000169,Pontine T2 hypointensity,桥脑T2低信号,
HP:4000170,Anti-platelet antigen antibody positivity,抗血小板抗原抗体阳性,
HP:4000171,Anti-voltage-gated potassium channel antibody positivity,抗电压门控钾通道抗体阳性,
HP:4000172,Vegan diet,素食,
HP:4000173,History of previous pregnancy with hydrops fetalis,胎儿水肿的既往妊娠史,
HP:4000174,Ameliorated by potassium supplements,补充钾可以改善,
HP:4000175,Ameliorated by niacin,烟酸可改善,
HP:4000176,Aggravated by exposure to medication,服用药物后恶化,
HP:4000177,Bleeding ameliorated by vitamin K,维生素K可缓解出血,
HP:4000178,Anti-retroviral therapy exposure,抗逆转录病毒治疗史,
HP:4000179,Potassium-wasting diuretic exposure,耗钾利尿剂服用史,
HP:4000180,Tricyclic antidepressant exposure,三环类抗抑郁药服用史,
HP:4000181,Excessive dental attrition,牙齿过度磨损,
HP:4000182,Positionally dependent pain,位置依赖性疼痛,
HP:4000183,Abnormal erythrocyte adenosine triphosphate concentration,红细胞三磷酸腺苷浓度异常,
HP:4000184,Reduced erythrocyte adenosine triphosphate concentration,红细胞三磷酸腺苷浓度降低,
HP:4000186,Elevated erythrocyte adenosine triphosphate concentration,红细胞三磷酸腺苷浓度升高,
HP:4000187,Spermatogonial maturation arrest,精原细胞成熟停滞,
HP:4000189,Elevated circulating neuron-specific enolase concentration,循环神经元特异性烯醇化酶浓度升高,
HP:4000190,Reduced leukocyte alpha-mannosidase activity,白细胞α-甘露糖苷酶活性降低,
HP:4000191,Increased circulating alpha-mannosidase activity,循环α-甘露糖苷酶活性增加,
HP:4000192,Reduced leukocyte cathepsin D activity,白细胞组织蛋白酶D活性降低,
HP:4000193,Reduced leukocyte N-sulfoglucosamine sulfohydrolase activity,白细胞N-磺基葡萄糖胺磺基水解酶活性降低,
HP:4000194,Pseudohyperkalemia,假性高钾血症,
HP:4000195,Abnormal enzyme activity in cultured fibroblasts,培养的成纤维细胞中酶活性异常,
HP:4000196,Reduced heparan-alpha-glucosaminide N-acetyltransferase activity in cultured fibroblasts,培养的成纤维细胞中乙酰肝素-α-氨基葡萄糖N-乙酰转移酶活性降低,
HP:4000197,Reduced N-acetylgalactosamine-6-sulfate sulfatase in cultured fibroblasts,培养的成纤维细胞中N-乙酰半乳糖胺-6-硫酸酯硫酸酯酶减少,
HP:4000198,Reduced acetylglucosamine-6-sulfate sulfatase activity in cultured fibroblasts,培养的成纤维细胞中乙酰氨基葡萄糖-6-硫酸酯硫酸酯酶活性降低,
HP:4000199,Reduced erythrocyte porphobilinogen deaminase activity,红细胞胆色素原脱氨酶活性降低,
HP:4000200,Reduced holocarboxylase synthetase activity in cultured fibroblasts,培养的成纤维细胞中全羧化酶合成酶活性降低,
HP:4000201,Abnormal circulating alpha mannosidase activity,循环α-甘露糖苷酶活性异常,
HP:4000202,Reduced tissue alpha-N-acetylgalactosaminidase activity,组织α-N-乙酰半乳糖胺酶活性降低,
HP:4000203,Reduced erythrocyte arginase activity,红细胞精氨酸酶活性降低,
HP:4000204,Reduced mitochondrial acetyl-CoA acetyltransferase activity in cultured fibroblasts,培养的成纤维细胞中线粒体乙酰辅酶A乙酰转移酶活性降低,
HP:4000205,Reduced tissue beta-mannosidase activity,组织β-甘露糖苷酶活性降低,
HP:4000206,Reduced 3-methylcrotonyl CoA carboxylase activity in cultured fibroblasts,培养的成纤维细胞中3-甲基巴豆酰CoA羧化酶活性降低,
HP:4000207,Reduced branched-chain alpha-keto acid dehydrogenase activity in cultured fibroblasts,培养的成纤维细胞中支链α-酮酸脱氢酶活性降低,
HP:4000208,Reduced erythrocyte galactose-1-phosphate uridylyltransferase activity,红细胞半乳糖-1-磷酸尿苷酰转移酶活性降低,
HP:4000209,Abnormal erythrocyte adenosine deaminase activity,红细胞腺苷脱氨酶活性异常,
HP:4000210,Reduced isovaleryl CoA dehydrogenase activity in cultured fibroblasts,培养的成纤维细胞中异戊酰辅酶A脱氢酶活性降低,
HP:4000211,Reduced glycerol kinase activity in cultured fibroblasts,培养的成纤维细胞中甘油激酶活性降低,
HP:4000212,Increased circulating vitamin A concentration,循环维生素A浓度升高,
HP:4000213,Elevated circulating hyaluronic acid concentration,循环透明质酸浓度升高,
HP:4000214,Diminished breath sounds,呼吸音减低,
HP:5000000,Anti-AK5 antibody positivity,抗AK5抗体阳性,
HP:5000001,Anti-AMPAR antibody positivity,抗AMPAR抗体阳性,
HP:5000002,Anti-Amphiphysin antibody,抗两性蛋白抗体,
HP:5000003,Anti-ARHGAP26 antibody,抗ARHGAP26抗体,
HP:5000004,Anti-CARP VIII antibody,抗CARP VIII抗体,
HP:5000005,Anti-CASPR2,抗CASPR2,
HP:5000006,Anti-CV2/CRMP5 antibody positivity,抗CV2/CRMP5抗体阳性,
HP:5000007,Anti-DPPX antibody,抗DPPX抗体,
HP:5000008,Anti-FGFR3 antibody positivity,抗FGFR3抗体阳性,
HP:5000009,Anti-GABA(A)R antibody,抗GABA(A)R抗体,
HP:5000010,Anti-GABA(B)R antibody,抗GABA(B)R抗体,
HP:5000011,Anti-GAD65 antibody,抗GAD65抗体,
HP:5000012,Anti-Gephyrin antibody,抗桥尾蛋白抗体,
HP:5000013,Anti-GFAP antibody,抗GFAP抗体,
HP:5000014,Anti-GlyR antibody,抗GlyR抗体,
HP:5000015,Anti-Homer-3 antibody,抗Homer-3抗体,
HP:5000016,Anti-Hu antibody positivity,抗Hu抗体阳性,
HP:5000017,Anti-Iglon5 antibody,抗Iglon5抗体,
HP:5000018,Anti-ITPR1 antibody,抗ITPR1抗体,
HP:5000019,Anti-Kelch like protein 11 antibody positivity,抗KLHL11抗体阳性,
HP:5000020,Anti-LGI1 antibody,抗LGI1抗体,
HP:5000021,Anti-Ma antibody positivity,抗Ma抗体阳性,
HP:5000022,Anti-Ma2 antibody positivity,抗Ma2抗体阳性,
HP:5000023,Anti-Ma1 antibody positivity,抗Ma1抗体阳性,
HP:5000024,Anti-mGluR1 antibody,抗mGluR1抗体,
HP:5000025,Anti-mGluR5 antibody,抗mGluR5抗体,
HP:5000026,Anti-neurexin-3alpha antibody positivity,抗突触蛋白-3α抗体阳性,
HP:5000027,Anti-P/Q-type VGCC antibody positivity,抗P/Q-type VGCC抗体阳性,
HP:5000028,Anti-MAP1B antibody,抗MAP1B抗体,
HP:5000029,Anti-PKCgamma antibody,抗PKCγ抗体,
HP:5000030,Anti-Ri antibody,抗Ri抗体,
HP:5000031,Anti-Septin-5 antibody,抗Septin-5抗体,
HP:5000032,Anti-SEZ6L2 antibody,抗SEZ6L2抗体,
HP:5000033,Anti-SOX1 antibody,抗SOX1抗体,
HP:5000034,Anti-Tr/DNER antibody,抗体Tr/DNER抗体,
HP:5000035,Anti-TRIM46 antibody,抗TRIM46抗体,
HP:5000036,Anti-TRIM9/TRIM67 antibody,抗体TRIM9/TRIM67抗体,
HP:5000037,Anti-Yo antibody positivity,抗Yo抗体阳性,
HP:5000038,Anti-titin antibody positivity,抗titin抗体阳性,
HP:5000039,Anti-Zic4 antibody positivity,抗Zic4抗体阳性,
HP:5000042,Anti-Sj/ITPR1 antibody,抗Sj/ITPR1抗体,
HP:5000043,Anti-D2 R antibody,抗D2 R抗体,
HP:5000044,Anti-GluK2 antibody,抗GluK2抗体,
HP:5000046,Anti-Lrp4 antibody positivity,抗Lrp4抗体阳性,
HP:5000047,Anti-ryanodine receptor antibody,抗兰尼碱受体抗体,
HP:5000048,Anti-Kv1.4 antibody,抗Kv1.4抗体,
HP:5200001,Selective mutism,选择性沉默症,
HP:5200002,Limited repertoire of facial expression,面部表情能力有限,
HP:5200003,Excessive interest in others,对他人过度感兴趣,
HP:5200005,Abnormal pitch,音调异常,
HP:5200006,Disjointed sentences,句子不连贯,
HP:5200007,Neologism,新词,
HP:5200008,Overly formal/pedantic language,过于正式或迂腐的语言,
HP:5200009,Midline hand movements,中线手部运动,
HP:5200010,Abnormal Intonation,语调异常,
HP:5200011,Abnormal speech rate,语速异常,
HP:5200012,Abnormal speech rhythm,言语节奏异常,
HP:5200013,Ambiguous facial expression,面部表情含糊,
HP:5200014,Exaggerated facial expression,面部表情夸张,
HP:5200015,Muted facial expression,面部表情沉默,
HP:5200016,Abnormal peer relationships,同伴关系异常,
HP:5200017,Steroetypic movements of face and head,面部和头部刻板运动,
HP:5200018,Steroetypic upper-extremity movements,上肢刻板运动,
HP:5200019,Stereotypic whole-body movements,全身刻板运动,
HP:5200020,Abnormal interest in others,对他人的兴趣异常,
HP:5200021,Reduced social insight,社会洞察力降低,
HP:5200022,Reduced awareness of convention,惯例意识降低,
HP:5200024,Abnormal relationship,关系异常,
HP:5200026,Impaired social imitation,社会模仿能力受损,
HP:5200027,Infrequent social initiations,社交主动性低,
HP:5200028,Reduced responsiveness to social cues,对社交暗示的反应降低,
HP:5200029,Social disinhibition,社交抑制解除,
HP:5200030,Diminished integration of verbal and non-verbal communicative behavior,言语和非言语交际行为的整合减弱,
HP:5200035,Reduced cooperative imaginative play,想象性游戏协作减少,
HP:5200037,Lack of expressed empathy,表达同理心缺乏,
HP:5200038,Bradylalia,言语迟缓,
HP:5200039,Excessively loud speech,说话声音过大,
HP:5200040,Excessively quiet speech,说话过于轻声,
HP:5200043,Abnormal speech volume,说话音量异常,
HP:5200044,Reduced attention regulation,注意力调节减少,
HP:5200045,Reduced impulse control,冲动控制减少,
HP:5200046,Sensory behavioral abnormality,感觉行为异常,
HP:5200047,Idiosyncratic gesture,特殊手势,
HP:5200049,Atypical sorting,非典型分选,
HP:5200050,Excessive checking,过度检查,
HP:5200051,Excessive hand washing,过度洗手,
HP:5200052,Resistance to trivial environmental changes,抵抗微小环境变化,
HP:5200055,Reduced co-speech gestures,讲话协同手势减少,
HP:5200056,Limited head nodding or shaking,点头或摇头有限,
HP:5200057,Limited pointing,指点有限,
HP:5200058,Sensory hypersensitivity,感觉超敏,
HP:5200059,Sensory hyposensitivity unexplained by sensory deficit,感觉缺陷无法解释的感觉低敏,
HP:5200060,Auditory hypersensitivity,听觉超敏,
HP:5200061,Tactile hypersensitivity,触觉超敏,
HP:5200062,Auditory sensory seeking,寻求听觉刺激,
HP:5200063,Gustatory sensory seeking,寻求味觉刺激,
HP:5200064,Olfactory sensory seeking,寻求嗅觉刺激,
HP:5200065,Tactile sensory seeking,寻求触觉刺激,
HP:5200066,Vestibular sensory seeking,寻求前庭觉刺激,
HP:5200067,Visual sensory seeking,寻求视觉刺激,
HP:5200068,Socially inappropriate questioning,不恰当的社交提问,
HP:5200069,Spinning,异常旋转,
HP:5200071,Delayed Echolalia,延宕仿说,
HP:5200072,Immediate Echolalia,立即仿说,
HP:5200073,Excessive cleaning,过度清洁,
HP:5200100,Facial expressions not directed to others,非针对他人的面部表情,
HP:5200101,Limited Repertoire of gestures,手势变化有限,
HP:5200102,Reduced social smiling,社交微笑减少,
HP:5200104,Abnormal play,游戏异常,
HP:5200105,Reduced imaginative play skills,富有想象力的游戏技能减少,
HP:5200108,Nonfunctional or atypical use of objects in play,游戏中物品的非功能性或非典型使用,
HP:5200110,Infrequent social engagement with peers,不频繁的同龄人社交活动,
HP:5200111,Avoidance of emotional intimacy,回避亲密情绪,
HP:5200113,Failure to offer information to initiate social interaction,未能提供信息以启动社交互动,
HP:5200116,Difficulty understanding nonliteral meaning of conversation,难以理解对话的非字面意义,
HP:5200117,Poor recognition of injustice,对不公正现象认识不足,
HP:5200118,Difficulty recognizing another's emotions,难以识别他人情绪,
HP:5200119,Difficulty understanding humor,难以理解幽默,
HP:5200120,Abnormal social emotional interactions,异常的社交情绪互动,
HP:5200121,Objectification of others,物化他人,
HP:5200123,Abnormal response to social norms,对社会规范的异常反应,
HP:5200124,Indifference to social norms,对社会规范漠不关心,
HP:5200125,Aggression towards others,攻击他人,
HP:5200126,Aggression towards caregivers,攻击照顾者,
HP:5200127,Aggression toward non-caregivers,攻击非照顾者,
HP:5200129,Abnormal rituals,异常礼节,
HP:5200130,Insistence on sameness,坚持同一性,
HP:5200132,Atypical sensory examination of objects,物体的非典型感官检查,
HP:5200133,Intense attachment to unusual objects,对不寻常物体有强烈依恋,
HP:5200134,Jumping,异常跳跃,
HP:5200135,Delay in the acquisition of cooperative play skills,合作游戏技能的获得延迟,
HP:5200136,Reduced social reciprocity with peers,与同伴的社会互惠减少,
HP:5200200,Olfactory hallucination,幻嗅,
HP:5200201,Gustatory hallucination,味觉幻觉,
HP:5200202,Abnormal interpretation of external stimuli,对外部刺激的异常解释,
HP:5200203,Proprioceptive hallucination,本体感觉幻觉,
HP:5200204,Disturbed perception with a stimulus,刺激引起的知觉紊乱,
HP:5200205,Illusions,错觉,
HP:5200207,Inattentiveness illusion,注意力不集中所致错觉,
HP:5200208,Illusions due to affect,情感所致幻觉,
HP:5200209,Pareidolia,幻想性视错觉,
HP:5200210,Autoscopy,自我透视,
HP:5200211,Subjective eidetic images,遗觉象,
HP:5200212,Amplification of social interactions,社交互动增强,
HP:5200213,Diminishment of emotional responsiveness,情绪反应减少,
HP:5200214,Somatic hallucination,躯体幻觉,
HP:5200215,Visceral hallucination,内脏幻觉,
HP:5200216,Abnormal perceptual state,知觉状态异常,
HP:5200217,Depersonalization,人格解体,
HP:5200218,Derealization,现实解体,
HP:5200220,Decreased facial expression mirroring,面部表情模仿减少,
HP:5200221,Diminishment of comfort with casual physical contact,对随意的身体接触感到不自在,
HP:5200227,Thought blocking,思维中断,
HP:5200230,Maladaptive fear-related cognitions,适应不良的恐惧相关认知,
HP:5200231,Hypervigilance,高度警惕,
HP:5200232,Phobia,恐惧症,
HP:5200233,Anticipatory anxiety,预期性焦虑,
HP:5200234,Flight of ideas,思维奔逸,
HP:5200237,Pronunciation difficulties,发音困难,
HP:5200238,Vowel expressive impediment,元音表达障碍,
HP:5200239,Consonant expressive impediment,辅音表达障碍,
HP:5200240,Delayed spoken language comprehension,口语理解能力延迟,
HP:5200241,Recurrent maladaptive behavior,反复出现的适应不良行为,
HP:5200242,Cognitive distortion,认知扭曲,
HP:5200243,Abnormal change in social behavior,社会行为异常改变,
HP:5200261,Abnormal demeanor,举止异常,
HP:5200263,Abnormally increased volition,意志力异常增强,
HP:5200265,Pressured speech,言语急迫,
HP:5200267,Laeden paralysis,莱登瘫痪,
HP:5200270,Grandiosity,浮夸,
HP:5200271,Hopelessness,绝望,
HP:5200273,Abnormal sadness,异常悲伤,
HP:5200276,Decreased need for sleep,睡眠需求减少,
HP:5200283,Sleep-related breathing disorders,睡眠相关呼吸障碍,
HP:5200284,Bruxism during sleep,睡眠时磨牙症,
HP:5200287,Nightmare disorder,梦魇障碍,
HP:5200288,Sleep-related eating disorder,睡眠相关饮食失调,
HP:5200289,Microsleep,微睡眠,
HP:5200290,Exploding head syndrome,爆炸头综合征,
HP:5200291,REM sleep behavior disorder,REM睡眠行为障碍,
HP:5200292,Non-restorative sleep,非恢复性睡眠,
HP:5200293,Disturbance during transitions between sleep and wake states,睡眠和清醒状态的转换障碍,
HP:5200294,Sexsomnia,性睡眠障碍,
HP:5200295,Periodic limb movements,周期性肢体运动,
HP:5200296,Abnormal hypnagogia,入睡异常,
HP:5200297,Abnormal hypnopompia,苏醒异常,
HP:5200298,Abnormal sleep architecture,睡眠结构异常,
HP:5200299,REM parasomnia,REM睡眠异态,
HP:5200300,Abnormal movement during sleep,睡眠中异常运动,
HP:5200304,Short N1 sleep,短N1睡眠,
HP:5200305,Paradoxical insomnia,矛盾性失眠,
HP:5200307,Short N2 sleep,短N2睡眠,
HP:5200309,Short N3 sleep,短N3睡眠,
HP:5200310,Diminishment of social interactions,社交互动减少,
HP:5200311,Amplification of interpersonal communication,扩大人际交流,
HP:5200315,Amplification of relationship seeking,关系寻求增强,
HP:5200316,Diminishment of interpersonal communication,人际交流减少,
HP:5200320,Diminishment of relationship seeking,关系寻求减少,
HP:5200321,Amplification of sexual behavior,性行为增多,
HP:5200322,Amplification of emotional expression,情绪表达增强,
HP:5200323,Amplification of emotional responsiveness,情绪反应增强,
HP:5200325,Amplification of comfort with casual physical contact,通过随意的身体接触增强舒适感,
HP:5200327,Diminishment of sexual behavior,性行为减少,
HP:5200328,Diminishment of emotional expression,情绪表达减少,
HP:5200329,Problematic alcohol consumption,有问题的饮酒,
HP:5200330,Suicide behaviors,自杀行为,
HP:5200331,Addictive sedative use,镇静剂使用成瘾,
HP:5200332,Addictive non-substance behaviors,非物质成瘾行为,
HP:5200333,Addictive spending behavior,消费成瘾,
HP:5200334,Addictive gambling behavior,赌博成瘾,
HP:5200335,Addictive sex behavior,性成瘾,
HP:5200336,Addictive video game use,电子游戏成瘾,
HP:5200337,Compulsive stealing,强迫性偷窃,
HP:5200338,Excessive fire setting,纵火成瘾,
HP:5200339,Self-cutting,自我切割,
HP:5200341,Addictive cannabis use,大麻使用成瘾,
HP:5200342,Autophagia,自噬,
HP:5200352,Hypnagogic sleep paralysis,入睡瘫痪,
HP:5200353,Hypnopompic sleep paralysis,苏醒瘫痪,
HP:5200356,Sleep onset rapid eye movement period,入睡快速动眼期,
HP:5200357,Prolonged N1 sleep,N1睡眠延长,
HP:5200358,Prolonged N2 sleep,N2睡眠延长,
HP:5200359,Prolonged N3 sleep,N3睡眠延长,
HP:5200360,Short REM sleep,短REM睡眠,
HP:5200361,Prolonged REM sleep,REM睡眠延长,
HP:5200362,Short NREM sleep,短NREM睡眠,
HP:5200363,Prolonged NREM sleep,NREM睡眠延长,
HP:5200401,Abnormal judgment,判断异常,
HP:5200402,Overvalued idea,超价观念,
HP:5200403,Time agnosia,时间失认症,
HP:5200405,Olfactory agnosia,嗅觉失认症,
HP:5200406,Tactile agnosia,触觉失认症,
HP:5200407,Topographical agnosia,地形失认症,
HP:5200409,Delusional memory,妄想性记忆,
HP:5200410,Auditory agnosia,听觉失认症,
HP:5200411,Gustatory agnosia,味觉失认症,
HP:5200412,Allesthesia,感觉异位,
HP:5200413,Autotopagnosia,自体失认症,
HP:5200415,Persecutory delusion,被害妄想,
HP:5200416,Morbid jealosy,病态嫉妒,
HP:5200417,Grandiose delusion,浮夸妄想,
HP:5200418,Folie 脿 deux,二联性精神病,
HP:5200419,Disorder of thought control,思维控制障碍,
HP:5200420,Delusion of love,爱情妄想,
HP:5200421,Nihilistic delusion,虚无妄想,
HP:5200422,Cotard delusion,科塔尔妄想,
HP:5200423,Abnormal experience of reality,异常现实体验,
HP:5200424,Delusional perception,知觉妄想,
HP:5200425,Hypochondriac delusion,疑病妄想,
HP:5200426,Delusions of infestation,感染妄想,
HP:5200427,Delusional atmosphere,妄想心境,
HP:5200428,Delusional misidentification,妄想性误认,
HP:5200429,Religious delusion,宗教妄想,
HP:5200430,Abnormal psychotic pattern,异常精神病模式,
HP:5201000,Incomplete unilateral cleft lip,不完全性单侧唇裂,
HP:5201001,Complete unilateral cleft lip,完全性单侧唇裂,
HP:5201002,Microform unilateral cleft lip,微型单侧唇裂,
HP:5201003,Complete cleft hard palate,完全性硬腭裂,
HP:5201004,Incomplete cleft hard palate,不完全性硬腭裂,
HP:5201005,Complete cleft soft palate,完全性软腭裂,
HP:5201006,Incomplete cleft soft palate,不完全性软腭裂,
HP:5201007,Incomplete cleft maxillary alveolar ridge,不完全性上颌牙槽嵴裂,
HP:5201008,Complete cleft maxillary alveolar ridge,完全性上颌牙槽嵴裂,
HP:5201009,Complete cleft of the upper lip,完全性上唇裂,
HP:5201010,Microform cleft of the upper lip,微型上唇裂,
HP:5201011,Complete bilateral cleft lip,完全性双侧唇裂,
HP:5201012,Incomplete bilateral cleft lip,不完全性双侧唇裂,
HP:5201013,Microform bilateral cleft lip,微型双侧唇裂,
HP:5201014,Asymmetric bilateral cleft lip,双侧不对称唇裂,
HP:5201015,Craniofacial cleft,颅面裂,
HP:5201016,Submucous cleft palate,黏膜下颚裂,
HP:6000000,Left-right disorientation,左右定向障碍,
HP:6000001,Elevated circulating DNAJB9 protein concentration,循环DNAJB9蛋白浓度升高,
HP:6000002,Olecranon fracture,尺骨鹰嘴骨折,
HP:6000003,History of mastectomy,乳房切除术史,
HP:6000004,Lymphangiosarcoma,淋巴管肉瘤,
HP:6000005,Exposure to inhaled lipids,油脂吸入史,
HP:6000006,Holster sign,枪套征,
HP:6000007,Salivary basal cell adenoma,唾液腺基底细胞腺瘤,
HP:6000008,Hemidiaphragm elevation,膈肌抬高,
HP:6000009,Cerebriform connective tissue nevus,脑回状结缔组织痣,
HP:6000010,Linear Hyperpigmentation along Blaschko's lines,沿着Blaschko线的线性色素沉着过度,
HP:6000011,Excessive guilt,过度内疚,
HP:6000012,Mediastinal shift,纵隔移位,
HP:6000013,Bendopnea,俯身呼吸困难,
HP:6000014,Pain worse when lying flat,平躺时疼痛加剧,
HP:6000015,Tympanic membrane hypermobility,鼓膜过度活动,
HP:6000016,Elevated circulating vitamin B12 concentration,循环维生素B12水平升高,
HP:6000017,Elevated circulating soluble FASL concentration,循环可溶性FASL水平升高,
HP:6000018,Internal anal sphincter achalasia,肛门内括约肌失弛缓症,
HP:6000019,Anthracycline exposure,蒽环类药物治疗史,
HP:6000020,Binge drinking,酗酒,
HP:6000021,Decreased circulating thrombopoietin concentration,循环促血小板生成素浓度降低,
HP:6000022,Collagenoma,胶原瘤,
HP:6000023,Lack of sufficient daily physical activity,缺乏充足的日常锻炼,
HP:6000024,Synesthesia,联觉,
HP:6000025,Dark cerumen,深色耵聍,
HP:6000026,History of spicy food intake,辛辣食物摄入史,
HP:6000027,Oil-drop brown pigmentation of the corneal limbus,角膜边缘油滴样棕色色素沉着,
HP:6000028,Hazardous alcohol use,危险饮酒,
HP:6000029,Social anxiety,社交焦虑,
HP:6000030,Placidity,平静,
HP:6000031,Phaeohyphomycosis,暗色丝孢霉病,
HP:6000032,Autophony,自噬,
HP:6000033,High altitude exposure,高海拔暴露,
HP:6000034,History of recent hospitalization,近期住院史,
HP:6000035,Palpitations terminated by Valsava maneuver,瓦尔萨瓦动作可终止心悸,
HP:6000036,Long telomere length,端粒长,
HP:6000037,Reduced circulating aromatic L-amino acid decarboxylase activity,循环芳香族L-氨基酸脱羧酶活性降低,
HP:6000038,Subclavian artery stenosis,锁骨下动脉狭窄,
HP:6000039,Pulsatile liver,肝脏搏动,
HP:6000040,Neuropathic pain,神经病理性疼痛,
HP:6000041,Repeated cold water exposure,反复接触冷水,
HP:6000042,Tinnitus exacerbated by swallowing,吞咽引起耳鸣加重,
HP:6000043,Rhythmic movements of the tympanic membrane,鼓膜节律性搏动,
HP:6000044,Elongated temporal styloid process,颞骨茎突过长,
HP:6000045,Ameliorated by nitroglycerin,硝酸甘油可改善,
HP:6000046,Pulsus paradoxus,奇脉,
HP:6000047,Chest pain triggered by palpitation,心悸触发胸痛,
HP:6000048,Chest pain described as pressure,压迫感胸痛,
HP:6000049,Chest pain described as ripping or tearing,撕裂或撕扯感胸痛,
HP:6000050,Ameliorated by flexion,屈曲可改善,
HP:6000051,Located on the chest,位于胸部,
HP:6000052,Localized to the penis,局限于阴茎,
HP:6000053,Snowstorm pattern of uterus on ultrasound,超声显示暴风雪型子宫,
HP:6000054,Multiparity,多产,
HP:6000055,Exposure to aquatic animals,接触水生动物,
HP:6000056,Superficial blush-like subcutaneous fatty lesions,浅表红晕状皮下脂肪病变,
HP:6000057,Dermal multinucleated giant cells,真皮多核巨细胞,
HP:6000058,Exacerbation of eyelid lesion by crying,哭泣导致眼睑病变恶化,
HP:6000059,Localized to upper eyelid,局限于上眼睑,
HP:6000060,Aerophagia,吞气症,
HP:6000061,Vaginal passage of hydatidiform mole tissue,葡萄胎组织经阴道排出,
HP:6000062,Abnormal nipple discharge,乳头分泌物异常,
HP:6000063,Hepatolithiasis,肝内胆管结石,
HP:6000064,Excessive eructation,频繁呃逆,
HP:6000065,Esophageal fibrosis,食管纤维化,
HP:6000066,Triggered by extension of leg,腿部伸展触发,
HP:6000067,Increased myocardial pyrophosphate uptake,心肌焦磷酸盐摄取增加,
HP:6000068,Ameliorated by nerve block,神经阻滞可改善,
HP:6000069,Brief tear break-up time,泪膜破裂时间短,
HP:6000070,Cutaneous granuloma,皮肤肉芽肿,
HP:6000071,Heterotopic dermal ossification,皮肤异位骨化,
HP:6000072,Thinning of outer muscular layer of small bowel,小肠外肌层变薄,
HP:6000073,Renal lymphangiectasia,肾淋巴管扩张,
HP:6000074,Pharyngeal myxoma,咽部黏液瘤,
HP:6000075,Subcutaneous arteriolar thrombosis,皮下小动脉血栓形成,
HP:6000076,Renal vasculitis,肾血管炎,
HP:6000077,Pancreatic islet beta cell iron deposition,胰岛β细胞铁沉积,
HP:6000078,Nasal hamartoma,鼻错构瘤,
HP:6000079,Metachromatic intraneuronal lipid deposits,异染性神经元内脂质沉积,
HP:6000080,Reduced phosphoserine phosphatase activity in cultured fibroblasts,培养成纤维细胞中磷酸丝氨酸磷酸酶活性降低,
HP:6000081,Reduced alpha-aminoadipic semialdehyde synthase activity in cultured fibroblasts,培养成纤维细胞中α-氨基己二酸半醛合酶活性降低,
HP:6000082,Reduced hepatic beta-ureidopropionase activity,肝脏β-脲基丙酮酶活性降低,
HP:6000083,Reduced hepatic dihydropyrimidinase activity,肝脏二氢嘧啶酶活性降低,
HP:6000084,Sunken fontanelle,囟门凹陷,
HP:6000085,Angulation of penis,阴茎异常弯曲,
HP:6000086,History of urethral procedure or catheterization,尿道手术或导尿史,
HP:6000087,Penile swelling,阴茎肿胀,
HP:6000088,"Reduced muscle alpha-1,4-glucosidase activity","肌肉α-1,4-葡萄糖苷酶活性降低",
HP:6000089,Brown tumor,棕色瘤,
HP:6000090,Dermal flame figures,真皮火焰图案,
HP:6000091,Postpartum exacerbation,产后加重,
HP:6000092,Retinoid exposure,维甲酸接触史,
HP:6000093,Propylthiouracil exposure,丙基硫氧嘧啶接触史,
HP:6000094,History of outdoor activities,户外活动史,
HP:6000095,Draining sinus tract in skin,皮肤引流窦道,
HP:6000096,Corneal transplant history,角膜移植史,
HP:6000097,Spontaneous lens capsule rupture,自发性晶状体囊破裂,
HP:6000098,Contact lens wearer,隐形眼镜佩戴者,
HP:6000099,Airway mucosal thickening,气道黏膜增厚,
HP:6000100,Hyperpolarized transepithelial nasal potential difference,经上皮鼻黏膜电位差过极化,
HP:6000101,Corneopalpebral synechiae,角膜眼睑黏连,
HP:6000102,Breast intraductal papilloma,乳腺导管内乳头状瘤,
HP:6000103,Precipitous labor,急产,
HP:6000104,Twin pregnancy,双胎妊娠,
HP:6000105,Vaginal mass,阴道肿块,
HP:6000106,Costovertebral angle tenderness,肋脊角压痛,
HP:6000107,Cervical motion tenderness,宫颈举痛,
HP:6000108,Abnormal penile discharge,阴茎分泌物异常,
HP:6000109,Supernumerary finger flexion crease,多指屈曲皱折,
HP:6000110,Large joint predominance,大关节为主,
HP:6000111,Monoarticular,单关节的,
HP:6000112,Hockey-stick palmar crease,曲棍球棍样掌纹,
HP:6000113,Elevated urinary succinyladenosine level,尿琥珀酰腺苷水平升高,
HP:6000114,Elevated urinary 5-hydroxymethyluracil level,尿5-羟甲基尿嘧啶水平升高,
HP:6000115,Decreased urine creatinine level,尿肌酐水平降低,
HP:6000116,Elevated urinary deoxyuridine level,尿脱氧尿苷水平升高,
HP:6000118,Elevated urinary dihydrouracil level,尿液二氢尿嘧啶水平升高,
HP:6000119,Elevated urinary dihydrothymine level,尿液二氢胸腺嘧啶水平升高,
HP:6000120,Elevated urinary sulfatide level,尿硫脂水平升高,
HP:6000121,Elevated urinary xanthurenic acid level,尿黄尿酸水平升高,
HP:6000122,Increased urinary N-acetylglucosamine-rich oligosaccharide level,尿富含N-乙酰葡萄糖胺的寡糖水平升高,
HP:6000123,Elevated urinary 2'-deoxyadenosine level,尿2'-脱氧腺苷水平升高,
HP:6000124,"Positive 2,4-dinitrophenylhydrazine urine test","2,4-二硝基苯肼尿检阳性",
HP:6000125,Elevated urinary dolichol level,尿多萜醇水平升高,
HP:6000126,Decreased urinary bile acid level,尿胆汁酸水平降低,
HP:6000127,Elevated urinary creatine/creatinine ratio,尿肌酸/肌酐比值升高,
HP:6000128,Elevated urinary thymidine level,尿胸腺嘧啶水平升高,
HP:6000129,Elevated urinary glutarylglycine level,尿戊二酰甘氨酸水平升高,
HP:6000130,Elevated urinary indican level,尿靛蓝水平升高,
HP:6000131,Dacrolith,泪腺石,
HP:6000132,Reduced erythrocyte gamma-glutamyl cysteine synthetase activity,红细胞γ-谷氨酰半胱氨酸合成酶活性降低,
HP:6000133,Decreased erythrocyte nicotinamide adenine dinucleotide-cytochrome b5 reductase activity,红细胞烟酰胺腺嘌呤二核苷酸-细胞色素b5还原酶活性降低,
HP:6000134,Reduced alpha-methylacyl-CoA racemase activity in cultured fibroblasts,培养成纤维细胞中α -甲基酰基辅酶A消旋酶活性降低,
HP:6000135,Low semen volume,精液量减少,
HP:6000136,Elbow localization,肘部定位,
HP:6000137,Enlarged lunula,甲半月扩大,
HP:6000138,Heel localization,足跟定位,
HP:6000139,Splinter hemorrhages,甲床下出血,
HP:6000140,Lateral thrust,膝外摆,
HP:6000141,Cerebral contusion,脑挫伤,
HP:6000142,Fecolith,粪石,
HP:6000143,Appendicitis,阑尾炎,
HP:6000144,Left ventricular aneurysm,左心室动脉瘤,
HP:6000145,Boot-shaped cardiac silhouette,靴形心脏轮廓,
HP:6000146,Hydrosalpinx,输卵管积水,
HP:6000147,Elevated methylhex-dienedioic level by MRS,磁共振波谱显示甲基己二烯二酸水平升高,
HP:6000148,Perihepatic enhancement,肝周增强,
HP:6000149,Reduced in vitro contracture test threshold,体外收缩试验阈值降低,
HP:6000150,Reduced F-wave amplitude,F波振幅减小,
HP:6000151,Enlarged peroxisomes,过氧化物酶体增大,
HP:6000152,Adrenocortical hyperplasia,肾上腺皮质增生,
HP:6000153,Lymphocytic infiltration of the parotid gland,腮腺淋巴细胞浸润,
HP:6000154,Bone marrow granuloma,骨髓肉芽肿,
HP:6000155,Neuronal intranuclear inclusion bodies,神经元核内包涵体,
HP:6000156,Pancreatic atrophy,胰腺萎缩,
HP:6000157,Decreased pancreatic acinar cell density,胰腺腺泡细胞密度降低,
HP:6000158,Unesterified cholesterol accumulation in cultured fibroblasts,培养成纤维细胞未酯化胆固醇积累,
HP:6000159,Hepatic lipid-laden macrophage infiltration,肝脏载脂巨噬细胞浸润,
HP:6000160,Splenic lipid-laden macrophage infiltration,脾载脂巨噬细胞浸润,
HP:6000161,Reduced hepatic N-acetylglutamate synthase activity,肝脏N-乙酰谷氨酸合成酶活性降低,
HP:6000162,Excessive licorice consumption,过量摄入甘草,
HP:6000163,Shoulder localization,肩部定位,
HP:6000164,Pregnancy conceived despite intrauterine device,宫内节育器置入后仍怀孕,
HP:6000165,Maternal folate deficiency,妊娠期叶酸缺乏,
HP:6000166,Maternal zinc deficiency,母体锌缺乏,
HP:6000167,Use of intrauterine device,使用宫内节育器,
HP:6000168,History of recent central venous catheter,近期中心静脉置管史,
HP:6000169,History of total parenteral nutrition dependence,全肠外营养依赖史,
HP:6000170,Pain alleviated by testicle elevation,睾丸抬高可缓解疼痛,
HP:6000171,Abdominal wall mass,腹壁肿块,
HP:6000172,Tympanic membrane bulging,鼓膜膨出,
HP:6000173,Ear pain exacerbated by manipulating tragus or pinna,按压耳屏或耳廓会加剧耳痛,
HP:6000174,Lateral neck mass,颈侧区肿块,
HP:6000175,Occipital location,枕骨区,
HP:6000176,Anterior neck swelling,颈前肿胀,
HP:6000177,Uvular swelling,悬壅垂肿胀,
HP:6000178,Purulent drainage from Stensen duct,腮腺管脓性引流,
HP:6000179,History of gastric bypass surgery,胃旁路手术史,
HP:6000180,Triggered by volatile organic compounds,由挥发性有机化合物触发,
HP:6000181,History of radiation therapy,放射治疗史,
HP:6000182,Absent otoacoustic emissions,无耳声发射,
HP:6000183,Thickened tympanic membrane,鼓膜增厚,
HP:6000184,Filum terminale lipoma,终丝纤维脂肪瘤,
HP:6000185,Low tetrahydrocortisol (THF) plus 5-alpha-THF/tetrahydrocortisone (THE) ratio,四氢皮质醇（THF）加5-alpha-THF/四氢可的松（THE）比率低,
HP:6000186,Anti-soluble liver antigen/liver pancreas antibody positivity,抗可溶性肝抗原/肝胰抗体阳性,
HP:6000187,Anti-thrombospondin type I domain-containing 7A antibody positivity,抗血小板反应蛋白I型结构域7A抗体阳性,
HP:6000188,Antisperm antibody positivity,抗精子抗体阳性,
HP:6000189,Decreased circulating ficolin 3 concentration,循环纤维蛋白胶凝素-3水平降低,
HP:6000190,Abnormal seminal vesicle morphology,精囊形态异常,
HP:6000191,Seminal vesicle cyst,精囊囊肿,
HP:6000192,Silica dust exposure,二氧化硅粉尘接触史,
HP:6000193,Anti-osteoprotegerin antibody positivity,抗骨保护素抗体阳性,
HP:6000194,History of adrenalectomy,肾上腺切除术史,
HP:6000195,Elevated mitochondrial citrate synthase synthase activity,线粒体柠檬酸合成酶活性升高,
HP:6000196,Reduced muscle lactate dehydrogenase activity,肌肉乳酸脱氢酶活性降低,
HP:6000197,Reduced muscle phosphoglycerate mutase activity,肌肉磷酸甘油酸变位酶活性降低,
HP:6000198,Reduced muscle phosphorylase kinase activity,肌肉磷酸化酶激酶活性降低,
HP:6000199,Reduced 3-beta-hydroxysteroid-delta-5-desaturase activity in cultured fibroblasts,培养成纤维细胞中3-β-羟基类固醇-δ-5-去饱和酶活性降低,
HP:6000200,Reduced hepatic glucose-6-phosphatase activity,肝脏葡萄糖-6-磷酸酶活性降低,
HP:6000201,Reduced hepatic glucose-6-phosphate translocase activity,肝脏葡萄糖-6-磷酸转位酶活性降低,
HP:6000202,Cerebrospinal fluid erythrocytes,脑脊液红细胞,
HP:6000203,Elevated CSF cholestanol concentration,脑脊液胆甾烷醇水平升高,
HP:6000204,Elevated CSF apolipoprotein B concentration,脑脊液载脂蛋白B浓度升高,
HP:6000205,Elevated CSF myelin basic protein concentration,脑脊液髓鞘碱性蛋白浓度升高,
HP:6000206,Reduced CSF pyridoxal-5'-phosphate concentration,脑脊液吡哆醛-5'-磷酸水平降低,
HP:6000207,Elevated CSF thymine concentration,脑脊液胸腺嘧啶浓度升高,
HP:6000208,Elevated CSF 5-hydroxymethyluracil concentration,脑脊液5-羟甲基尿嘧啶水平升高,
HP:6000209,Elevated CSF N-carbamyl-beta-aminoisobutyric acid concentration,脑脊液N-氨基甲酰-β-氨基异丁酸浓度升高,
HP:6000210,Elevated CSF N-carbamyl-beta-alanine concentration,脑脊液N-氨基甲酰-β-丙氨酸水平升高,
HP:6000211,Elevated CSF dihydrouracil concentration,脑脊液二氢尿嘧啶水平升高,
HP:6000212,Elevated CSF dihydrothymine concentration,脑脊液二氢胸腺嘧啶水平升高,
HP:6000213,Elevated circulating Angiotensin-converting enzyme concentration,循环血管紧张素转换酶浓度升高,
HP:6000214,Decreased 3-hydroxyisobutyrate dehydrogenase activity,3-羟基异丁酸脱氢酶活性降低,
HP:6000215,Reduced circulating 3-hydroxyisobutyryl-CoA hydrolase activity,循环3-羟基异丁酰辅酶A水解酶活性降低,
HP:6000216,Reduced HMG-CoA lyase activity in cultured fibroblasts,培养成纤维细胞HMG-CoA裂解酶活性降低,
HP:6000217,Reduced circulating acyl-CoA oxidase activity,循环酰基辅酶A氧化酶活性降低,
HP:6000218,Reduced circulating xanthine oxidase activity,循环黄嘌呤氧化酶活性降低,
HP:6000219,Reduced methylmalonate semialdehyde dehydrogenase activity in cultured fibroblasts,培养成纤维细胞中甲基丙二酸半醛脱氢酶活性降低,
HP:6000220,Pharyngeal mass,咽部肿块,
HP:6000221,Positive stool occult blood test,粪便隐血试验阳性,
HP:6000222,Painful defecation,排便疼痛,
HP:6000223,Recent history of caustic substance ingestion,近期腐蚀性物质摄入史,
HP:6000224,Delayed passage of meconium,胎粪排出延迟,
HP:6000225,Single second heart sound,第二心音单一,
HP:6000226,Elevated aortic transvalvular pressure gradient,主动脉跨瓣压力梯度升高,
HP:6000227,Prosthetic heart valve,人工心脏瓣膜,
HP:6000228,Failure to increase oxygen saturation on hyperoxia test,高氧试验氧饱和度未提高,
HP:6000229,High-set nipples,高位乳头,
HP:6000230,Decreased muscle caveolin-3 level,肌肉Caveolin-3水平降低,
HP:6000231,Abnormal tissue enzyme concentration or activity,组织酶浓度或活性异常,
HP:6000232,Splenic necrosis,脾坏死,
HP:6000233,Carcinoid tumor of the pancreas,胰腺类癌,
HP:6000234,Elevated circulating dihydroxyphenylacetic acid concentration,循环二羟基苯乙酸浓度升高,
HP:6000235,Inappropriately low concentration of acetoacetate,乙酰乙酸浓度过低,
HP:6000236,Inappropriately low concentration of beta-hydroxybutyrate,β-羟基丁酸浓度过低,
HP:6000237,Elevated circulating 3-hydroxybutyryl-carnitine concentration,循环3-羟基丁基肉碱水平升高,
HP:6000238,Elevated CSF 5-amino-4-imidazolecarboxyamide concentration,脑脊液5-氨基-4-咪唑甲酰胺浓度升高,
HP:6000239,Elevated circulating tumor necrosis factor alpha concentration,循环肿瘤坏死因子α浓度升高,
HP:6000240,Reduced circulating pyrimidine 5-prime-nucleotidase activity,循环嘧啶5’端核苷酸酶活性降低,
HP:6000241,Diminished prolactin response to thyrotrophin-releasing hormone stimulation,催乳素对促甲状腺激素释放激素刺激的反应减弱,
HP:6000242,Decreased circulating complement component 1s concentration,循环补体成分1s浓度降低,
HP:6000243,Reduced circulating cortisol-binding globulin concentration,循环皮质醇结合球蛋白水平降低,
HP:6000244,Decreased circulating thyroglobulin concentration,循环甲状腺球蛋白水平降低,
HP:6000245,Elevated circulating granulocyte-macrophage colony-stimulating factor concentration,循环粒细胞-巨噬细胞集落刺激因子水平升高,
HP:6000246,Elevated CSF D-2-hydroxyglutaric acid concentration,脑脊液D-2-羟基戊二酸水平升高,
HP:6000247,Esophageal mass,食管肿块,
HP:6000248,Synovial fluid crystals,关节液结晶,
HP:6000249,Enlarged gastric folds,胃皱襞增大,
HP:6000250,Gastric intraepithelial lymphocytosis,胃上皮内淋巴细胞增多,
HP:6000251,Small intestinal intraepithelial lymphocytosis,小肠上皮内淋巴细胞增多症,
HP:6000252,Fetal lung hyperechogenicity,胎儿肺高回声,
HP:6000253,Necrotizing vasculitis,坏死性血管炎,
HP:6000254,Abnormal proximal convoluted tubule morphology,近曲小管形态异常,
HP:6000255,Demonstration of Leishmania in tissue,组织中发现利什曼原虫,
HP:6000256,Pneumocystis cysts in respiratory secretions,呼吸道分泌物中的肺孢子虫包囊,
HP:6000257,Spinal cord granuloma,脊髓肉芽肿,
HP:6000258,Impaired folate absorption,叶酸吸收受损,
HP:6000259,Positive hydrogen breath test,氢呼气试验阳性,
HP:6000260,History of recent plant thorn skin puncture,近期皮肤有带刺植物刺破史,
HP:6000261,Absent circulating immunoglobulin kappa chain,循环免疫球蛋白κ链缺失,
HP:6000262,Pseudoglioma,假性神经胶质瘤,
HP:6000263,Papillary dermal edema,真皮乳头层水肿,
HP:6000264,Fetal tachycardia,胎儿心动过速,
HP:6000265,Elevated urinary 3-hydroxykynurenine level,尿液3-羟基犬尿氨酸水平升高,
HP:6000266,2-oxoadipic aciduria,2-氧代己二酸尿症,
HP:6000267,Elevated circulating methionine sulfoxide concentration,循环甲硫氨酸亚砜浓度升高,
HP:6000268,Elevated circulating pipecolic acid concentration,循环哌啶酸水平升高,
HP:6000269,Elevated urinary pipecolic acid level,尿哌啶羧酸水平升高,
HP:6000270,Elevated CSF saccharopine concentration,脑脊液酵母氨酸水平升高,
HP:6000271,Elevated circulating glycylproline concentration,循环甘氨酰脯氨酸水平升高,
HP:6000272,Elevated circulating octanoylcarnitine concentration,循环辛酰基肉碱水平升高,
HP:6000273,Elevated circulating decanoylcarnitine concentration,循环癸酰肉碱水平升高,
HP:6000274,2--hydroxyphenylacetic aciduria,2-羟基苯乙酸尿症,
HP:6000275,4-hydroxyphenyllactic aciduria,4-羟基苯乳酸尿症,
HP:6000277,Elevated CSF beta-alanine concentration,脑脊液β-丙氨酸水平升高,
HP:6000278,Elevated circulating 2-aminoadipic acid concentration,循环2-氨基己二酸水平升高,
HP:6000279,Elevated urinary N-carbamoyl-beta-alanine level,尿N-氨基甲酰-β-丙氨酸水平升高,
HP:6000280,Elevated CSF cystathionine concentration,脑脊液胱硫氨酸水平升高,
HP:6000281,Elevated urinary gamma-glutamylphenylalanine level,尿γ-谷氨酰苯丙氨酸水平升高,
HP:6000282,Elevated circulating aspartylglucosamine concentration,循环天冬氨酰葡萄糖胺水平升高,
HP:6000283,Elevated urinary saccharopine level,尿酵母氨酸水平升高,
HP:6000284,Tectal plate enlargement,顶盖增大,
HP:6000285,Retroperitoneal mass,腹膜后肿块,
HP:6000286,Focal T1 hyperintense brainstem lesion,局灶性T1高信号脑干病变,
HP:6000287,Subchondral fracture,软骨下骨折,
HP:6000288,Deep neck abscess,颈深部脓肿,
HP:6000289,Epiglottic enlargement,会厌增大,
HP:6000290,Prevertebral space enlargement,椎前间隙增大,
HP:6000291,Third cranial nerve thickening,第三对脑神经增厚,
HP:6000292,Elevated tissue sphingomyelin concentration,组织鞘磷脂水平升高,
HP:6000293,History of recent iodated contrast medium administration,近期碘造影剂使用史,
HP:6000294,Difficulty passing nasogastric tube,鼻胃管插入困难,
HP:6000295,Persistent falcine venous sinus,持续性镰状静脉窦,
HP:6000296,Penis uncircumcised,未割包皮的阴茎,
HP:6000297,History of facial cosmetic use,面部化妆品使用史,
HP:6000298,Snapping sensation at metacarpophalangeal joint,掌指关节弹响感,
HP:6000299,Forearm,前臂,
HP:6000300,Rotational fracture,螺旋性骨折,
HP:6000301,Localized over bony prominences,局限于骨突处,
HP:6000302,History of compressive footwear,穿压迫性鞋类史,
HP:6000303,Decreased skin turgor,皮肤弹性降低,
HP:6000304,Recent foraged mushroom consumption,近期采食蘑菇史,
HP:6000305,Proximal to distal progression,近端至远端进展,
HP:6000306,Autonomic-voluntary dissociation of facial movements,面部自主-随意运动分离,
HP:6000307,Jaw mass,下颌肿块,
HP:6000308,Excessive nocturnal light exposure,夜间光照过度,
HP:6000309,Menstruating female between menarche and menopause,月经初潮至更年期之间的育龄女性,
HP:6000310,Preterm premature rupture of membranes,胎膜早破,
HP:6000311,History of abdominal surgery,腹部手术史,
HP:6000312,Thickened Descemet membrane,角膜后弹力层增厚,
HP:6000313,Incomplete right bundle branch block,不完全性右束支传导阻滞,
HP:6000314,Perimenopausal onset,围绝经期发病,
HP:6000315,Postmenopausal onset,绝经后发病,
HP:6000316,Spastic monoplegia,痉挛性单瘫,
HP:6000317,Mosaic attenuation pattern in lung,肺部马赛克衰减模式,
HP:6000318,Elevated aldosterone:renin ratio,醛固酮与肾素比率升高,
HP:6000319,Meteorism,肠胀气,
HP:6000320,Failure to elevate ammonia on ischemic exercise,缺血性运动中氨水平未升高,
HP:6000321,Labile Hypertension,不稳定性高血压,
HP:6000322,Absent axon flare response after intradermal histamine injection,皮内注射组胺后轴突耀斑反应缺失,
HP:6000323,Reduced sympathoneural responses to the cold pressor test,冷加压试验的交感神经反应降低,
HP:6000324,Positive stool Giardia antigen test,粪便贾第鞭毛虫抗原检测阳性,
HP:6000325,Excessive blood loss during delivery,分娩时失血过多,
HP:6000326,Cardiac valve vegetations,心脏瓣膜赘生物,
HP:6000327,Thoracic cage flatness,胸廓扁平,
HP:6000328,Absent zona pellucida,透明带缺如,
HP:6000329,Umbilical cord prolapse,脐带脱垂,
HP:6000330,Increased ratio of deoxypyridinoline to pyridinoline cross-links in urine,尿液脱氧吡啶啉与吡啶啉交联物的比率升高,
HP:6000331,Elevated urinary thymine level,尿液胸腺嘧啶水平升高,
HP:6000332,Elevated urinary indoleacetic acid level,尿液吲哚乙酸水平升高,
HP:6000333,Reduced hepatic phosphorylase kinase activity,肝磷酸化酶激酶活性降低,
HP:6000334,Reduced hepatic ornithine transcarbamylase activity,肝脏鸟氨酸氨甲酰转移酶活性降低,
HP:6000335,Elevated urinary quinolinic acid level,尿液喹啉酸水平升高,
HP:6000336,Rectal duplication,直肠重复畸形,
HP:6000337,Thinned small intestinal mucosa,小肠黏膜变薄,
HP:6000338,Seminal vesicle hypoplasia,精囊发育不全,
HP:6000339,Small fetal abdominal circumference,胎儿腹围小,
HP:6000340,Prenatal flattened diaphragm,产前膈肌扁平,
HP:6000341,Snowflake effect in amniotic cavity,羊膜腔雪花效应,
HP:6000342,Thickened mitral valve cusp,二尖瓣瓣尖增厚,
HP:6000343,Antiparietal cell antibody positivity,抗壁细胞抗体阳性,
HP:6000344,Anti-intrinsic factor antibody positivity,抗内因子抗体阳性,
HP:6000345,Anti-human immunodeficiency virus antibody positivity,抗人类免疫缺陷病毒抗体阳性,
HP:6000346,Anti-polio virus antibody positivity,抗脊髓灰质炎病毒抗体阳性,
HP:6000347,Anti-NR2A antibody positivity,抗NR2A抗体阳性,
HP:6000348,Antistreptolysin O antibody positivity,抗链球菌溶血素O抗体阳性,
HP:6000349,Reduced tissue tissue AICAR transformylase activity,组织5-氨基咪唑-4-羧酰胺核糖核苷酸（AICAR）转化酶活性降低,
HP:6000350,Ameliorated by gastric acid-reducing therapy,通过胃酸抑制疗法得到改善,
HP:6000351,Anti-coagulation factor antibody positivity,抗凝血因子抗体阳性,
HP:6000352,Tachyphagia,快速吞咽,
HP:6000353,Reduced tissue argininosuccinate synthetase activity,组织精氨酸琥珀酸合成酶活性降低,
HP:6000354,Reduced aspartoacylase activity in cultured fibroblasts,培养成纤维细胞中天冬氨酸酰化酶活性降低,
HP:6000355,Reduced malonyl-CoA decarboxylase activity in cultured fibroblasts,培养成纤维细胞丙二酰辅酶A脱羧酶活性降低,
HP:6000356,Reduced tissue medium-chain acyl-CoA dehydrogenase activity,组织中链酰基辅酶A脱氢酶活性降低,
HP:6000357,Reduced cystathionine beta-synthase activity in cultured fibroblasts,培养成纤维细胞中半胱硫氨酸-β-合成酶活性降低,
HP:6000358,Reduced muscle glycogen phosphorylase activity,肌糖原磷酸化酶活性降低,
HP:6000359,Reduced muscle 6-phosphofructokinase activity,肌肉6-磷酸果糖激酶活性降低,
HP:6000360,Reduced tissue alpha-N-acetylglucosaminidase activity,组织α-N-乙酰氨基葡糖酶活性降低,
HP:6000361,Reduced succinyl-CoA:3-oxoacid-CoA transferase activity in cultured fibroblasts,培养成纤维细胞中琥珀酰辅酶A3-酮酸辅酶A转移酶活性降低,
HP:6000362,Blunted aldosterone response to aldosterone suppression test,醛固酮抑制试验中醛固酮反应减弱,
HP:6000363,Flank mass,侧腹肿块,
HP:6000364,Synovial cyst,滑膜囊肿,
HP:6000365,Brown pigmentation of the conjunctiva,结膜褐色色素沉着,
HP:6000366,Gastrocnemius contracture,腓肠肌挛缩,
HP:6000367,Central thinning of the outer nuclear layer of the retina,视网膜外核层中央变薄,
HP:6000368,Sonographic renal salt and pepper pattern,肾脏椒盐样超声,
HP:6000369,Ductus venosus agenesis with intrahepatic drainage,静脉导管发育不全伴肝内引流,
HP:6000370,Ductus venosus agenesis with extrahepatic drainage and liver bypass,静脉导管发育不全伴肝外引流及肝旁路,
HP:6000371,Elevated circulating D-glyceric concentration,循环D-甘油水平升高,
HP:6000372,Elevated CSF D-glyceric acid concentration,脑脊液D-甘油酸水平升高,
HP:6000373,Ameliorated by riboflavin,核黄素缓解,
HP:6000374,Increased circulating interleukin 1beta concentration,循环白介素1β水平升高,
HP:6000375,Reduced neutrophil myeloperoxidase activity,中性粒细胞髓过氧化物酶活性降低,
HP:6000376,Jugular foramen stenosis,颈静脉孔狭窄,
HP:6000377,Intramural intestinal gas,肠内气体,
HP:6000378,Delayed scintigraphic gallbladder filling,胆囊闪烁显像充盈延迟,
HP:6000379,Pancreatic arteriovenous malformation,胰腺动静脉畸形,
HP:6000380,Anti-perilipin-1 antibody positivity,抗围脂滴蛋白-1抗体阳性,
HP:6000381,Splenic calcification,脾钙化,
HP:6000382,Short esophagus,短食管,
HP:6000383,Gastric perforation,胃穿孔,
HP:6000384,Gastric volvulus,胃扭转,
HP:6000385,Elevated circulating soluble CD163 concentration,循环可溶性CD163水平升高,
HP:6000386,Positive cold agglutinin test,冷凝集素试验阳性,
HP:6000387,Anti-D-L antibody positivity,抗DL抗体阳性,
HP:6000388,Anti-erythrocyte autoantibody positivity,抗红细胞自身抗体阳性,
HP:6000389,Non-glucose reducing substance in urine,尿非葡萄糖还原物质,
HP:6000390,Elevated urinary succinylaminoimidazole carboxamide riboside level,尿琥珀酰氨基咪唑酰胺核苷水平升高,
HP:6000391,Elevated urine hyaluronic acid level,尿透明质酸水平升高,
HP:6000392,Elevated urinary methylmalonylcarnitine level,尿液甲基丙二酰肉碱水平升高,
HP:6000393,Elevated urine trihydroxycholestanoic acid level,尿三羟基胆甾酸水平升高,
HP:6000394,Elevated CSF ammonia concentration,脑脊液氨水平升高,
HP:6000395,Positive CSF VDRL test,脑脊液VDRL检测阳性,
HP:6000396,Elevated CSF guanidinoacetic acid concentration,脑脊液胍基乙酸水平升高,
HP:6000397,CSF oligoclonal immunoglobulin G bands,脑脊液寡克隆免疫球蛋白G带,
HP:6000398,Decreased CSF 3-methoxy-4-hydroxyphenylglycolaldehyde concentration,脑脊液3-甲氧基-4-羟基苯基乙醇醛水平降低,
HP:6000399,Elevated CSF alpha-crystallin B chain concentration,脑脊液α-晶体蛋白B链浓度升高,
HP:6000400,Reduced CSF creatine concentration,脑脊液肌酐浓度降低,
HP:6000401,Reduced circulating protein Z concentration,循环蛋白Z浓度降低,
HP:6000402,Elevated circulating 27-hydroxycholesterol concentration,循环27-羟基胆固醇浓度升高,
HP:6000403,Elevated circulating lysophosphatidylcholine concentration,循环溶血磷脂酰胆碱水平升高,
HP:6000404,Reduced circulating insulin-like growth factor 2 concentration,循环胰岛素样生长因子2水平降低,
HP:6000405,Decreased circulating nicotinamide adenine dinucleotide concentration,循环烟酰胺腺嘌呤二核苷酸水平降低,
HP:6000406,Diminished circulating reduced nicotinamide adenine dinucleotide (NADH) concentration,循环烟酰胺腺嘌呤二核苷酸(NADH)水平降低,
HP:6000407,Elevated circulating fibroblast growth factor 23 concentration,循环成纤维细胞生长因子23水平升高,
HP:6000408,Reduced CSF asparagine concentration,脑脊液天冬酰胺浓度降低,
HP:6000409,Pancreatic mass,胰腺肿块,
HP:6000410,Small intestine mass,小肠肿块,
HP:6000411,Facial nerve compression,面神经受压,
HP:6000412,Pulmonary perfusion defect,肺灌注缺损,
HP:6000413,Ectopic ureteral orifice,异位输尿管开口,
HP:6000414,Duplicate uterine cervix,子宫颈重复,
HP:6000415,Intradural spinal lipoma,硬膜内脊髓脂肪瘤,
HP:6000416,T2 hyperintense cerebellar lesion,T2高信号小脑病变,
HP:6000417,Inferior vena cava obstruction,下腔静脉阻塞,
HP:6000418,Rheumatoid nodule,类风湿结节,
HP:6000419,Elevated circulating proinsulin concentration,循环胰岛素原水平升高,
HP:6000420,Burning eye sensation,眼部烧灼感,
HP:6000421,Collarettes,睫状区,
HP:6000422,Tympanic membrane bulla,鼓膜大疱,
HP:6000423,Beard and mustache distribution,胡须分布,
HP:6000424,Kerion,毛癣菌感染性脓肿,
HP:6000425,Truncal location,躯干部位,
HP:6000426,Reduced Acyl-CoA:dihydroxyacetone phosphate acyltransferase activity in cultured fibroblasts,培养成纤维细胞中酰基辅酶A：二羟基丙酮磷酸酰基转移酶活性降低,
HP:6000427,Reduced alkyl-dihydroxyacetonephosphate synthase activity in cultured fibroblasts,培养成纤维细胞中烷基二羟基丙酮磷酸合酶活性降低,
HP:6000428,Glomerular fibronectin deposits,肾小球纤连蛋白沉积,
HP:6000429,Renal tubular karyomegaly,肾小管核增大,
HP:6000430,Reduced tissue acetyl-CoA carboxylase activity,组织乙酰辅酶A羧化酶活性降低,
HP:6000431,Elevated urinary glycolic acid level,尿液乙醇酸水平升高,
HP:6000432,Elevated urine propionic acid level,尿液丙酸水平升高,
HP:6000433,Elevated urinary butyric acid level,尿液丁酸水平升高,
HP:6000434,Elevated urinary isovaleric acid level,尿液异戊酸水平升高,
HP:6000435,Elevated circulating alpha-ketoglutarate concentration,循环α-酮戊二酸浓度升高,
HP:6000436,Elevated circulating ghrelin concentration,循环胃生长激素释放肽水平升高,
HP:6000437,Reduced circulating stearoylcarnitine concentration,循环硬脂酰肉碱水平降低,
HP:6000438,Reduced urinary iodine level,尿液碘水平降低,
HP:6000439,Increased circulating interleukin 15 concentration,循环白细胞介素15水平升高,
HP:6000440,Reduced circulating squalene concentration,循环角鲨烯水平降低,
HP:6000441,Abnormal circulating interleukin 6 concentration,循环白细胞介素6水平异常,
HP:6000442,Abnormal circulating interleukin 12 concentration,循环白细胞介素12水平异常,
HP:6000443,Elevated blood mercury concentration,血汞水平升高,
HP:6000444,Elevated blood cadmiun concentration,血镉浓度升高,
HP:6000445,Elevated thallium concentration,铊浓度升高,
HP:6000446,Abnormal circulating CC chemokine concentration,循环CC趋化因子水平异常,
HP:6000447,Decreased CSF asialotransferrin to transferrin ratio,脑脊液去唾液酸转铁蛋白/转铁蛋白比值降低,
HP:6000448,Anti-desmocollin antibody positivity,抗桥粒芯蛋白抗体阳性,
HP:6000449,Occupational exposure to raw nonsynthetic textiles,未加工非合成纺织品的职业暴露,
HP:6000450,Rokitansky-Aschoff gallbladder sinuses,Rokitansky-Aschoff胆囊窦,
HP:6000451,Porcelain gallbladder,陶瓷样胆囊,
HP:6000452,Gallbladder adhesions,胆囊粘连,
HP:6000453,Bilioduodenal fistula,胆十二指肠瘘,
HP:6000454,Pneumobilia,气胆症,
HP:6000455,Ectopic gallstone,异位胆结石,
HP:6000456,Sleep drunkeness,醉酒样睡眠,
HP:6000457,Mallory bodies,Mallory小体,
HP:6000458,Sulfur-containing abscess,含硫脓肿,
HP:6000459,Retracted tympanic membrane,鼓膜内陷,
HP:6000460,Ectopic testis,异位睾丸,
HP:6000461,Cerebral subcortical cyst,大脑皮质下囊肿,
HP:6000462,Anti-ADAMTS13 antibody positivity,抗ADAMTS13抗体阳性,
HP:6000463,Habitual mouth breathing,习惯性张口呼吸,
HP:6000464,Squared off shoulders,方肩,
HP:6000465,Elevated urine mesaconic acid level,尿液反丁烯二酸水平升高,
HP:6000466,Elevated urine 3-methyladipic acid level,尿液3-甲基己二酸水平升高,
HP:6000467,Elevated urine D-lactate level,尿液D-乳酸水平升高,
HP:6000468,Elevated CSF alpha-ketoglutarate concentration,脑脊液α-酮戊二酸水平升高,
HP:6000469,"Elevated urine 2,3-dihydroxy-2-methylbutanoic acid level","尿液2,3-二羟基-2-甲基丁酸水平升高",
HP:6000470,Fetal oral mass,胎儿口腔肿块,
HP:6000471,Dilated ejaculatory duct,射精管扩张,
HP:6000472,Decreased Wiskott-Aldrich syndrome protein concentration in hematopoietic cells,造血细胞中Wiskott-Aldrich综合征蛋白浓度降低,
HP:6000473,Decreased FOXP3-expressing T cell count,FOXP3表达T细胞计数减少,
HP:6000474,Elevated circulating complement component concentration,循环补体成分水平升高,
HP:6000475,Anti-beta fodrin antibody positivity,抗β胞衬蛋白抗体阳性,
HP:6000476,Elevated circulating tetradecenoylcarnitine concentration,循环十四烯酰基肉碱水平升高,
HP:6000477,"Elevated urine 2-trans,4-cis-decadienoylcarnitine level",尿液2-反式，4-顺式癸二烯酰肉碱水平升高,
HP:6000478,"Elevated circulating 2-trans,4-cis-decadienoylcarnitine concentration",循环2-反式，4-顺式癸二烯酰肉毒碱水平升高,
HP:6000479,Elevated urine N-acetyltyrosine level,尿液N-乙酰酪氨酸水平升高,
HP:6000480,Elevated urine manganese level,尿锰水平升高,
HP:6000481,Reduced urinary manganese level,尿锰水平降低,
HP:6000482,Decreased circulating catecholamine concentration,血儿茶酚胺水平降低,
HP:6000483,Empty sella turcica,空蝶鞍,
HP:6000484,Elevated brain guanidinoacetate level by MRS,磁共振波谱显示脑胍基乙酸水平升高,
HP:6000485,Elevated circulating beta chorionic gonadotropin concentration,循环绒毛膜促性腺激素β水平升高,
HP:6000486,Elevated circulating CXCL10 concentration,循环CXCL10水平升高,
HP:6000487,Reduced circulating interleukin 12 concentration,血白细胞介素12水平降低,
HP:6000488,Reduced circulating fibroblast growth factor 23 concentration,循环成纤维细胞生长因子23浓度降低,
HP:6000489,Abnormal circulating fibroblast growth factor 23 concentration,循环成纤维细胞生长因子23水平异常,
HP:6000490,Impaired heel-walking ability,足跟行走能力受损,
HP:6000491,Anti-prothrombin antibody positivity,抗凝血酶原抗体阳性,
HP:6000492,Anti-factor V antibody positivity,抗Ⅴ因子抗体阳性,
HP:6000493,Anti-factor VII antibody positivity,抗VII因子抗体阳性,
HP:6000494,Anti-factor VIII antibody positivity,抗Ⅷ因子抗体阳性,
HP:6000495,Anti-factor IX antibody positivity,抗IX因子抗体阳性,
HP:6000496,Anti-factor X antibody positivity,抗X因子抗体阳性,
HP:6000497,Anti-factor XI antibody positivity,抗XI因子抗体阳性,
HP:6000498,Anti-factor XIII antibody positivity,抗XIII因子抗体阳性,
HP:6000499,Anti-factor H antibody positivity,抗H因子抗体阳性,
HP:6000500,Extremities cold to touch,四肢触感冰冷,
HP:6000501,Ruffled acrosome,皱褶顶体,
HP:6000502,Elevated circulating calprotectin concentration,循环钙卫蛋白水平升高,
HP:6000503,4-5 toe cutaneous syndactyly,4-5趾皮肤性并趾,
HP:6000504,Poly-hill sign,多丘征,
HP:6000505,3-5 finger cutaneous syndactyly,3-5指皮肤性并指,
HP:6000506,Radioulnar subluxation,桡尺关节半脱位,
HP:6000507,Non-pitting edema,非凹陷性水肿,
HP:6000508,Anti-human ferritin peptide antibody positivity,抗人铁蛋白肽抗体阳性,
HP:6000509,Elevated CSF L-2-hydroxyglutaric acid concentration,脑脊液L-2-羟基戊二酸水平升高,
HP:6000510,Elevated erythrocyte inosine triphosphate concentration,红细胞肌苷三磷酸浓度升高,
HP:6000511,Reduced erythrocyte inosine triphosphatase activity,红细胞肌苷三磷酸酶活性降低,
HP:6000512,"Reduced circulating alpha-1,3-fucosyltransferase activity","循环α-1,3-岩藻糖基转移酶活性降低",
HP:6000513,Diminished neutrophil myeloperoxidase activity,中性粒细胞髓过氧化物酶活性降低,
HP:6000514,Reduced erythrocyte uroporphyrinogen III cosynthase activity,红细胞尿卟啉原III辅合酶活性降低,
HP:6000515,Elevated 18-hydroxycorticosterone to aldosterone ratio,18-羟基皮质酮与醛固酮比率升高,
HP:6000516,Elevated circulating 21-deoxycortisol concentration,循环21-脱氧皮质醇浓度升高,
HP:6000517,Elevated monolysocardiolipin/cardiolipin ratio,单溶血型心磷脂/心磷脂比率升高,
HP:6000518,Low maternal vitamin B12 concentration,母体维生素B12浓度低,
HP:6000519,Elevated circulating inhibin A concentration,循环抑制素A水平升高,
HP:6000520,Increased circulating inhibin B concentration,循环抑制素B水平升高,
HP:6000521,Elevated circulating lipoprotein(a) concentration,循环脂蛋白（a）浓度升高,
HP:6000522,Reduced circulating lipoprotein(a) concentration,循环脂蛋白(a)水平降低,
HP:6000523,Increased urinary bile acid level,尿胆汁酸水平升高,
HP:6000524,Abnormal urinary bile acid level,尿胆汁酸水平异常,
HP:6000525,Reduced erythrocyte glutathione reductase activity,红细胞谷胱甘肽还原酶活性降低,
HP:6000526,Failure to elevate lactate upon ischemic exercise test,缺血性运动试验中乳酸未升高,
HP:6000527,Elevated circulating cholestanol concentration,循环胆固醇水平升高,
HP:6000528,Livestock exposure,牲畜接触史,
HP:6000529,Synchronous skin lesions,同步性皮肤损害,
HP:6000530,Serpentine skin location,蛇纹石皮肤位置,
HP:6000531,Abnormal urinary organic compound level,尿液有机化合物水平异常,
HP:6000532,Elevated urinary histamine level,尿组胺水平升高,
HP:6000533,Elevated urinary N-methylhistamine level,尿N-甲基组胺水平升高,
HP:6000534,Elevated urinary ureidopropionic acid level,尿液脲基丙酸水平升高,
HP:6000535,Elevated urinary porphyrin level,尿液卟啉水平升高,
HP:6000536,Elevated urinary coproporphyrin level,尿液粪卟啉水平升高,
HP:6000537,Ecrrine sweat gland predominance,小汗腺优势,
HP:6000538,Poorly demarcated skin lesion,皮肤病变边界不清,
HP:6000539,History of recent cat bite,近期有猫咬史,
HP:6000540,History of recent stay in area with inadequate sewage sanitation,近期在污水卫生设施不足地区居住史,
HP:6000541,Positive cutaneous herpes simplex virus nucleic acid test,皮肤单纯疱疹病毒核酸检测阳性,
HP:6000542,Positive CSF mycobacterium tuberculosis nucleic acid test,脑脊液结核分枝杆菌核酸检测阳性,
HP:6000543,Positive mycobacterium CSF culture,脑脊液分枝杆菌培养阳性,
HP:6000544,Positive mycobacterium CSF microscopy,脑脊液分枝杆菌显微镜检查阳性,
HP:6000545,Positive treponema pallidum PCR test in the blood circulation,血液循环梅毒螺旋体PCR检测阳性,
HP:6000546,Positive human Immunodeficiency virus nucleic acid test in the blood circulation,血液循环中人类免疫缺陷病毒核酸检测阳性,
HP:6000547,Positive CSF enterovirus nucleic acid test,脑脊液肠病毒核酸检测阳性,
HP:6000548,Positive CSF Borrelia burgdorferi nucleic acid test,脑脊液伯氏螺旋体核酸检测阳性,
HP:6000549,Positive CSF arbovirus nucleic acid test,脑脊液虫媒病毒核酸检测阳性,
HP:6000550,Positive Bartonella henselae nucleic acid test in the blood circulation,血液循环巴尔通体核酸检测阳性,
HP:6000551,Positive Dengue virus PCR test in the blood circulation,血液循环登革热病毒PCR检测呈阳性,
HP:6000552,Positive CSF JC-virus nucleic acid test,脑脊液JC病毒核酸检测阳性,
HP:6000553,Bloodstream Malaria parasite,血流疟原虫,
HP:6000554,Positive bloodstream plasmodium falciparum nucleic acid pathogen test,血流恶性疟原虫核酸病原体检测阳性,
HP:6000555,"Decreased erythrocyte fructose-1,6-bisphosphate aldolase activity","红细胞果糖-1,6-二磷酸醛缩酶活性降低",
HP:6000556,Reduced circulating dopamine beta-hydroxylase activity,循环多巴胺β-羟化酶活性降低,
HP:6000557,Reduced erythrocyte bisphosphoglycerate mutase activity,红细胞二磷酸甘油酸变位酶活性降低,
HP:6000558,Reduced erythrocyte adenylate kinase activity,红细胞腺苷酸激酶活性降低,
HP:6000559,Reduced erythrocyte hexokinase activity,红细胞己糖激酶活性降低,
HP:6000560,Decreased circulating carboxypeptidase N activity,循环羧肽酶N活性降低,
HP:6000561,Elevated red cell pyruvate kinase activity,红细胞丙酮酸激酶活性升高,
HP:6000562,Reduced circulating adenosine deaminase-2 activity,循环腺苷脱氨酶-2活性降低,
HP:6000563,Reduced sepiapterin reductase activity in cultured fibroblasts,培养成纤维细胞中墨蝶呤还原酶活性降低,
HP:6000564,Elevated circulating vasoactive intestinal peptide concentration,循环血管活性肠肽水平升高,
HP:6000565,Elevated circulating cholesterol sulfate concentration,循环硫酸胆固醇水平升高,
HP:6000566,Elevated circulating lipoprotein X concentration,血脂蛋白X水平升高,
HP:6000567,Elevated circulating oxalate concentration,循环草酸水平升高,
HP:6000568,Elevated blood ethylene glycol concentration,血乙二醇水平升高,
HP:6000569,Midline notching of lower lip,下唇中线切迹,
HP:6000570,Reduced tissue thymidine phosphorylase activity,组织胸苷磷酸化酶活性降低,
HP:6000571,Reduced tissue tripeptidyl peptidase 1 activity,组织三肽基肽酶1活性降低,
HP:6000572,Reduced tissue arginine:glycine amidinotransferase activity,组织精氨酸:甘氨酸脒基转移酶活性降低,
HP:6000573,Reduced tissue aspartylglucosaminidase activity,组织天冬氨酰葡萄糖苷酶活性降低,
HP:6000574,Reduced tissue carnitine-acylcarnitine translocase activity,组织肉毒碱-酰基肉毒碱转位酶活性降低,
HP:6000575,Reduced circulating 6-pyruvoyltetrahydropterin synthase activity,循环6-丙酮酰四氢蝶呤合成酶活性降低,
HP:6000576,Reduced tissue mannosyl-oligosaccharide glucosidase activity,组织甘露寡糖葡萄糖苷酶活性降低,
HP:6000577,Reduced tissue 3-methylglutaconyl-CoA hydratase activity,组织3-甲基戊二酰辅酶A水合酶活性降低,
HP:6000578,Reduced tissue gamma-glutamyltransferase activity,组织γ-谷氨酰转移酶活性降低,
HP:6000579,Positive oropharangeal infectious agent test,口咽部感染原试验阳性,
HP:6000580,Positive oropharynx poliovirus nucleic acid test,口咽部脊髓灰质炎病毒核酸检测阳性,
HP:6000581,Positive synonvial fluid infectious agent test,关节液感染性病原体检测阳性,
HP:6000582,Positive synonvial fluid culture,滑膜液培养阳性,
HP:6000583,Positive synovial fluid gram stain,滑膜液革兰氏染色阳性,
HP:6000584,Anti Parvovirus antibody positivity,抗细小病毒抗体阳性,
HP:6000585,Brain parenchymal tuberculoma,脑实质结核瘤,
HP:6000586,Muscle arteriovenous malformation,肌肉动静脉畸形,
HP:6000587,Bone arteriovenous malformation,骨动静脉畸形,
HP:6000588,Periosteal elevation,骨膜隆起,
HP:6000589,Esophageal dilation,食道扩张,
HP:6000590,Spinal lipoma,脊髓脂肪瘤,
HP:6000591,Loose body in joint,关节内游离体,
HP:6000592,Paraspinal arteriovenous malformation,椎旁动静脉畸形,
HP:6000593,Supernumerary tarsal bone,多余的跗骨,
HP:6000594,Maxillary cyst,上颌骨囊肿,
HP:6000595,Mandibular cyst,下颌骨囊肿,
HP:6000596,Sixth cranial nerve hypoplasia,第六颅神经发育不全,
HP:6000597,Third cranial nerve hypoplasia,第三颅神经发育不全,
HP:6000598,Elevated urinary succinylacetone level,尿液琥珀酰乙酮水平升高,
HP:6000599,Elevated urinary 2-oxoisocaproic level,尿液2-氧代异己酸水平升高,
HP:6000600,Elevated urinary 2-oxovaleric acid level,尿2-氧戊酸水平升高,
HP:6000601,Elevated urinary 2-hydroxyisocaproic acid level,尿2-羟基异己酸水平升高,
HP:6000602,Elevated urinary isovalerylglycine level,尿异戊酰甘氨酸水平升高,
HP:6000603,Elevated urinary 2-methyl-3-hydroxybutyric acid level,尿2-甲基-3-羟基丁酸水平升高,
HP:6000604,Elevated urinary 3-hydroxypentanoic acid level,尿3-羟基戊酸水平升高,
HP:6000605,Elevated urinary 7-hydroxyoctanoic acid level,尿7-羟基辛酸水平升高,
HP:6000606,Elevated urinary D-glyceric acid level,尿D-甘油酸水平升高,
HP:6000607,Elevated urinary 3-hydroxyisobutyric acid level,尿3-羟基异丁酸水平升高,
HP:6000608,"Elevated urinary 3,4-Dihydroxybutyric acid level","尿3,4-二羟基丁酸水平升高",
HP:6000609,Elevated urinary 3-hydroxyadipic acid level,尿3-羟基己二酸水平升高,
HP:6000610,Elevated erythrocyte galactose-1-phosphate concentration,红细胞半乳糖-1-磷酸水平升高,
HP:6000611,Elevated circulating chitotriosidase activity,循环壳三糖苷酶活性升高,
HP:6000612,Squamosal suture synostosis,鳞状缝早闭,
HP:6000613,Enlarged fetal lungs,胎儿肺肿大,
HP:6000614,Orbital inflammation,眼眶炎症,
HP:6000615,Reduced Inositol polyphosphate 5-phosphatase OCRL-1 activity in cultured fibroblasts,培养成纤维细胞中肌醇多磷酸5-磷酸酶OCRL-1活性降低,
HP:6000616,Reduced muscle glycogen debrancher enzyme activity,肌糖原脱支酶活性降低,
HP:6000617,Reduced tissue UDP-glucuronyl-transferase activity,组织UDP -葡萄糖醛酸转移酶活性降低,
HP:6000618,Temporal artery giant cells,颞动脉巨细胞,
HP:6000619,Reduced phosphoenolpyruvate carboxykinase activity in cultured fibroblasts,培养成纤维细胞中磷酸烯醇丙酮酸羧激酶活性降低,
HP:6000620,Elevated urinary pyrroline hydroxycarboxylic acid level,尿吡咯啉羟基羧酸水平升高,
HP:6000621,Elevated urinary N-tau-ribosylhistidine level,尿N-tau-核糖体组氨酸水平升高,
HP:6000622,Elevated urinary ureidoisobutyric acid level,尿脲基异丁酸水平升高,
HP:6000623,Elevated urinary N-carbamyl-beta-aminoisobutyric acid level,尿N-氨基甲酰-β-氨基异丁酸水平升高,
HP:6000624,Nipple epidermal Paget cells,乳头表皮Paget细胞,
HP:6000625,Penile corporal blood gas ischemia,阴茎海绵体血气缺血,
HP:6000626,Recent temporal region trauma,近期颞区创伤,
HP:6000627,Rest limb pain,肢体静息痛,
HP:6000628,Scalloped appearance of liver surface,肝脏表面呈扇贝状,
HP:6000629,Nipple thickening,乳头增厚,
HP:6000630,Hypoechoic breast mass,低回声乳房肿块,
HP:6000631,Unilocular ovarian cyst,单房卵巢囊肿,
HP:6000632,Mesenteric torsion,肠系膜扭转,
HP:6000633,High-pitched bowel sounds,肠鸣音过度活跃,
HP:6000634,Exacerbated by opiate medication,阿片类药物使病情加重,
HP:6000635,Breast granuloma,乳腺肉芽肿,
HP:6000636,Exposure to cosmetic fragrances,化妆品香水接触史,
HP:6000637,Sweating and flushing in the preauricular area in response to mastication,咀嚼时耳前区出汗和潮红,
HP:6000638,Reduced hepatic glyoxylate reductase activity,肝脏乙醛酸还原酶活性降低,
HP:6000639,PAS-positive lymphocyte vacuolization,淋巴细胞空泡PAS染色阳性,
HP:6000640,Lipid-laden bone-marrow macrophages,富含脂质的骨髓巨噬细胞,
HP:6000641,Bone marrow monocytosis,骨髓单核细胞增多症,
HP:6000642,Sunflower cataract,向日葵样白内障,
HP:6000643,Anti-lamin A antibody positivity,抗层蛋白A抗体阳性,
HP:6000644,Anti-lamin C antibody positivity,抗层蛋白C抗体阳性,
HP:6000645,Anti-vinculin antibody positivity,抗粘着斑蛋白抗体阳性,
HP:6000646,Anti-annexin A5 antibody positivity,抗膜联蛋白A5抗体阳性,
HP:6000647,Bulging fontanelle,囟门膨出,
HP:6000648,3-4 toe cutaneous syndactyly,第3-4趾皮肤并指,
HP:6000649,Triangular nail,三角形指甲,
HP:6000650,Distal tibiofibular synostosis,远端胫腓骨骨性融合,
HP:6000651,Abnormal metacarpal ossification,掌骨骨化异常,
HP:6000652,Rib spur,肋骨骨刺,
HP:6000653,Crescent-shaped iliac bone,新月形髂骨,
HP:6000654,Abnormal ischium ossification,坐骨骨化异常,
HP:6000655,Femoral neck fracture,股骨颈骨折,
HP:6000656,Papillary dermis eosinophilic hyaline material,真皮乳头层嗜酸性透明物质,
HP:6000657,Pancreatic intraductal papillary mucinous neoplasm,胰腺导管内乳头状黏液瘤,
HP:6000658,Medium vessel vasculitis,中度血管炎,
HP:6000659,Elevated muscle fiber laminin alpha 5 expression,肌纤维层粘连蛋白α5表达升高,
HP:6000660,Paravertebral mass,脊柱旁肿块,
HP:6000661,Phlebolith,静脉石,
HP:6000662,Bladder rupture,膀胱破裂,
HP:6000663,Elevated myocardial iron load,心肌铁负荷升高,
HP:6000664,Right ventricular regional wall motion abnormality,右室壁局部运动异常,
HP:6000665,Right ventricular regional akinesia,右心室局部运动障碍,
HP:6000666,Right ventricular regional dyskinesia,右心室局部运动障碍,
HP:6000667,Right ventricular aneurysm,右心室动脉瘤,
HP:6000668,Glomerular immune-complex deposition,肾小球免疫复合物沉积,
HP:6000669,Glomerular PLA2R immune-complex deposition,肾小球PLA2R免疫复合物沉积,
HP:6000670,Elevated urinary L-glycerate level,尿液L-甘油酸水平升高,
HP:6000671,Breast myxoma,乳房黏液瘤,
HP:6000672,Ovarian cystadenoma,卵巢囊腺瘤,
HP:6000673,Abnormal CSF N-acetylaspartic acid concentration,脑脊液N-乙酰天冬氨酸浓度异常,
HP:6000674,Decreased CSF N-acetylaspartic acid concentration,脑脊液N-乙酰天冬氨酸水平降低,
HP:6000675,Elevated urinary mevalonate lactone level,尿液甲羟戊酸内酯水平升高,
HP:6000676,Anti-von Willebrand factor antibody positivity,抗血管性血友病因子抗体阳性,
HP:6000677,Elevated natural killer cell count,自然杀伤细胞计数升高,
HP:6000678,Myositis-specific autoantibody positivity,肌炎特异性自身抗体阳性,
HP:6000679,Abnormal serum osmolality,血清渗透压异常,
HP:6000680,Low serum osmolality,血清渗透压降低,
HP:6000681,High serum osmolality,血清渗透压增高,
HP:6000682,History of compressive dressings,加压敷料使用史,
HP:6000683,Triggered by overhead motions,由头顶运动触发,
HP:6000684,Radiating pain,放射性疼痛,
HP:6000685,Mitral opening snap,二尖瓣开瓣音,
HP:6000686,Mucus in stool,粪便中有黏液,
HP:6000687,Elevated circulating CCL3 concentration,循环CCL3浓度升高,
HP:6000688,Elevated circulating CCL4 concentration,循环CCL4浓度升高,
HP:6000689,Elevated CSF 14-3-3 protein concentration,脑脊液14-3-3蛋白水平升高,
HP:6000690,Elevated CSF dihydrobiopterin concentration,脑脊液二氢生物蝶呤水平升高,
HP:6000691,Left atrial fibrosis,左心房纤维化,
HP:6000692,Abnormal circulating atrial natriuretic peptide pro-hormone concentration,循环心房利钠肽激素原水平异常,
HP:6000693,Reduced circulating NT-proANP concentration,循环NT-proANP水平降低,
HP:6000694,Elevated circulating 1-pyrroline-5-carboxylic acid concentration,循环1-吡咯烷-5-羧酸水平升高,
HP:6000695,Reduced tissue delta-1-pyrroline-5-carboxylate dehydrogenase activity,组织δ-1-吡咯烷-5-羧酸脱氢酶活性降低,
HP:6000696,Elevated circulating N-carbamyl-beta-aminoisobutyric acid concentration,循环N-氨基甲酰-β-氨基异丁酸水平升高,
HP:6000697,Low tissue ferrochelatase activity,组织铁螯合酶活性低,
HP:6000698,Elevated circulating heptacarboxylporphyrin concentration,循环七羧基卟啉水平升高,
HP:6000699,Aggravated by menstruation,月经期间加剧,
HP:6000700,Reduced breast milk zinc concentration,母乳锌水平降低,
HP:6000701,Elevated urinary bile acid level,尿液胆汁酸升高,
HP:6000702,Elevated urinary glyoxylic acid level,尿液乙醛酸水平升高,
HP:6000703,Elevated circulating 3-hydroxyanthranilic acid concentration,循环3-羟基氨基苯甲酸水平升高,
HP:6000704,Elevated circulating CXCL9 concentration,循环CXCL9浓度升高,
HP:6000705,Thickened fibular cortex,腓骨皮质增厚,
HP:6000706,New medication added in recent weeks,近几周新药服用史,
HP:6000707,Noctural pain,夜间疼痛,
HP:6000708,Femoral osteosclerosis,股骨骨硬化,
HP:6000709,Absent Bell phenomenon,贝尔现象缺失,
HP:6000710,Dalen Fuchs nodules,Dalen-Fuchs结节,
HP:6000711,Triggering by ocular trauma,眼部外伤触发,
HP:6000712,Gelatinous drop-like dystrophic cornea,胶滴状角膜营养不良,
HP:6000713,Hepatic reticuloendothelial system cell iron deposition,肝网状内皮系统细胞铁沉积,
HP:6000714,Reduced epidermal kindlin-1 expression,表皮kindlin-1表达减少,
HP:6000715,Central giant cell lesion of the jaw,下颌骨中央巨细胞病变,
HP:6000716,Terminal hepatic lobular vascular occlusion,末梢肝小叶血管闭塞,
HP:6000717,Axonal spheroids,轴突球状体,
HP:6000718,Decreased liver bile salt export pump expression,肝胆汁盐输出泵表达减少,
HP:6000719,Reduced tissue type II iodothyronine deiodinase activity,组织碘甲腺原氨酸脱碘酶Ⅱ活性降低,
HP:6000720,Reduced tissue fatty aldehyde dehydrogenase activity,组织脂肪醛脱氢酶活性降低,
HP:6000721,Decreased circulating pancreatic isoamylase activity,血液胰腺异淀粉酶活性降低,
HP:6000722,Reduced tissue guanidinoacetate methyltransferase activity,组织胍基乙酸甲基转移酶活性降低,
HP:6000723,Reduced erythrocyte galactokinase activity,红细胞半乳糖激酶活性降低,
HP:6000724,Auspitz sign,Auspitz征,
HP:6000725,Salty tasting skin,皮肤有咸味,
HP:6000726,Scalp nodule,头皮结节,
HP:6000727,History of undercooked pork ingestion,未煮熟猪肉食用史,
HP:6000728,History of recent rodent exposure,近期啮齿动物接触史,
HP:6000729,Positive CSF fungus test,脑脊液真菌检测阳性,
HP:6000730,Positive CSF human T-lymphotropic virus type I antibody positivity,脑脊液人类T淋巴细胞病毒I型抗体阳性,
HP:6000731,Positive chlamydia trachomatis urine nucleic acid test,尿液沙眼衣原体核酸检测阳性,
HP:6000732,Anti-streptococcus deoxyribonuclease-B antibody positivity,抗链球菌脱氧核糖核酸酶B抗体阳性,
HP:6000733,Positive streptococcus A rapid antigen detection test,A型链球菌快速抗原检测阳性,
HP:6000734,Positive synovial mycobacterial culture,关节液分枝杆菌培养阳性,
HP:6000735,Positive mycobacterial synovial nucleic acid test,分枝杆菌关节液核酸检测阳性,
HP:6000736,Positive bloodstream babesia nucleic acid pathogen test,血流巴贝虫核酸病原体检测阳性,
HP:6000737,Positive bloodstream influenza nucleic test,血流流感核酸检测阳性,
HP:6000738,Positive bloodstream parainfluenza virus nucleic acid test,血流副流感病毒核酸检测阳性,
HP:6000739,Positive bloodstream adenovirus nucleic acid test,血液腺病毒核酸检测阳性,
HP:6000740,Anti-Francisella tularensis antibody positivity,抗土拉杆菌抗体阳性,
HP:6000741,Positive bloodstream MERS coronavirus nucleic acid test,血液MERS冠状病毒核酸检测阳性,
HP:6000742,Positive nasopharyngeal corynebacterium diphtheriae nucleic acid test,鼻咽白喉棒状杆菌核酸检测阳性,
HP:6000743,Pediculosis capitis,头虱,
HP:6000744,Premature glabellar skin wrinkling,眉间皮肤过早出现皱纹,
HP:6000745,Flexural reticulate hyperpigmentation,屈曲部位网状色素沉着,
HP:6000746,Elevated fractional excretion of urate,尿酸排泄增加,
HP:6000747,Abnormal urinary creatine level,尿液肌酸水平异常,
HP:6000748,Decreased urinary creatine level,尿肌酸水平降低,
HP:6000749,Elevated circulating type I procollagen aminoterminal propeptide concentration,循环I型前胶原氨基末端前肽浓度升高,
HP:6000750,Decreased tissue S-adenosylhomocysteine hydrolase activity,组织S-腺苷同型半胱氨酸水解酶活性降低,
HP:6000751,Decreased urinary dopamine level,尿多巴胺水平降低,
HP:6000752,Elevated erythrocyte AICA-ribotide concentration,红细胞AICA-核苷水平升高,
HP:6000753,Elevated circulating monomethyl sterol concentration,循环单甲基甾醇水平升高,
HP:6000754,Elevated circulating dimethyl sterol concentration,循环二甲基固醇水平升高,
HP:6000755,Elevated circulating C-terminal fibroblast growth factor 23 concentration,循环C端成纤维细胞生长因子23浓度升高,
HP:6000756,Elevated urinary 5-hydroxyindoleacetic acid level,尿5-羟基吲哚乙酸水平升高,
HP:6000757,Elevated circulating thiosulfate concentration,循环硫代硫酸盐水平升高,
HP:6000758,Elevated circulating interleukin 1 receptor antagonist concentration,循环白细胞介素1受体拮抗剂水平升高,
HP:6000759,Positive CSF West Nile virus nucleic acid test,脑脊液西尼罗河病毒核酸检测阳性,
HP:6000760,Positive CSF herpes simplex virus nucleic acid test,脑脊液单纯疱疹病毒核酸检测阳性,
HP:6000761,Positive CSF cryptococcal antigen test,脑脊液隐球菌抗原试验阳性,
HP:6000762,Posiitive rubella CSF culture,脑脊液风疹培养阳性,
HP:6000763,Positive CSF treponema pallidum nucleic acid test,脑脊液梅毒螺旋体核酸检测阳性,
HP:6000764,Decreased CSF tetrahydrobiopterin level,脑脊液四氢生物蝶呤水平降低,
HP:6000765,Decreased CSF N-acetyl-aspartyl-glutamate concentration,脑脊液N-乙酰天冬氨酸-谷氨酸水平降低,
HP:6000766,Positive CSF Tropheryma whipplei bacteria microscopy,脑脊液惠氏滋养菌镜检阳性,
HP:6000767,CSF treponemal antibody positivity,脑脊液梅毒螺旋体抗体阳性,
HP:6000768,Echophenomenon,回声现象,
HP:6000769,Paracentral hyper-autofluorecence,旁中心强自发荧光,
HP:6000770,Fixed fetal extremities,胎儿肢体固定,
HP:6000771,Abnormal peripapillary microvascular network,乳头周围微血管网异常,
HP:6000772,Auriculitis,耳廓炎,
HP:6000773,Recent history of moisture in external ear canal,外耳道近期受潮史,
HP:6000774,History of recent trauma to external ear canal,近期外耳道创伤史,
HP:6000775,Elevated urinary 4-tyramine level,尿4-酪胺水平升高,
HP:6000776,Elevated circulating 3-hydroxykynurenine concentration,循环3-羟基犬尿氨酸浓度升高,
HP:6000777,Posterior vertebral body notching,椎体后切迹,
HP:6000778,Cone-shaped distal tibial epiphysis,胫骨远端锥形骨骺,
HP:6000779,Osteoporotic femoral neck,骨质疏松性股骨颈,
HP:6000780,Olanzapine exposure,奥氮平接触史,
HP:6000781,Reduced tissue phosphomannomutase activity,组织磷酸甘露糖变位酶活性降低,
HP:6000782,Reduced tissue phosphomannose isomerase activity,组织磷酸甘露糖异构酶活性降低,
HP:6000783,Reduced tissue palmitoyl-protein thioesterase activity,组织棕榈酰蛋白硫酯酶活性降低,
HP:6000784,Maternal household cat exposure,妊娠期家猫接触史,
HP:6000785,Protein craving,嗜蛋白质,
HP:6000786,Absent superficial temporal artery pulse,颞浅动脉搏动消失,
HP:6000787,Basilar artery fenestration,基底动脉分叉,
HP:6000788,Displacement of the extensor tendon in metacarpophalangeal joint,掌指关节伸指肌腱移位,
HP:6000789,Heloma,鸡眼,
HP:6000790,Exacerbated by pronation,前臂内旋时加重,
HP:6000791,Distortion of the anterior part of the interhemispheric fissure,大脑半球间裂前部变形,
HP:6000792,Positive lacrimal tract actinomyces culture,泪道放线菌培养阳性,
HP:6000793,Eschar,焦痂,
HP:6000794,History of wearing tightly fitted clothing,穿紧身衣史,
HP:6000795,Anti-folate receptor antibody positivity,抗叶酸受体抗体阳性,
HP:6000796,Positive bloodstream VDRL test,血流VDRL检测阳性,
HP:6000797,Positive bloodstream rapid plasma reagin test,血液快速血浆反应素试验阳性,
HP:6000798,Positive bloodstream HIV p24 antigen test,血液HIV p24抗原检测阳性,
HP:6000799,Positive Quantiferon tuberculosis test,Quantiferon结核病检测阳性,
HP:6000800,Tzanck smear with multinucleated giant cells,Tzanck涂片见多核巨细胞,
HP:6000801,Positive Mazzotti test,Mazzotti试验阳性,
HP:6000802,Positive bloodstream Tropheryma whippelii nucleic acid test,血液惠普尔养障体核酸检测阳性,
HP:6000803,"Elevated urinary 2,8-dihydroxyadenine level","尿2,8-二羟基腺嘌呤水平升高",
HP:6000804,Elevated urine fructose level,尿果糖水平升高,
HP:6000805,Elevated urinary uroporphyrin level,尿卟啉水平升高,
HP:6000806,Elevated urinary phosphohydroxylysine level,尿磷羟基赖氨酸水平升高,
HP:6000807,Cervical C6/C7 vertebrae fusion,颈椎C6/C7椎骨融合,
HP:6000808,Periumbilical depression,脐周凹陷,
HP:6000809,Thickened tibial cortex,胫骨皮质增厚,
HP:6000810,Thickened femoral cortex,股骨皮质增厚,
HP:6000811,Thickened cortex of the radius,桡骨皮质增厚,
HP:6000812,Thickened cortex of the ulna,尺骨皮质增厚,
HP:6000813,Elevated circulating aspartate aminotransferase to alanine aminotransferase ratio,循环天冬氨酸转氨酶与丙氨酸转氨酶比值升高,
HP:6000814,Temporomandibular joint dislocation,颞下颌关节脱位,
HP:6000815,Amyloid goiter,淀粉样甲状腺肿,
HP:6000816,Prominent lesser trochanter,小转子突出,
HP:6000817,Melorheostosis,蜡泪样骨病,
HP:6000818,Transverse terminal limb defect,肢体末端横向缺损,
HP:6000819,Elevated circulating beta-glucuronidase activity,循环β-葡萄糖醛酸酶活性升高,
HP:6000820,Elevated osmolality gap,渗透压差增大,
HP:6000821,Elevated circulating bile alcohol concentration,循环胆汁醇浓度升高,
HP:6000822,Elevated CSF tetrahydrobiopterin level,脑脊液四氢生物蝶呤水平升高,
HP:6000823,Elevated CSF 5-hydroxyindoleacetic acid concentration,脑脊液5-羟基吲哚乙酸水平升高,
HP:6000824,Cerebrospinal fluid eosinophilia,脑脊液嗜酸性粒细胞增多,
HP:6000825,Reduced C27 3beta-HSD activity in cultured fibroblasts,培养成纤维细胞中C27-3β-羟基类固醇脱氢酶活性降低,
HP:6000826,"Reduced procollagen-lysine,2-oxoglutarate 5-dioxygenase 1 activity in cultured fibroblasts",培养成纤维细胞中前胶原赖氨酸-2-酮戊二酸-5-双加氧酶活性降低,
HP:6000827,Diminished tissue fumarylacetoacetate hydrolase activity,组织延胡索酰乙酰乙酸水解酶活性降低,
HP:6000828,Reduced tissue peptidase D activity,组织肽酶D活性降低,
HP:6000829,Reduced tissue glycine cleavage enzyme activity,组织甘氨酸裂解酶活性降低,
HP:6000830,Diminished alpha-ketoglutarate dehydrogenase activity in cultured fibroblasts,培养成纤维细胞中α-酮戊二酸脱氢酶活性降低,
HP:6000831,Increased circulating dihydroxycholestanoic acid concentration,循环二羟基胆甾酸水平增高,
HP:6000832,Reduced tissue phosphorylase kinase activity,组织磷酸化酶激酶活性降低,
HP:6000833,Hyperkalemia while symptomatic,有症状时出现高钾血症,
HP:6000834,Elevated urinary gamma-glutamylcysteine level,尿γ-谷氨酰半胱氨酸水平升高,
HP:6000835,Positive CSF mycobacterial culture,脑脊液分枝杆菌培养阳性,
HP:6000836,Positive respiratory tract nucleic acid pathogen test,呼吸道核酸病原体检测阳性,
HP:6000837,Positive respiratory tract SARS-CoV-2 coronavirus nucleic acid test,呼吸道SARS-CoV-2冠状病毒核酸检测阳性,
HP:6000838,Positive fecal cryptosporidium antigen test,粪便隐孢子虫抗原检测阳性,
HP:6000839,Horizontal position of testicle,睾丸水平位置,
HP:6000840,Localized soft-tissue swelling on extremity,四肢局部软组织肿胀,
HP:6000841,Abnormal scleral thickness,巩膜厚度异常,
HP:6000842,Multiple eyelid beaded papules,眼睑多发丘疹,
HP:6000843,Nonexudative conjunctivitis,非渗出性结膜炎,
HP:6000844,Nematode in retina,视网膜线虫,
HP:6000845,Vascular compression of the eighth cranial nerve,第八颅神经血管压迫,
HP:6000846,Beaded bile ducts,串珠样胆管,
HP:6000847,Cardiac mass,心脏肿块,
HP:6000848,Superior olive hypertrophy,上橄榄体肥大,
HP:6000849,Spinal extradural arachnoid cyst,脊髓硬膜外蛛网膜囊肿,
HP:6000850,Temporal cortex localization,颞叶皮质定位,
HP:6000851,Basilar meningeal enhancement,基底脑膜增强,
HP:6000852,Megacolon,巨结肠,
HP:6000853,Thyroid cyst,甲状腺囊肿,
HP:6000854,Decreased circulating sulfate concentration,循环硫酸盐水平降低,
HP:6000855,Cold intolerance,冷不耐受,
HP:6000856,Head and neck distribution,头颈部分布,
HP:6000857,Symmetric distribution,对称分布,
HP:6000858,Muscle extensor surface location,位于伸肌表面,
HP:6000859,Dermal foam cells,真皮泡沫细胞,
HP:6000860,Diminished tissue very long-chain acyl-CoA dehydrogenase activity,组织极长链酰基辅酶A脱氢酶活性降低,
HP:6000861,Diminished tissue glycogen branching enzyme activity,组织糖原分支酶活性降低,
HP:6000862,Parotid adenoma,腮腺腺瘤,
HP:6000863,Elevated serum-ascites albumin gradient (SAAG),血清-腹水白蛋白梯度（SAAG）升高,
HP:6000864,Transverse smile,横向微笑,
HP:6000865,Hyperphalangy of the 4th finger,第四指多指节,
HP:6000866,Delayed distal femoral epiphyseal ossification,股骨远端骨骺骨化延迟,
HP:6000867,Delayed tibial epiphyseal ossification,胫骨骨骺骨化延迟,
HP:6000868,Toe hyperphalangy,多趾节,
HP:6000869,Sclerotic ilium,髂骨硬化,
HP:6000870,Metaphyseal chevron deformity,干骺端人字形畸形,
HP:6000871,Popcorn calcification,爆米花样钙化,
HP:6000872,Aplasia/Hypoplasia of the calvaria,颅骨发育不全/发育不良,
HP:6000873,Bowdler spurs,Bowdler骨刺,
HP:6000874,Delayed ossification of the clavicle,锁骨骨化延迟,
HP:6000875,Wide sacroiliac joint,骶髂关节增宽,
HP:6000876,Anti-Glutamate Receptor delta2 antibody positivity,抗谷氨酸受体δ2抗体阳性,
HP:6000877,Anti-dachshund family transcription factor 1 antibody positivity,抗腊肠犬家族转录因子1抗体阳性,
HP:6000878,Anti-potassium channel tetramerization domain containing 16 antibody positivity,抗钾通道四聚体结构域含16个抗体阳性,
HP:6000879,Anti-regulator of G protein signaling 8 antibody positivity,抗G蛋白信号转导调节因子8抗体阳性,
HP:6000880,Anti-neurochondrin antibody positivity,抗神经软骨素抗体阳性,
HP:6000881,Anti-DCC netrin 1 receptor antibody positivity,抗DCC netrin 1受体抗体阳性,
HP:6000882,Anti-recoverin antibody positivity,抗恢复蛋白抗体阳性,
HP:6000883,Recent history of sedation by propofol infusion,近期丙泊酚输注镇静史,
HP:6000884,Enlarged humeral head,肱骨头增大,
HP:6000885,Enlarged radial head,桡骨头膨大,
HP:6000886,Enlarged distal tibial epiphysis,胫骨远端骨骺增大,
HP:6000887,Elevated blood bismuth concentration,血铋水平升高,
HP:6000888,Elevated urine bismuth level,尿液铋水平升高,
HP:6000889,Distal radioulnar joint dislocation,远端尺桡关节脱位,
HP:6000890,Proximal radioulnar joint dislocation,近端尺桡关节脱位,
HP:6000891,Absent toe phalanx flexion crease,趾骨屈曲皱褶缺失,
HP:6000892,White matter globoid cells,白质球状细胞,
HP:6000893,Gaucher cells,戈谢细胞,
HP:6000894,Breast adenoma,乳腺腺瘤,
HP:6000895,Breast apocrine adenoma,乳腺顶泌腺瘤,
HP:6000896,Fibrocystic breast lesion,乳腺纤维囊性病变,
HP:6000897,Pancreatic VIPoma,胰腺血管活性肠肽瘤,
HP:6000898,Gastric carcinoid tumor,胃类癌,
HP:6000899,Posiitve skin scabies test,皮肤疥疮试验阳性,
HP:6000900,Positive mumps virus PCR test in the blood circulation,血液循环腮腺炎病毒PCR检测阳性,
HP:6000901,Positive bloodstream tuberculosis-induced T-cell-based interferon-gamma release assay,血流结核病诱导T细胞干扰素γ释放试验阳性,
HP:6000902,Positive blood Neisseria gonorrhoeae culture,血液淋病奈瑟菌培养阳性,
HP:6000903,Anti-mumps antibody positivity,抗腮腺炎抗体阳性,
HP:6000904,Positive Vibrio cholerae stool culture,粪便霍乱弧菌培养阳性,
HP:6000905,Positive cutaneous varicella zoster virus nucleic acid test,皮肤水痘带状疱疹病毒核酸检测阳性,
HP:6000906,Positive bloodstream cryptococcus culture,血液隐球菌培养阳性,
HP:6000907,Positive bloodstream Borrelia miyamotoi nucleic acid test,血液宫本氏疏螺旋体核酸检测阳性,
HP:6000908,Positive bloodstream Coxsackievirus nucleic acid pathogen test,血液柯萨奇病毒核酸病原体检测阳性,
HP:6000909,Positive stool Cryptosporidium antigen test,粪便隐孢子虫抗原检测阳性,
HP:6000910,Diminished tissue alpha-L-iduronidase activity,组织α-L-艾杜糖醛酸酶活性降低,
HP:6000911,Reduced tissue neuraminidase activity,组织神经氨酸酶活性降低,
HP:6000912,Nummular keratitis,硬币形角膜炎,
HP:6000913,Swelling of inguinal region,腹股沟区肿胀,
HP:6000914,Single lesion,单发病灶,
HP:6000915,Dysorthography,工整书写困难,
HP:6000916,Echogenic fetal colon,胎儿结肠回声增强,
HP:6000917,Bone marrow edema,骨髓水肿,
HP:6000918,Transverse terminal upper limb defect,上肢末端横向型缺损,
HP:6000919,Trousseau sign,低钙束臂征,
HP:6000920,Craniocervical junction constriction,颅颈交界处狭窄,
HP:6000921,Fibular torsion,腓骨扭转,
HP:6000922,Abnormal finger phalanx ossification,手指指骨异常骨化,
HP:6000923,Positive bloodstream EBV monospot test,血液EBV单斑试验阳性,
HP:6000924,Positive CSF Toxoplasma gondii antibody positivity,脑脊液弓形虫抗体阳性,
HP:6000925,Positive tuberculin skin test,结核菌素皮肤试验阳性,
HP:6000926,Anti-Treponema pallidum antibody positivity,抗梅毒螺旋体抗体阳性,
HP:6000927,Positive CSF Borrelia burgdorferi antibody positivity,脑脊液伯氏螺旋体抗体阳性,
HP:6000928,Positive CSF JC-virus antibody positivity,脑脊液JC病毒抗体阳性,
HP:6000929,Neutralizing anti-rabies virus antibody positivity,中和性抗狂犬病毒抗体阳性,
HP:6000930,Impaired hepatobiliary scintigraphy tracer uptake,肝胆显像示踪剂摄取受损,
HP:6000931,Calcified pulmonary nodule,肺钙化结节,
HP:6000932,Postprandial exacerbation,餐后加重,
HP:6000933,Koebner Phenomenon,科布纳现象,
HP:6000934,Glenoid dysplasia,关节窝发育不良,
HP:6000935,Prolonged retraction of penile foreskin,阴茎包皮长时间回缩,
HP:6000936,Thickened cortex of the clavicle,锁骨骨皮质增厚,
HP:6000937,Thickened cortex of the mandible,下颌骨皮质增厚,
HP:6000938,Thumb hypoplasia grade 1,拇指发育不全1级,
HP:6000939,Thumb hypoplasia grade 2,拇指发育不全2级,
HP:6000940,Thumb hypoplasia grade 3A,拇指发育不全3A级,
HP:6000941,Thumb hypoplasia grade 3B,拇指发育不全3B级,
HP:6000942,Thumb hypoplasia grade 4,拇指发育不全4级,
HP:6000943,Femoral osteopoikilosis,股骨骨斑点症,
HP:6000944,Carotidynia,颈动脉痛,
HP:6000945,Asymmetric blood pressure between arms,双臂血压不对称,
HP:6000946,Transverse terminal lower limb defect,下肢末端横向缺损,
HP:6000947,Hemimelia of lower leg,小腿半肢畸形,
HP:6000948,Hemimelia of forearm,前臂半肢畸形,
HP:6000949,Sodium glucose transport inhibitor exposure,钠葡萄糖转运抑制剂暴露,
HP:6000950,Breath-holding spell,屏气发作,
HP:6000951,Flared proximal tibial metaphysis,胫骨近端喇叭状干骺端,
HP:6000952,Delayed toe phalanx ossification,趾骨骨化延迟,
HP:6000953,Sorbitol ingestion,山梨醇摄入,
HP:6000954,Positive peritoneal fluid bacterial culture,腹腔积液细菌培养阳性,
HP:6000955,Ocular cystine crystal deposition,眼部胱氨酸晶体沉积,
HP:6000956,Exuberant granulation tissue,肉芽组织旺盛,
HP:6000957,Oral mucosal papule,口腔黏膜丘疹,
HP:6000958,Excessive piloerection,过度竖毛,
HP:6000959,Scalp edema,头皮水肿,
HP:6000960,Serpiginous burrow,匐行型隧道,
HP:6000961,Positive brain-tissue rabies nucleic acid test,脑组织狂犬病核酸检测阳性,
HP:6000962,Positive respiratory tract Bordetella pertussis nucleic acid test,呼吸道百日咳杆菌核酸检测阳性,
HP:6000963,Demonstration of acid-fast bacilli in wound tissue,伤口组织中显示抗酸杆菌,
HP:6000964,Positive tissue encapsulated budding yeast test,组织包囊芽殖酵母试验阳性,
HP:6000965,Positive tissue coccidioidomycosis culture,组织球孢子菌培养阳性,
HP:6000966,Diminished tissue dihydropteridine reductase activity,组织二氢蝶啶还原酶活性降低,
HP:6000967,Decreased circulating transcobalamin I concentration,循环转钴胺素I水平降低,
HP:6000968,Diminished circulating cationic trypsinogen concentration,循环阳离子胰蛋白酶原浓度降低,
HP:6000969,Diminished circulating hyaluronidase activity,循环透明质酸酶活性降低,
HP:6000970,Diminished sulfotransferase activity in cultured fibroblasts,培养成纤维细胞中磺基转移酶活性降低,
HP:6000971,Elevated tissue alpha-N-acetylglucosaminidase activity,组织α-N-乙酰葡萄糖胺酶活性升高,
HP:6000972,Abnormal tissue alpha-N-acetylglucosaminidase activity,组织α-N-乙酰葡糖胺糖苷酶活性异常,
HP:6000973,Elevated circulating trihydroxycholestanoic acid concentration,循环三羟基胆甾酸水平升高,
HP:6000974,Elevated circulating glyoxylic acid concentration,循环乙醛酸水平升高,
HP:6000975,Elevated CSF sepiapterin concentration,脑脊液蝶呤水平升高,
HP:6000976,Intrahepatic inclusion bodies,肝内包涵体,
HP:6000977,Muscle vacuoles,肌肉空泡,
HP:6000978,Nonrimmed muscule vacuoles,无边缘肌肉空泡,
HP:6000979,Reduced hepatic glycogen phosphorylase activity,肝糖原磷酸化酶活性降低,
HP:6000980,Bone marrow hemophagocytosis,骨髓噬血现象,
HP:6000981,Splenic granulomatosis,脾肉芽肿,
HP:6000982,Immediate detumescence of penis at time of symptom onset,症状出现时阴茎立即疲软,
HP:6000983,History of aortic valve replacement,主动脉瓣置换史,
HP:6000984,Coved type ST segment elevation,ST段弓背型抬高,
HP:6000985,Saddle-back type ST segment elevation,ST段马鞍型抬高,
HP:6000986,Substantially elevated circulating ethanol concentration,循环乙醇水平显著升高,
HP:6000987,Tortuous appearance of the stomach,胃呈扭曲外观,
HP:6000988,Cochlear nerve aplasia,耳蜗神经发育不全,
HP:6000989,Slit-like lateral ventricle,裂隙状侧脑室,
HP:6000990,Fetal methamphetamine exposure,胎儿甲基苯丙胺接触史,
HP:6000991,Elevated circulating 4-hydroxybutyric acid concentration,循环4-羟基丁酸浓度升高,
HP:6000992,"Elevated urinary 2,4-dihydroxybutyric acid level","尿2,4-二羟基丁酸水平升高",
HP:6000993,Pupillary hypersensitivity to parasympathomimetic agents,瞳孔对拟副交感神经药物过敏,
HP:6000994,Lack of pupillary response to hydroxyamphetamine,瞳孔对羟基苯丙胺缺乏反应,
HP:6000995,Subcortical U fiber lesion,皮层下U型纤维病变,
HP:6000996,Intraspinal extradural lipoma,椎管内硬膜外脂肪瘤,
HP:6000997,Intranasal mass,鼻内肿块,
HP:6000998,Liver rupture,肝破裂,
HP:6000999,Elevated urinary mandelic acid,尿扁桃酸升高,
HP:6001000,Elevated urine malic acid level,尿苹果酸水平升高,
HP:6001001,Elevated urine 3-hydroxysebacic acid level,尿3-羟基癸二酸水平升高,
HP:6001002,Elevated urinary vanillactic acid level,尿香草酸水平升高,
HP:6001003,"Elevated urine 4,5-dihydroxyhexanoic acid level","尿4,5-二羟基己酸水平升高",
HP:6001004,Elevated urine hydroxyphenyllactic acid level,尿羟基苯乳酸水平升高,
HP:6001005,Positive gastric CMV intranuclear inclusions,胃巨细胞病毒核内包涵体阳性,
HP:6001006,Elevated urine dihydroxycholestanoic acid level,尿二羟基胆甾烷酸水平升高,
HP:6001007,Elevated urinary bile alcohol level,尿胆汁醇水平升高,
HP:6001008,Elevated urine glucose tetrasaccharide level,尿液葡萄糖四糖水平升高,
HP:6001009,Increased urine 4-hydroxy-2-oxoglutarate level,尿4-羟基-2-氧戊二酸水平升高,
HP:6001010,Inability to protrude lips,无法噘嘴,
HP:6001011,Wet voice,湿嗓音,
HP:6001012,Erythema marginatum,边缘性红斑,
HP:6001013,Mechanic's hands,技工手,
HP:6001014,Hiker's feet,徒步者足,
HP:6001015,Anti-HLA-DQ antibody positivity,抗HLA-DQ抗体阳性,
HP:6001016,Inappropriate normal or low erythropoietin,促红细胞生成素水平不适当地正常或偏低,
HP:6001017,Rapid gastric emptying,胃排空过快,
HP:6001018,Mediastinal lymph node calcification,纵隔淋巴结钙化,
HP:6001019,Eggshell calcification of lymph nodes,淋巴结蛋壳状钙化,
HP:6001020,Knee joint effusion,膝关节积液,
HP:6001021,Subcutaneous emphysema,皮下气肿,
HP:6001022,Elevated bone scintigraphy uptake,骨显像摄取增加,
HP:6001023,Diminished long-chain-enoyl-CoA hydratase activity in cultured fibroblasts,培养成纤维细胞中长链烯酰辅酶A水合酶活性降低,
HP:6001024,Diminished acetyl-CoA C-acyltransferase activity in cultured fibroblasts,培养成纤维细胞中乙酰辅酶AC-酰基转移酶活性降低,
HP:6001025,Pathological inclusion body,病理性包涵体,
HP:6001026,Reduced epidermal collagen IV alpha 5 chain staining,IV型表皮胶原蛋白α-5链染色减少,
HP:6001027,Diminished glomerular basement membrane collagen IV alpha 3 chain staining,肾小球基底膜胶原IVα3链染色减弱,
HP:6001028,Diminished glomerular basement membrane collagen IV alpha 4 chain staining,肾小球基底膜胶原IVα4链染色减弱,
HP:6001029,Diminished glomerular basement membrane collagen IV alpha 5 chain staining,肾小球基底膜胶原IVα5链染色减弱,
HP:6001031,Cystine nephrolithiasis,胱氨酸肾结石,
HP:6001032,Hepatic cystine accumulation,肝胱氨酸蓄积,
HP:6001033,Bone marrow cystine accumulation,骨髓胱氨酸蓄积,
HP:6001034,Desmoid tumor,纤维瘤,
HP:6001035,Tubular jejunal duplication,管状空肠重复畸形,
HP:6001036,Left ventricular rupture,左心室破裂,
HP:6001037,Punctate pontine perivascular enhancement,桥脑周围血管点状增强,
HP:6001038,Intestinal worm,肠道蠕虫,
HP:6001039,Scrotal worm,阴囊蠕虫,
HP:6001040,Small intestinal adenoma,小肠腺瘤,
HP:6001041,Maternal retinal mottling,母体视网膜斑驳,
HP:6001042,Twisted gallbladder pedicle,胆囊蒂扭转,
HP:6001043,Cholecyst-enteric fistula,胆囊-肠瘘,
HP:6001044,Dyschronometria,时间感知障碍,
HP:6001045,History of recent intermittent breastfeeding,近期间歇性母乳喂养史,
HP:6001046,Breast cyst,乳腺囊肿,
HP:6001047,Circumscribed,受限的,
HP:6001048,Lobulated,分叶状的,
HP:6001049,Spiculated,尖锐的,
HP:6001050,Whorled,螺旋状,
HP:6001051,Delta brush pattern on EEG,脑电图Delta刷状图,
HP:6001052,Tibiotalar synostosis,胫骨距骨骨性融合,
HP:6001053,Vertebra plana,椎体扁平,
HP:6001054,Intoeing,内八字,
HP:6001055,Palpable thrill on extremity,触诊肢体血管震动,
HP:6001056,Out-toeing,外八字,
HP:6001057,Ankle dislocation,踝关节脱位,
HP:6001058,Anti-neuronal intermediate filament antibody positivity,抗神经元中间丝抗体阳性,
HP:6001059,Anti-DREBRIN antibody positivity,抗DREBRIN抗体阳性,
HP:6001060,Anti-lipoprotein lipase autoantibody positivity,抗脂蛋白脂肪酶自身抗体阳性,
HP:6001061,Anti-apolipoprotein CII autoantibody positivity,抗载脂蛋白CII自身抗体阳性,
HP:6001062,Eosinophilic neuronal inclusion bodies,嗜酸性神经元包涵体,
HP:6001063,Sweaty foot-like odor,汗脚味,
HP:6001064,Anti-acetylcholine receptor antibody positivity,抗乙酰胆碱受体抗体阳性,
HP:6001065,Hair shaft lesion,毛干损伤,
HP:6001066,Prolonged use of tightly fitting footwear,长期穿着紧身鞋,
HP:6001067,Triggered by high protein intake,高蛋白摄入触发,
HP:6001068,Thickened tricuspid valve cusp,三尖瓣瓣尖增厚,
HP:6001069,Displaced anterior fontanelle,前囟移位,
HP:6001070,Subdural hygroma,硬膜下积液,
HP:6001071,Incus ankylosis,砧骨固定,
HP:6001072,Excessive diet restriction,过度饮食限制,
HP:6001073,Left ventricular apical dyskinesis,左心室心尖运动障碍,
HP:6001074,Longitudinal erythronychia,纵向红甲,
HP:6001075,Exacerbated by exposure to sunlight,接触阳光后恶化,
HP:6001076,Exacerbated by heat,因高温而加重,
HP:6001077,Exacerbated by excessive sweating,因过度出汗而加重,
HP:6001078,Malignant pleural effusion,恶性胸腔积液,
HP:6001079,Inappropriately low urine osmolality following challenge,激发后尿液渗透压过低,
HP:6001080,Reduced urine retrahydrocortisol plus 5-alpha-THF to tetrahydrocortisone ratio,尿液还原氢皮质醇加5-α-THF与四氢可的松的比率降低,
HP:6001081,"Elevated urinary 2,4-dihydroxyglutarate level","尿液2,4-二羟基戊二酸升高",
HP:6001082,Abnormal urine D-xylose test,尿液D-木糖试验异常,
HP:6001083,Cerebral hemisphere mass lesion,大脑半球肿块病变,
HP:6001084,T2-hyperintense putaminal rim,T2高信号壳核边缘,
HP:6001085,Posterior fossa mass lesion,后颅窝肿块病变,
HP:6001086,Irregular RR interval,RR间期不规则,
HP:6001087,Irregular P-P interval,PP间期不规则,
HP:6001088,Fungal hair infection,毛发真菌感染,
HP:6001089,Long hairstyle,长发型,
HP:6001090,Conjunctival subepithelial fibrosis,结膜上皮下纤维化,
HP:6001091,Conjunctival fornix foreshortening,结膜穹窿缩短,
HP:6001092,Strong ultraviolet light exposure,强紫外线照射,
HP:6001093,Exposure to vaginal douching,阴道冲洗史,
HP:6001094,Exposure to oily lotions or creams,油性乳液或面霜接触史,
HP:6001095,Elevated circulating pristanic acid concentration following branched-chain fatty acid ingestion,支链脂肪酸摄入后循环降植烷酸浓度升高,
HP:6001096,Decreased T-cell ZAP-70 protein expression in CD4-positive T cells,CD4阳性T细胞中T细胞ZAP-70蛋白表达降低,
HP:6001097,Dorsal flexion contracture of the ankle,踝关节背屈挛缩,
HP:6001098,Metaphyseal undermodelling,干骺端发育不全,
HP:6001099,Iliac vein compression,髂静脉受压,
HP:6001100,Positive serum amyloid P scintigraphy,血清淀粉样蛋白P闪烁显像阳性,
HP:6001101,crossed brainstem sign,脑干交叉征,
HP:6001102,Inability to puff cheeks,无法鼓起脸颊,
HP:6001103,Entoptic phenomenon,内视现象,
HP:6001104,Abnormal vestibulo-spinal reflex,前庭-脊髓反射异常,
HP:6001105,Positive probe-to-bone test,骨探针试验阳性,
HP:6001106,Exposure to repetive hand impact,反复受到手部冲击,
HP:6001107,Fractured scaphoid bone,舟状骨骨折,
HP:6001108,Local anesthetic ineffectiveness,局部麻醉无效,
HP:6001109,Palmoplantar location,掌跖位置,
HP:6001110,Oral mucosa plaque,口腔黏膜斑,
HP:6001111,Positive saliva rabies nucleic acid test,唾液狂犬病核酸检测阳性,
HP:6001112,Elevated tissue arylsulfatase A activity,组织芳基硫酸酯酶A活性升高,
HP:6001113,Elevated circulating methysterol concentration,循环甲基甾醇水平升高,
HP:6001114,Elevated urinary adipic acid,尿液己二酸升高,
