HPO编码,标准名称（英文）,定义,注释,精确同义词（多个用分号分隔）,相关同义词（多个用分号分隔）,父类HPO编码（多个用分号分隔）,子类HPO编码（多个用分号分隔）,是否为叶子节点,替代ID（多个用分号分隔）,是否已废弃,被替换为,创建日期,外部引用（多个用分号分隔）
HP:0000001,All,,Root of all terms in the Human Phenotype Ontology.,,,,HP:0000005; HP:0000118; HP:0012823,否,,否,,,UMLS:C0444868
HP:0000002,Abnormality of body height,Deviation from the norm of height with respect to that which is expected according to age and gender norms.,,Abnormality of body height,,HP:0001507,HP:0000098; HP:0004322; HP:0012772,否,,否,,2008-02-27T02:20:00Z,UMLS:C4025901
HP:0000003,Multicystic kidney dysplasia,"Multicystic dysplasia of the kidney is characterized by multiple cysts of varying size in the kidney and the absence of a normal pelvicaliceal system. The condition is associated with ureteral or ureteropelvic atresia, and the affected kidney is nonfunctional.",Multicystic kidney dysplasia is the result of abnormal fetal renal development in which the affected kidney is replaced by multiple cysts and has little or no residual function. The vast majority of multicystic kidneys are unilateral. Multicystic kidney can be diagnosed on prenatal ultrasound.,Multicystic dysplastic kidney; Multicystic renal dysplasia; Multicystic kidneys,,HP:0000107,,是,HP:0004715,否,,,SNOMEDCT_US:204962002; SNOMEDCT_US:82525005; UMLS:C3714581
HP:0000005,Mode of inheritance,The pattern in which a particular genetic trait or disorder is passed from one generation to the next.,"While there is a close conceptual relationship between allelic requirement and inheritance, they serve different purposes; allelic requirement is necessary for variant annotation pipelines and to determine if a given variant in a specific context is relevant to the phenotype of the patient e.g. a heterozygous variant (in the absence of compound heterozygosity) is relevant for dominant but not for recessive disease; while inheritance is used for describing the mode of inheritance of a phenotype and is particularly applicable in the clinical setting for communicating recurrence risk, to guide family screening, and to guide reproductive advice.",Inheritance,,HP:0000001,HP:0001426; HP:0003745,否,HP:0001425; HP:0001453; HP:0001461; HP:0010985,否,,,UMLS:C1708511
HP:0000006,Autosomal dominant inheritance,"A mode of inheritance that is observed for traits related to a gene encoded on one of the autosomes (i.e., the human chromosomes 1-22) in which a trait manifests in heterozygotes. In the context of medical genetics, an autosomal dominant disorder is caused when a single copy of the mutant allele is present. Males and females are affected equally, and can both transmit the disorder with a risk of 50% for each child of inheriting the mutant allele.",,monoallelic_autosomal; Autosomal dominant,Autosomal dominant type; Autosomal dominant form,,,是,HP:0001415; HP:0001447; HP:0001448; HP:0001451; HP:0001452; HP:0001455; HP:0001456; HP:0001463,否,,,SNOMEDCT_US:263681008; UMLS:C0443147
HP:0000007,Autosomal recessive inheritance,"A mode of inheritance that is observed for traits related to a gene encoded on one of the autosomes (i.e., the human chromosomes 1-22) in which a trait manifests in individuals with two pathogenic alleles, either homozygotes (two copies of the same mutant allele) or compound heterozygotes (whereby each copy of a gene has a distinct mutant allele).",,biallelic_autosomal; Autosomal recessive,Autosomal recessive predisposition; Autosomal recessive form,,,是,HP:0001416; HP:0001526; HP:0031362,否,,,SNOMEDCT_US:258211005; UMLS:C0441748; UMLS:C4020899
HP:0000008,Abnormal morphology of female internal genitalia,An abnormality of the female internal genitalia.,,Abnormality of female internal genitalia,,HP:0010460; HP:0000812,HP:0000130; HP:0000137; HP:0000142; HP:0011027,否,,否,,,UMLS:C4025900
HP:0000009,Functional abnormality of the bladder,Dysfunction of the urinary bladder.,,Poor bladder function,,HP:0000014,HP:0000011; HP:0000012; HP:0000016; HP:0000017; HP:0000019; HP:0000020; HP:0000076; HP:0000805; HP:0002839; HP:0005340; HP:0100515; HP:0100518,否,HP:0004424; HP:0008731,否,,,UMLS:C3806583
HP:0000010,Recurrent urinary tract infections,Repeated infections of the urinary tract.,"The urinary tract comprises the kidneys, ureters, a bladder, and a urethra.","Urinary tract infections, recurrent; Urinary tract infections; Repeated bladder infections; Frequent urinary tract infections; Recurrent UTIs; Repeated urinary tract infections",,HP:0011277; HP:0002719,HP:0012786; HP:0012787,否,HP:0000094,否,,,SNOMEDCT_US:197927001; UMLS:C0262655
HP:0000011,Neurogenic bladder,"A type of bladder dysfunction caused by neurologic damage. Neurogenic bladder can be flaccid or spastic. Common manifestatios of neurogenic bladder are overflow incontinence, frequency, urgency, urge incontinence, and retention.","Neurogenic bladder sphincter dysfunction (NBSD) can develop as a result of a lesion at any level in the nervous system, including the cerebral cortex, spinal cord, or peripheral nervous system. Neurologic conditions in children leading to neurogenic bladder dysfunction are predominantly congenital neural tube defects (including myelomeningocele, lipomeningocele, sacral agenesis, and occult lesions causing tethered cord). Acquired causes such as spinal cord tumors or trauma or sequelae of transverse myelitis are less frequent. Whereas from an etiologic standpoint neurogenic bladder dysfunction is a heterogeneous group, medical management will be similar irrespective of the underlying cause.",Lack of bladder control due to nervous system injury,,HP:0000009,,是,,否,,,SNOMEDCT_US:397732007; SNOMEDCT_US:398064005; UMLS:C0005697
HP:0000012,Urinary urgency,"Urge incontinence is the strong, sudden need to urinate.","Urinary urgency is the strong, sudden need to urinate and is usually due to bladder spasms or contractions. This symptom is suggestive of, but not necessarily conclusive for urodynamically demonstrable detrusor hyperactivity.",Urinary urgency; Urgent micturition; Overactive bladder,Urgency frequency syndrome; Overactive bladder syndrome,HP:0000009,,是,,否,,,SNOMEDCT_US:75088002; UMLS:C0085606; UMLS:C3544092; UMLS:C4020898
HP:0000013,Hypoplasia of the uterus,Underdevelopment of the uterus.,,Underdeveloped uterus; Hypoplastic uterus; Rudimentary uterus; Small uterus,,HP:0008684,,是,HP:0001154; HP:0008637,否,,,SNOMEDCT_US:35850006; UMLS:C0266399
HP:0000014,Abnormality of the bladder,An abnormality of the urinary bladder.,,,,HP:0010936,HP:0000009,否,,否,,,UMLS:C0149632
HP:0000015,Bladder diverticulum,Diverticulum (sac or pouch) in the wall of the urinary bladder.,,Bladder diverticula,,,HP:0008691; HP:0012619,否,,否,,,SNOMEDCT_US:197866008; UMLS:C0156273
HP:0000016,Urinary retention,Inability to completely empty the urinary bladder during the process of urination.,Urinary retention is the inability of the urinary bladder to empty. The cause may be neurologic or nonneurologic.,Increased post-void residual urine volume,,HP:0000009,,是,,否,,,SNOMEDCT_US:130951007; SNOMEDCT_US:267064002; SNOMEDCT_US:449491000124101; UMLS:C0080274
HP:0000017,Nocturia,Abnormally increased production of urine during the night leading to an unusually frequent need to urinate.,Often occurring as a result of heart insufficiency.,Nycturia,,HP:0000009,,是,,否,,,SNOMEDCT_US:139394000; UMLS:C0028734
HP:0000019,Urinary hesitancy,Difficulty in beginning the process of urination.,,Difficulty with flow,,HP:0000009,,是,,否,,,SNOMEDCT_US:5972002; UMLS:C0152032
HP:0000020,Urinary incontinence,Loss of the ability to control the urinary bladder leading to involuntary urination.,Urinary incontinence can be defined as the complaint of any involuntary leakage of urine.,Loss of bladder control; Bladder incontinence,,HP:0000009,HP:0010992,否,HP:0006942; HP:0008681,否,,,SNOMEDCT_US:165232002; UMLS:C0042024
HP:0000021,Megacystis,Dilatation of the bladder postnatally.,,,,HP:0010955,,是,HP:0002838,否,,,UMLS:C1855311
HP:0000022,Abnormal male internal genitalia morphology,An abnormality of the male internal genitalia.,"The internal genital structures of the male including the testis, epididymis, vas deferens, seminal vesicle, ejaculatory duct, bulbourethral gland, and the prostate.",,,HP:0010461; HP:0000812,HP:0008775; HP:0009714; HP:0012872,否,,否,,,UMLS:C4025899
HP:0000023,Inguinal hernia,Protrusion of the contents of the abdominal cavity through the inguinal canal.,Inguinal hernia appears as a bulge in the groin.,,,HP:0004299,,是,,否,,,MEDDRA:10022016; SNOMEDCT_US:396232000; UMLS:C0019294
HP:0000024,Prostatitis,The presence of inflammation of the prostate.,,Inflammation of the prostate,,HP:0008775; HP:0012649,,是,,否,,,SNOMEDCT_US:9713002; UMLS:C0033581
HP:0000025,Functional abnormality of male internal genitalia,,,,,HP:0012874,HP:0000026; HP:0008669,否,,否,,,UMLS:C4025898
HP:0000026,Male hypogonadism,"Decreased functionality of the male gonad, i.e., of the testis, with reduced spermatogenesis or testosterone synthesis.",,Decreased function of male gonad,,HP:0000135; HP:0000025,,是,HP:0008649,否,,,SNOMEDCT_US:48723006; UMLS:C0151721
HP:0000027,Azoospermia,"Absence of any measurable level of sperm,whereby spermatozoa cannot be observed even after centrifugation of the semen pellet.",,Absent sperm in semen,,HP:0008669,HP:0011961; HP:0011962; HP:0011963,否,,否,,,SNOMEDCT_US:425558002; SNOMEDCT_US:48188009; UMLS:C0004509
HP:0000028,Cryptorchidism,"Testis in inguinal canal. That is, absence of one or both testes from the scrotum owing to failure of the testis or testes to descend through the inguinal canal to the scrotum.","The gonad is mobile and can be retracted superiorly by the cremaster muscle reflex stimulated, for instance, by cold or touch. A retracted testis is not cryptorchidism. An abdominal testis cannot be distinguished by physical examination from an (Apparently) absent testis and requires radiological (or, rarely, surgical) procedures for assessment.",Undescended testis; Undescended testes; Cryptorchism,,HP:0000035,HP:0008689; HP:0012741,否,HP:0000797,否,,,Fyler:4493; SNOMEDCT_US:204878001; UMLS:C0010417
HP:0000029,Testicular atrophy,Wasting (atrophy) of the testicle (the male gonad) manifested by a decrease in size and potentially by a loss of fertility.,,Testicular degeneration,,HP:0000035,,是,,否,,,SNOMEDCT_US:17585008; UMLS:C0156312
HP:0000030,Testicular gonadoblastoma,The presence of a gonadoblastoma of the testis.,,,"Gonadoblastoma, male",HP:0010788; HP:0000150,,是,,否,,,NCIT:C3754; UMLS:C1515283
HP:0000031,Epididymitis,The presence of inflammation of the epididymis.,,,,HP:0012649; HP:0009714,,是,,否,,,SNOMEDCT_US:31070006; UMLS:C0014534
HP:0000032,Abnormal male external genitalia morphology,Any structural abnormality of male external genitalia.,,Abnormality of male external genitalia,,HP:0010461; HP:0000811,HP:0000033; HP:0000035; HP:0000036; HP:0000037; HP:0000045; HP:0000050; HP:0008730; HP:0100848,否,,否,,,UMLS:C4025897
HP:0000033,"Ambiguous genitalia, male",Ambiguous genitalia in an individual with XY genetic gender.,,Ambiguous genitalia in males,,HP:0000062; HP:0000032,,是,,否,,,UMLS:C4021823
HP:0000034,Hydrocele testis,Accumulation of clear fluid in the between the layers of membrane (tunica vaginalis) surrounding the testis.,,Testicular hydrocele,,HP:0000035,HP:0100673,否,,否,,,SNOMEDCT_US:26614003; SNOMEDCT_US:386152007; SNOMEDCT_US:55434001; UMLS:C1720771
HP:0000035,Abnormal testis morphology,An anomaly of the testicle (the male gonad).,,Anomaly of the testes; Abnormality of the testis,,HP:0000032,HP:0000028; HP:0000029; HP:0000034; HP:0008720; HP:0008733; HP:0010470; HP:0010788; HP:0010789; HP:0012215; HP:0012646; HP:0012860; HP:0012870; HP:0100796; HP:0100813,否,,否,,,SNOMEDCT_US:55631001; UMLS:C0266423
HP:0000036,Abnormal penis morphology,Abnormality of the male external sex organ.,,Abnormality of the penis,,HP:0000032,HP:0000040; HP:0008708; HP:0008736; HP:0100587; HP:0100599; HP:0100600; HP:0100623; HP:0100850,否,,否,,,UMLS:C4025896
HP:0000037,Male pseudohermaphroditism,"Hermaphroditism refers to a discrepancy between the morphology of the gonads and that of the external genitalia. In male pseudohermaphroditism, the genotype is male (XY) and the external genitalia are imcompletely virilized, ambiguous, or complete female. If gonads are present, they are testes.",,,,HP:0000032,HP:0008656,否,,否,,,SNOMEDCT_US:111332007; UMLS:C0238395
HP:0000039,Epispadias,"Epispadias is a urogenital malformation characterized by the failure of the urethral tube to tubularize on the dorsal aspect. Unlike in hypospadias, where the meatus is on the ventral aspect, children with epispadias have a wide-open urethral plate on the dorsum. It is commonly seen as a component in the spectrum of bladder exstrophy-epispadias-complex. Isolated epispadias constitutes less than 10 percent of the total cases of epispadias.","Epispadias may be present in a phenotypic male, female, or an individual with ambiguous genitalia. A meatus in a phenotypic male may be positioned either on the glans (glandular or balanic epispadias), the shaft (penile epispadias) or at the attachment of the penis to the abdominal wall (penopubic epispadias). Alternatively, the urethra may be an open groove along the dorsal shaft of the penis, with no readily recognized meatus. Epispadias is a frequent component of Bladder exstrophy, but should be coded separately.",,,HP:0100627,,是,,否,,,SNOMEDCT_US:406477003; UMLS:C0563449
HP:0000040,Long penis,Penile length more than 2 SD above the mean for age.,"Penile length is the distance between the midline attachment of the gently stretched, flaccid penis above the pubic symphysis and tip of the glans.",Enlarged penis; Long penis,,HP:0000036,,是,,否,,,SNOMEDCT_US:88673001; UMLS:C0269011
HP:0000041,Chordee,"A congenital anomaly of the penis characterized by ventral (i.e., downward), lateral, or ventrolateral curvature of the shaft and glans penis of more than 30 degrees.","The degree of variation of penis curvature is a continuum, but traditionally 30 degrees is considered the threshold for surgical intervention on chordee. Bowing usually becomes more obvious in an erect penis, but is frequently also palpable when stretching a flaccid penis. Chordee can be congenital or acquired; if the former, it can be associated with Webbed Penis or Hypospadias, which should be coded separately.",,,,,是,,否,,,SNOMEDCT_US:4287008; UMLS:C0221182
HP:0000042,Absent external genitalia,Lack of external genitalia in a male or female individual.,,Absent external genitalia,,HP:0000811,,是,,否,,,UMLS:C1848869
HP:0000044,Hypogonadotropic hypogonadism,Hypogonadotropic hypogonadism is characterized by reduced function of the gonads (testes in males or ovaries in females) and results from the absence of the gonadal stimulating pituitary hormones: follicle stimulating hormone (FSH) and luteinizing hormone (LH).,,Hypogonadotrophic hypogonadism; Low gonadotropins (secondary hypogonadism),Isolated hypogonadotropic hypogonadism,HP:0000135,,是,HP:0003335; HP:0008224,否,,,SNOMEDCT_US:33927004; UMLS:C0271623; UMLS:C3489396
HP:0000045,Abnormal scrotum morphology,"Any structural abnormality of the scrotum, i.e., the sac that contains the testes, epididymis, and the lower part of the spermatic cord.",,Abnormality of the scrotum,,HP:0000032,HP:0000046; HP:0000048; HP:0000049; HP:0003246; HP:0008707; HP:0012855; HP:0012856; HP:0012871; HP:0100600; HP:0100674; HP:0100675; HP:0100676; HP:0100849,否,,否,,,UMLS:C4025895
HP:0000046,Small scrotum,Apparently small scrotum for age.,"A small scrotum is often accompanied by Cryptorchidism which should be coded separately. The size of the scrotum is dependent on the ambient temperature: a low temperature may cause the testes to retract, leading to the false impression of a small scrotum.",Smaller than typical growth of scrotum; Hypoplastic scrotum; Underdeveloped scrotum; Scrotal hypoplasia,,HP:0000050; HP:0000045,,是,HP:0030276,否,,,SNOMEDCT_US:204912007; UMLS:C0431659
HP:0000047,Hypospadias,"Abnormal position of urethral meatus on the ventral penile shaft (underside) characterized by displacement of the urethral meatus from the tip of the glans penis to the ventral surface of the penis, scrotum, or perineum.",,Hypospadia,,HP:0100627,HP:0000051; HP:0000808; HP:0003244; HP:0012853,否,,否,,,Fyler:4504; SNOMEDCT_US:204888000; UMLS:C1691215
HP:0000048,Bifid scrotum,Midline indentation or cleft of the scrotum.,A testis may or may not be present in each half of the scrotum.,Scrotal cleft; Cleft of scrotum,,HP:0000045,,是,,否,,,SNOMEDCT_US:236780002; UMLS:C0341787
HP:0000049,Shawl scrotum,Superior margin of the scrotum superior to the base of the penis.,"A congenital overriding scrotum may disappear with growth and development, especially during puberty. If the entire scrotum is located superior to the penis, the term Penoscrotal transposition is used instead.",Overriding scrotum; Scrotum surrounds penis,,HP:0000045,,是,,否,,,UMLS:C1858539
HP:0000050,Hypoplastic male external genitalia,"Underdevelopment of part or all of the male external reproductive organs (which include the penis, the scrotum and the urethra).",,Underdeveloped male genitalia; Small male external genitalia; Hypoplastic male genitalia,,HP:0000032; HP:0003241,HP:0000046; HP:0008734; HP:0008736,否,HP:0008710; HP:0008721,否,,,UMLS:C1852534
HP:0000051,Perineal hypospadias,Hypospadias with location of the urethral meatus in the perineal region.,,,,HP:0000047,,是,,否,,,SNOMEDCT_US:204890004; UMLS:C0452148
HP:0000052,"Urethral atresia, male",Congenital anomaly characterized by closure or failure to develop an opening in the urethra in males.,,,,HP:0000068,,是,,否,,,UMLS:C4025894
HP:0000053,Macroorchidism,The presence of abnormally large testes.,,Large testis; Large testicles,,,HP:0002050; HP:0008640,否,,否,,,UMLS:C1263023
HP:0000054,Micropenis,"Abnormally small penis. At birth, the normal penis is about 3 cm (stretched length from pubic tubercle to tip of penis) with micropenis less than 2.0-2.5 cm.",,Short penis; Small penis,,HP:0008736,,是,HP:0000038,否,,,SNOMEDCT_US:34911001; UMLS:C4551492
HP:0000055,Abnormal female external genitalia morphology,Any structural abnormality of the female external genitalia.,,Abnormality of female external genitalia; Abnormal female external genitalia,,HP:0010460; HP:0000811,HP:0000056; HP:0000058; HP:0000061; HP:0000067; HP:0010458; HP:0012815; HP:0100677,否,,否,,,UMLS:C4021822
HP:0000056,Abnormal clitoris morphology,Any structural abnormality of the clitoris.,,Abnormality of the clit; Abnormality of the clitoris,,HP:0000055,,是,,否,,,UMLS:C4025893
HP:0000058,Abnormal labia morphology,"An anomaly of the labia, the externally visible portions of the vulva.",,Abnormality of the labia,,HP:0000055,HP:0000065; HP:0000066; HP:0012880; HP:0012881,否,,否,,,UMLS:C4025892
HP:0000059,Hypoplastic labia majora,Undergrowth of the outer labia.,,Small labia majora; Hypoplasia of labia majora; Underdeveloped vaginal lips,,HP:0012881; HP:0000066,,是,,否,,,SNOMEDCT_US:289469003; UMLS:C0566899
HP:0000060,Clitoral hypoplasia,Developmental hypoplasia of the clitoris.,,Underdeveloped clit; Small clitoris; Hypoplastic clitoris,,HP:0012815,,是,,否,,,UMLS:C1844527
HP:0000061,"Ambiguous genitalia, female",Ambiguous genitalia in an individual with XX genetic gender.,,Atypical appearance of female genitals,Ambiguous genitalia due to virilization,HP:0000062; HP:0000055,,是,HP:0008690,否,,,UMLS:C1859980; UMLS:C4025891
HP:0000062,Ambiguous genitalia,A genital phenotype that is not clearly assignable to a single gender. Ambiguous genitalia can be evaluated using the Prader scale: Prader 0: Normal female external genitalia. Prader 1: Female external genitalia with clitoromegaly. Prader 2: Clitoromegaly with partial labial fusion forming a funnel-shaped urogenital sinus. Prader 3: Increased phallic enlargement. Complete labioscrotal fusion forming a urogenital sinus with a single opening. Prader 4: Complete scrotal fusion with urogenital opening at the base or on the shaft of the phallus. Prader 5: Normal male external genitalia. The diagnosis of ambiguous genitalia is made for Prader 1-4.,"Note that this term can include or combine variations in size and shape, with partial or complete absence of structures. It is preferable to describe the individual components, which are defined below. It is nonetheless a widely used bundled term and as such is retained here. The distinction of this finding from a marked degree of Hypospadias is an example of how this term can be problematic. Genetic gender is determined at fertilization, whereby the presence of a Y chromosome determines male gender. Normally, genetic gender determines gonadal gender which in turn determines phenotypic gender. Testicular development is an active process requiring expression of the primary testis determining gene SRY, which is located on the Y chromosome.",Ambiguous external genitalia at birth; Intersex genitalia; Ambiguous external genitalia,,HP:0000811,HP:0000033; HP:0000061; HP:0003248; HP:0010459; HP:0012861,否,HP:0008685; HP:0008693,否,,,SNOMEDCT_US:21321009; UMLS:C0266362
HP:0000063,Fused labia minora,Fusion of the labia minora as a result of labial adhesions resulting in vaginal obstruction.,,Fused inner lips,,HP:0012880,,是,,否,,,UMLS:C1837532
HP:0000064,Hypoplastic labia minora,,,Underdeveloped inner lips,,HP:0000066; HP:0012880,,是,,否,,,UMLS:C1849295
HP:0000065,Labial hypertrophy,,,Enlargement of the vaginal lips; Enlarged vaginal lips; Enlargement of the labia,,HP:0000058,HP:0008683; HP:0008739,否,,否,,,SNOMEDCT_US:16924008; UMLS:C0404531
HP:0000066,Labial hypoplasia,,,Hypoplastic labia; Underdeveloped labia,,HP:0012815; HP:0000058,HP:0000059; HP:0000064,否,,否,,,UMLS:C1850325
HP:0000067,"Urethral atresia, female",Congenital anomaly characterized by closure or failure to develop an opening in the urethra in females.,,,,HP:0000068; HP:0000055,,是,,否,,,UMLS:C4025890
HP:0000068,Urethral atresia,Congenital anomaly characterized by closure or failure to develop an opening in the urethra.,,Absent urethral opening; Urethral opening absent,,HP:0000795,HP:0000052; HP:0000067,否,,否,,,UMLS:C1610065
HP:0000069,Abnormality of the ureter,An abnormality of the ureter. The ureter is the duct by which urine passes from the kidney to the bladder.,,Ureter issue; Abnormality of the ureters; Ureteral anomalies,,HP:0010935,HP:0100516,否,HP:0006001,否,,,UMLS:C1840382
HP:0000070,Ureterocele,A ureterocele is a congenital saccular dilatation of the distal segment of the ureter.,,,,,,是,,否,,,SNOMEDCT_US:12818004; UMLS:C0041960
HP:0000071,Ureteral stenosis,"The presence of a stenotic, i.e., constricted ureter.",,Ureteric stenosis; Narrowing of the ureter,,HP:0006000,HP:0000074; HP:0008714,否,,否,,,SNOMEDCT_US:95574003; UMLS:C0521618
HP:0000072,Hydroureter,The distention of the ureter with urine.,,Swelling of ureter; Wide ureter; Ureteral dilatation; Dilated ureter; Megaureter,Uroureter,,HP:0008676,否,HP:0006003,否,,,SNOMEDCT_US:69758005; SNOMEDCT_US:95576001; UMLS:C0521620; UMLS:C4020897
HP:0000073,Ureteral duplication,"A developmental anomaly characterized by the presence of two, instead of one, ureter connecting a kidney to the bladder.",,Double ureter,,,HP:0008705; HP:0012571; HP:0012572,否,,否,,,SNOMEDCT_US:49496001; UMLS:C0221365
HP:0000074,Ureteropelvic junction obstruction,Blockage of urine flow from the renal pelvis to the proximal ureter.,,Ureteropelvic junction stenosis; Pelviureteric junction obstruction,,HP:0000071,,是,,否,,,SNOMEDCT_US:95575002; UMLS:C0521619
HP:0000075,Renal duplication,"A congenital anomaly of the urinary tract, in which the kidney is duplicated and is drained via two separate renal pelves and ureters.",,Duplex kidney; Duplicated kidney; Extra kidney,Supernumerary kidney,HP:0012210; HP:0005217,HP:0005580; HP:0008738,否,,否,,2008-02-25T12:45:00Z,SNOMEDCT_US:30275001; UMLS:C0266298
HP:0000076,Vesicoureteral reflux,Abnormal (retrograde) movement of urine from the bladder into ureters or kidneys related to inadequacy of the valvular mechanism at the ureterovesicular junction or other causes.,,VUR; Vesico-ureteral reflux; Ureteral reflux; Ureteric reflux; Vesicoureteric reflux,,HP:0000009,,是,HP:0005998; HP:0006002; HP:0008667,否,,,Fyler:4510; SNOMEDCT_US:197811007; UMLS:C0042580
HP:0000077,Abnormality of the kidney,An abnormality of the kidney.,The kidney is a paired organ whose primary function is the production of urine.,Renal anomalies; Abnormal kidney; Renal anomaly; Abnormality of the kidney,,HP:0010935,HP:0009726; HP:0012210; HP:0012211,否,,否,,,SNOMEDCT_US:44513007; SNOMEDCT_US:90708001; UMLS:C0022658; UMLS:C0266292
HP:0000078,Abnormality of the genital system,An abnormality of the genital system.,,Genital anomalies; Genital abnormalities; Genital defects; Genital abnormality,Abnormality of the reproductive system,HP:0000119,HP:0000080; HP:0010787; HP:0012243,否,,否,,,UMLS:C0281966; UMLS:C0744356
HP:0000079,Abnormality of the urinary system,An abnormality of the urinary system.,,Urinary tract abnormality; Urinary tract anomalies; Urinary tract abnormalities,,HP:0000119,HP:0000809; HP:0010935; HP:0010936; HP:0011277,否,,否,,,UMLS:C4021821
HP:0000080,Abnormality of reproductive system physiology,An abnormal functionality of the genital system.,,Genital functional abnormality; Abnormality of reproductive system physiology,,HP:0000078,HP:0000135; HP:0000144; HP:0012874,否,,否,,,UMLS:C4020896; UMLS:C4021820
HP:0000081,Duplicated collecting system,"A duplication of the collecting system of the kidney, defined as a kidney with two (instead of, normally, one) pyelocaliceal systems. The pyelocaliceal system is comprised of the renal pelvis and calices. The duplicated renal collecting system can be associated with a single ureter or with double ureters. In the latter case, the two ureters empty separately into the bladder or fuse to form a single ureteral orifice.",,Double collecting system; Duplicated renal collecting system; Double urinary collecting systems on intravenous pyelography; Duplex collecting system,,HP:0004742,,是,,否,,2008-02-25T12:45:00Z,UMLS:C1858565
HP:0000083,Renal insufficiency,"A reduction in the level of performance of the kidneys in areas of function comprising the concentration of urine, removal of wastes, the maintenance of electrolyte balance, homeostasis of blood pressure, and calcium metabolism.",,Renal failure; Renal failure in adulthood,,HP:0012211,HP:0001919; HP:0004713; HP:0012622,否,HP:0000084; HP:0004723,否,,,SNOMEDCT_US:236423003; SNOMEDCT_US:42399005; UMLS:C0035078; UMLS:C1565489; UMLS:C1839604
HP:0000085,Horseshoe kidney,A connection of the right and left kidney by an isthmus of functioning renal parenchyma or fibrous tissue that crosses the midline.,,Horseshoe kidney; Horseshoe kidneys,,HP:0100542,,是,,否,,,Fyler:4507; SNOMEDCT_US:41729002; UMLS:C0221353
HP:0000086,Ectopic kidney,A developmental defect in which a kidney is located in an abnormal anatomic position.,,Displaced kidney; Abnormal kidney location; Renal ectopia; Ectopic kidneys,,HP:0100542,HP:0000125; HP:0004736,否,,否,,,SNOMEDCT_US:16507009; UMLS:C0238207
HP:0000089,Renal hypoplasia,Hypoplasia of the kidney.,"Oligomeganephronic renal hypoplasia differs from simple hypoplasia, in which the renal mass is reduced but the number of nephrons is normal.",Hypoplastic kidney; Underdeveloped kidneys; Small kidneys; Hypoplastic kidneys,,HP:0008678,HP:0012583; HP:0012584,否,HP:0001968; HP:0004741; HP:0008641,否,,,SNOMEDCT_US:32659003; UMLS:C0266295
HP:0000090,Nephronophthisis,Presence of cysts at the corticomedullary junction of the kidney in combination with tubulointerstitial fibrosis.,Nephronophthisis is here regarded as a phenotypic feature. The disease of the same name results in progressive symmetrical destruction of the kidneys involving both the tubules and glomeruli.,juvenile nephronophthisis,,HP:0100957,,是,HP:0004748,否,,,SNOMEDCT_US:204958008; UMLS:C0687120
HP:0000091,Abnormal renal tubule morphology,An abnormality of the renal tubules.,"The renal tubules are reabsorptive canals that are involved in the secreting, collecting, and conducting of the urine.",Abnormality of the renal tubule; Morphologic abnormality of the renal tubules,,HP:0012575,HP:0001969; HP:0008660; HP:0008682,否,,否,,,UMLS:C4021826
HP:0000092,Renal tubular atrophy,"The presence of renal tubules with thick redundant basement membranes, or a reduction of greater than 50% in tubular diameter compared to surrounding non-atrophic tubules.","Atrophic tubules must be distinguished from acute tubular injury as both can show extensive tubular epithelial changes. In acute tubular injury, tubules are often dilated and tubular basement membranes are smooth and maintain normal thickness, in contrast to the contracted tubules with thickened and wrinkled tubular basement membranes of tubular atrophy. Further, in acute tubular injury, tubules are usually back-to-back or mildly separated by interstitial edema, while in tubular atrophy tubules can be separated by interstitial fibrosis. Uniform thickening of tubular basement membranes without shrinkage and otherwise healthy epithelial cells can be seen in diabetic nephropathy. Duplication, or lamellation, thickening, and disruption of tubular basement membranes with tubular dilatation can be seen in medullary cystic kidney disease/nephronophthisis.",Tubular atrophy; Renal tubular cell atrophy,,,,是,HP:0005578,否,,,UMLS:C1858395
HP:0000093,Proteinuria,Increased levels of protein in the urine.,,High urine protein levels; Protein in urine,,,HP:0003126; HP:0012593; HP:0012595; HP:0012596; HP:0012597,否,,否,,,SNOMEDCT_US:29738008; UMLS:C0033687
HP:0000095,Abnormal renal glomerulus morphology,A structural anomaly of the glomerulus.,"Each human kidney contains approximately one million nephrons. The glomerulus is the most proximal component of the nephron. The glomerulus of the mammalian kidney is a highly developed vascular bed that acts as a filter, allowing a filtrate of small molecules, such as water, sugars, electrolytes and small proteins, to pass through a barrier that retains high molecular weight proteins and cells in the circulation.",Abnormality of renal glomerulus morphology; Morphologic abnormality of the renal glomerulus,,,HP:0000096; HP:0000099; HP:0000111; HP:0001966; HP:0100611; HP:0100820,否,,否,,,UMLS:C4025889
HP:0000096,Glomerular sclerosis,Accumulation of scar tissue within the glomerulus.,,Glomerulosclerosis,,HP:0000095,HP:0000097; HP:0004737,否,HP:0030761,否,,,SNOMEDCT_US:197661001; SNOMEDCT_US:82646005; UMLS:C0178664
HP:0000097,Focal segmental glomerulosclerosis,Segmental accumulation of scar tissue in individual (but not all) glomeruli.,"Glomerular changes can be focal (only in some glomeruli) or diffuse (in all or almost all the glomeruli), and segmental (only a part of the glomerulus) or global (the entire glomerulus). FSGS is characterized by focal and segmental occurrence of lesions with mesangial sclerosis, obliteration of glomerular capillaries with hyalinosis and intracapillary foam cells, formation of adhesions between the glomerular tuft and Bowman's capsule, and podocyte hypertrophy. FSGS is not a disease entity, but rather a pattern of injury with quite diverse clinical behavior, morphology, and possibly also pathogenesis.",Focal and segmental glomerular sclerosis; Focal and segmental glomerulosclerosis; focal glomerulosclerosis,,HP:0000096,,是,HP:0004747,否,,,SNOMEDCT_US:236403004; SNOMEDCT_US:25821008; UMLS:C0017668
HP:0000098,Tall stature,A height above that which is expected according to age and gender norms.,,Increased linear growth; Increased body height; Accelerated linear growth; Tall stature,,HP:0000002,HP:0001519; HP:0001533; HP:0001548; HP:0003517; HP:0011407,否,HP:0001527; HP:0003515; HP:0003516,否,,2008-02-27T02:21:00Z,SNOMEDCT_US:248328003; UMLS:C0241240
HP:0000099,Glomerulonephritis,Inflammation of the renal glomeruli.,,Glomerular nephritis,,HP:0000123; HP:0000095,HP:0000793; HP:0008653; HP:0012578; HP:0012579,否,,否,,,SNOMEDCT_US:36171008; UMLS:C0017658
HP:0000100,Nephrotic syndrome,"Nephrotic syndrome is a collection of findings resulting from glomerular dysfunction with an increase in glomerular capillary wall permeability associated with pronounced proteinuria. Nephrotic syndrome refers to the constellation of clinical findings that result from severe renal loss of protein, with Proteinuria and hypoalbuminemia, edema, and hyperlipidemia.","In adults, nephrotic syndrome is characterized by protein excretion of 3.5 g or more per day. In children, nephrotic syndrome is accompanied by protein excretion of more than 40 mg/m2/h and hypalbuminemia < 2.5 mg/dl.",Nephrosis,,HP:0012211,HP:0008677; HP:0008695; HP:0012588; HP:0012589,否,HP:0000801; HP:0004718; HP:0008638; HP:0008727,否,,,SNOMEDCT_US:52254009; UMLS:C0027726
HP:0000103,Polyuria,An increased rate of urine production.,An excessive volume of urination for an adult is more than 2.5 liters of urine per day.,Increased urine output,,HP:0012590,,是,HP:0200060,否,,,SNOMEDCT_US:28442001; SNOMEDCT_US:56574000; SNOMEDCT_US:718402002; UMLS:C0032617
HP:0000104,Renal agenesis,"Agenesis, that is, failure of the kidney to develop during embryogenesis and development.",Renal agenesis can occur as a unilateral or bilateral trait.,Renal aplasia; Missing kidney; Absent kidney,,HP:0008678,HP:0000122; HP:0010958,否,HP:0000785; HP:0004745; HP:0008680,否,,,Fyler:4503; SNOMEDCT_US:204942005; UMLS:C0542519
HP:0000105,Enlarged kidney,An abnormal increase in the size of the kidney.,"The main causes of large kidney are hydronephrosis, polycystic disease, renal cell carcinoma, nephroblastoma/Wilms tumor (in children), and solitary cysts. If possible, a specific term should be used instead of this one. There are several ways of diagnosing enlarged kidney including intravenous urography.",Renal enlargement; Nephromegaly; Large kidneys; Enlarged kidney,Large kidney,HP:0012210,,是,,否,,,SNOMEDCT_US:300444006; UMLS:C0542518
HP:0000107,Renal cyst,A fluid filled sac in the kidney.,,Kidney cyst,Renal cysts; Cystic kidneys; Cystic kidney disease,HP:0012210,HP:0000003; HP:0000108; HP:0000113; HP:0000800; HP:0000803; HP:0005562; HP:0008659; HP:0012581; HP:0100877,否,HP:0000088; HP:0000109,否,,,UMLS:C0022679; UMLS:C3887499
HP:0000108,Renal corticomedullary cysts,The presence of multiple cysts at the border between the renal cortex and medulla.,,Corticomedullary renal cysts,Renal corticomedullary cystic disease,HP:0100957; HP:0011035; HP:0000107,,是,,否,,,UMLS:C1968619
HP:0000110,Renal dysplasia,The presence of developmental dysplasia of the kidney.,,Dysplastic kidneys; Renal adysplasia,,HP:0012210,HP:0008718; HP:0012582,否,HP:0000116; HP:0004721,否,,,SNOMEDCT_US:204949001; UMLS:C1619700; UMLS:C3536714
HP:0000111,Renal juxtaglomerular cell hypertrophy/hyperplasia,Increased number and size of the juxtaglomerular cells.,,,,HP:0000095,,是,,否,,,UMLS:C1866496
HP:0000112,Nephropathy,A nonspecific term referring to disease or damage of the kidneys.,,,,HP:0012211,,是,,否,,,SNOMEDCT_US:90708001; UMLS:C0022658; UMLS:C1408258
HP:0000113,Polycystic kidney dysplasia,The presence of multiple cysts in both kidneys.,"Polycystic kidney disease (PKD) is a leading cause of end-stage renal disease. Most commonly, PKD arises as an inherited trait. Tremendous enlargement of both kidneys is characteristic of the autosomal dominant form of PKD, with up to hundreds or thousands of renal cysts. This term does not refer to the disease entity but rather to the finding of numerous cysts in both kidneys.",Polycystic kidneys,Polycystic kidney disease,HP:0000107,,是,HP:0004716; HP:0004739; HP:0004740; HP:0008645; HP:0008673; HP:0008699,否,,,Fyler:4508; SNOMEDCT_US:82525005; UMLS:C0022680; UMLS:C1567435
HP:0000114,Proximal tubulopathy,"Dysfunction of the proximal tubule, which is the portion of the duct system of the nephron of the kidney which leads from Bowman's capsule to the loop of Henle.",,Proximal tubular defect; Proximal tubule dysfunction; Proximal renal tubule defect; Selective proximal tubular damage; Proximal renal tubulopathy,,HP:0000124,HP:0005574; HP:0012573,否,HP:0000806,否,,,UMLS:C1839603
HP:0000117,Renal phosphate wasting,High urine phosphate in the presence of hypophosphatemia.,,Tubular phosphate reabsorption low; Decreased tubular maximum for phosphate reabsorption per glomerular filtration rate; Decreased renal tubular phosphate reabsorption,,HP:0012599,,是,,否,,,UMLS:C1845169
HP:0000118,Phenotypic abnormality,A phenotypic abnormality.,This is the root of the phenotypic abnormality subontology of the HPO.,Organ abnormality,,HP:0000001,HP:0000119; HP:0000152; HP:0000478; HP:0000598; HP:0000707; HP:0000769; HP:0000818; HP:0001197; HP:0001507; HP:0001574; HP:0001608; HP:0001626; HP:0001871; HP:0001939; HP:0002086; HP:0002664; HP:0002715,否,,否,,,UMLS:C4021819
HP:0000119,Abnormality of the genitourinary system,The presence of any abnormality of the genitourinary system.,,Genitourinary tract anomalies; Genitourinary tract malformation; Genitourinary abnormality; Urogenital anomalies; Urogenital abnormalities; Abnormality of the GU system,Genitourinary dysplasia; Genitourinary disease,HP:0000118,HP:0000078; HP:0000079; HP:0007379; HP:0012620; HP:0100589,否,HP:0008658; HP:0008688; HP:0008704; HP:0008713,否,,,SNOMEDCT_US:287085006; SNOMEDCT_US:42030000; UMLS:C0042063; UMLS:C0080276; UMLS:C4020895
HP:0000121,Nephrocalcinosis,Nephrocalcinosis is the deposition of calcium salts in renal parenchyma.,"Nephrocalcinosis can be intratubular or interstitial, and can be diagnosed by means of a radiologic exam (plain radiographs, ultrasonograms, or computed tomography scans) or via microscopic examination of the renal tissues. The term nephrocalcinosis most often applies to a generalized increase in renal calcium content.",Too much calcium deposited in kidneys,Increased calcium level in kidney,HP:0012210,HP:0008327; HP:0012408; HP:0012409,否,,否,,,SNOMEDCT_US:48638002; UMLS:C0027709; UMLS:C4280679
HP:0000122,Unilateral renal agenesis,A unilateral form of agenesis of the kidney.,,Missing one kidney; Absent kidney on one side; Unilateral kidney agenesis; Single kidney,,HP:0000104,,是,,否,,,Fyler:4509; SNOMEDCT_US:55726006; UMLS:C0266294
HP:0000123,Nephritis,The presence of inflammation affecting the kidney.,,Kidney inflammation,,HP:0012649; HP:0012211,HP:0000099; HP:0012330; HP:0012784,否,HP:0008634,否,,,SNOMEDCT_US:52845002; UMLS:C0027697
HP:0000124,Renal tubular dysfunction,"Abnormal function of the renal tubule. The basic functional unit of the kidney, the nephron, consists of a renal corpuscle attached to a renal tubule, with roughly 0.8 to 1.5 nephrons per adult kidney. The functions of the renal tubule include reabsorption of water, electrolytes, glucose, and amino acids and secretion of substances such as uric acid.",,Renal tubular defect; Abnormal function of filtrating structures in kidney,Renal tubular disease,HP:0012211,HP:0000114; HP:0001947; HP:0008272; HP:0011038,否,,否,,,SNOMEDCT_US:95568003; UMLS:C0151747
HP:0000125,Pelvic kidney,A developmental defect in which a kidney is located in an abnormal anatomic position within the pelvis.,,Sacral kidney,,HP:0000086,,是,,否,,,SNOMEDCT_US:56108007; UMLS:C0221209
HP:0000126,Hydronephrosis,Severe distention of the kidney with dilation of the renal pelvis and calices.,Hydronephrosis can be caused by reflux or by retrograde pressure on the kidney when the flow of urine is obstructed.,,,HP:0010946,,是,,否,,,Fyler:4502; SNOMEDCT_US:43064006; UMLS:C0020295
HP:0000127,Renal salt wasting,A high concentration of one or more electrolytes in the urine in the presence of low serum concentrations of the electrolyte(s).,,Loss of salt in urine; Salt wasting; Salt-wasting; Renal salt-wasting,,HP:0012591,,是,,否,,,UMLS:C1846347
HP:0000128,Renal potassium wasting,High urine potassium in the presence of hypokalemia.,"A urine potassium assay can be used to determine the cause of reduced serum potassium (hypokalemia). Normally, the kidney will reabsorb more potassium in the presence of hypokalemia. Therefore, a low urine potassium can suggest gastrointestinal potassium loss, poor dietary intake, or a shift of potassium from the extracellular to the intracellular space. On the other hand, a high urine potassium in the face of low serum potassium indicated renal loss, referred to as renal potassium wasting.",Renal K wasting,,HP:0012598,,是,,否,,,UMLS:C1846348
HP:0000130,Abnormality of the uterus,An abnormality of the uterus.,,Abnormality of the uterus; Uterine abnormalities; Uterine malformations,,HP:0000008,HP:0008684; HP:0012888,否,HP:0008630; HP:0008692,否,,,SNOMEDCT_US:37849005; UMLS:C0266383
HP:0000131,Uterine leiomyoma,The presence of a leiomyoma of the uterus.,Leiomyoma is a benign neoplasm derived from smooth muscle cells.,Benign uterine leiomyomas; Uterine fibroid,,HP:0010784,,是,HP:0008642,否,,,NCIT:C3157; SNOMEDCT_US:146801000119103; SNOMEDCT_US:44598004; SNOMEDCT_US:95315005; UMLS:C0042133
HP:0000132,Menorrhagia,Prolonged and excessive menses at regular intervals in excess of 80 mL or lasting longer than 7 days.,,Abnormally heavy periods; Hypermenorrhea; Abnormally heavy bleeding during menstruation,,HP:0000140; HP:0001892,,是,HP:0100609,否,,,SNOMEDCT_US:386692008; UMLS:C0025323
HP:0000133,Gonadal dysgenesis,"Gonadal dysgenesis is the name given to any of a multitude of conditions that can cause impaired development of the gonads, i.e., the testes or ovaries, or to the related phenotypic features. The term is to be avoided if possible for new annotations, and more specific terms should be chosen.","Gonadal dysgenesis is a genetic condition due to errors in cell division and or alterations in genetic material, leading to complete or partial loss of gonadal development. The development of gonadal dysgenesis begins early either at fertilization or shortly after in the early stages of the embryo and fetus.",Pure gonadal dysgenesis; Mixed gonadal dysgenesis,,HP:0000812,HP:0008668; HP:0008723,否,HP:0003243,否,,,SNOMEDCT_US:205681004; SNOMEDCT_US:38804009; SNOMEDCT_US:83579008; SNOMEDCT_US:95219002; UMLS:C0018051; UMLS:C0018055; UMLS:C0687149
HP:0000134,Female hypogonadism,"Decreased functionality of the female gonads, i.e., of the ovary.",,"Hypogonadism, female",,HP:0000135,,是,,否,,,SNOMEDCT_US:16041008; UMLS:C0271578
HP:0000135,Hypogonadism,A decreased functionality of the gonad.,Reduced functioning of the gonads (ovaries or testes) with reduced production of sex hormones.,Decreased activity of gonads,,HP:0008373; HP:0000080,HP:0000026; HP:0000044; HP:0000134; HP:0000815,否,,否,,,SNOMEDCT_US:48130008; UMLS:C0020619
HP:0000136,Bifid uterus,The presence of a bifid uterus.,A uterus that is divided into two lateral horns as a result of imperfect fusion of the paramesonephric ducts.,,,,,是,,否,,,UMLS:C1850327
HP:0000137,Abnormality of the ovary,An abnormality of the ovary.,,Abnormality of the ovaries; Abnormality of the ovary,Ovarian disease,HP:0000008,HP:0100615,否,,否,,,SNOMEDCT_US:5552004; UMLS:C0029928; UMLS:C4021818
HP:0000138,Ovarian cyst,The presence of one or more cysts of the ovary.,,Cystic abnormalities of the ovaries; Ovarian cystic abnormality; Cystic ovaries; Ovarian cyst,,,HP:0000147; HP:0012886; HP:0012887,否,HP:0000146,否,,,SNOMEDCT_US:79883001; UMLS:C0029927
HP:0000139,Uterine prolapse,The presence of prolapse of the uterus.,"The uterus (womb) is normally held in place by a muscles, tissue and ligaments. If these tissues can no longer support the uterus it can slip down from its normal position.",Sagging uterus,,HP:0100823,,是,HP:0100824,否,,,SNOMEDCT_US:24976005; UMLS:C0042140
HP:0000140,Abnormality of the menstrual cycle,An abnormality of the ovulation cycle.,,Abnormality of the menstrual cycle,Menstrual abnormalities,,HP:0000132; HP:0000141; HP:0000858; HP:0000876; HP:0012569; HP:0100607; HP:0100608,否,,否,,,UMLS:C3549779; UMLS:C4025888
HP:0000141,Amenorrhea,Absence of menses for an interval of time equivalent to a total of more than (or equal to) 3 previous cycles or 6 months.,,Abnormal absence of menstruation,,HP:0000140,HP:0000786; HP:0000869,否,,否,,,UMLS:C2219717
HP:0000142,Abnormal vagina morphology,Any structural abnormality of the vagina.,,Vaginal malformation,,HP:0000008,HP:0000148; HP:0001153; HP:0004320; HP:0011026; HP:0100650; HP:0100672; HP:0100779,否,HP:0008650,否,,,UMLS:C1856023
HP:0000143,Rectovaginal fistula,The presence of a fistula between the vagina and the rectum.,,Abnormal connection between rectum and vagina,,HP:0100590; HP:0004320,,是,,否,,,MEDDRA:10051097; SNOMEDCT_US:65619001; UMLS:C0034895
HP:0000144,Decreased fertility,,,Abnormal fertility; Decreased fertility,,HP:0000080,HP:0000789; HP:0000868; HP:0012041,否,,否,,,SNOMEDCT_US:17276009; UMLS:C0520927
HP:0000145,Transverse vaginal septum,,,Transverse vaginal membrane,,HP:0001153,,是,,否,,,UMLS:C1856006
HP:0000147,Polycystic ovaries,,,Sclerocystic ovaries; Polycystic ovary,Polycystic ovary disease,HP:0000138,HP:0008675,否,HP:0008644; HP:0008657,否,,,SNOMEDCT_US:69878008; UMLS:C0032460; UMLS:C1136382
HP:0000148,Vaginal atresia,Congenital occlusion of the vagina or adhesion of the walls of the vagina causing occlusion.,,Abnormally closed or absent vagina,,HP:0001827; HP:0000142,,是,,否,,,SNOMEDCT_US:87380008; UMLS:C1321884
HP:0000149,Ovarian gonadoblastoma,The presence of a gonadoblastoma of the ovary.,Gonadoblastoma is a rare benign tumor that has the potential for malignant transformation and affects a subset of patients with an intersex disorder or disorder of sex development.,"Gonadoblastoma, female",,HP:0000150; HP:0100615,,是,,否,,,NCIT:C3754; SNOMEDCT_US:716594002; UMLS:C1518716
HP:0000150,Gonadoblastoma,"The presence of a gonadoblastoma, a neoplasm of a gonad that consists of aggregates of germ cells and sex cord elements.",,,,HP:0000812; HP:0100728,HP:0000030; HP:0000149,否,HP:0006745,否,,,NCIT:C3754; SNOMEDCT_US:74751003; UMLS:C0206661
HP:0000151,Aplasia of the uterus,A congenital defect characterized by absence of the uterus. Aplasia refers to the failure of an organ to develop during embryonic growth and development due to the absence of primordial tissue.,,Absent uterus; uterus absent,,HP:0008684,,是,,否,,,SNOMEDCT_US:248942000; UMLS:C0425913
HP:0000152,Abnormality of head or neck,An abnormality of head and neck.,,Head and neck abnormality; Abnormality of head or neck,,HP:0000118,HP:0000234; HP:0000464,否,,否,,,UMLS:C4021817
HP:0000153,Abnormality of the mouth,An abnormality of the mouth.,,Abnormal mouth; Abnormality of the mouth,,HP:0000271,HP:0000157,否,,否,,,SNOMEDCT_US:128334002; UMLS:C0026633
HP:0000154,Wide mouth,"Distance between the oral commissures more than 2 SD above the mean. Alternatively, an apparently increased width of the oral aperture (subjective).","The width of the mouth varies with facial movement and must be assessed when the subject has a relaxed (neutral) face. This term replaces macrostomia, large mouth, and large oral aperture because these terms imply a wide and open mouth. The term should not be used to describe a patient with a lateral oral cleft.",Large oral aperture; Wide mouth; Large mouth; Broad mouth; Macrostomia,,HP:0011337,,是,HP:0000181; HP:0002052,否,,,SNOMEDCT_US:40159009; UMLS:C0024433
HP:0000155,Oral ulcer,"Erosion of the mucous mebrane of the mouth with local excavation of the surface, resulting from the sloughing of inflammatory necrotic tissue.",,Mouth ulcer; Oral mucosal ulceration,,,,是,,否,,,SNOMEDCT_US:26284000; UMLS:C0149745
HP:0000157,Abnormality of the tongue,Any abnormality of the tongue.,,Abnormality of the tongue; Tongue abnormality; Lingual abnormality; Glossal abnormality; Abnormal tongue,,HP:0000153,HP:0100648,否,,否,,,UMLS:C0878638
HP:0000158,Macroglossia,Increased length and width of the tongue.,"Normal standards do not exist. Large size usually leads to protrusion of the tongue. This is an acknowledged bundled term, but due to its frequent usage and relative paucity of situations that would call for separate individual assessments of tongue dimensions, the bundled term is retained. Micrognathia may give the false appearance of a large tongue.",Hypertrophy of the tongue; Hyperplasia of the tongue; Abnormally large tongue; Tongue hypertrophy; Large tongue; Increased size of tongue,,HP:0003712,HP:0100875,否,HP:0000203,否,,,SNOMEDCT_US:25273001; UMLS:C0024421
HP:0000159,Abnormal lip morphology,An abnormality of the lip.,,Lip abnormality; Abnormality of the lip; Abnormal lip,,HP:0000163,HP:0000177; HP:0000178; HP:0000214; HP:0000233; HP:0010798; HP:0012471; HP:0012472; HP:0100267; HP:0100604; HP:0100788; HP:0100825,否,,否,,,UMLS:C2183966
HP:0000160,Narrow mouth,"Distance between the commissures of the mouth more than 2 SD below the mean. Alternatively, an apparently decreased width of the oral aperture (subjective).","The width of the mouth varies with facial movement and must be assessed when the subject has a relaxed (neutral) face. This term replaces microstomia, small oral aperture, and small mouth because the reduced opening of the mouth is secondary to reduced width.",Small oral aperture; Narrow mouth; Small mouth; Microstomia,,HP:0011337,,是,HP:0002261; HP:0009095; HP:0009096,否,,,SNOMEDCT_US:14582003; UMLS:C0026034
HP:0000161,Median cleft upper lip,A type of cleft lip presenting as a midline (median) gap in the upper lip.,,Central cleft upper lip; Midline cleft lip,,HP:0000204,,是,,否,,,UMLS:C1850256
HP:0000162,Glossoptosis,"Posterior displacement of the tongue into the pharynx, i.e., a tongue that is mislocalised posteriorly.","Presumably, use of the suffix ptosis refers to the situation where the patient is supine, and the displacement is downward. Strictly speaking, the term glossoptosis indicates falling of the tongue and thus can also be forward displacement; however by convention it is only used for backward displacement. Glossoptosis may cause obstruction of the airway.",Lingual retraction; Retraction of the tongue,,,,是,,否,,,SNOMEDCT_US:3639002; UMLS:C0267048; UMLS:C4280678
HP:0000163,Abnormal oral cavity morphology,"Abnormality of the oral cavity, i.e., the opening or hollow part of the mouth.",,Abnormality of the oral cavity,,,HP:0000159; HP:0000164; HP:0000174; HP:0000190; HP:0000202; HP:0006477; HP:0010286; HP:0011337; HP:0011338; HP:0011830; HP:0100649; HP:3000003,否,,否,,,UMLS:C4025887
HP:0000164,Abnormality of the dentition,Any abnormality of the teeth.,Any abnormality of the primary (deciduous) or permanent teeth.,Abnormal teeth; Dental anomalies; Dental abnormalities; Abnormal dentition; Dental abnormality,Dental problems; Abnormality of the teeth; Tooth abnormalities; Dental problem,HP:0000163,HP:0000676; HP:0000692; HP:0000700; HP:0000704; HP:0006292; HP:0006326; HP:0006480; HP:0006481; HP:0006482; HP:0006483; HP:0011061; HP:0011076; HP:0011077; HP:0011078; HP:0100612,否,HP:0001567; HP:0006296; HP:0006348,否,,,SNOMEDCT_US:422775003; UMLS:C0040427; UMLS:C0262444
HP:0000166,Severe periodontitis,A severe form of periodontitis.,,Severe periodontal disease; Severe pyorrhea,,HP:0000704,,是,,否,,,UMLS:C4025886
HP:0000168,Abnormality of the gingiva,Any abnormality of the gingiva (also known as gums).,The gingiva consists of the mucosal tissue that lies over the alveolar bone and around the base of the teeth.,Gingival abnormality; Abnormality of the gums,,HP:0011830,HP:0000169; HP:0000212; HP:0000222; HP:0000225; HP:0000230; HP:0000704; HP:0012292,否,,否,,,UMLS:C4021816
HP:0000169,Gingival fibromatosis,The presence of fibrosis of the gingiva.,"Gingival fibromatosis is characterized by a slowly progressive benign enlargement of the oral gingival tissues. Both genetic and pharmacologically induced forms of gingival fibromatosis are known. The most common genetic form, hereditary gingival fibromatosis (HGF), is usually transmitted as an autosomal dominant trait, although sporadic cases are common and autosomal recessive inheritance has been reported.",Gingival fibrous nodules; Gingival fibroma,,HP:0010614; HP:0000168,,是,,否,,,NCIT:C3041; SNOMEDCT_US:109620006; SNOMEDCT_US:58569000; UMLS:C0016049; UMLS:C0399440; UMLS:C4280677
HP:0000171,Microglossia,Decreased length and width of the tongue.,"Normal standards do not exist. The term aglossia is often used for extremely small tongue, but a nubbin of tongue tissue is almost always present and aglossia in sensu strictu is extremely rare. This is an acknowledged bundled term, but due to its frequent usage and relative paucity of situations that would call for separate individual assessments of tongue dimensions, the bundled term is retained.",Hypoglossia; Small tongue; Decreased size of tongue; Abnormally small tongue; Lingual hypoplasia; Underdevelopment of the tongue; Hypoplastic tongue; Rudimentary tongue; Hypoplasia of the tongue,,HP:0010295,,是,HP:0000226; HP:0009079,否,,,SNOMEDCT_US:249380003; SNOMEDCT_US:32614006; UMLS:C0025988; UMLS:C0426492
HP:0000172,Abnormal uvula morphology,"Abnormality of the uvula, the conic projection from the posterior edge of the middle of the soft palate.",,Abnormality of palatine uvula; Abnormality of the uvula,,HP:0100736,HP:0000193; HP:0010293; HP:0010809; HP:0010810; HP:0010811,否,,否,,,UMLS:C4025885
HP:0000174,Abnormal palate morphology,"Any abnormality of the palate, i.e., of roof of the mouth.",,Palate abnormality; Palatal anomaly; Abnormality of the palate; Abnormality of the roof of the mouth,,HP:0000163,HP:0000175; HP:0000189; HP:0000218; HP:0002707; HP:0002708; HP:0010291; HP:0010294; HP:0100736; HP:0100737,否,,否,,,UMLS:C4021815
HP:0000175,Cleft palate,Cleft palate is a developmental defect of the palate resulting from a failure of fusion of the palatine processes and manifesting as a separation of the roof of the mouth (soft and hard palate).,"Cleft palate is a developmental defect that occurs between the 7th and 12th week of pregnancy. Normally, the palatine processes fuse during this time to form the soft and hard palate. A failure of fusion results in a cleft palate. The clinical spectrum ranges from bifid uvula, to (incomplete or complete) cleft of the soft palate, up to (complete or incomplete) cleft of both the soft and hard palate.",Cleft of hard and soft palate; Cleft of palate; Cleft hard and soft palate; Cleft palate; Uranostaphyloschisis; Cleft roof of mouth; Palatoschisis,,HP:0000174; HP:0000202,HP:0000185; HP:0009099; HP:0100338,否,HP:0410004,否,,,Fyler:4876; SNOMEDCT_US:63567004; SNOMEDCT_US:87979003; UMLS:C0008925; UMLS:C2981150
HP:0000176,Submucous cleft hard palate,Hard-palate submucous clefts are characterized by bony defects in the midline of the bony palate that are covered by the mucous membrane of the roof of the mouth. It may be possible to detect a submucous cleft hard palate upon palpation as a notch in the bony palate.,,Partial thickness cleft hard palate,,,,是,HP:0000208; HP:0002746; HP:0009091,否,,,SNOMEDCT_US:43437003; UMLS:C0432103; UMLS:C4020894
HP:0000177,Abnormal upper lip morphology,An abnormality of the upper lip.,,Abnormality of upper lip,,HP:0000159,HP:0000188; HP:0000204; HP:0000288; HP:0011339; HP:0011341; HP:0100268,否,,否,,,UMLS:C4025884
HP:0000178,Abnormal lower lip morphology,An abnormality of the lower lip.,,Abnormality of lower lip,,HP:0000159,HP:0000179; HP:0000196; HP:0000232; HP:0002055; HP:0010281; HP:0010282,否,,否,,,UMLS:C4025883
HP:0000179,Thick lower lip vermilion,"Increased thickness of the lower lip, leading to a prominent appearance of the lower lip. The height of the vermilion of the lower lip in the midline is more than 2 SD above the mean. Alternatively, an apparently increased height of the vermilion of the lower lip in the frontal view (subjective).","Normal values for the height of the vermilion are available [Farkas, 1981] but measurements are not commonly used. Most clinicians determine this feature subjectively. The lower lip is typically thicker than the upper one. The height of the vermilion of the lower lip varies among ethnic groups, and the vermilion should be compared to a population of same ethnic background. When the vermilion is thick, it is more convex and more everted than usual on profile view, but that should be assessed separately.",Increased volume of lower lip; Plump lower lip; Full lower lip vermilion; Thick vermilion border of lower lip; Increased height of lower lip vermilion; Increased volume of lower lip vermilion; Prominent lower lip,Thick lower lip; Full lower lip,HP:0000178; HP:0012471,,是,HP:0000170,否,,,UMLS:C1839739; UMLS:C2053437
HP:0000180,Lobulated tongue,Multiple indentations and/or elevations on the edge and/or surface of the tongue producing an irregular surface contour.,"Lobulated tongue can bilobed, trilobed, or show multiple lobes.",Lobulate tongue; Lingual lobules; Bumpy tongue,,,,是,,否,,,SNOMEDCT_US:253752000; UMLS:C0431564
HP:0000182,Movement abnormality of the tongue,,,Abnormality of lingual movement; Movement abnormality of the tongue,,,HP:0000183,否,,否,,,UMLS:C4025882
HP:0000183,Tongue muscle weakness,"Reduced strength of the tongue musculature, resulting in difficulties moving the tongue and possible accompanied by dysarthria or dysphagia.",,,,HP:0000182,,是,,否,,,
HP:0000185,Cleft soft palate,"Cleft of the soft palate (also known as the velum, or muscular palate) as a result of a developmental defect occurring between the 7th and 12th week of pregnancy. Cleft soft palate can cause functional abnormalities of the Eustachian tube with resulting middle ear anomalies and hearing difficulties, as well as speech problems associated with hypernasal speech due to velopharyngeal insufficiency.",,Cleft of soft palate; Cleft velum; Cleft muscular palate,,HP:0000175; HP:0100736,HP:0011819,否,,否,,,SNOMEDCT_US:253997002; UMLS:C0432098
HP:0000187,Broad alveolar ridges,,,Broad alveolar margins; Widened alveolar ridges,Broad alveolar processes of jaw; Wide gum ridges; Wide alveolar margins; Wide alveolar processes of jaw,HP:0006477,HP:0000216,否,,否,,,UMLS:C1857500; UMLS:C4280675
HP:0000188,Short upper lip,Decreased width of the upper lip.,,Vertical deficiency of upper lip; Decreased height of upper lip; Decreased upper labial height; Decreased upper labial length; Decreased vertical length of upper lip; Shortening of upper lip; Short upper lip,,HP:0000177,,是,HP:0200087,否,,,UMLS:C1848977
HP:0000189,Narrow palate,Width of the palate more than 2 SD below the mean (objective) or apparently decreased palatal width (subjective).,"Palatal width is measured as the distance between the maxillary first permanent molar on the right and left sides, at the lingual cervical line, using a specific device. Palate width is typically assessed subjectively in routine clinical practice. Narrowing is often associated with a High palate, but this should be assessed and coded separately. Gingival overgrowth can give the impression of a narrow palate but should be distinguished and coded separately. The term gothic palate is used to indicate that the roof of the palate is not round but rather has an inverted V-shape, and therefore, only the upper part of the palate is narrow.",Narrow roof of mouth; Narrow palate; Decreased transverse dimension of palate; Decreased palatal width,,HP:0000174,HP:0002705,否,,否,,,UMLS:C1398312
HP:0000190,Abnormal oral frenulum morphology,"An abnormality of the lingual frenulum, that is of the small fold of mucous membrane that attaches the tongue to the floor of the mouth, or the presence of accessory frenula in the oral cavity.","A frenulum is a small frenum. There are several frena that are usually present in a normal oral cavity, most notably the maxillary labial frenum, the mandibular labial frenum, and the lingual frenum.",Abnormality of oral frenula; Abnormality of lingual frenum; Abnormality of frenum of tongue; Abnormality of oral frenum,,HP:0000163,HP:0000191; HP:0000200; HP:0010296,否,,否,,,UMLS:C4025881
HP:0000191,Accessory oral frenulum,Extra fold of tissue extending from the alveolar ridge to the inner surface of the upper or lower lip.,"This finding is assessed by gently retracting the oral mucosa from the alveolar ridge. Typically there is a single maxillary and a single mandibular frenulum located in the midline between the two central incisors. Abnormalities of the alveolar ridges may accompany accessory frenula, but these should be assessed separately.",Extra oral frenum; Accessory oral frenum; Supernumerary oral frenum; Multiple oral frenula; Extra oral frenulum; Supernumerary oral frenulum,,HP:0000190,,是,,否,,,UMLS:C4021814
HP:0000193,Bifid uvula,Uvula separated into two parts most easily seen at the tip.,,Split uvula; Bifid palatine uvula; Uvula bifida; Forked uvula; Cleft of uvula; Cleft uvula,,HP:0000172,,是,HP:0000173; HP:0410032,否,,,SNOMEDCT_US:18910001; UMLS:C0266122
HP:0000194,Open mouth,A facial appearance characterized by a permanently or nearly permanently opened mouth.,,Gaped jawed appearance; Slack jawed appearance; Gaped mouthed appearance; Open mouth,Open mouth appearance,HP:0011338,HP:0200096,否,,否,,,SNOMEDCT_US:262016004; UMLS:C0240379
HP:0000196,Lower lip pit,"Depression located on the vermilion of the lower lip, usually paramedian.","A lip pit may be connected by a fistula to mucous minor salivary glands in the lower lip. In addition, a lip pit may on occasion be seen with a surrounding tissue elevation (mound). Pits located at the labial commisure (cheilon) are distinct from lip pits (see Commissural pit).",,,HP:0000178; HP:0100269,,是,,否,,,UMLS:C1861544
HP:0000197,Abnormal parotid gland morphology,"Any abnormality of the parotid glands, which are the salivary glands that are located in the subcutaneous tissues of the face overlying the mandibular ramus and anterior and inferior to the external ear.",,Abnormality of parotid gland; Anomaly of the parotid gland,,HP:0010286,HP:0000198; HP:0009740; HP:0011801; HP:0011850,否,,否,,,UMLS:C4025880
HP:0000198,Absence of Stensen duct,,,Missing stensen duct; Missing parotid duct; Failure of development of stensen duct; Absent stensen duct; Failure of development of parotid duct; Absence of parotid duct,,HP:0000197,,是,,否,,,UMLS:C1858569; UMLS:C4280674
HP:0000199,Tongue nodules,,,Lingual nodules,,,,是,,否,,,UMLS:C0241438
HP:0000200,Short lingual frenulum,The presence of an abnormally short lingual frenulum.,,Short lingual frenum; Short tongue frenum; Deficiency of lingual frenulum; Tight lingual frenulum; Short tongue frenulum,,HP:0000190,,是,,否,,,SNOMEDCT_US:249388005; UMLS:C0426501; UMLS:C4280673
HP:0000201,Pierre-Robin sequence,"Pierre Robin malformation is a sequence of developmental malformations characterized by micrognathia (mandibular hypoplasia), glossoptosis and cleft palate.",,Pierre-robin malformation; Robin sequence; Pierre-robin anomaly; Pierre Robin sequence; Pierre-robin deformity,,,,是,,否,,,SNOMEDCT_US:4602007; UMLS:C0031900
HP:0000202,Orofacial cleft,"The presence of a cleft (gap, opening, or groove) in the oral cavity, including cleft of the upper lip and/or cleft of the palate. Cleft of the upper lip is visible as a groove or fissure in the lip, most frequently due to a congenital failure of the maxillary and median nasal processes to fuse. Cleft palate is characterized by a grooved depression or fissure in the roof of the mouth, most often resulting from a congenital failure of the palate to fuse properly. Clefts of the lip and palate can occur individually or together. It is preferable to code each defect separately.",,Cleft of the mouth; Oral clefting; Oral cleft,Cleft lip/palate,HP:0000163,HP:0000175; HP:0010289; HP:0100335,否,,否,,,SNOMEDCT_US:253983005; SNOMEDCT_US:66948001; UMLS:C0158646; UMLS:C4021813
HP:0000204,Cleft upper lip,A gap or groove in the upper lip. This is a congenital defect resulting from nonfusion of tissues of the lip during embryonal development.,,Cheiloschisis of upper lip; Cleft upper lip; Harelip,Cleft of upper lip,HP:0000177,HP:0000161; HP:0011340; HP:0100335,否,,否,,,Fyler:4875; SNOMEDCT_US:80281008; UMLS:C0008924
HP:0000205,Pursed lips,An abnormality of the appearance of the face caused by constant contraction of the lips leading to a puckered or pursed appearance.,,Pursed lips; Tightly closed lips,,HP:0011338,HP:0000346,否,,否,,,UMLS:C1832130
HP:0000206,Glossitis,Inflammation of the tongue.,,Inflammation of the tongue; Lingual inflammation; Smooth swollen tongue,,,,是,,否,,,SNOMEDCT_US:45534005; UMLS:C0017675
HP:0000207,Triangular mouth,The presence of a triangular form of the mouth.,,Triangular mouth; Triangular shaped mouth; Triangular shaped oral aperture,,HP:0011338,HP:0200096,否,,否,,,UMLS:C1849341
HP:0000211,Trismus,Limitation in the ability to open the mouth.,,Lockjaw; Pain of muscles of mastication,,HP:0000277,,是,,否,,,SNOMEDCT_US:87866006; UMLS:C0041105; UMLS:C1848474; UMLS:C4228933; UMLS:C4280672
HP:0000212,Gingival overgrowth,"Hyperplasia of the gingiva (that is, a thickening of the soft tissue overlying the alveolar ridge. The degree of thickening ranges from involvement of the interdental papillae alone to gingival overgrowth covering the entire tooth crown.",This finding is to be distinguished from overgrowth of the alveolar ridge.,Gingival hyperplasia; Gum hypertrophy; Hypertrophic gingivitis; Gum enlargement; Gingival enlargement,Oral soft tissue hyperplasia,HP:0000168,,是,HP:0000195,否,,,SNOMEDCT_US:441787004; SNOMEDCT_US:441798003; SNOMEDCT_US:54711002; UMLS:C0017566; UMLS:C0017567; UMLS:C0376480
HP:0000214,Lip telangiectasia,"Telangiectasia (that is, the presence of small dilated superficial blood vessels) of the lips.",,Labial telangiectasia; Telangiectasia of the lips; Lip telangiectases,Labial angioectasias; Angioectasias of the lip; Spider veins of the lip,HP:0000159; HP:0000228,,是,,否,,,UMLS:C1857697; UMLS:C4280670; UMLS:C4280671
HP:0000215,Thick upper lip vermilion,"Height of the vermilion of the upper lip in the midline more than 2 SD above the mean. Alternatively, an apparently increased height of the vermilion of the upper lip in the frontal view (subjective).","Normal values for the height of the vermilion are available [Farkas, 1981], but measurements are not commonly used. Most clinicians determine this feature subjectively or utilize the Likert scale of Astley and Clarren [2000] (Fig. 17). The vermilion of the upper lip varies considerably among ethnic groups, and the vermilion should be compared to a population of same ethnic background. The thickness of the upper lip vermilion is sensitive to the facial expression. On profile view, a thick vermilion is more convex than usual.",Thick upper lip; Full upper lip vermilion; Increased height of upper lip vermilion; Plump upper lip; Full upper lip; Thick vermilion border of upper lip; Prominent upper lip; Increased volume of upper lip vermilion; Increased volume of upper lip,,HP:0011339; HP:0012471,,是,HP:0000231,否,,,UMLS:C1846423
HP:0000216,Broad secondary alveolar ridge,,,Secondary alveolar ridges,,HP:0000187,,是,,否,,,UMLS:C1839276
HP:0000217,Xerostomia,Dryness of the mouth due to salivary gland dysfunction.,,Dry mouth; Dry mouth syndrome; Reduced salivation,,HP:0100755,,是,HP:0002709; HP:0100756,否,,,SNOMEDCT_US:300268000; SNOMEDCT_US:56893005; SNOMEDCT_US:87715008; UMLS:C0043352
HP:0000218,High palate,Height of the palate more than 2 SD above the mean (objective) or palatal height at the level of the first permanent molar more than twice the height of the teeth (subjective).,"The measuring device for this assessment is described in (Hall JG, Froster-Iskenius UG, Allanson JE, Gripp K, Slavotinek A. 2006. Handbook of Normal Physical Measurements. 2nd edition. Oxford Medical, publishers). A high palate is often associated with a narrow palate. However, a narrow palate can easily give a false appearance of a high palate. Height and width of the palate should be assessed and coded separately. We do not recommend the subjective determination because this term can be overused and applied inaccurately.","Palate high-arched; High palate; Palate, high-arched; Elevated palate; High, arched palate; High arched palate; High-arched palate; Increased palatal height",Ogival palate,HP:0000174,HP:0002705,否,HP:0000156; HP:0009080; HP:0009082; HP:0009097,否,,,SNOMEDCT_US:27272007; UMLS:C0240635
HP:0000219,Thin upper lip vermilion,"Height of the vermilion of the upper lip in the midline more than 2 SD below the mean. Alternatively, an apparently reduced height of the vermilion of the upper lip in the frontal view (subjective).","Normal values for the height of the vermilion are available [Farkas, 1981], but measurements are not commonly used. Most clinicians determine this feature subjectively or use the Likert scale for Caucasians and African Americans [Astley and Clarren, 2000]. The height of the vermilion of the upper lip varies among ethnic groups, and the vermilion should be compared to a population of same ethnic background. The thinness of the upper lip vermilion is sensitive to facial expression. On profile view, a thin vermilion is less convex than usual. A thin upper lip vermilion may be associated with a smooth philtrum and an absence of the Cupid's bow, but these should be assessed separately.",Decreased volume of upper lip; Thin vermilion border of upper lip; Decreased height of upper lip vermilion; Thin upper lip; Decreased volume of upper lip vermilion,Thin upper lips,HP:0011339; HP:0000233,,是,HP:0200062; HP:0200086,否,,,UMLS:C1865017
HP:0000220,Velopharyngeal insufficiency,Inability of velopharyngeal sphincter to sufficiently separate the nasal cavity from the oral cavity during speech.,,Velopharyngeal incompetence,,HP:0100736,,是,,否,,,SNOMEDCT_US:229727006; SNOMEDCT_US:232416001; SNOMEDCT_US:278714002; UMLS:C0042454; UMLS:C4280669
HP:0000221,Furrowed tongue,Accentuation of the grooves on the dorsal surface of the tongue.,Usually there is a midline groove of the tongue with smaller radiating grooves. The deep furrows may extend to the lateral borders. They may follow a regular geometric pattern or be irregular. A furrowed tongue occurs in 10-25% of individuals but is rare in children.,Prominent tongue grooves; Scrotal tongue; Grooved tongue; Fissured tongue; Lingual furrow; Lingua plicata; Plicated tongue,,,HP:0002711,否,,否,,,SNOMEDCT_US:52368004; UMLS:C0040412
HP:0000222,Gingival hyperkeratosis,Hyperkeratosis of the gingiva.,"The condition results in the teeth being partially or totally engulfed by keratinized gingiva, causing esthetic and functional problems.","Hyperkeratosis, gingival",,HP:0000168; HP:0000962,,是,HP:0007539,否,,,UMLS:C1857013
HP:0000223,Abnormality of taste sensation,,,Abnormality of taste sensation,,HP:0012638,HP:0000224,否,,否,,,UMLS:C4025879
HP:0000224,Hypogeusia,A decreased ability to perceive flavor.,,Decreased taste sensation; Decreased taste,,HP:0000223,,是,,否,,,SNOMEDCT_US:697990000; UMLS:C0151934
HP:0000225,Gingival bleeding,Hemorrhage affecting the gingiva.,,Gingival haemorrhage; Bleeding gums; Gingivorrhagia; Gingival hemorrhage,,HP:0001892; HP:0000168,,是,HP:0000167,否,,,SNOMEDCT_US:86276007; UMLS:C0017565
HP:0000227,Tongue telangiectasia,"Telangiectasia (that is, the presence of small dilated superficial blood vessels) of the tongue.",,Lingual telangiectasia,Angioectasias of the tongue; Spider veins of the tongue; Lingual angioectasias,HP:0000228,,是,,否,,,UMLS:C4025878; UMLS:C4280668
HP:0000228,Oral cavity telangiectasia,Presence of telangiectases in the oral cavity.,,Oral cavity teleangiectasia,Spider veins of the oral cavity; Spider veins of the mouth; Angioectasias of the oral cavity; Angioectasias of the mouth,HP:0100579; HP:0011830,HP:0000214; HP:0000227; HP:0002707; HP:0007428,否,,否,,,UMLS:C4025877; UMLS:C4280667
HP:0000230,Gingivitis,Inflammation of the gingiva.,,Inflamed gums; Red and swollen gums; Gingival inflammation,,HP:0000168,,是,,否,,,SNOMEDCT_US:66383009; UMLS:C0017574
HP:0000232,Everted lower lip vermilion,"An abnormal configuration of the lower lip such that it is turned outward i.e., everted, with the Inner aspect of the lower lip vermilion (normally opposing the teeth) being visible in a frontal view.","In frontal view, with the face relaxed, the apparent height of the lower lip vermilion is excessive and the lower incisors may be visible. On profile view, the vermilion is more convex than usual. An everted lower lip may be viewed as pouting, but this designation is a functional term.",Outward turned lower lip; Everted prominent lower lip; Everted lower lip; Eclabium of lower lip; Drooping lower lip,Protruding lower lip,HP:0012472; HP:0000178,,是,HP:0000184; HP:0002264; HP:0002712; HP:0004665; HP:0009086; HP:0009093,否,,,UMLS:C1853246; UMLS:C1866234
HP:0000233,Thin vermilion border,"Height of the vermilion of the medial part of the lip more than 2 SD below the mean, or apparently reduced height of the vermilion of the lip in the frontal view. The vermilion is the red part of the lips (and confusingly, the vermilion itself is also often referred to as being equivalent the lips).","The vermilion is the red part of the lips, and the vermilion border is the rim of paler skin that demarcates the vermilion from the rest of the skin of the face.",Thin lips; Thin vermillion; Decreased volume of lip; Decreased volume of lip vermillion,Thin vermilion borders,HP:0000159,HP:0000219; HP:0010282,否,HP:0000213,否,,,SNOMEDCT_US:301348000; UMLS:C0578038
HP:0000234,Abnormality of the head,An abnormality of the head.,,Abnormality of the head; Head abnormality; Abnormal head,,HP:0000152,HP:0000271; HP:0000929; HP:0001965; HP:3000036,否,,否,,,UMLS:C4021812
HP:0000235,Abnormal cranial suture/fontanelle morphology,Any abnormality of the fontanelles (the regions covered by a thick membrane that normally ossify in the first two years of life) or the cranial sutures (the fibrous joints in which the articulating bones or cartilages of the skull are connected by sutural ligaments).,"Fontanels are the fibrous, membrane-covered gaps created when more than two cranial bones are juxtaposed, as opposed to sutures, which are narrow seams of fibrous connective tissue that separate the flat bones of the skull. At birth, an infant has six fontanels (the anterior and posterior, two mastoid, and two sphenoid). The anterior fontanel is the largest and most important for clinical evaluation. The average size of the anterior fontanel is 2.1 cm, and the median time of closure is 13.8 months.",Abnormality of the fontanelles or cranial sutures,,HP:0000929,HP:0011328; HP:0011329,否,,否,,,UMLS:C4025876
HP:0000236,Abnormal anterior fontanelle morphology,"An abnormality of the anterior fontanelle, i.e., the cranial fontanelle that is located at the intersection of the coronal and sagittal sutures.",,Abnormality of the forehead soft spot; Abnormality of the anterior fontanelle,,HP:0011328,HP:0000237; HP:0000260; HP:0001476; HP:0005498; HP:0008491,否,,否,,,UMLS:C4025875
HP:0000237,Small anterior fontanelle,Abnormally decreased size of the anterior fontanelle with respect to age-dependent norms.,,Small forehead fontanel; Small anterior fontanel,,HP:0000236,,是,,否,,,UMLS:C1859455
HP:0000238,Hydrocephalus,Hydrocephalus is an active distension of the ventricular system of the brain resulting from inadequate passage of CSF from its point of production within the cerebral ventricles to its point of absorption into the systemic circulation.,"Hydrocephalus results from an imbalance between the rate of production of cerebrospinal fluid (CSF), mainly in the choroid plexus, and its reabsorption in the subarchnoid space over brain and spinal cord.",Too much cerebrospinal fluid in the brain; Hydrocephaly; Nonsyndromal hydrocephalus,,HP:0002118; HP:0002921,HP:0001334; HP:0002343; HP:0006882; HP:0010953,否,HP:0007189; HP:0008503,否,,,SNOMEDCT_US:230745008; UMLS:C0020255
HP:0000239,Large fontanelles,"In newborns, the two frontal bones, two parietal bones, and one occipital bone are joined by fibrous sutures, which form a small posterior fontanelle, and a larger, diamond-shaped anterior fontanelle. These regions allow for the skull to pass the birth canal and for later growth. The fontanelles gradually ossify, whereby the posterior fontanelle usually closes by eight weeks and the anterior fontanelle by the 9th to 16th month of age. Large fontanelles are diagnosed if the fontanelles are larger than age-dependent norms.","There are six membrane-covered openings between the cranial sutures in the incompletely ossified skull of the fetus or newborn infant that normally close sometime after birth (anterior fontanel, cranial fontanel, mastoid fontanel, posterior fontanel, sphenoidal fontanel).",Large fontanelle; Large fontanel; Wide fontanelles; Persistent wide fontanel; Enlarged fontanelles; Large fontanels,,HP:0011328,HP:0000260; HP:0004491; HP:0004492,否,HP:0004473,否,,,SNOMEDCT_US:276709006; UMLS:C0456132; UMLS:C4072820; UMLS:C4072821; UMLS:C4072822
HP:0000240,Abnormality of skull size,Any abnormality of the size of the skull.,,Abnormality of skull size; Abnormality of cranium size,,HP:0000929,,是,,否,,,UMLS:C4025874
HP:0000242,Parietal bossing,Parietal bossing is a marked prominence in the parietal region.,,Bossing of parietal bone; Biparietal bossing,,HP:0002696,,是,HP:0004641,否,,,UMLS:C1857126
HP:0000243,Trigonocephaly,"Wedge-shaped, or triangular head, with the apex of the triangle at the midline of the forehead and the base of the triangle at the occiput.","This shape should be assessed from above, with the examiner looking down on the head of the patient. Trigonocephaly can be caused by premature fusion of the metopic suture.",Wedge shaped skull; Triangular cranium shape; Wedge shaped cranium; Triangular skull shape,,HP:0002683,,是,,否,,,SNOMEDCT_US:28740008; UMLS:C0265535; UMLS:C4280665; UMLS:C4280666
HP:0000244,Brachyturricephaly,"Abnormal vertical height of the skull and a shortening of its anterior-posterior length, frequently combined with malformations of the occipital region.",,"High, prominent forehead; Brachy-turricephaly; Turribrachycephaly",,HP:0000262; HP:0000248,,是,,否,,,UMLS:C1857484
HP:0000245,Abnormal paranasal sinus morphology,"Abnormality of the paranasal (cranial) sinuses, which are air-filled spaces that are located within the bones of the skull and face and communicate with the nasal cavity. They comprise the maxillary sinuses, the frontal sinuses, the ethmoid sinuses, and the sphenoid sinuses.",,Abnormality of the sinuses of the head,Abnormality of the paranasal sinuses,HP:0002087; HP:0011821,HP:0000246; HP:0002687; HP:0009120; HP:0010540; HP:3000040,否,,否,,,UMLS:C4025873
HP:0000246,Sinusitis,"Inflammation of the paranasal sinuses owing to a viral, bacterial, or fungal infection, allergy, or an autoimmune reaction.",,Sinus inflammation,Sinus disease,HP:0012649; HP:0000245,HP:0000255; HP:0011108; HP:0011109,否,,否,,,SNOMEDCT_US:36971009; SNOMEDCT_US:7393007; UMLS:C0030469; UMLS:C0037199
HP:0000248,Brachycephaly,"An abnormality of skull shape characterized by a decreased anterior-posterior diameter. That is, a cephalic index greater than 81%. Alternatively, an apparently shortened anteroposterior dimension (length) of the head compared to width.","Cephalic index is the ratio of head width expressed as a percentage of head length. The normal range is 76-80.9%. Head length is measured between the glabella (the most prominent point on the frontal bone above the root of the nose) and the most prominent part of the occiput in the midline, using spreading calipers. Head width is measured between the most lateral points of the parietal bones on each side of the head, using spreading calipers. Cephalic index standards are derived from Caucasians and have limited relevance for other races and ethnicities. Current norms also have limited validity because of changes in infant sleeping position and consequent changes in head shape. New data should be developed. Brachycephaly is distinct from Flat occiput, but both can be present in the same individual and should be coded separately.",Short and broad skull,,HP:0002683,HP:0000244; HP:0004487,否,HP:0002258; HP:0004479; HP:0008512,否,,,SNOMEDCT_US:13649004; UMLS:C0221356; UMLS:C4072823; UMLS:C4072824
HP:0000250,Dense calvaria,An abnormal increase of density of the bones making up the calvaria.,,Dense skull cap,,HP:0004330; HP:0002683,,是,,否,,,UMLS:C1854834
HP:0000252,Microcephaly,Head circumference below 2 standard deviations below the mean for age and gender.,"Head circumference is measured from just above the glabella (the most prominent point on the frontal bone above the root of the nose) to the most posterior prominent point of the occipital bone using a tape measure. Some standard charts are organized by centiles, others by standard deviations. It is important to add an indication of how far below the normal standard the head circumference is if an accurate assessment of this can be made. Microcephaly is an absolute term. The term relative microcephaly can be used when the head size centile is less than the centile for height, for example, head size at the 3rd centile with height at the 75% for age and sex. On prenatal ultrasound, microcephaly is diagnosed if the head circumference or the biparietal diameter is more than three standard deviations below the mean. Microcephaly is divided into primary microcephaly, which is present at birth, and secondary microcephaly, which develops postnatally. The crucial difference between these groupings is that primary microcephaly is usually a static developmental anomaly, whereas secondary microcephaly indicates a progressive neurodegenerative condition",Abnormally small cranium; Decreased circumference of cranium; Decreased size of cranium; Small head circumference; Reduced head circumference; small cranium; Abnormally small skull; Decreased size of skull,,HP:0007364,HP:0005484; HP:0011451,否,HP:0001366; HP:0005485; HP:0005489; HP:0005497,否,,,Fyler:4310; SNOMEDCT_US:271611007; UMLS:C4551563
HP:0000253,Progressive microcephaly,Progressive microcephaly is diagnosed when the head circumference falls progressively behind age- and gender-dependent norms.,,"Progressively abnormally small skull; Microcephaly, postnatal, progressive; Progressively abnormally small cranium; Microcephaly, progressive",,HP:0005484,,是,,否,,,UMLS:C1850456
HP:0000255,Acute sinusitis,An acute form of sinusitis.,,,,HP:0000246,,是,,否,,,SNOMEDCT_US:15805002; UMLS:C0149512
HP:0000256,Macrocephaly,"Occipitofrontal (head) circumference greater than 97th centile compared to appropriate, age matched, sex-matched normal standards. Alternatively, a apparently increased size of the cranium.","Macrocephaly can be due to hydrocephalus (increased CFSF), megalencephaly (increased brain volume) or thickening of the skull. Head circumference is measured from just above the glabella (the most prominent point on the frontal bone above the root of the nose) to the most posterior prominent point of the occipital bone using a tape measure. Some standard charts are organized by centiles [Hall et al. [2007]], others by standard deviations [Farkas, [1981]]. It is important to add an indication of how far above the normal standard the head circumference is if an accurate assessment of this can be made. Macrocephaly is an absolute term. The term relative macrocephaly can be used when the head size centile exceeds the centile for height, for example, head size at the 75th centile with height at the 5th centile for age and sex.",Increased size of cranium; Increased size of skull; Large head circumference; Macrocephalus; Megacephaly; Large head; Macrocrania,,,HP:0004481; HP:0004482; HP:0004488; HP:0005490,否,HP:0005491; HP:0005496; HP:0200135,否,,,Fyler:4335; UMLS:C4083076; UMLS:C4255213; UMLS:C4280663; UMLS:C4280664
HP:0000260,Wide anterior fontanel,Enlargement of the anterior fontanelle with respect to age-dependent norms.,,Wider-than-typical soft spot of skull; Large anterior fontanelle; Wide anterior fontanelle; Large anterior fontanel; Large open anterior fontanelle; Wide open anterior fontanelle; Large open anterior fontanel,Large anterior fontanels,HP:0000239; HP:0000236,,是,,否,,,UMLS:C1866134
HP:0000262,Turricephaly,Tall head relative to width and length.,"Turricephaly is derived from the Latin word turris, meaning tall, and refers to a round, tall (tower-like) skull. This feature may have previously been considered to overlap with or include a tall forehead. Turricephaly is present when the head appears tall (subjective) and head length and width are reduced compared to normal age-related standards (objective). Head length is measured between the glabella (the most prominent point on the frontal bone above the root of the nose) and the most prominent part of the occiput in the midline, using spreading calipers. Head width is measured between the most lateral points of the parietal bones on each side of the head, using spreading calipers. The term acrocephaly (or oxycephaly) is used when there is turricephaly and the top of the skull assumes a cone shape.",Tall shaped skull; Turricephalus; Tower cranium shape; Tall shaped cranium; Tower skull shape,,HP:0002683,HP:0000244; HP:0000263,否,HP:0001356,否,,,SNOMEDCT_US:48069004; UMLS:C0030044
HP:0000263,Oxycephaly,"Oxycephaly (from Greek oxus, sharp, and kephalos, head) refers to a conical or pointed shape of the skull.",,,Acrocephaly,HP:0000262,,是,,否,,,
HP:0000264,Abnormal mastoid morphology,"An abnormality of the mastoid process, which is the conical prominence projecting from the undersurface of the mastoid portion of the temporal bone.",,Abnormality of the mastoid; Abnormality of mastoid process of temporal bone,,HP:0000929,HP:0000265; HP:0005906; HP:0010724; HP:0012761,否,,否,,,UMLS:C4025872
HP:0000265,Mastoiditis,,,,,HP:0000264,,是,,否,,,SNOMEDCT_US:52404001; UMLS:C0024904
HP:0000267,Cranial asymmetry,Asymmetry of the bones of the skull.,,Cranial vault asymmetry; Asymmetry of cranium,Malformation of cranium shape; Malformation of cranial vault shape; Abnormality of cranial vault shape; Abnormality of cranium shape; Malformation of head shape; Abnormality of head shape,HP:0002683,HP:0004484,否,,否,,,UMLS:C1860245; UMLS:C4280258; UMLS:C4280657; UMLS:C4280658; UMLS:C4280659; UMLS:C4280660; UMLS:C4280661; UMLS:C4280662
HP:0000268,Dolichocephaly,"An abnormality of skull shape characterized by a increased anterior-posterior diameter, i.e., an increased antero-posterior dimension of the skull. Cephalic index less than 76%. Alternatively, an apparently increased antero-posterior length of the head compared to width. Often due to premature closure of the sagittal suture.","Cephalic index is the ratio of head width expressed as a percentage of head length. The normal range is 76-80.9%. Head length is measured between the glabella (the most prominent point on the frontal bone above the root of the nose) and the most prominent part of the occiput in the midline, using spreading calipers. Head width is measured between the most lateral points of the parietal bones on each side of the head, using spreading calipers. Cephalic index standards are derived from Caucasians and have limited relevance for other races and ethnicities. Current norms have limited validity because of changes in infant sleeping position and consequent changes in head shape. New data should be developed. Dolichocephaly is distinct from Prominent occiput, but both can be present in the same individual and should be coded separately. Scaphocephaly is a subtype of dolichocephaly where the anterior and posterior aspects of the cranial vault are pointed (boat-shaped).","Long, narrow head; Tall and narrow skull",,HP:0002683,,是,HP:0000258; HP:0005440,否,,,SNOMEDCT_US:72239002; UMLS:C0221358; UMLS:C4280653; UMLS:C4280654; UMLS:C4280655; UMLS:C4280656
HP:0000269,Prominent occiput,Increased convexity of the occiput (posterior part of the skull).,"Increased convexity of the occiput gives an appearance of prominence. There are no objective measures for convexity of the occiput, and evaluation depends heavily on the experience of the observer. This finding may or may not be accompanied by Dolichocephaly, but this should be coded separately.",Prominent posterior skull; Prominent posterior cranium; Prominent back of the skull; Protruding occiput,,HP:0011217,,是,HP:0004489,否,,,UMLS:C1853737; UMLS:C4280652
HP:0000270,Delayed cranial suture closure,"Infants normally have two fontanels at birth, the diamond-shaped anterior fontanelle at the junction of the coronal and sagittal sutures, and the posterior fontanelle at the intersection of the occipital and parietal bones. The posterior fontanelle usually closes by the 8th week of life, and the anterior fontanel closes by the 18th month of life on average. This term applies if there is delay of closure of the fontanelles beyond the normal age.",,Delayed fontanel closure; Open sutures; Late closure of fontanelle; Late-closing fontanelle; Delayed closure of fontanels; Broad late closing cranial sutures; Delayed closure of fontanelles; Delayed fontanelle closure; Delayed cranial suture closure; Delayed closure of the fontanelles; Delayed closure of fontanel; Late closing fontanelles,,HP:0011329,HP:0001476,否,HP:0002704; HP:0003794,否,,,SNOMEDCT_US:82779003; UMLS:C0277828
HP:0000271,Abnormality of the face,An abnormality of the face.,,Abnormal face; Abnormality of the face; Facial abnormality,Disorder of the face; Facial anomaly; Disorder of face; Anomaly of face; Anomaly of the face,HP:0000234,HP:0000153; HP:0000290; HP:0000306; HP:0000309; HP:0000315; HP:0000366; HP:0000606; HP:0001999; HP:0002006; HP:0004439; HP:0004493; HP:0005346; HP:0011799,否,,否,,,SNOMEDCT_US:118930001; SNOMEDCT_US:32003007; SNOMEDCT_US:398206004; SNOMEDCT_US:398302004; UMLS:C0266617; UMLS:C1290857; UMLS:C4025871
HP:0000272,Malar flattening,"Underdevelopment of the malar prominence of the jugal bone (zygomatic bone in mammals), appreciated in profile, frontal view, and/or by palpation.","The malar process is the most medial and superior portion of the bony midface, articulating with the maxilla and temporal and sphenoid bones, contiguous with the lateral boundary of the nasal bridge. The term malar hypoplasia is no longer preferred because surface examination cannot distinguish hypoplasia from hypotrophy.",Flat cheekbone; Zygomatic flattening; Malar hypoplasia; Underdevelopment of malar bone; Decreased size of malar bone; Depressed malar region,Hypotrophic malar bone,HP:0010668,,是,HP:0000312; HP:0000332; HP:0004642; HP:0004658; HP:0004671; HP:0005319; HP:0005443; HP:0005455; HP:0100846,否,,,UMLS:C1858085; UMLS:C4280651
HP:0000273,Facial grimacing,,,Facial grimacing,,HP:0005324,,是,,否,,,SNOMEDCT_US:37126005; UMLS:C0234853
HP:0000274,Small face,A face that is short and narrow.,"This term represents a combination of two terms, short face and narrow face.",Facial hypoplasia; Hypoplasia of face; Microfacies; Small facies; Short and narrow face; Small face; Microface,,HP:0001999,HP:0000275; HP:0011219,否,,否,,,UMLS:C1855538
HP:0000275,Narrow face,"Bizygomatic (upper face) and bigonial (lower face) width are both more than 2 standard deviations below the mean (objective); or, an apparent reduction in the width of the upper and lower face (subjective).","Objective measurement of the upper facial width is made with spreading calipers. The tips of the calipers are passed over the zygomatic arches until the maximum width is determined. Objective measurement of the lower faces is made with spreading calipers, with the tips firmly pressed against the inferomedial surface of the angle of the mandible.",Horizontal insufficiency of face; Decreased width of face; Transverse hypoplasia of face; Decreased breadth of face; Thin facies; Transverse deficiency of face; Horizontal hypoplasia of face; Transverse insufficiency of face; Narrow face; Decreased transverse dimension of face; Narrow facies; Decreased horizontal dimension of face; Horizontal deficiency of face,Thin face,HP:0000274,,是,HP:0000318,否,,,UMLS:C1837463; UMLS:C1849121
HP:0000276,Long face,"Facial height (length) is more than 2 standard deviations above the mean (objective); or, an apparent increase in the height (length) of the face (subjective).","Objective measurement of the face height is made with sliding calipers from the nasion, just above the depth of the nasal root, to the gnathion, the inferior border of the mandible, both in the midline. Note that long face is distinct from narrow face.",Increased vertical dimension of face; Increased height of face; Increased length of face; Vertical hyperplasia of face; Long facies; Elongation of face; Vertical Facial Excess; Vertical overgrowth of face; Vertical excess of face; Vertical elongation of face; Long face; Vertical enlargement of face,,HP:0100729,,是,HP:0000334,否,,,UMLS:C1836047
HP:0000277,Abnormal mandible morphology,"Any abnormality of the mandible, the bone of the lower jaw.",,Abnormality of the mandible; Abnormality of the lower jaw bone,,,HP:0000211; HP:0000278; HP:0000303; HP:0005332; HP:0005446; HP:0007626; HP:0009118; HP:0009754; HP:0009940; HP:0010753; HP:0010754; HP:0012801; HP:0012802; HP:0100955; HP:0200025; HP:3000003; HP:3000077; HP:3000078,否,HP:0000209,否,,,UMLS:C4025870
HP:0000278,Retrognathia,An abnormality in which the mandible is mislocalised posteriorly.,,Retrognathia of lower jaw; Mandibular retrusion; Mandibular retrognathia; Receding mandible; Lower jaw retrognathia; Retrusion of lower jaw; Weak chin; Weak jaw; Receding chin; Receding lower jaw; Lower jaw retrusion,,HP:0000277,HP:0000308,否,HP:0002053; HP:0002954,否,,,UMLS:C3494422
HP:0000280,Coarse facial features,"Absence of fine and sharp appearance of brows, nose, lips, mouth, and chin, usually because of rounded and heavy features or thickened skin with or without thickening of subcutaneous and bony tissues.",,Coarse facial features; Coarse face; Coarse facies; Coarse facial appearance,,HP:0001999,HP:0000339,否,HP:0000281; HP:0004640,否,,,UMLS:C1845847; UMLS:C4072825
HP:0000282,Facial edema,,,Swelling of the face; Facial puffiness; Facial oedema; Facial swelling,,HP:0000969; HP:0011799,HP:0100539,否,,否,,,SNOMEDCT_US:445088006; UMLS:C0542571
HP:0000283,Broad face,Bizygomatic (upper face) and bigonial (lower face) width greater than 2 standard deviations above the mean (objective); or an apparent increase in the width of the face (subjective).,Note that broad face is distinct from round face.,Increased width of face; Broad face; Wide facies; Horizontal hyperplasia of face; Increased transverse dimension of face; Transverse excess of face; Horizontal excess of face; Wide face; Increased breadth of face; Increased horizontal dimension of face; Transverse hyperplasia of face; Broad facies,,HP:0100729,,是,,否,,,UMLS:C1859680
HP:0000284,obsolete Abnormality of the ocular region,,,,,,,是,,是,,,
HP:0000286,Epicanthus,"A fold of skin starting above the medial aspect of the upper eyelid and arching downward to cover, pass in front of and lateral to the medial canthus.","In extreme cases, the skin fold can start as high as the eyebrow; this is called epicanthus superciliaris.",Epicanthal fold; Eye folds; Epicanthal folds; Plica palpebronasalis; Prominent eye folds; Epicanthic folds; Palpebronasal fold,,HP:0000492,HP:0000537,否,HP:0000624; HP:0007930,否,,,UMLS:C0678230
HP:0000287,Increased facial adipose tissue,An increased amount of subcutaneous fat tissue in the face.,,Increased amount of facial adipose tissue; Increased amount of facial fat; Increased volume of facial adipose tissue,,HP:0000291,,是,,否,,,UMLS:C4025868; UMLS:C4280649; UMLS:C4280650
HP:0000288,Abnormality of the philtrum,An abnormality of the philtrum.,The paralabial region is the region surrounding the lips and includes the philtrum.,Abnormal philtrum; Abnormality of the infranasal depression; Abnormality of the paralabial region,,HP:0000177,HP:0000289; HP:0000319; HP:0000322; HP:0000343; HP:0002002; HP:0005326; HP:0011825; HP:0011826; HP:0011827; HP:0011828; HP:0011829,否,HP:0011216,否,,,UMLS:C1857045
HP:0000289,Broad philtrum,"Distance between the philtral ridges, measured just above the vermilion border, more than 2 standard deviations above the mean, or alternatively, an apparently increased distance between the ridges of the philtrum.","The mean width of the philtrum was found to be 7 mm in infants by Franz and Sokol [1971] and 9.7 mm in adults by Ward and Jamison [1991]. Measuring width of the philtrum is even more inaccurate than measuring length (vide supra). A broad philtrum may be associated with reduced ridge prominence or a shallow groove, a Smooth philtrum, which should be assessed and coded separately. It may be found with a broad nasal septum.",Increased breadth of philtrum; Wide philtrum; Increased transverse dimension of philtrum; Increased horizontal dimension of philtrum; Increased width of philtrum,,HP:0000288,,是,,否,,,UMLS:C1854111
HP:0000290,Abnormal forehead morphology,An anomaly of the forehead.,,Abnormality of the forehead; Abnormality of the frontal region of the face,,HP:0000271,HP:0000337; HP:0000340; HP:0000341; HP:0000348; HP:0000350; HP:0000599; HP:0002003; HP:0002007; HP:0002056; HP:0004425; HP:0005336; HP:0005556; HP:0011220; HP:0011221; HP:0011335; HP:3000004,否,,否,,,UMLS:C4025867
HP:0000291,Abnormality of facial adipose tissue,,,Abnormality of facial fat,,HP:0009124; HP:0011799,HP:0000287; HP:0000292,否,,否,,,UMLS:C4025866
HP:0000292,Loss of facial adipose tissue,Loss of normal subcutaneous fat tissue in the face.,,Decreased amount of facial fat; Loss of facial subcutaneous adipose tissue; Loss of facial fat; Decreased volume of facial adipose tissue; Loss of subcutaneous adipose tissue from face; Decreased amount of facial adipose tissue,,HP:0008887; HP:0000291,HP:0009019,否,,否,,,UMLS:C1837767
HP:0000293,Full cheeks,Increased prominence or roundness of soft tissues between zygomata and mandible.,,Large cheeks; Increased size of cheeks; Full cheeks; Apple cheeks; Big cheeks,Hypertrophy of cheeks; Chubby cheeks; Puffy cheeks; Hyperplasia of cheeks,HP:0004426,,是,HP:0002262; HP:0004427,否,,,UMLS:C1866231; UMLS:C2748653; UMLS:C3806443; UMLS:C4280647; UMLS:C4280648
HP:0000294,Low anterior hairline,"Distance between the hairline (trichion) and the glabella (the most prominent point on the frontal bone above the root of the nose), in the midline, more than two SD below the mean. Alternatively, an apparently decreased distance between the hairline and the glabella.","This feature gives the appearance of a short forehead. It is distinct from hirsutism of the forehead. In the latter, orientation of hair growth is lateral and texture and density of hair differs from scalp hair.",Low frontal hairline; Low-set frontal hairline,,HP:0000599,,是,,否,,,UMLS:C1842366
HP:0000295,Doll-like facies,"A characteristic facial appearance with a round facial form, full cheeks, a short nose, and a relatively small chin.",This term represents a bundle of phenotypic features and is kept for historical reasons. It is preferable to annotate the individual clinical findings precisely.,Doll-like facial appearance,,HP:0001999,,是,,否,,,UMLS:C1856361
HP:0000297,Facial hypotonia,Reduced muscle tone of a muscle that is innervated by the facial nerve (the seventh cranial nerve).,,Decreased facial muscle tone; Reduced facial muscle tone; Hypotonic facies; Low facial muscle tone,,HP:0001252; HP:0000301,,是,,否,,,UMLS:C1845251; UMLS:C4280646
HP:0000298,Mask-like facies,A lack of facial expression often with staring eyes and a slightly open mouth.,Mask-like facies can be seen in many neurological disorders such as Parkinsonism and myotonic dystrophy.,Expressionless face; Lack of facial expression; Masklike facies; Mask-like facial appearance; Amimia,,HP:0004673,,是,,否,,,SNOMEDCT_US:103606006; UMLS:C0424448
HP:0000300,Oval face,A face with a rounded and slightly elongated outline.,,Oval facial shape; Oval facies; Oval face,,HP:0001999,,是,,否,,,UMLS:C1849025
HP:0000301,Abnormality of facial musculature,An anomaly of a muscle that is innervated by the facial nerve (the seventh cranial nerve).,Facial muscles control facial expression and are innervated by the seventh cranial nerve. Facial muscles around the eye are responsible for eye blink and eyelid closure.,Abnormality of facial muscles; Facial muscle issue,,HP:0011805; HP:0011799,HP:0000297; HP:0000317; HP:0000338; HP:0002491; HP:0004660; HP:0012892; HP:3000008; HP:3000013,否,,否,,,UMLS:C4025865
HP:0000303,Mandibular prognathia,Abnormal prominence of the chin related to increased length of the mandible.,,Relative mandibular prognathism; Enlarged mandible; Big mandible; Mandible prognathism; Prognathia; Large mandible; Mandibular macrognathia; Mandibular excess; Increased size of lower jaw; Mandibular prognathism; Increased projection of mandible; Enlargement of mandible; Prognathism; Increased projection of lower jaw; Large lower jaw; Prominent chin; Macromandible; Prominent lower jaw; Lower jaw excess; Big lower jaw; Hyperplasia of lower jaw; Mandibular hyperplasia; Prominent jaw; Prominent mandible; Lower jaw hyperplasia,Increased size of mandible,HP:0000277; HP:0000306,,是,HP:0000251; HP:0000279; HP:0000328; HP:0002051; HP:0004648; HP:0004656; HP:0008514,否,,,SNOMEDCT_US:109504005; SNOMEDCT_US:22810007; UMLS:C0302501; UMLS:C0399526; UMLS:C2227134; UMLS:C4280644; UMLS:C4280645
HP:0000306,Abnormality of the chin,"An abnormality of the chin, i.e., of the inferior portion of the face lying inferior to the lower lip and including the central prominence of the lower jaw.",,Abnormality of the chin,,HP:0000271,HP:0000303; HP:0000307; HP:0000331; HP:0010751; HP:0011323; HP:0011822; HP:0011823; HP:0011824; HP:3000007; HP:3000029,否,,否,,,UMLS:C4025864
HP:0000307,Pointed chin,A marked tapering of the lower face to the chin.,The two rami of the mandible meet at an acute angle.,Small pointed chin; Pointy chin; Pointed chin; Witch's chin; Pointed mention region,,HP:0000306,,是,HP:0005330,否,,,UMLS:C1844505
HP:0000308,Microretrognathia,A form of developmental hypoplasia of the mandible in which the mandible is mislocalised posteriorly.,,Retromicrognathia; Small retruded chin,,HP:0000347; HP:0000278,,是,,否,,,UMLS:C1839546
HP:0000309,Abnormal midface morphology,"An anomaly of the midface, which is a region and not an anatomical term. It extends, superiorly, from the inferior orbital margin to, inferiorly, the level of nasal base. It is formed by the maxilla (upper jaw) and zygoma and cheeks and malar region. Traditionally, the nose and premaxilla are not included in the midface.",,Abnormal morphology of the midface; Anomaly of the midface; Abnormality of the midface,,HP:0000271,HP:0004426; HP:0010668; HP:0011800; HP:0012371,否,HP:0430026,否,,,UMLS:C4021811
HP:0000311,Round face,The facial appearance is more circular than usual as viewed from the front.,,Round facies; Round facial appearance; Round facial shape; Round face; Circular face,,HP:0001999,,是,HP:0000304; HP:0004653,否,,,UMLS:C0239479; UMLS:C1856468
HP:0000315,Abnormality of the orbital region,,,Abnormality of the eye region; Abnormality of the region around the eyes,,HP:0000271,HP:0001144; HP:3000030,否,HP:0000284,否,,,UMLS:C4025863
HP:0000316,Hypertelorism,"Interpupillary distance more than 2 SD above the mean (alternatively, the appearance of an increased interpupillary distance or widely spaced eyes).",,Widely spaced eyes; Increased distance between eye sockets; Wide-set eyes; Widened interpupillary distance; Ocular hypertelorism; Excessive orbital separation; Increased interpupillary distance; Increased distance between eyes,,HP:0100886,,是,HP:0000578; HP:0002001; HP:0004657; HP:0007871,否,,,SNOMEDCT_US:194021007; SNOMEDCT_US:22006008; UMLS:C0020534
HP:0000317,Facial myokymia,Facial myokymia is a fine fibrillary activity of one or more muscles innervated by the facial nerve (the seventh cranial nerve).,Facial myokymia may be caused by a plaque of multiple sclerosis or have other causes.,Involuntary facial contraction; Involuntary facial quivering,,HP:0000301; HP:0002411,,是,HP:0004651,否,,,SNOMEDCT_US:1070000; UMLS:C0270871
HP:0000319,Smooth philtrum,"Flat skin surface, with no ridge formation in the central region of the upper lip between the nasal base and upper vermilion border.","There is a spectrum of this finding from total absence of the philtral ridges to a some prominence of the ridges. The central groove varies from absent to shallow. Normal values for the frequency of smooth philtrum are available. Grading of the smoothness of the philtrum, used in the assessment of Fetal Alcohol Syndrome, has been developed. This finding is greatly influenced by the facial expression, and care should be taken to evaluate the philtrum when the face is in a neutral position. A smooth philtrum can be associated with a Long philtrum. However, the two findings should be coded separately.","Flat philtrum; Indistinct philtrum; Shallow philtrum; Decreased depth of philtrum; Simple philtrum; Philtrum, smooth",,HP:0000288,,是,HP:0000299; HP:0000323; HP:0004663,否,,,UMLS:C1142533
HP:0000320,Bird-like facies,,,Bird-like facial appearance,,HP:0001999,,是,,否,,,UMLS:C1837758
HP:0000321,Square face,"Facial contours, as viewed from the front, show a broad upper face/cranium and lower face/mandible, creating a square appearance.",,Square face; Square facies; Square facial shape,,HP:0001999,,是,,否,,,UMLS:C1832127
HP:0000322,Short philtrum,"Distance between nasal base and midline upper lip vermilion border more than 2 SD below the mean. Alternatively, an apparently decreased distance between nasal base and midline upper lip vermilion border.",,Decreased height of philtrum; Decreased vertical dimension of philtrum; Vertical hypoplasia of philtrum; Decreased length of philtrum,,HP:0000288,,是,HP:0200090,否,,,UMLS:C1861324
HP:0000324,Facial asymmetry,An abnormal difference between the left and right sides of the face.,,Asymmetric facies; Facial asymmetry; Asymmetry of right and left side of face; Unsymmetrical face; Asymmetry of face; Crooked face,Unbalanced face; Uneven sides of face; Uneven face; Unequal sides of face,HP:0001999,HP:0004484; HP:0005323; HP:0011331; HP:0011332; HP:0011333,否,HP:0003775,否,,,SNOMEDCT_US:15253005; UMLS:C1306710
HP:0000325,Triangular face,"Facial contour, as viewed from the front, triangular in shape, with breadth at the temples and tapering to a narrow chin.",Several groups have used the term inverted triangular face to emphasize the fact that the point is facing downwards.,Face with broad temples and narrow chin; Inverted triangular face; Triangular facial shape; Triangular face; Triangular facies,,HP:0001999,,是,HP:0004645; HP:0004662; HP:0004668,否,,,UMLS:C1835884
HP:0000326,Abnormal maxilla morphology,An abnormality of the Maxilla (upper jaw bone).,,Abnormality of the maxilla; Abnormality of the upper jaw bones; Abnormality of the upper jaw bone,,,HP:0000327; HP:0002010; HP:0009117; HP:0010667; HP:0010755; HP:0010758; HP:3000044,否,,否,,,UMLS:C4025862
HP:0000327,Hypoplasia of the maxilla,Abnormally small dimension of the Maxilla. Usually creating a malocclusion or malalignment between the upper and lower teeth or resulting in a deficient amount of projection of the base of the nose and lower midface region.,,Maxillary micrognathia; Maxillary retrusion; Micromaxilla; Small maxilla; Maxillary hypoplasia; Maxillary retrognathia; Decreased size of upper jaw; Small upper jaw; Small upper jaw bones; Upper jaw deficiency; Hypoplastic maxillary bones; Maxillary deficiency; Decreased size of maxilla; Upper jaw retrusion; Hypoplasia of upper jaw bones,Hypotrophic upper jaw bones; Retrusion of upper jaw bones; Hypotrophic maxilla; Retrognathia of upper jaw,HP:0000326,HP:0005439; HP:0010666,否,HP:0004644,否,,,UMLS:C0240310; UMLS:C4082243; UMLS:C4280640; UMLS:C4280641; UMLS:C4280642; UMLS:C4280643
HP:0000329,Facial hemangioma,"Hemangioma, a benign tumor of the vascular endothelial cells, occurring in the face.",,Facial hemangiomata,,HP:0001028; HP:0011799,HP:0000996; HP:0004664; HP:0007434,否,,否,,,UMLS:C1861443
HP:0000331,Short chin,Decreased vertical distance from the vermilion border of the lower lip to the inferior-most point of the chin.,"The term ""micrognathia"" should be used when the chin is both short (vertical dimension) and narrow (horizontal dimension).",Vertical deficiency of chin; Short lower third of face; Vertical hypoplasia of chin; Short chin; Decreased height of chin,Small chin,HP:0000306,,是,,否,,,SNOMEDCT_US:699439001; UMLS:C1839323; UMLS:C3697248
HP:0000336,Prominent supraorbital ridges,Greater than average forward and/or lateral protrusion of the supraorbital portion of the frontal bones.,,Prominent supraorbital ridge; Protruding supraorbital ridge; Prominent supraorbital margins; Supraorbital hyperostosis; Prominent brow,,HP:0100538,HP:0002054; HP:0004676,否,,否,,,UMLS:C1842060; UMLS:C4280636; UMLS:C4280637; UMLS:C4280638; UMLS:C4280639
HP:0000337,Broad forehead,Width of the forehead or distance between the frontotemporales is more than two standard deviations above the mean (objective); or apparently increased distance between the two sides of the forehead.,"Frontotemporalis is a point lateral to the vertical component of the supraorbital ridge, where there is a hollowing. Spreading caliper tips are placed in the deepest part of that hollow. Note that this term should not be confused with prominent forehead.",Bitemporal widening; Increased bitemporal width; Increased width of the forehead; Intertemporal widening; Increased bitemporal dimension; Wide forehead; Broad forehead,,HP:0000290,,是,HP:0000352; HP:0000354,否,,,UMLS:C1849089
HP:0000338,Hypomimic face,"A reduced degree of motion of the muscles beneath the skin of the face, often associated with reduced facial crease formation.",The movement and position of facial muscles are often interpreted as expressing emotions. Individuals with hypomimic face may be perceived as expressing less emotion than normal.,Dull facial expression; Hypomimia,Decreased facial expressions; Decreased facial muscle movement,HP:0000301; HP:0004673,,是,HP:0008769,否,,,SNOMEDCT_US:248149005; UMLS:C0813217; UMLS:C1862474; UMLS:C4280635
HP:0000339,Pugilistic facies,Coarse facial features reminiscent of those of a boxer.,,Boxer-like facial appearance; Pugilistic facial appearance,,HP:0000280,,是,,否,,,UMLS:C1846011
HP:0000340,Sloping forehead,Inclination of the anterior surface of the forehead from the vertical more than two standard deviations above the mean (objective); or apparently excessive posterior sloping of the forehead in a lateral view.,"Measurement requires an angle meter, inclined on the anterior surface of the forehead, in the midline, along a line connecting the hairline to the glabella, compared to the vertical.",Sloping forehead; Inclined forehead; Receding forehead; Posteriorly sloping forehead,,HP:0000290,,是,HP:0000351; HP:0004480; HP:0008493; HP:0008500,否,,,UMLS:C1857679
HP:0000341,Narrow forehead,Width of the forehead or distance between the frontotemporales is more than two standard deviations below the mean (objective); or apparently narrow intertemporal region (subjective).,"A reduced distance between the temporal regions (temples) on each side of the head to one another. Frontotemporalis is a point lateral to the vertical component of the supraorbital ridge, where there is a hollowing. Spreading caliper tips are placed in the deepest part of that hollow.",Intertemporal narrowing; Narrow bitemporal diameter; Narrow forehead; Bitemporal skull narrowing; Decreased width of the forehead; Temporal narrowness; Bitemporal narrowness; Narrow bitemporal width; Bitemporal narrowing,,HP:0000290,,是,HP:0000314; HP:0004674; HP:0004677,否,,,UMLS:C1839758
HP:0000343,Long philtrum,"Distance between nasal base and midline upper lip vermilion border more than 2 SD above the mean. Alternatively, an apparently increased distance between nasal base and midline upper lip vermilion border.",,Vertical hyperplasia of philtrum; Increased height of philtrum; Increased vertical dimension of philtrum; Increased length of philtrum; Elongated philtrum,,HP:0000288,,是,,否,,,UMLS:C1865014
HP:0000346,Whistling appearance,An abnormality of facial morphology characterized by a small mouth opening and constant contraction of the lips as if the patient were whistling.,,Whistling appearance; Whistling facial appearance,,HP:0000205,,是,,否,,,UMLS:C1848473
HP:0000347,Micrognathia,Developmental hypoplasia of the mandible.,"Mandibular hypoplasia, also known as micrognathia, is a term that describes an abnormally small lower jaw.",Decreased size of mandible; Small lower jaw; Lower jaw hypoplasia; Mandibular deficiency; Hypoplastic mandible condyle; Hypotrophic lower jaw; Micromandible; Lower jaw deficiency; Little mandible; Hypoplasia of lower jaw; Hypoplasia of mandible; Small jaw; Mandibular hypoplasia; Mandibular micrognathia; Hypoplastic mandible; Underdevelopment of mandible; Robin mandible; Micrognathia of lower jaw; Hypotrophic mandible; Small mandible; Decreased size of lower jaw; Underdevelopment of lower jaw; Severe hypoplasia of mandible; Little lower jaw,,HP:0009118,HP:0000308; HP:0003778,否,HP:0000210; HP:0000330; HP:0000345; HP:0002005; HP:0002674; HP:0004669; HP:0005460; HP:0005470,否,,,Fyler:4163; SNOMEDCT_US:32958008; UMLS:C0025990; UMLS:C0240295; UMLS:C1857130
HP:0000348,High forehead,An abnormally increased height of the forehead.,,High forehead,Tall forehead,HP:0000290,,是,HP:0000342,否,,,UMLS:C0239676; UMLS:C2677762
HP:0000349,Widow's peak,Frontal hairline with bilateral arcs to a low point in the midline of the forehead.,"The hair may need to be pulled back to recognize this feature. Historically, English widows in the 18th century wore a black hat, triangular in shape, with a point facing forward in the midline.",Widow's peak; Pointed hairline at front of head; Hairline peak; V-shaped frontal hairline; Hairline point; Pointed frontal hairline,,HP:0009890,,是,HP:0004544,否,,,UMLS:C1853486
HP:0000350,Small forehead,The presence of a forehead that is abnormally small.,,Decreased size of forehead; Decreased size of frontal region of face; Small forehead,,HP:0000290,,是,,否,,,UMLS:C1845250; UMLS:C4280633; UMLS:C4280634
HP:0000356,Abnormality of the outer ear,An abnormality of the external ear.,,Abnormal pinnae; External ear malformations; Abnormality of the external ear; Outer ear abnormality; Malformed pinnae; Abnormality of the outer ear; Ear anomalies; External ear malformation; Abnormality of the auricle,,,HP:0000372; HP:0000377,否,HP:0001752,否,,,SNOMEDCT_US:275259005; UMLS:C0266589; UMLS:C1846460
HP:0000357,Abnormal location of ears,Abnormal location of the ear.,,Abnormal location of ears; External ear position defect,,HP:0000377,HP:0000358; HP:0000369; HP:0008541; HP:0010722; HP:0100663,否,,否,,,UMLS:C4021810
HP:0000358,Posteriorly rotated ears,"A type of abnormal location of the ears in which the position of the ears is characterized by posterior rotation (the superior part of the ears is rotated towards the back of the head, and the inferior part of the ears towards the front).",Angle formed by the line perpendicular to the Frankfurt plane and the medial longitudinal axis of the ear (the two most remote points of the ear) greater than two standard deviations above the mean for age.,"Ear, posterior angulation, increased; Ears rotated toward back of head; Posteriorly rotated auricles; Posteriorly-angulated ears; Posteriorly-rotated ears; Posteriorly angulated ears; Posteriorly rotated",,HP:0000357,,是,HP:0000368; HP:0008535,否,,,SNOMEDCT_US:253251006; UMLS:C0431478
HP:0000359,Abnormality of the inner ear,An abnormality of the inner ear.,,Inner ear abnormality; Abnormality of the inner ear,,,HP:0011390,否,,否,,,UMLS:C4021809
HP:0000360,Tinnitus,"Tinnitus is an auditory perception that can be described as the experience of sound, in the ear or in the head, in the absence of external acoustic stimulation.",,Ringing in ears; Ringing in the ears,,HP:0000364,HP:0008629,否,,否,,,SNOMEDCT_US:162349004; SNOMEDCT_US:162352007; SNOMEDCT_US:60862001; UMLS:C0040264
HP:0000361,obsolete Pulsatile tinnitus (tympanic paraganglioma),,,,,,,是,,是,,,
HP:0000362,Otosclerosis,"In otosclerosis, a callus of bone accumulates on the stapes creating a partial fixation. This limits the movement of the stapes bone, which results in hearing loss.",Otosclerosis cannot be seen on an office examination. The audiogram indicates a conductive type of hearing loss. Testing of the stapedial reflexes indicates limited or no movement of the bones of hearing.,,,HP:0008628,,是,,否,,,SNOMEDCT_US:11543004; UMLS:C0029899
HP:0000363,Abnormal earlobe morphology,An abnormality of the lobule of pinna.,,Abnormality of auricular lobule; Abnormal earlobe; Abnormality of earlobe; Abnormal lobe of ear; Abnormality of ear lobe; Abnormality of lobulus auriculae,,HP:0000377,HP:0004461; HP:0009748; HP:0009906; HP:0009907; HP:0009908; HP:0009909; HP:0011263; HP:0011265,否,,否,,,UMLS:C4021808
HP:0000364,Hearing abnormality,An abnormality of the sensory perception of sound.,"According to the World Health Organization, deafness refers to the complete loss of hearing ability in one or two ears. Hearing impairment refers to both complete and partial loss of the ability to hear.",Abnormal hearing; Hearing abnormality,,,HP:0000360; HP:0000365; HP:0001963,否,,否,,,UMLS:C4025860
HP:0000365,Hearing impairment,A decreased magnitude of the sensory perception of sound.,"Hearing loss can be categorized by which part of the auditory system is damaged, as conductive hearing loss, sensorineural hearing loss, and mixed hearing loss. Another axis of classification uses the degree of hearing impairment. The degree of hearing loss is computed by using a three frequency average taken at 500 Hz, 1,000 Hz and 2,000 Hz. The average of these three frequencies is called the Pure Tone Average (PTA). 0-20 dB is considered normal, 21-40 dB mild loss, 41-60 dB moderate loss, 61-70 dB moderately severe loss,71-90 dB severe loss, and greater than 90 dB profound loss. Note that the word deafness is occasionally used to describe partial hearing loss. The World Health Organization uses the word deafness to refer to complete loss of the ability to hear, and hearing impairment to refer to any degree of reduced hearing.",Hearing impairment; Deafness; Hypacusis; Hearing defect,Hearing loss; Hypoacusis,HP:0000364,HP:0000405; HP:0000407; HP:0001730; HP:0005101; HP:0008542; HP:0009900; HP:0011975; HP:0012712; HP:0012713; HP:0012714; HP:0012715; HP:0012779; HP:0012781,否,HP:0000404; HP:0001728; HP:0001729; HP:0001754; HP:0008560; HP:0008563,否,,,Fyler:4868; SNOMEDCT_US:103276001; SNOMEDCT_US:15188001; SNOMEDCT_US:343087000; SNOMEDCT_US:95828007; UMLS:C0011053; UMLS:C0018772; UMLS:C0339789; UMLS:C1384666
HP:0000366,Abnormality of the nose,An abnormality of the nose.,,Nasal anomaly; Anomaly of the nose; Nasal abnormality; Abnormality of the nose,,HP:0000271,HP:0000421; HP:0001739; HP:0001742; HP:0004408; HP:0005105; HP:0005289; HP:0012384; HP:3000009; HP:3000014,否,,否,,,SNOMEDCT_US:128274005; SNOMEDCT_US:72089000; UMLS:C0240547; UMLS:C0265736; UMLS:C2235909
HP:0000368,"obsolete Low-set, posteriorly rotated ears",,This bundled term has been retired. It is preferable to code each feature separately.,,,,,是,,是,,,
HP:0000369,Low-set ears,Upper insertion of the ear to the scalp below an imaginary horizontal line drawn between the inner canthi of the eye and extending posteriorly to the ear.,,Low set ears; Melotia; Low-set ears; Low-set pinnae; Lowset ears,,HP:0000357,,是,,否,,,SNOMEDCT_US:95515009; UMLS:C0239234
HP:0000370,Abnormality of the middle ear,An abnormality of the middle ear.,,Middle ear abnormalities; Middle ear abnormality,,,HP:0008609; HP:0011452; HP:0100799,否,,否,,,UMLS:C1861141
HP:0000371,Acute otitis media,Acute otitis media is a short and generally painful infection of the middle ear.,,Acute middle ear infection,,HP:0000388,,是,,否,,,SNOMEDCT_US:3110003; UMLS:C0271429
HP:0000372,Abnormal auditory canal morphology,Any structural abnormality of the external acoustic tube (also known as the auditory canal).,,Auditory canal abnormality; Abnormality of the auditory canal,,HP:0000356,HP:0000402; HP:0000413; HP:0004459,否,,否,,,UMLS:C4021807
HP:0000375,Abnormal cochlea morphology,An abnormality of the cochlea.,"The cochlea is an inner ear structure comprised of a snail-shell like structure divided into three fluid-filled parts. Two are canals for the transmission of pressure and in the third is the organ of Corti, which detects pressure impulses and responds with electrical impulses which travel along the auditory nerve to the brain.",Abnormality of cochlea,,HP:0011390,HP:0005102; HP:0008554; HP:0011388; HP:0011395,否,,否,,,UMLS:C4025858
HP:0000376,Incomplete partition of the cochlea type II,"With incomplete partition II, the cochlea consists of 1.5 turns; the apical and middle cochlea turns are undifferentiated and form a cystic apex. The vestibule is normal while the vestibular aqueduct is always enlarged. Developmental arrest occurs at the seventh week of gestation.","The triad of incomplete partition of the cochlea type II, dilation of the vestibule, and an enlarged vestibular aqueduct was previously referred to as a Mondini malformation but this nomenclature is no longer recommended. It is important to note that while reading the related literature, it is often not easy to understand if the authors use the correct terminology, so even in recent studies, the term Mondini should be considered with caution.",,Mondini defect; Mondini malformation; Mondini dysplasia; Cochlear malformation defect (Mondini dysplasia),HP:0011373,,是,,否,,,UMLS:C1857078; UMLS:C4025857
HP:0000377,Abnormal pinna morphology,"An abnormality of the pinna, which is also referred to as the auricle or external ear.",The term 'dysplastic' is no longer accepted as a descriptor for an ear with unusual morphology. Each specific anatomical component of the ear should be described when the ear is thought to be abnormal in appearance.,Minor malformation of the auricles; Auricular malformation; Deformed ears; Dysplastic ears; Poorly defined conchae; Deformed auricles; Abnormally shaped ears; Malformed ears; Abnormal form of ears; Malformation of auricle; Malformed auricles; Malformed external ears,,HP:0000356,HP:0000357; HP:0000363; HP:0000378; HP:0000394; HP:0000400; HP:0000411; HP:0005103; HP:0008605; HP:0008608; HP:0008772; HP:0009738; HP:0009893; HP:0009894; HP:0009896; HP:0009901; HP:0009912; HP:0010723; HP:0011039; HP:0011252; HP:0100687; HP:0100830; HP:0200047; HP:3000022,否,HP:0000390; HP:0000398; HP:0004465; HP:0008562; HP:0008566; HP:0008567; HP:0008572; HP:0008580; HP:0008582; HP:0008594; HP:0008602; HP:0040111,否,,,SNOMEDCT_US:253255002; UMLS:C0431483; UMLS:C0857379
HP:0000378,Cupped ear,Laterally protruding ear that lacks antihelical folding (including absence of inferior and superior crura).,,"Cupped ear; Simple, cup-shaped ears; Cup-shaped ears",Cupped ears; Capuchin ears,HP:0000377,,是,HP:0008531; HP:0008600,否,,,UMLS:C1845447; UMLS:C4020892
HP:0000381,Stapes ankylosis,"Stapes ankylosis refers to congenital or acquired fixation of the stapes (the stirrup-shaped small bone or ossicle in the middle ear), which is associated with conductive hearing resulting from impairment of the sound-conduction mechanism (the external auditory canal, tympanic membrane, and/or middle-ear ossicles).","Stapes ankylosis may be congenital or acquired, in which case it is referred to as otosclerosis. Otosclerosis is the most common cause of progressive conductive hearing loss in adults, and is generally manifested as nonsyndromic, delayed-onset, conductive hearing loss, but it may also affect the inner ear to cause sensorineural loss. Congenital stapes ankylosis may be difficult to differentiate from otosclerosis when the diagnosis of conductive hearing loss is delayed.",Stapes fixation,,HP:0008628,HP:0007943,否,,否,,,UMLS:C1861326
HP:0000383,Abnormal periauricular region morphology,,,Abnormality of periauricular region,,HP:0004426,HP:0000384; HP:0004450; HP:0004451; HP:0100277,否,,否,,,UMLS:C4025856
HP:0000384,Preauricular skin tag,A rudimentary tag of skin often containing ear tissue including a core of cartilage and located just anterior to the auricle (outer part of the ear).,,Preauricular fibroepithelial polyp; Preauricular acrochordon; Preauricular skin tags; Ear tag; Periauricular skin tag; Preauricular tag; Preauricular tags,,HP:0010609; HP:0000383,,是,HP:0008575; HP:0100278,否,,,UMLS:C1860816; UMLS:C4072826
HP:0000385,Small earlobe,Reduced volume of the earlobe.,All gradations in size of the earlobe may be seen from absent to clearly enlarged compared to average. This finding is highly variable.,Hypoplastic lobules; Small earlobe; Hypoplastic earlobes; Small earlobes,,HP:0009906,,是,HP:0008616,否,,,UMLS:C1842680
HP:0000387,Absent earlobe,Absence of fleshy non-cartilaginous tissue inferior to the tragus and incisura.,,"Absent earlobe; Absent ear lobes; Earlobe, absent; Lobule aplasia; Lobeless ears",,HP:0009906,,是,,否,,,UMLS:C1849364
HP:0000388,Otitis media,Inflammation or infection of the middle ear.,,Middle ear infection,,HP:0012649; HP:0008609,HP:0000371; HP:0000389; HP:0000403,否,,否,,,SNOMEDCT_US:65363002; UMLS:C0029882
HP:0000389,Chronic otitis media,"Chronic otitis media refers to fluid, swelling, or infection of the middle ear that does not heal and may cause permanent damage to the ear.",,"Otitis media, chronic; Chronic infections of the middle ear",Chronic middle ear infection; Chronic ear infection,HP:0000388,,是,HP:0008524,否,,,SNOMEDCT_US:21186006; UMLS:C0271441; UMLS:C0743359
HP:0000391,Thickened helices,Increased thickness of the helix of the ear.,,Thick helix,,HP:0011039,,是,,否,,,UMLS:C1837732
HP:0000394,Lop ear,Anterior and inferior folding of the upper portion of the ear that obliterates triangular fossa and scapha.,"The term 'lop ear' refers to excessive protrusion of the ear from the side of the head, that is, the external ear stands away from the head at a greater than normal angle (Normal angle of the auricle to the median plane averages 25 degrees in boys and 18 degrees in girls). Lop ears are usually larger than normal ears. Mild forms are limited to the superior ear, more severe forms affect the superior and posterior ear. The concha may be excessively concave. This should be distinguished from an Overfolded helix where the external contour of the ear is normal.",,,HP:0000377,,是,,否,,,SNOMEDCT_US:76223006; UMLS:C0266614
HP:0000395,Prominent antihelix,The presence of an abnormally prominent antihelix.,,,,HP:0009738,,是,,否,,,UMLS:C1845272
HP:0000396,Overfolded helix,"A condition in which the helix is folded over to a greater degree than normal. That is, excessive curling of the helix edge, whereby the free edge is parallel to the plane of the ear.",This is most often seen in the superior helix where it must be distinguished from a Lop ear (where the usual convexity of the posterior border of the ear is lost). Helix folding is highly variable.,Over-folded helices; Overfolded helices; Overfolded ears,,HP:0008544,HP:0004453,否,HP:0001758; HP:0008570,否,,,UMLS:C1837731
HP:0000399,Prelingual sensorineural hearing impairment,"A form of sensorineural deafness with either congenital onset or infantile onset, i.e., before the acquisition of speech.",,"Deafness, sensorineural, prelingual; Prelingual sensorineural deafness",,HP:0011474,,是,HP:0001731,否,,,UMLS:C4021806
HP:0000400,Macrotia,"Median longitudinal ear length greater than two standard deviations above the mean and median ear width greater than two standard deviations above the mean (objective); or, apparent increase in length and width of the pinna (subjective).",This is acknowledged to be a bundled term but retained here because of its usefulness in practice. Ear length is determined by the maximal distance from the superior aspect to the inferior aspect of the external ear. If only length is increased the term Long ear should be used.,Large ears; Large pinnae,,HP:0000377,HP:0002265,否,HP:0000382; HP:0000386; HP:0000401; HP:0001755,否,,,SNOMEDCT_US:275480001; SNOMEDCT_US:69056000; UMLS:C0152421; UMLS:C0554972; UMLS:C1835581; UMLS:C1848570; UMLS:C1850189; UMLS:C1855062; UMLS:C1860838
HP:0000402,Stenosis of the external auditory canal,An abnormal narrowing of the external auditory canal.,,Stenotic external auditory canal; External auditory canal stenosis; Narrow external auditory canals; Narrow external auditory meatus; Narrow auditory canals; Narrowing of passageway from outer ear to middle ear,,HP:0000372,HP:0008588,否,HP:0000373,否,,,SNOMEDCT_US:300127002; SNOMEDCT_US:301061006; UMLS:C0395837; UMLS:C0576860
HP:0000403,Recurrent otitis media,"Increased susceptibility to otitis media, as manifested by recurrent episodes of otitis media.",,"Otitis media, recurrent; Frequent otitis media; Susceptibility to otitis media; Multiple episodes of otitis media; Recurrent middle ear infection; Recurrent episodes of otitis media",,HP:0000388; HP:0002719,,是,HP:0008622; HP:0008623; HP:0008624; HP:0040268,否,,,UMLS:C0747085
HP:0000405,Conductive hearing impairment,An abnormality of vibrational conductance of sound to the inner ear leading to impairment of sensory perception of sound.,A conductive hearing impariment with greater than 90 dB loss.,"Conduction deafness; Hearing loss, conductive; Conductive deafness; Conductive hearing loss",,HP:0000365; HP:0011452,HP:0000410; HP:0008513; HP:0008591; HP:0008598; HP:0008607; HP:0012716; HP:0012717,否,HP:0000367; HP:0008581,否,,,SNOMEDCT_US:44057004; UMLS:C0018777
HP:0000407,Sensorineural hearing impairment,A type of hearing impairment in one or both ears related to an abnormal functionality of the cochlear nerve.,"Hearing loss caused by damage or dysfunction of the auditory nerve (cranial nerve VIII, also known as the cochlear nerve).","Sensorineural deafness; Hearing loss, sensorineural; Sensorineural hearing loss",,HP:0000365; HP:0011389,HP:0000408; HP:0000410; HP:0001757; HP:0008504; HP:0008527; HP:0008573; HP:0008587; HP:0008615; HP:0008619; HP:0008625; HP:0011474; HP:0011476,否,HP:0000374; HP:0001753; HP:0001916; HP:0008538; HP:0008553; HP:0008565; HP:0008576; HP:0008611; HP:0008613; HP:0008614,否,,,SNOMEDCT_US:60700002; UMLS:C0018784
HP:0000408,Progressive sensorineural hearing impairment,A progressive form of sensorineural hearing impairment.,,"Sensorineural hearing loss, progressive; Bilateral progressive sensorineural hearing loss; Hearing loss, progressive sensorineural; Hearing loss, sensorineural, bilateral, progressive; Progressive bilateral sensorineural hearing loss; Hearing loss, sensorineural, progressive",,HP:0000407; HP:0001730,,是,HP:0000397; HP:0000406; HP:0008592; HP:0008601; HP:0008617,否,,,UMLS:C1843156
HP:0000410,Mixed hearing impairment,A type of hearing loss resulting from a combination of conductive hearing impairment and sensorineural hearing impairment.,,"Mixed hearing impairment; Hearing loss, mixed; Mixed hearing loss",,HP:0000405; HP:0000407,,是,,否,,,SNOMEDCT_US:77507001; UMLS:C0155552
HP:0000411,Protruding ear,"Angle formed by the plane of the ear and the mastoid bone greater than the 97th centile for age (objective); or, outer edge of the helix more than 2 cm from the mastoid at the point of maximum distance (objective).",,Prominent ear; Prominent ears,Protruding ears,HP:0000377,,是,HP:0000412,否,,,SNOMEDCT_US:275478007; UMLS:C1305420; UMLS:C1855285
HP:0000413,Atresia of the external auditory canal,Absence or failure to form of the external auditory canal.,,External auditory canal atresia; External acoustic meatus atresia; Atretic external auditory canals; Absent external auditory canals; Atretic auditory canals; External auditory meatal atresia; Atretic auditory canal; Atretic external auditory canal; Auditory canal atresia; Absent ear canal; Absent auditory canals; External auditory meatus atresia,Atresia of the external auditory canals,HP:0000372,,是,HP:0008547; HP:0008564; HP:0008626,否,,,UMLS:C1398325; UMLS:C1840305; UMLS:C1857079; UMLS:C1866190
HP:0000414,Bulbous nose,Increased volume and globular shape of the anteroinferior aspect of the nose.,"This is a bundled term, but as it is useful in practice it is kept here. This alteration of size and shape may be limited to the tip, but may involve the lower third of the nose. If only the width of the nasal tip is increased this should be coded as Broad nasal tip.",Bulbous nose,Bulbous nasal tip; Potato nose,HP:0000436,,是,HP:0000443,否,,,UMLS:C0240543; UMLS:C1834118; UMLS:C1855751
HP:0000415,Abnormal choanae morphology,Abnormality of the choanae (the posterior nasal apertures).,,Abnormality of the choanae,,HP:0005105,HP:0000452; HP:0000453,否,,否,,,UMLS:C4025855
HP:0000417,Slender nose,,,Slender nose,,HP:0005105,,是,,否,,,UMLS:C1857645
HP:0000418,Narrow nasal ridge,Decreased width of the nasal ridge.,"This feature may be accompanied by narrow nasal bridge and narrow nasal base, which should be coded separately.",Narrow nasal ridge; Thin nasal dorsum; Pinched nose; Thin nasal ridge; Narrow dorsum of nose; Thin dorsum of nose; Decreased width of nasal ridge; Decreased width of nasal dorsum; Decreased width of dorsum of nose; Narrow nasal dorsum,,HP:0011119,,是,,否,,,UMLS:C1837761
HP:0000419,Abnormal nasal septum morphology,An abnormality of the nasal septum.,,Abnormality of septum of nose; Anomaly of septum of nose; Abnormality of the nasal septum; Anomaly of nasal septum,,HP:0005105,HP:0000420; HP:0004411; HP:0005322; HP:0009746; HP:0009935; HP:0009936; HP:3000034,否,,否,,,SNOMEDCT_US:95433000; UMLS:C0151790
HP:0000420,Short nasal septum,Reduced superior to inferior length of the nasal septum.,,Decreased length of septum of nose; Short nasal septum; Short septum of nose; Decreased length of nasal septum,,HP:0000419,,是,,否,,,UMLS:C1844857
HP:0000421,Epistaxis,"Epistaxis, or nosebleed, refers to a hemorrhage localized in the nose.",,Nasal haemorrhage; Nosebleed; Nose bleed; Frequent nosebleeds; Bloody nose; Nose bleeding; Nasal hemorrhage,,HP:0001892; HP:0000366,HP:0004406,否,,否,,,COHD:318556; EFO:0003895; ICD10:R04.0; ICD9:784.7; NCIT:C26766; SNOMEDCT_US:12441001; SNOMEDCT_US:249366005; UMLS:C0014591
HP:0000422,Abnormal nasal bridge morphology,"Abnormality of the nasal bridge, which is the saddle-shaped area that includes the nasal root and the lateral aspects of the nose. It lies between the glabella and the inferior boundary of the nasal bone, and extends laterally to the inner canthi.","The nasal root is the most depressed, superior part of the nose along the nasal ridge.",Abnormality of the bridge of the nose; Abnormality of the nasal bridge; Abnormality of the nasal root,,HP:0005105,HP:0000426; HP:0000431; HP:0000446; HP:0003194; HP:0005280; HP:0005281; HP:0005285,否,HP:0000423,否,,,UMLS:C4021805
HP:0000426,Prominent nasal bridge,Anterior positioning of the nasal root in comparison to the usual positioning for age.,"A prominent nasal bridge can occur irrespective of the width of the nasal bridge, and the width should be assessed separately. The nasal bridge becomes more prominent with age. Although the nasal root may be anteriorly placed without increasing the space between the eyes, prominence of the nasal bridge may be accompanied by Telecanthus or ocular Hypertelorism. If such findings are present these should be coded separately. Deep-set eyes may lead to the impression of a prominent nasal bridge, but this finding should be coded separately.",Protruding nasal bridge; Prominent bridge of nose; High nasal bridge; Prominent nasal root; Elevated nasal bridge; Protruding bridge of nose; Prominent nasal bridge,Convex nasal bridge; Convex bridge of nose,HP:0000422,,是,HP:0000432; HP:0000442; HP:0004498; HP:0005287,否,,,UMLS:C1854113; UMLS:C4230640
HP:0000429,Abnormal morphology of the nasal alae,An abnormality of the Ala of nose.,"The nasal ala is the tissue comprising the lateral boundary of the nose, inferiorly, surrounding the naris.",Abnormality of the nasal alae; Abnormality of the nasal ala,,HP:0010938,HP:0000430; HP:0000454; HP:0000463; HP:0003191; HP:0005275; HP:0009928; HP:0010649,否,,否,,,UMLS:C2227020; UMLS:C4021804; UMLS:C4280631; UMLS:C4280632
HP:0000430,Underdeveloped nasal alae,"Thinned, deficient, or excessively arched ala nasi.","The alae nasi are the lateral portions of the nose or the wings of the nostrils, which partly encircle the nostrils (nares). They are usually about the width of the columella, but vary greatly depending on the shape of the nostril. Note that individuals may be described as having a Cleft ala nasi, but have a severely underdeveloped ala nasi. In an underdeveloped ala the continuity of the tissue encircling the nostril is undisturbed while in a cleft it is disrupted. With severe hypoplasia of the nasal alae, the nasal tip may appear depressed.","Nasal cartilage hypoplasia; Decreased size of nasal alae; Hypoplastic alae nasi; Hypoplastic nares; Hypoplastic alae nasae; Alar cartilage hypoplasia; Thin hypoplastic alae nasi; Hypoplastic alar cartilage; Hypoplastic alar nasae; Ala nasi, underdeveloped; Underdeveloped tissue around nostril; Hypoplastic nostrils; Hypoplastic nasal wings; Hypoplastic nasal alae; Small nasal alae",,HP:0009924; HP:0000429,,是,HP:0004497; HP:0004507; HP:0005276; HP:0005277; HP:0005286,否,,,UMLS:C1834055
HP:0000431,Wide nasal bridge,"Increased breadth of the nasal bridge (and with it, the nasal root).","Care should be taken to distinguish between increased width of bone and Fullness of paranasal tissue. A wide nasal bridge should be distinguished from Telecanthus and Hypertelorism. A wide nasal bridge can be either prominent or depressed, which should be coded separately.","Increased width of bridge of nose; Wide nasal bridge; Increased breadth of bridge of nose; Broad nasal bridge; Nasal bridge broad; Broad nasal root; Broadened nasal bridge; Increased breadth of nasal bridge; Wide bridge of nose; Increased width of nasal bridge; Widened nasal bridge; Nasal bridge, wide",Broad flat nasal bridge,HP:0000422,,是,HP:0000424; HP:0004500; HP:0004504; HP:0004650; HP:0200139,否,,,SNOMEDCT_US:249321001; UMLS:C1839764; UMLS:C1849367
HP:0000433,Abnormal nasal mucosa morphology,,,Abnormality of the nasal mucosa; Abnormality of mucous membrane of nose; Abnormality of mucosa of nose; Abnormality of nasal mucous membrane,,HP:0005105,HP:0000434; HP:0100582,否,,否,,,UMLS:C4025854
HP:0000434,Nasal mucosa telangiectasia,Telangiectasia of the nasal mucosa.,,Spider veins of mucous membrane of nose; Nasal mucous membrane telangiectasia; Angioectasia of mucosa of nose; Angioectasia of nasal mucous membrane; Telangiectasia of nasal mucous membrane; Telangiectasia of mucous membrane of nose; Spider veins of mucosa of nose; Telangiectasia of mucosa of nose; Angioectasia of mucous membrane of nose; Spider veins of nasal mucous membrane,,HP:0000433; HP:0100579,,是,,否,,,UMLS:C4025853
HP:0000436,Abnormal nasal tip morphology,An abnormality of the nasal tip.,"The nasal tip is located at the junction of the inferior margin of the nasal ridge and the columella. Commonly, it is the part of the nose furthest from the plane of the face. In rare circumstances, such as markedly prominent and convex nasal profiles, other parts of the ridge may be further removed from the facial plane.",Abnormality of tip of nose; Abnormality of the nasal tip,,HP:0010938,HP:0000414; HP:0000437; HP:0000451; HP:0000455; HP:0000456; HP:0004132; HP:0005274; HP:0005278; HP:0011831; HP:0011832; HP:0011833,否,,否,,,UMLS:C4025852
HP:0000437,Depressed nasal tip,Decreased distance from the nasal tip to the nasal base.,"This often accompanies a Short columella, Overhanging nasal tip, and Underdeveloped nasal tip, but these should be assessed and coded separately.","Flattened nasal tip; Depressed nasal tip; Flat nasal tip; Depressed tip of nose; Nasal tip, recessed; Caved in nasal tip; Flat tip of nose; Nasal tip, retruded; Retruded tip of nose; Nasal tip, depressed",,HP:0000436,,是,HP:0005279,否,,,UMLS:C1859717
HP:0000444,Convex nasal ridge,"Nasal ridge curving anteriorly to an imaginary line that connects the nasal root and tip. The nose appears often also prominent, and the columella low.",,Beaklike protrusion; Convex dorsum of nose; Hooked nose; Convex nasal dorsum; Polly beak nasal deformity; Beaked nose,,HP:0011119,,是,HP:0003683,否,,,UMLS:C0240538
HP:0000445,Wide nose,"Interalar distance more than two standard deviations above the mean for age, i.e., an apparently increased width of the nasal base and alae.",,Wide nose; Increased width of nose; Increased nasal breadth; Increased nasal width; Broad nose; Increased breadth of nose,,HP:0005105,,是,HP:0000438,否,,,SNOMEDCT_US:249321001; UMLS:C0426421
HP:0000446,Narrow nasal bridge,Decreased width of the bony bridge of the nose.,"The narrowness may be accompanied by a sharp, keel-shaped appearance. The nasal bridge may narrow with age.","Narrow bridge of nose; Narrow nasal root; Nasal bridge, thin; Narrow nasal bridge; Nasal Bridge, Narrow",Pinched bridge of nose; Pinched nasal bridge,HP:0000422,,是,HP:0100782,否,,,UMLS:C4551564
HP:0000447,Pear-shaped nose,,,Pear-shaped nose,,HP:0005105,,是,,否,,,UMLS:C1853482
HP:0000448,Prominent nose,"Distance between subnasale and pronasale more than two standard deviations above the mean, or alternatively, an apparently increased anterior protrusion of the nasal tip.",,Big nose; Increased nasal size; Increased size of nose; Large nose; Prominent nose; Pronounced nose; Disproportionately large nose,Nasal hyperplasia; Hypertrophy of nose; Nasal hypertrophy; Hyperplasia of nose,HP:0005105,,是,HP:0000461; HP:0005271; HP:0200140,否,,,SNOMEDCT_US:249311009; UMLS:C0426415; UMLS:C1400105; UMLS:C4280629
HP:0000451,Triangular nasal tip,,,Triangular nasal tip; Triangular shaped tip of nose,,HP:0000436,,是,,否,,,UMLS:C1839765
HP:0000452,Choanal stenosis,Abnormal narrowing of the choana (the posterior nasal aperture).,,Coanal stenosis; Narrowing of the rear opening of the nasal cavity,,HP:0000415,HP:0200138,否,,否,,,SNOMEDCT_US:306963008; UMLS:C0584837
HP:0000453,Choanal atresia,"Absence or abnormal closure of the choana (the posterior nasal aperture). Most embryologists believe that posterior choanal atresia results from a failure of rupture between the 35th and 38th day of fetal life of the partition which separates the bucconasal or buccopharyngeal membranes. The resultant choanal atresia may be unilateral or bilateral, bony or membranous, complete or incomplete. In over 90 per cent of cases the obstruction is bony, while in the remainder it is membranous. The bony type of atresia is commonly located 1-2 mm. anterior to the posterior edge of the hard palate, and the osseous septum varies in thickness from 1 to 10 mm. In the membranous form of choanal atresia the obstruction usually occurs further posteriorly. In approximately one third of cases the atresia is bilateral.",,Blockage of the rear opening of the nasal cavity,,HP:0000415,HP:0004502; HP:0011820,否,HP:0000416; HP:0004496; HP:0004503,否,,,Fyler:4203; SNOMEDCT_US:204508009; UMLS:C0008297
HP:0000454,Flared nostrils,,,Flared nasal alae; Flared nostrils,,HP:0000429,,是,,否,,,SNOMEDCT_US:21558008; SNOMEDCT_US:248568003; UMLS:C0277873
HP:0000455,Broad nasal tip,Increase in width of the nasal tip.,Nasal tip width is assessed at the anterior junction of the alae and the tip. This is easier in persons with a somewhat squared shape of the nasal tip. This may be best viewed from the inferior aspect of the nose. No objective measures are available. See Bulbous nose for a related term.,"Broad tip of nose; Wide tip of nose; Nasal tip, broad; Nasal tip, wide; Increased breadth of tip of nose; Broad nasal tip; Increased width of tip of nose; Broad, upturned nose; Increased width of nasal tip; Increased breadth of nasal tip",Broad upturned nose,HP:0000436,,是,HP:0004501; HP:0005269,否,,,SNOMEDCT_US:249327002; UMLS:C0426429
HP:0000456,Bifid nasal tip,"A splitting of the nasal tip. Visually assessable vertical indentation, cleft, or depression of the nasal tip.",This is a rare congenital deformity due to failure of the paired nasal processes to fuse to a single midline organ during early gestation.,Cleft nasal tip; Bifid tip of nose,Notched nasal tip; Notched tip of nose; Cleft tip of nose,HP:0000436,,是,HP:0005282,否,,,SNOMEDCT_US:249326006; UMLS:C0426428; UMLS:C4020890
HP:0000457,Depressed nasal ridge,Lack of prominence of the nose resulting from a posteriorly-placed nasal ridge.,"The adjective 'depressed' here does not indicate an active process but a status. The feature should be assessed in a profile view. This finding is typically associated with a Short columella, but this should be assessed separately.",Retruded nasal dorsum; Flat nose; Recessed dorsum of nose; Depressed nasal dorsum; Retruded nasal ridge; Depressed dorsum of nose; Recessed nasal dorsum; Flat nasal dorsum; Flat dorsum of nose; Retruded dorsum of nose; Recessed nasal ridge,,HP:0011119,,是,,否,,,UMLS:C1842876
HP:0000458,Anosmia,"An inability to perceive odors. This is a general term describing inability to smell arising in any part of the process of smelling from absorption of odorants into the nasal mucous overlying the olfactory epithelium, diffusion to the cilia, binding to olfactory receptor sites, generation of action potentials in olfactory neurons, and perception of a smell.",,Loss of smell; Lost smell,,HP:0004408,HP:0010632; HP:0010633; HP:0012247,否,,否,,,SNOMEDCT_US:44169009; UMLS:C0003126
HP:0000460,Narrow nose,"Interalar distance more than 2 SD below the mean for age, or alternatively, an apparently decreased width of the nasal base and alae.",Note: a small nose has both decreased height and a decreased width. These should be coded separately.,Narrow nose; Thin nose; Decreased nasal width; Decreased nasal breadth,,HP:0005105,,是,,否,,,SNOMEDCT_US:249322008; UMLS:C0426422
HP:0000463,Anteverted nares,Anteriorly-facing nostrils viewed with the head in the Frankfurt horizontal and the eyes of the observer level with the eyes of the subject. This gives the appearance of an upturned nose (upturned nasal tip).,"The tip of the nose is upturned and is positioned superiorly to the nasal base, allowing the nares to be easily visualized from the front. With maturation and growth of the nasal ridge and tip, the nares usually become more downwardly directed.","Anteverted nostrils; Upturned nares; Nasal tip, upturned; Upturned nasal tip; Upturned nostrils; Anteverted nose; Upturned nose; Nostrils anteverted",Upturned nasal tips,HP:0000429; HP:0005288,,是,HP:0000427; HP:0000435; HP:0000441; HP:0004495,否,,,SNOMEDCT_US:708670007; UMLS:C1840077
HP:0000464,Abnormality of the neck,An abnormality of the neck.,,Anomaly of the neck; Abnormality of the neck,,HP:0000152,,是,,否,,,SNOMEDCT_US:298390003; SNOMEDCT_US:40052002; UMLS:C0266623; UMLS:C0575167; UMLS:C4280628
HP:0000465,Webbed neck,Pterygium colli is a congenital skin fold that runs along the sides of the neck down to the shoulders. It involves an ectopic fibrotic facial band superficial to the trapezius muscle. Excess hair-bearing skin is also present and extends down the cervical region well beyond the normal hairline.,,Neck webbing; Webbed neck; Pterygium colli,,,,是,,否,,,SNOMEDCT_US:11731003; UMLS:C0221217
HP:0000466,Limited neck range of motion,,,Limited cervical range of motion; Limited neck range of motion,,HP:0005986,,是,,否,,,UMLS:C1859212
HP:0000467,Neck muscle weakness,Decreased strength of the neck musculature.,,Floppy neck; Neck muscle weakness,,HP:0001324,HP:0003722,否,,否,,,UMLS:C0240479
HP:0000468,Increased adipose tissue around the neck,An increased amount of subcutaneous fat tissue around the neck.,,Increased fat around the neck,,HP:0009126,,是,,否,,,UMLS:C4025850
HP:0000470,Short neck,Diminished length of the neck.,,Decreased length of neck; Short neck,,HP:0003319,,是,HP:0005992; HP:0200137,否,,,SNOMEDCT_US:95427009; UMLS:C0521525
HP:0000471,Gastrointestinal angiodysplasia,Dysplasia affecting the vasculature of the gastrointestinal tract.,,GI angiodysplasia,,HP:0004296,,是,,否,,,UMLS:C0854242
HP:0000472,Long neck,Increased inferior-superior length of the neck.,,Increased length of neck; Increased cervical length; Cervical elongation; Long neck; Elongated neck,,,,是,,否,,,UMLS:C1839816
HP:0000473,Torticollis,Involuntary contractions of the neck musculature resulting in an abnormal posture of or abnormal movements of the head.,"The word torticollis comes from Latin words meaning twisted neck. Spasmodic torticollis is a focal dystonia that affects the neck and sometimes the shoulders, leading to involuntary contractions of the neck muscles, abnormal movements and postures of the head and neck. The abnormal movements can have both tonic and clonic components and can results in pain and discomfort. Spasmodic torticollis is the most common focal dystonia.",Spasmodic torticollis; Wry neck; Loxia; Cervical dystonia,,HP:0011442; HP:0011006; HP:0012179,HP:0002544,否,,否,,,SNOMEDCT_US:270476009; SNOMEDCT_US:70070008; SNOMEDCT_US:74333002; UMLS:C0040485; UMLS:C0152116; UMLS:C0949445
HP:0000474,Thickened nuchal skin fold,"A thickening of the skin thickness in the posterior aspect of the fetal neck. A nuchal fold (NF) measurement is obtained in a transverse section of the fetal head at the level of the cavum septum pellucidum and thalami, angled posteriorly to include the cerebellum. The measurement is taken from the outer edge of the occiput bone to the outer skin limit directly in the midline. An NF measurement greater than 5 mm at 14 to 17+6 weeks of gestation, or 6 mm at 18 to 28 weeks has been associated with a markedly increased risk for Down syndrome.","The measurement of nuchal fold (NF) thickness during the second trimester is considered to be one of the most sensitive and specific isolated ultrasound marker for the identification of suspected cases of trisomy 21. Thick NF may also be seen in other aneuploidies as well as Turner's syndrome, Noonan's syndrome, Roberts syndrome, Zellweger syndrome and with congenital heart disease and with pathogenic CNVs. A thickened nuchal fold should be distinguished from cystic hygroma, in which the skin in this area has fluid-filled loculations. A thickened nuchal fold should not be confused with nuchal translucency, which is a specific measurement of fluid in the posterior aspect of the neck at 11 to 14 weeks gestation (see practice guidelines at http://www.sogc.org).",Thick nuchal fold; Increased nuchal fold thickness; Thickened skin folds of neck; Excess nuchal skin; Thickened nuchal skin; Increased nuchal fold; Thickened skin over the neck,,HP:0011425,,是,HP:0000477,否,,,UMLS:C1836940
HP:0000475,Broad neck,Increased side-to-side width of the neck.,,Broad neck; Wide neck; Increased width of neck,Thick neck,,,是,,否,,,UMLS:C1853638
HP:0000476,Cystic hygroma,A cystic lymphatic lesion of the neck.,"Cystic hygroma refers to a cystic lymphatic lesion, that can in principle occur anywhere in the body, but is most commonly seen in the head and neck region. The term 'Cystic hygroma' alone is generally used to refer to cystic hygroma of the neck.",Cystic hygroma of the neck,,,HP:0010878; HP:0010879,否,,否,,,NCIT:C8965; SNOMEDCT_US:399882002; SNOMEDCT_US:40225001; SNOMEDCT_US:423984004; UMLS:C0206620
HP:0000478,Abnormality of the eye,"Any abnormality of the eye, including location, spacing, and intraocular abnormalities.",,Abnormality of the eye; Abnormal eye,Eye disease,HP:0000118,HP:0012372; HP:0012373,否,,否,,,SNOMEDCT_US:19416009; SNOMEDCT_US:371405004; SNOMEDCT_US:371409005; UMLS:C0015393; UMLS:C0015397
HP:0000479,Abnormal retinal morphology,A structural abnormality of the retina.,,Anomaly of the retina; Retina issue; Abnormal retina; Abnormality of the retina,Retinal disease,HP:0001098,HP:0000480; HP:0000488; HP:0000532; HP:0000541; HP:0000546; HP:0000556; HP:0000573; HP:0001102; HP:0001103; HP:0007703; HP:0007866; HP:0007973; HP:0008046; HP:0008052; HP:0008061; HP:0009594; HP:0011958; HP:0012777,否,HP:0007901; HP:0007938,否,,,SNOMEDCT_US:29555009; UMLS:C0035300; UMLS:C0035309
HP:0000480,Retinal coloboma,"A notch or cleft of the retina or choroid, located vertically below the optic disc.",,Hole in the back of the eye,,HP:0000589; HP:0000479,,是,HP:0007808,否,,,UMLS:C3540764
HP:0000481,Abnormal cornea morphology,"Any abnormality of the cornea, which is the transparent tissue at the front of the eye that covers the iris, pupil, and anterior chamber.",,Corneal abnormalities; Abnormality of the cornea; Corneal abnormality,Cornela disease,HP:0004328,HP:0001120; HP:0001131; HP:0001140; HP:0007705; HP:0007957; HP:0008048; HP:0011486; HP:0011488; HP:0011492; HP:0011495; HP:0011496; HP:0100583; HP:0100691,否,HP:0007771; HP:0007972,否,,,UMLS:C1855670; UMLS:C4020889
HP:0000482,Microcornea,A congenital abnormality of the cornea in which the cornea and the anterior segment of the eye are smaller than normal. The horizontal diameter of the cornea does not reach 10 mm even in adulthood.,Note that the cornea's diameter is normally about 9.5-10.0 mm at birth and reaches 10.0-12-5 mm in adulthood.,Cornea of eye less than 10mm in diameter; Decreased corneal diameter,,HP:0001120,,是,HP:0100688,否,,,SNOMEDCT_US:26098002; UMLS:C0266544; UMLS:C1167713
HP:0000483,Astigmatism,A type of refraction error associated with abnormal curvatures on the anterior and/or posterior surface of the cornea.,The irregular curvature associated with astigmatism means that the optical system is not symmetric about the optical axis. Most commonly the cornea is affected such that the refractive power in one meridian is less than that of the perpendicular axis. Astigmatism of significant degree causes blurry vision.,Astigmatism; Abnormal curving of the cornea or lens of the eye,,HP:0100691; HP:0000539,HP:0000484,否,,否,,,SNOMEDCT_US:82649003; UMLS:C0004106
HP:0000484,Hyperopic astigmatism,A form of astigmatism in which one meridian is hyperopic while the one at a right angle to it has no refractive error.,,,,HP:0000483,,是,,否,,,SNOMEDCT_US:449734001; UMLS:C1847524
HP:0000485,Megalocornea,An enlargement of the cornea with normal clarity and function. Megalocornea is diagnosed with a horizontal corneal diameter of 12 mm or more at birth or 13 mm or more after two years of age.,,Anterior megalophthalmos; Increased corneal diameter; Enlarged cornea; Macrocornea,,HP:0001120,,是,HP:0007660,否,,,SNOMEDCT_US:204118005; SNOMEDCT_US:268158009; UMLS:C0344530; UMLS:C1167712
HP:0000486,Strabismus,"A misalignment of the eyes so that the visual axes deviate from bifoveal fixation. The classification of strabismus may be based on a number of features including the relative position of the eyes, whether the deviation is latent or manifest, intermittent or constant, concomitant or otherwise and according to the age of onset and the relevance of any associated refractive error.",,Squint; Cross-eyed; Squint eyes,,HP:0000549,HP:0010877,否,HP:0000487,否,,,SNOMEDCT_US:128602000; SNOMEDCT_US:22066006; UMLS:C0038379
HP:0000487,obsolete Congenital strabismus,,,,,,,是,,是,,,
HP:0000488,Retinopathy,"Any noninflammatory disease of the retina. This nonspecific term is retained here because of its wide use in the literature, but if possible new annotations should indicate the precise type of retinal abnormality.",,Noninflammatory retina disease,,HP:0000479,,是,,否,,,SNOMEDCT_US:29555009; UMLS:C0035309
HP:0000489,obsolete Abnormality of globe location or size,,,,,,,是,,是,,,
HP:0000490,Deeply set eye,An eye that is more deeply recessed into the plane of the face than is typical.,"This finding should be distinguished from a prominent supraorbital ridge or inferior orbital margin. In Deeply set eyes, the globe is recessed in comparison to the overall prominence of the face. There is no known objective measurement, and diagnosing this feature depends heavily on the experience of the observer.",Deep set eye; Ocular depression; Deep-set eyes; Deeply set eye; Enophthalmos; Sunken eyes; Sunken eye,,HP:0100886,,是,HP:0000663,否,,,SNOMEDCT_US:246923005; SNOMEDCT_US:80093006; UMLS:C0014306; UMLS:C0423224
HP:0000491,Keratitis,Inflammation of the cornea.,,Corneal inflammation,,HP:0011495; HP:0100533,HP:0001096; HP:0011859,否,,否,,,SNOMEDCT_US:5888003; UMLS:C0022568
HP:0000492,Abnormal eyelid morphology,An abnormality of the eyelids.,,Abnormality of the eyelids; Abnormality of the eyelid,,,HP:0000286; HP:0000498; HP:0000499; HP:0000506; HP:0000621; HP:0000656; HP:0007406; HP:0008050; HP:0009755; HP:0010732; HP:0010750; HP:0011225; HP:0011226; HP:0012905; HP:0100540; HP:3000072,否,HP:0000285,否,,,UMLS:C4021803
HP:0000493,Abnormal foveal morphology,"An abnormality of the fovea centralis, the central area of the macula that mediates central, high resolution vision and contains the largest concentration of cone cells in the retina.",,Abnormality of the fovea,,HP:0001103,HP:0008060; HP:0012152,否,,否,,2008-04-02T01:29:00Z,UMLS:C4025849
HP:0000494,Downslanted palpebral fissures,The palpebral fissure inclination is more than two standard deviations below the mean.,,Downward slanting of the opening between the eyelids; Antimongoloid slanted palpebral fissures; Antimongoloid slant of palpebral fissures; Downward-slanting palpebral fissures; Down-slanting palpebral fissure; Antimongoloid eye slant; Down-slanted palpebral fissures; Downward slanted palpebral fissures; Down-slanting palpebral fissures; Palpebral fissures down-slanted; Downslanting palpebral fissure; Downslanting palpebral fissures; Downward slanting palpebral fissures; Down slanting palpebral fissures,,HP:0200006,,是,HP:0007714; HP:0007908,否,,,SNOMEDCT_US:246800008; UMLS:C0423110
HP:0000495,Recurrent corneal erosions,"The presence of recurrent corneal epithelial erosions. Although most corneal epithelial defects heal quickly, some may show recurrent ulcerations.",,"Recurrent breakdown of clear protective layer of eye; Corneal erosions, recurrent; Recurrent corneal ulceration",Epithelial corneal erosions; Recurrent corneal ulcerations,HP:0200020,,是,HP:0007674; HP:0007749,否,,,SNOMEDCT_US:2055003; SNOMEDCT_US:91514001; UMLS:C0010043; UMLS:C0155119; UMLS:C4020888
HP:0000496,Abnormality of eye movement,An abnormality in voluntary or involuntary eye movements or their control.,,Ocular movement abnormalities; Oculomotor abnormalities; Abnormal extraocular movement; Abnormal extraocular movements; Abnormal movement of the globe of the eye; Eye movement issue; Abnormal motility of the globe of the eye; Abnormality of eye movement; Abnormal ocular movements; Abnormal eye motility; Abnormal eye movement; Eye movement abnormalities; Abnormal eye movements,,HP:0012373,HP:0000542; HP:0000549; HP:0000570; HP:0000597; HP:0000617; HP:0000657; HP:0007941; HP:0011347; HP:0012547,否,HP:0006860,否,,,SNOMEDCT_US:103252009; UMLS:C0497202
HP:0000497,Globe retraction and deviation on abduction,,,,,HP:0011347,,是,,否,,,UMLS:C4025848
HP:0000498,Blepharitis,Inflammation of the eyelids.,,Cellulitis of eyelids; Inflammation of eyelids,,HP:0100533; HP:0000492,,是,,否,,,SNOMEDCT_US:231796003; SNOMEDCT_US:41446000; UMLS:C0005741; UMLS:C0339063
HP:0000499,Abnormal eyelash morphology,An abnormality of the eyelashes.,,Eyelash abnormality; Abnormality of the eyelashes; Abnormal eyelashes,,HP:0000492; HP:0001595,HP:0000527; HP:0001128; HP:0002227; HP:0007665; HP:0008496; HP:0010764; HP:0011231; HP:0011457; HP:0200102,否,HP:0004530,否,,,UMLS:C2675111
HP:0000501,Glaucoma,Glaucoma refers loss of retinal ganglion cells in a characteristic pattern of optic neuropathy usually associated with increased intraocular pressure.,"The feature that differentiates glaucoma from other causes of visual morbidity is a characteristic pattern of damage to the optic nerve head. This is most easily recognized at the superior and inferior poles of the optic disc. The vertical cup:disk ratio (VCDR) has proved to be a simple, relatively robust index of glaucomatous loss of the neuroretinal rim. As with intraocular pressure, VCDR is a continuous variable within the population.",,,HP:0012373,HP:0001087; HP:0012108; HP:0012109,否,,否,,,SNOMEDCT_US:23986001; UMLS:C0017601
HP:0000502,Abnormal conjunctiva morphology,An abnormality of the conjunctiva.,"The conjunctiva is a thin, sparsely vascularized transparent membrane that covers and protects the sclera (the bulbar conjunctiva), and forms the inner lining of the eyelids (the tarsal conjunctiva).",,,,HP:0000509; HP:0001140; HP:0007462; HP:0007799; HP:0008054; HP:0009903; HP:0010637; HP:0012375; HP:0012549; HP:0100780,否,,否,,,UMLS:C4025847
HP:0000503,Tortuosity of conjunctival vessels,The presence of an increased number of twists and turns of the conjunctival blood vessels.,,,,HP:0008054,,是,,否,,,UMLS:C1855391
HP:0000504,Abnormality of vision,Abnormality of eyesight (visual perception).,,Vision issue; Abnormality of sight; Abnormality of vision,,HP:0012373,HP:0000505; HP:0000551; HP:0000613; HP:0000622; HP:0000662; HP:0011514; HP:0012047; HP:0012508; HP:0100576; HP:0100832,否,,否,,,UMLS:C4025846
HP:0000505,Visual impairment,"Visual impairment (or vision impairment) is vision loss (of a person) to such a degree as to qualify as an additional support need through a significant limitation of visual capability resulting from either disease, trauma, or congenital or degenerative conditions that cannot be corrected by conventional means, such as refractive correction, medication, or surgery.",,Loss of eyesight; Visual impairment; Poor vision; Impaired vision,,HP:0000504,HP:0000572; HP:0001123; HP:0007663; HP:0100704,否,HP:0000516; HP:0000566; HP:0007758; HP:0007860; HP:0007983,否,,,SNOMEDCT_US:246635007; SNOMEDCT_US:397540003; SNOMEDCT_US:7973008; UMLS:C0042798; UMLS:C3665347
HP:0000506,Telecanthus,"Distance between the inner canthi more than two standard deviations above the mean (objective); or, apparently increased distance between the inner canthi.","Dystopia canthorum (also called telecanthus) describes a subtle but unusual facial feature in which the inner corners of the eyes (canthi) are spaced farther apart than normal, yet the eyes (pupils) themselves are not necessarily widely spaced.",Dystopia canthorum; Corners of eye widely separated; Increased intercanthal distance; Increased distance between medial canthi,,HP:0000492,,是,,否,,,SNOMEDCT_US:246803005; UMLS:C0423113
HP:0000508,Ptosis,"The upper eyelid margin is positioned 3 mm or more lower than usual and covers the superior portion of the iris (objective); or, the upper lid margin obscures at least part of the pupil (subjective).",,Blepharoptosis; Eyelid ptosis; Drooping upper eyelid; Palpebral ptosis,Eye drop,HP:0012373,HP:0001488; HP:0002277; HP:0007687; HP:0007838; HP:0007970,否,,否,,,SNOMEDCT_US:11934000; UMLS:C0005745
HP:0000509,Conjunctivitis,Inflammation of the conjunctiva.,,Pink eye,"Conjunctivitis, recurrent",HP:0100533; HP:0000502,HP:0001096; HP:0007717; HP:0007879,否,,否,,,SNOMEDCT_US:9826008; UMLS:C0009763; UMLS:C1864156
HP:0000510,Rod-cone dystrophy,"An inherited retinal disease subtype in which the rod photoreceptors appear to be more severely affected than the cone photoreceptors. Typical presentation is with nyctalopia (due to rod dysfunction) followed by loss of mid-peripheral field of vision, which gradually extends and leaves many patients with a small central island of vision due to the preservation of macular cones.","Retinitis pigmentosa is a group of hereditary diseases of the eye. However, the term retinitis pigmentosa has also been used to describe the retinal findings characteristic of these diseases but also seen on other diseases such as Usher syndrome. It is preferable to describe the findings precisely if possible, but this term is kept for convenience.",Rod cone dystrophy; Retinitis pigmentosa,,HP:0000556,HP:0007947,否,HP:0000547; HP:0001127; HP:0007635; HP:0007645; HP:0007742; HP:0007816; HP:0007826; HP:0007927; HP:0008036,否,,,SNOMEDCT_US:28835009; UMLS:C0035334
HP:0000511,Vertical supranuclear gaze palsy,"A supranuclear gaze palsy is an inability to look in a vertical direction as a result of cerebral impairment. There is a loss of the voluntary aspect of eye movements, but, as the brainstem is still intact, all the reflex conjugate eye movements are normal.",Vertical gaze palsies can manifest as selective limitation of upgaze or downgaze.,Vertical gaze palsy; VSGP,,HP:0000605,,是,,否,,,SNOMEDCT_US:246773002; UMLS:C0339652; UMLS:C1843369
HP:0000512,Abnormal electroretinogram,Any abnormality of the electrical responses of various cell types in the retina as measured by electroretinography.,"The electrical responses of the photoreceptors (rods and cones), inner retinal cells (bipolar and amacrine cells), and the ganglion cells can be assessed by ERG.",ERG abnormal; Abnormal electroretinography; Abnormal ERG,,,HP:0000550,否,HP:0003285,否,,,SNOMEDCT_US:274524001; UMLS:C0476397
HP:0000514,Slow saccadic eye movements,An abnormally slow velocity of the saccadic eye movements.,Saccades are rapid eye movements that align the fovea with the target.,Slow eye movements; Slow saccades; Slow visual tracking,,HP:0000570,HP:0007885,否,,否,,,SNOMEDCT_US:404686001; UMLS:C1321329
HP:0000517,Abnormal lens morphology,An abnormality of the lens.,,Lens issue; Abnormality of the lens,Lens disease,HP:0004328,HP:0000518; HP:0001083; HP:0008063; HP:0011526; HP:0012629,否,,否,,,SNOMEDCT_US:10810001; UMLS:C0023308; UMLS:C0549651
HP:0000518,Cataract,A cataract is an opacity or clouding that develops in the crystalline lens of the eye or in its capsule.,"Note that some ophthalmologists call any opacity in the lens a cataract, while others restrict the term to lens opacities that impair vision. We use the term to refer to the first meaning (any lens opacity).",Cataracts; Lens opacities; Lens opacity; Cloudy lens; Clouding of the lens of the eye,,HP:0000517,HP:0000519; HP:0000523; HP:0001118; HP:0007819; HP:0007834; HP:0010696; HP:0010920; HP:0010922; HP:0011141; HP:0100017,否,HP:0001113; HP:0007825; HP:0010700,否,,,Fyler:4865; SNOMEDCT_US:128306009; SNOMEDCT_US:193570009; SNOMEDCT_US:247053007; UMLS:C0086543; UMLS:C1510497
HP:0000519,Developmental cataract,"A cataract that occurs congenitally as the result of a developmental defect, in contrast to the majority of cataracts that occur in adulthood as the result of degenerative changes of the lens.","In general, congenital cataracts are bilateral and that is the assumption with the terms in this cataract subhierarchy.","Cataract, congenital; Bilateral congenital cataracts; Congenital cataracts; Congenital cataract; Congenital cataracts, bilateral; Clouding of the lens of the eye at birth",,HP:0000518; HP:0007700,,是,HP:0001108; HP:0007679; HP:0007692; HP:0007726; HP:0007788,否,,,SNOMEDCT_US:609587005; SNOMEDCT_US:79410001; UMLS:C0009691; UMLS:C3277059
HP:0000520,Proptosis,An eye that is protruding anterior to the plane of the face to a greater extent than is typical.,"Some sources define ""exophthalmos"" as a protrusion of the globe greater than 18 mm and ""proptosis"" as a protusion equal to or less than 18 mm. Others define ""exophthalmos"" as protusion secondary to endocrine dysfunction and ""proptosis"" as any non-endocrine-mediated protusion (Source: Wikipedia). This finding should be distinguished frm underdevelopment of the supraorbital ridge or maxilla/zygoma. In proptosis, the globe is anteriorly protuberant to the overall plane of the face.",Eyeballs bulging out; Protruding eyes; Protrusio bulbi; Exophthalmos; Prominent globes; Anterior bulging of the globe of eye; Prominent eyes; Anterior bulging of the globe; Ocular proptosis; Bulging eye,,HP:0100886,HP:0000586,否,HP:0000536; HP:0000644; HP:0000645; HP:0007711; HP:0007870,否,,,SNOMEDCT_US:18265008; UMLS:C0015300; UMLS:C1837760; UMLS:C1848490; UMLS:C1862425
HP:0000522,Alacrima,Absence of tear secretion.,Alacrima is generally a congenital deficiency.,Absent lacrimal fluids; Absence of tears in the eyes; Absent tear secretion,,HP:0000633,,是,,否,,,SNOMEDCT_US:253215004; UMLS:C0344505
HP:0000523,Subcapsular cataract,A cataract that affects the region of the lens directly beneath the capsule of the lens.,,Subcapsular cataracts; Subcapsular lenticular cataracts; Subcapsular opacities,,HP:0000518,HP:0007787; HP:0010923,否,HP:0001490; HP:0007978,否,,,SNOMEDCT_US:95723009; UMLS:C0235259
HP:0000524,Conjunctival telangiectasia,The presence of small (ca. 0.5-1.0 mm) dilated blood vessels near the surface of the mucous membranes of the conjunctiva.,,"Conjunctival telangiectases; Telangiectasia, conjunctival; Small dilated blood vessels near membrane covering front of eye and eyelids",,HP:0008054; HP:0100579,,是,,否,,,SNOMEDCT_US:231870008; UMLS:C0239105
HP:0000525,Abnormality iris morphology,"An abnormality of the iris, which is the pigmented muscular tissue between the cornea and the lens, that is perforated by an opening called the pupil.",,Abnormality of the iris,,HP:0004328; HP:0000553,HP:0000612; HP:0000615; HP:0001089; HP:0001101; HP:0007905; HP:0008034; HP:0008053; HP:0011523; HP:0011524; HP:0011525; HP:0100693,否,,否,,,UMLS:C4025845
HP:0000526,Aniridia,"Abnormality of the iris characterized by, typically bilateral, complete or partial iris hypoplasia. The phenotype ranges from mild defects of anterior iris stroma only to almost complete absence of the iris.",,Absent iris,,HP:0008053,,是,HP:0011498,否,,,SNOMEDCT_US:69278003; UMLS:C0003076
HP:0000527,Long eyelashes,Mid upper eyelash length >10 mm or increased length of the eyelashes (subjective).,"Measurement should be done on the longest lashes, which are usually at the center of the lid. Normal values are 7.99 - 1.05 mm in boys and 7.76 - 1.03 mm in girls. Note that Eyelash trichomegaly is defined as increase in length (12 mm or more), curling, pigmentation or thickness of eyelashes.",Eyelash trichomegaly; Unusually long eyelashes; Increased length of eyelashes; Long eyelashes; Ciliary trichomegaly,,HP:0000499,HP:0007740; HP:0007840,否,HP:0000500,否,,,UMLS:C1853738
HP:0000528,Anophthalmia,Absence of the globe or eyeball.,,"Ocular absence; Anophthalmia, clinical; No eyeball; Absence of eyeballs; Failure of development of eyeball; Missing globe of eye; No globe of eye; Missing eyeball; Clinical anophthalmia, unilateral/bilateral; Absence of globes of eyes",,HP:0100887; HP:0008056,HP:0011478,否,HP:0001485; HP:0007664,否,,,Fyler:4864; SNOMEDCT_US:204099004; SNOMEDCT_US:7183006; UMLS:C0003119
HP:0000529,Progressive visual loss,A reduction of previously attained ability to see.,,"Loss of visual acuity; Visual loss, progressive; Progressive visual acuity loss; Progressive visual impairment; Slowly progressive visual loss; Progressive vision loss; Vision loss, progressive; Progressive loss of vision","Decreased visual acuity, progressive",HP:0000572,HP:0007924,否,HP:0000560; HP:0007735; HP:0007753; HP:0007967,否,,,UMLS:C1839364; UMLS:C3277697
HP:0000531,Corneal crystals,,,Corneal deposits,,HP:0007759,,是,,否,,,UMLS:C1096610
HP:0000532,Abnormal chorioretinal morphology,An abnormality of the choroid and retina.,"The choroid is the vascular layer of the eye, located between the retina and the sclera.",Chorioretinal abnormality,,HP:0000610; HP:0000479,HP:0000533; HP:0000567; HP:0001135; HP:0007661; HP:0007731; HP:0007777; HP:0007858; HP:0012424,否,HP:0001145; HP:0007888,否,,,UMLS:C4025844
HP:0000533,Chorioretinal atrophy,Atrophy (wasting) of the choroid and retinal layers of the fundus.,,Chorioretinal thinning; Chorioretinal degeneration,,HP:0000532,HP:0007903; HP:0007950,否,HP:0001150; HP:0007884; HP:0007912; HP:0007918; HP:0007931; HP:0007945; HP:0200065,否,,,SNOMEDCT_US:95686007; UMLS:C4048273
HP:0000534,Abnormal eyebrow morphology,An abnormality of the eyebrow.,,Abnormality of the eyebrow,,HP:0001595,HP:0000574; HP:0000664; HP:0002226; HP:0002553; HP:0004523; HP:0007733; HP:0010730; HP:0010747; HP:0011228; HP:0011229; HP:0011230; HP:0100840,否,,否,,,UMLS:C4011556
HP:0000535,obsolete Sparse and thin eyebrow,,,,,,,是,,是,,,
HP:0000537,Epicanthus inversus,"A fold of skin starting at or just below the medial aspect of the lower lid and arching upward to cover, extend in front of and lateral to the medial canthus.",,,,HP:0000286,,是,,否,,,SNOMEDCT_US:400956000; UMLS:C1303003
HP:0000538,Pseudopapilledema,Apparent optic disc swelling in the absence of increased intracranial pressure.,Papilledema is disk edema secondary to increased intracranial pressure.,,,HP:0012795,,是,,否,,,SNOMEDCT_US:57138009; UMLS:C0155300
HP:0000539,Abnormality of refraction,An abnormality in the process of focusing of light by the eye in order to produce a sharp image on the retina.,,,,HP:0012373,HP:0000483; HP:0000540; HP:0000545; HP:0012803,否,,否,,,UMLS:C4025843
HP:0000540,Hypermetropia,"An abnormality of refraction characterized by the ability to see objects in the distance clearly, while objects nearby appear blurry.","The American Optometric Association subdivides hypermetropia into (i) low (up to +2D), moderate (2 to 5D), and high (over 5D).",Long-sightedness; Farsightedness; Hyperopia,,HP:0000539,HP:0008499,否,,否,,,SNOMEDCT_US:38101003; UMLS:C0020490
HP:0000541,Retinal detachment,Separation of the inner layers of the retina (neural retina) from the pigment epithelium.,,Detached retina; Retinal detachment,,HP:0000479,HP:0007899; HP:0007917; HP:0007929; HP:0012230; HP:0012231,否,HP:0007864; HP:0008021,否,,,SNOMEDCT_US:42059000; UMLS:C0035305
HP:0000542,Impaired ocular adduction,Reduced ability to move the eye in the direction of the nose.,Contraction of the medial rectus pulls the eye towards the nose (adduction or medial movement).,,,HP:0000496,,是,,否,,,UMLS:C1846463
HP:0000543,Optic disc pallor,A pale yellow discoloration of the optic disc (the area of the optic nerve head in the retina). The optic disc normally has a pinkish hue with a central yellowish depression.,Optic disc pallor can be judged clinically with serial color photographs or by comparison to the other eye. The pallor reflects replacement of dead axons by glial tissue. The loss of the small capillaries within the nerve accounts for the shift from orange-pink to white.,Pale optic disc,Disc pallor; Pale optic discs,HP:0012795,HP:0012511; HP:0012512,否,HP:0001148; HP:0001484,否,,,SNOMEDCT_US:302200001; UMLS:C0554970
HP:0000544,External ophthalmoplegia,Paralysis of the external ocular muscles.,,CPEO; Paralysis or weakness of muscles within or surrounding outer part of eye; Progressive paralysis or weakness of muscles of eye movement; Ophthalmoplegia externa; Progressive paralysis or weakness of muscles of eye motility; Chronic progressive external ophthalmoplegia,,HP:0000602,HP:0000590; HP:0007250; HP:0007831; HP:0007936,否,HP:0007762,否,,,SNOMEDCT_US:19373007; SNOMEDCT_US:46252003; UMLS:C0162292; UMLS:C0162674
HP:0000545,Myopia,"An abnormality of refraction characterized by the ability to see objects nearby clearly, while objects in the distance appear blurry.",,Near sightedness; Nearsightedness; Close sighted; Near sighted,,HP:0000539,HP:0011003,否,HP:0001110; HP:0007847; HP:0008012,否,,,SNOMEDCT_US:57190000; UMLS:C0027092
HP:0000546,Retinal degeneration,A nonspecific term denoting progressive loss of the retinal pigment epithelium (RPE) and/or neurosensory retinal cells.,,Retina degeneration,,HP:0000479,HP:0000608; HP:0001105; HP:0007769; HP:0008035,否,HP:0007632; HP:0007790; HP:0007863; HP:0007893,否,,,SNOMEDCT_US:95695004; UMLS:C0035304
HP:0000547,obsolete Tapetoretinal degeneration,,,Retinotapetal degeneration,,,,是,,是,,,
HP:0000548,Cone/cone-rod dystrophy,,,Cone-rod retinal dystrophy; Cone rod dystrophy,,HP:0000556,HP:0008020,否,HP:0008157,否,,,
HP:0000549,Abnormal conjugate eye movement,Any deviation from the normal motor coordination of the eyes that allows for bilateral fixation on a single object.,,Disconjugate eye movements,,HP:0000496,HP:0000486; HP:0000605; HP:0000619,否,,否,,,UMLS:C1845274
HP:0000550,Undetectable electroretinogram,Lack of any response to stimulation upon electroretinography.,,Abolished electroretinogram; Absent electroretinogram; Undetectable ERG; Extinction of electroretinogram; Extinguished electroretinogram; No light-evoked response on electroretinogram,,HP:0000512,,是,HP:0008042,否,,,UMLS:C1855685
HP:0000551,Color vision defect,An anomaly in the ability to discriminate between or recognize colors.,,Abnormality of color vision; Abnormal colour vision; Abnormality of colour vision; Disturbed color vision; Colour vision defect; Disturbed colour vision; Abnormal color vision,"Color vision defects; Color vision defect, severe; Loss in colour vision; Colour vision defects; Colour vision defect, severe; Loss in color vision",HP:0000504,HP:0007641; HP:0007803,否,,否,,,SNOMEDCT_US:23289000; SNOMEDCT_US:367469000; UMLS:C0009398; UMLS:C0234629; UMLS:C3552853
HP:0000552,Tritanomaly,"Difficulty distinguishing between yellow and blue, possible related to dysfunction of the S photopigment.",,"Dyschromatopsia, blue-yellow; Blue yellow color blindness; Blue-yellow dyschromatopsia; Blue yellow colour blindness",Blue/yellow color vision defect; Blue/yellow colour vision defect,HP:0011519,,是,,否,,,SNOMEDCT_US:51886007; SNOMEDCT_US:85049009; UMLS:C0155017; UMLS:C1970167
HP:0000553,Abnormal uvea morphology,"An abnormality of the uvea, the vascular layer of the eyeball.",,Abnormality of the uvea,,HP:0012372,HP:0000525; HP:0000554; HP:0000610; HP:0008055; HP:0012776,否,,否,,,UMLS:C4025842
HP:0000554,Uveitis,Inflammation of one or all portions of the uveal tract.,The uvea is the pigmented middle layer of the eye consisting of the iris and ciliary body together with the choroid.,,,HP:0100533; HP:0000553,HP:0007813; HP:0012121; HP:0012122; HP:0012123; HP:0012124,否,,否,,,SNOMEDCT_US:128473001; UMLS:C0042164
HP:0000555,Leukocoria,An abnormal white reflection from the pupil rather than the usual black reflection.,"The word leukocoria literally means white pupil, but leukocoria is not an abnormality of the pupil. Rather, leukocoria can be caused by cataract, retinal detachment, retinopathy of prematurity, retinal malformation, endophthalmitis, retinal vascular abnormality, and intraocular tumor (e.g., retinoblastoma).",White pupillary reflex; Leukokoria,,HP:0000615,,是,,否,,,SNOMEDCT_US:1361009; UMLS:C0152458
HP:0000556,Retinal dystrophy,Retinal dystrophy is an abnormality of the retina associated with a hereditary process. Retinal dystrophies are defined by their predominantly monogenic inheritance and they are frequently associated with loss or dysfunction of photoreceptor cells as a primary or secondary event.,,Breakdown of light-sensitive cells in back of eye,,HP:0000479,HP:0000510; HP:0000548; HP:0001135; HP:0007642; HP:0007963,否,HP:0007736; HP:0007910; HP:0007974; HP:0007982,否,,,SNOMEDCT_US:314407005; UMLS:C0854723
HP:0000557,Buphthalmos,Diffusely large eye (with megalocornea) associated with glaucoma.,Buphthalmos refers to a congenital open-angle glaucoma of the eye. The term buphthalmos (from Greek 'bous' or ox and 'ophthalmos' or eye) is descriptive of an enlarged eyeglobe resulting from increased intraocular pressure. The eyeglobe is especially prone to distension in newborns and infants because its collagen filaments are not as rigid as in adults and may easily be stretched.,Enlarged eyeball,,HP:0001087; HP:0001090,,是,,否,,,UMLS:C4551507
HP:0000558,Rieger anomaly,"A congenital malformation of the anterior segment characterized by iridicorneal malformation, glaucoma, iris stroma hypoplasia, posterior embryotoxon, and corneal opacities.",Hypoplasia (underdevelopment) of the iris as well as iris strands to the peripheral cornea.,,,HP:0007676,,是,,否,,,SNOMEDCT_US:47507006; UMLS:C0265341
HP:0000559,Corneal scarring,,,,,HP:0100699; HP:0007957,,是,,否,,,SNOMEDCT_US:95726001; UMLS:C0349702
HP:0000561,Absent eyelashes,Lack of eyelashes.,"Often this finding is congenital and associated with alopecia universalis, but this should be coded separately.",Atrichia of eyelashes; Failure of development of eyelashes; Absent eyelashes,,HP:0002550; HP:0200102,HP:0007646; HP:0007708,否,HP:0002288; HP:0004516; HP:0004539; HP:0007926,否,,,UMLS:C1843005; UMLS:C4280626; UMLS:C4280627
HP:0000563,Keratoconus,A cone-shaped deformity of the cornea characterized by the presence of corneal distortion secondary to thinning of the apex.,Keratoconus is an entity characterid by several phenotypic findings such as corneal distortion (secondary to thinning of the apex) and either Fleischer's ring or Vogt's striae. This HPO term intends to denote the finding of corneal distortion and bulge.,Bulging cornea; Conical cornea,,HP:0100689; HP:0100692,,是,,否,,,SNOMEDCT_US:65636009; UMLS:C0022578
HP:0000564,Lacrimal duct atresia,A developmental disorder of the lacrimal drainage system that most often affects the lacrimal ostium and resulting in non-opening of the nasolacrimal duct. It usually results from a non-canalization of the nasolacrimal duct.,,Imperforate nasolacrimal ducts; Nasolacrimal duct atresia; Unopened tear duct,,HP:0011481,,是,HP:0007729,否,,,SNOMEDCT_US:278530008; UMLS:C0344511
HP:0000565,Esotropia,"A form of strabismus with one or both eyes turned inward ('crossed') to a relatively severe degree, usually defined as 10 diopters or more.",Esotropia is analogous to but more severe than esophoria. Affected children are more likely to have amblyopia or require corrective eye muscle surgery than children with esophoria.,Inward turning cross eyed,,,HP:0001137,否,,否,,,SNOMEDCT_US:16596007; UMLS:C0014877
HP:0000567,Chorioretinal coloboma,"Absence of a region of the retina, retinal pigment epithelium, and choroid.",,Birth defect that causes a hole in the innermost layer at the back of the eye; Choroidoretinal coloboma,Choroidal coloboma; Coloboma of choroid; Choroid coloboma,HP:0000589; HP:0000532,,是,HP:0000611; HP:0007718; HP:0007784; HP:0007956,否,,,SNOMEDCT_US:39302008; UMLS:C0240896
HP:0000568,Microphthalmia,A developmental anomaly characterized by abnormal smallness of one or both eyes.,,Abnormally small eyeball; Abnormally small globe of eye; Microphthalmos,Nanophthalmos,HP:0100887; HP:0008056,HP:0007633; HP:0011480,否,HP:0007996,否,,,Fyler:4877; SNOMEDCT_US:204108000; SNOMEDCT_US:61142002; UMLS:C0026010; UMLS:C4280625; UMLS:C4280808
HP:0000570,Abnormal saccadic eye movements,An abnormality of eye movement characterized by impairment of fast (saccadic) eye movements.,"Fast (saccadic) eye movements comprise voluntary or involuntary refixation movements, the fast phase of vestibular nystagmus, optokinetic nystagmus, and microsaccades.",Abnormality of saccadic eye movements,Impaired saccades,HP:0000496,HP:0000514; HP:0000571; HP:0000641; HP:0007338,否,HP:0000604,否,,,UMLS:C1842584; UMLS:C4025841
HP:0000571,Hypometric saccades,"Saccadic undershoot, i.e., a saccadic eye movement that has less than the magnitude that would be required to gain fixation of the object.",,,,HP:0000570,HP:0007975,否,,否,,,SNOMEDCT_US:246768008; UMLS:C0423082
HP:0000572,Visual loss,Loss of visual acuity (implying that vision was better at a certain time point in life). Otherwise the term reduced visual acuity should be used (or a subclass of that).,,Vision loss; Visual loss; Loss of vision,,HP:0000505,HP:0000529; HP:0200068,否,,否,,,SNOMEDCT_US:7973008; UMLS:C3665386
HP:0000573,Retinal hemorrhage,Bleeding located within the retina. Retinal hemorrhages range from the smallest dot and blot hemorrhage to massive sub-hyaloid hemorrhage.,The type of retinal hemorrhage and its clinical appearance depends on its location within the retina.,Retinal haemorrhages; Retinal hemorrhages; Retinal bleeding; Retinal haemorrhage,,HP:0011885; HP:0000479,,是,,否,,,SNOMEDCT_US:28998008; UMLS:C0035317
HP:0000574,Thick eyebrow,Increased density/number and/or increased diameter of eyebrow hairs.,"Thickness can be regional (medial, middle/central, lateral) or total.",Thick eyebrows; Bushy eyebrows; Dense eyebrow; Heavy eyebrows; Thick eyebrow; Prominent eyebrows; Hypertrichosis of the eyebrow,Hypertrichosis of the eyebrows,HP:0000534,,是,HP:0004546,否,,,UMLS:C1853487
HP:0000575,Scotoma,A regional and pathological increase of the light detection threshold in any region of the visual field surrounded by a field of normal or relatively well-preserved vision.,,,,HP:0001123,HP:0000576; HP:0000603; HP:0007761; HP:0010822,否,,否,,,SNOMEDCT_US:23388006; SNOMEDCT_US:81016008; UMLS:C0036454; UMLS:C0344233
HP:0000576,Centrocecal scotoma,A scotoma (area of diminished vision within the visual field) located between the central point of fixation and the blind spot with a roughly horizontal oval shape.,,,,HP:0000575,,是,,否,,,SNOMEDCT_US:33014001; UMLS:C0271196
HP:0000577,Exotropia,A form of strabismus with one or both eyes deviated outward.,,Outward facing eye ball,,,,是,HP:0008033,否,,,SNOMEDCT_US:399054005; SNOMEDCT_US:399252000; UMLS:C0015310
HP:0000579,Nasolacrimal duct obstruction,Blockage of the lacrimal duct.,,Lacrimal duct obstruction; Blocked tear duct,,HP:0011481,HP:0007678,否,,否,,,SNOMEDCT_US:231841004; SNOMEDCT_US:246865000; SNOMEDCT_US:314022009; SNOMEDCT_US:416920000; UMLS:C0022906; UMLS:C1281931
HP:0000580,Pigmentary retinopathy,An abnormality of the retina characterized by pigment deposition. It is typically associated with migration and proliferation of macrophages or retinal pigment epithelial cells into the retina; melanin from these cells causes the pigmentary changes. Pigmentary retinopathy is a common final pathway of many retinal conditions and is often associated with visual loss.,,Retinal pigmentary degeneration; Retinal pigment clumping; Retinal pigmentary clumping; Pigmentary retinal deposits,,HP:0007703,HP:0007737,否,HP:0001146; HP:0007702; HP:0007821; HP:0007852; HP:0007869; HP:0007934; HP:0007961; HP:0008010,否,,,SNOMEDCT_US:28835009; UMLS:C0035334
HP:0000581,Blepharophimosis,A fixed reduction in the vertical distance between the upper and lower eyelids with short palpebral fissures.,"When the palpebral fissures are severely shortened, they cannot be widely separated, actively or passively. Blepharophimosis is an acknowledged bundled term (short vertical and horizontal distance). When palpebral fissures are severely shortened, they cannot be widely separated, actively or passively. Ptosis is the term to be used when the reduction in eyelid opening is not fixed but can be increased actively or passively. Blepharophimosis is often associated with Epicanthus inversus.",Decreased width of palpebral fissure; Narrow opening between the eyelids,,HP:0200007,HP:0000661; HP:0007946,否,HP:0000507; HP:0000513,否,,,UMLS:C0005744
HP:0000582,Upslanted palpebral fissure,"The palpebral fissure inclination is more than two standard deviations above the mean for age (objective); or, the inclination of the palpebral fissure is greater than typical for age.",,Upward slanting palpebral fissures; Upward slanting of palpebral fissures; Upslanting palpebral fissures; Upward slanted palpebral fissures; Upward slanting of the opening between the eyelids; Mongoloid slant,Upslanted palpebral fissures,HP:0200006,,是,,否,,,SNOMEDCT_US:246799009; UMLS:C0423109
HP:0000584,Punctate corneal epithelial erosions,,,,,HP:0200020,,是,,否,,,UMLS:C1832170
HP:0000585,Band keratopathy,"An abnormality of the cornea characterized by the deposition of calcium in a band across the central cornea, leading to decreased vision, foreign body sensation, and ocular irritation.",,Calcific band keratopathy,,HP:0011493,,是,,否,,,SNOMEDCT_US:35055000; UMLS:C0155120
HP:0000586,Shallow orbits,Reduced depth of the orbits associated with prominent-appearing ocular globes.,,Decreased depth of orbits; Shallow eye sockets; Small shallow orbits; Decreased depth of eye sockets,,HP:0000520; HP:3000030,,是,HP:0002706,否,,,UMLS:C1865244
HP:0000587,Abnormal optic nerve morphology,Abnormality of the optic nerve.,"The optic nerve, which is also known as cranial nerve II, transmits visual information from the retina to the brain. The term 'optic disc' is frequently used to describe the portion of the optic nerve clinically visible on fundoscopic examination.",Abnormality of the optic nerve; Optic nerve issue; optic nerve abnormalities,,HP:0001098,HP:0001093; HP:0001112; HP:0001138; HP:0007807; HP:0008058; HP:0012795; HP:0100653; HP:0200057,否,,否,,,UMLS:C0029131
HP:0000588,Optic disc coloboma,A cleft of the optic nerve that extends inferiorly.,"A congenital, unilateral or bilateral congenital condition caused by incomplete closure of the embryonic fissure.",Optic nerve coloboma; Optic disc coloboma; Coloboma of optic nerve,,HP:0012795; HP:0000589,,是,HP:0007997,否,,,SNOMEDCT_US:17541006; SNOMEDCT_US:44295002; UMLS:C0155299
HP:0000589,Coloboma,A developmental defect characterized by a cleft of some portion of the eye or ocular adnexa.,,Ocular colobomas; Ocular coloboma; Notched pupil,,HP:0012372,HP:0000480; HP:0000567; HP:0000588; HP:0000612; HP:0100719,否,HP:0007767; HP:0007995,否,,,Fyler:4311; SNOMEDCT_US:92828000; SNOMEDCT_US:93390002; UMLS:C0009363
HP:0000590,Progressive external ophthalmoplegia,Initial bilateral ptosis followed by limitation of eye movements in all directions and slowing of saccades.,"Progressive external ophthalmoplegia (PEO) can be regarded as a diagnosis, or as a feature of several other syndromes. The latter is the meaning of this term.","External ophthalmoplegia, progressive",,HP:0000544,,是,HP:0000562,否,,,SNOMEDCT_US:46252003; UMLS:C0162674
HP:0000591,Abnormal sclera morphology,An abnormality of the sclera.,,Abnormality of the sclera,,HP:0012372,HP:0000592; HP:0001140; HP:0007832; HP:0100011; HP:0100532; HP:0100534,否,,否,,,UMLS:C4025840
HP:0000592,Blue sclerae,An abnormal bluish coloration of the sclera.,,Grey sclerae; Bluish sclerae; Whites of eyes are a bluish-gray colour; Blue sclera; Whites of eyes are a bluish-gray color; Gray sclerae,,HP:0000591,,是,,否,,,SNOMEDCT_US:204164000; UMLS:C0542514
HP:0000593,Abnormal anterior chamber morphology,"Abnormality of the anterior chamber, which is the space in the eye that is behind the cornea and in front of the iris.",,Anterior chamber anomalies; Abnormality of the anterior chamber; Ocular anterior chamber abnormality,,HP:0004328,HP:0000594; HP:0007765; HP:0007833; HP:0008037; HP:0011485; HP:0012630,否,,否,,,SNOMEDCT_US:204142009; UMLS:C3152182
HP:0000594,Shallow anterior chamber,"Reduced depth of the anterior chamber, i.e., the anteroposterior distance between the cornea and the iris is decreased.",,,,HP:0000593,,是,HP:0007756,否,,,SNOMEDCT_US:246986004; UMLS:C0423276
HP:0000597,Ophthalmoparesis,Ophthalmoplegia is a paralysis or weakness of one or more of the muscles that control eye movement.,,Extraocular muscle palsy; Extraocular muscle paralysis; Weakness of muscles controlling eye movement; Weakness of extraocular eye movement,,HP:0000496,HP:0000602; HP:0007715; HP:0008507; HP:0012246; HP:0012470,否,HP:0007701; HP:0008044,否,,,UMLS:C0751401
HP:0000598,Abnormality of the ear,An abnormality of the ear.,Either a morphological abnormality or hearing deficit. This should be split more cleanly in the future.,Ear anomaly; Abnormality of the ear,,HP:0000118,,是,,否,,,SNOMEDCT_US:275259005; UMLS:C0266589
HP:0000599,Abnormality of the frontal hairline,"An anomaly in the placement or shape of the hairline (trichion) on the forehead, that is, the border between skin on the forehead that has head hair and that does not.",,Abnormality of hairline at front of head; Abnormality of the frontal hairline,,HP:0000290; HP:0009553,HP:0000294; HP:0004768; HP:0005325; HP:0009890,否,,否,,2008-02-27T05:34:00Z,UMLS:C4025839
HP:0000600,Abnormality of the pharynx,"An anomaly of the pharynx, i.e., of the tubular structure extending from the base of the skull superiorly to the esophageal inlet inferiorly.","The pharynx is tubular structure extending from base of skull superiorly to esophageal inlet inferiorly, and is composed of three distinct areas: the nasopharynx, the oropharynx, and the hypopharynx, with the pharyngeal walls being composed of the superior, middle, and inferior pharyngeal constrictor muscles. It is part of the digestive system and of the conducting zone of the respiratory system.",,,HP:0002087,HP:0006783,否,,否,,,UMLS:C4025838
HP:0000601,Hypotelorism,"Interpupillary distance less than 2 SD below the mean (alternatively, the appearance of an decreased interpupillary distance or closely spaced eyes).",,Decreased distance between eye sockets; Decreased orbital separation; Closely spaced eyes; Decreased distance between eyes; Abnormally close eyes; Decreased interpupillary distance; Ocular hypotelorism,,HP:0100886,,是,HP:0007877,否,,,SNOMEDCT_US:44593008; UMLS:C0424711
HP:0000602,Ophthalmoplegia,Paralysis of one or more extraocular muscles that are responsible for eye movements.,,Eye muscle paralysis; Paralysis of extraocular eye movement,,HP:0000597,HP:0000544; HP:0000623; HP:0007650; HP:0007824; HP:0007942,否,,否,,,SNOMEDCT_US:16110005; UMLS:C0029089
HP:0000603,Central scotoma,An area of depressed vision located at the point of fixation and that interferes with central vision.,,Central scotomata; Central blind spot,,HP:0000575,,是,,否,,,SNOMEDCT_US:38950008; UMLS:C0152191; UMLS:C4280624
HP:0000605,Supranuclear gaze palsy,"A supranuclear gaze palsy is an inability to look in a particular direction as a result of cerebral impairment. There is a loss of the voluntary aspect of eye movements, but, as the brainstem is still intact, all the reflex conjugate eye movements are normal.",,Supranuclear gaze paralysis,,HP:0000549,HP:0000511; HP:0007817,否,,否,,,SNOMEDCT_US:420675003; UMLS:C1720037
HP:0000606,Abnormality of the periorbital region,An abnormality of the region situated around the orbit of the eye.,,,,HP:0000271,HP:0000607; HP:0000629; HP:0001106; HP:0011232; HP:0011336; HP:0100538; HP:0100539; HP:0100876,否,,否,,,UMLS:C4025837
HP:0000607,Periorbital wrinkles,,,Periorbital rhytids; Wrinkles around the eyes; Periorbital wrinkling; Excess periorbital skin wrinkling,,HP:0000606; HP:0100678,,是,,否,,,UMLS:C1844605
HP:0000608,Macular degeneration,A nonspecific term denoting degeneration of the retinal pigment epithelium and/or retinal photoreceptor cells of the macula lutea.,,,,HP:0001103; HP:0000546,HP:0007401; HP:0008028,否,HP:0007694; HP:0007868,否,,,
HP:0000609,Optic nerve hypoplasia,Underdevelopment of the optic nerve.,Double ring sign of optic nerve head is a characteristic fundus finding in cases with optic nerve head hypoplasia.,Underdeveloped optic nerves; Hypoplastic optic nerves,Double ring sign,HP:0002977; HP:0008058,HP:0100842,否,HP:0007273,否,,,SNOMEDCT_US:95499004; UMLS:C0338502
HP:0000610,Abnormal choroid morphology,Any structural abnormality of the choroid.,,Abnormality of the choroid,Choroid disease,HP:0001098; HP:0000553,HP:0000532; HP:0001139,否,HP:0001122; HP:0007757,否,,,UMLS:C0008521; UMLS:C4025836
HP:0000611,obsolete Choroid coloboma,,,,,,,是,,是,,,
HP:0000612,Iris coloboma,A coloboma of the iris.,,Cat eye; Coloboma of iris; Keyhole iris; Coloboma of the iris,,HP:0000589; HP:0000525,,是,HP:0007744; HP:0007748,否,,,UMLS:C0240063
HP:0000613,Photophobia,Excessive sensitivity to light with the sensation of discomfort or pain in the eyes due to exposure to bright light.,Note that the term photodysphoria is used to describe extreme photophobia.,Light hypersensitivity; Photodysphoria; Extreme sensitivity of the eyes to light,,HP:0000504,,是,,否,,,SNOMEDCT_US:246622003; SNOMEDCT_US:409668002; UMLS:C0085636; UMLS:C4020887
HP:0000614,Abnormal nasolacrimal system morphology,"An abnormality of the nasolacrimal drainage system, which serves as a conduit for tear flow from the external eye to the nasal cavity.","The nasolacrimal system consists of the puncta, canaliculi, lacrimal sac, and nasolacrimal duct.",Abnormality of the nasolacrimal system,,,HP:0000620; HP:0011479; HP:0011481; HP:0011482; HP:3000066,否,,否,,,UMLS:C4025835
HP:0000615,Abnormal pupil morphology,An abnormality of the pupil.,,Pupillary abnormalities; Abnormality of the pupil; Abnormal pupillary morphology; Pupillary abnormality,,HP:0000525,HP:0000555; HP:0009916; HP:0009917; HP:0009918; HP:0011500,否,HP:0008018; HP:0030960,否,,,SNOMEDCT_US:274093008; UMLS:C0154936
HP:0000616,Miosis,Abnormal (non-physiological) constriction of the pupil.,,Pupillary constriction; Constricted pupils,,HP:0007686,HP:0002277; HP:0007728,否,,否,,,SNOMEDCT_US:63251006; UMLS:C0026205
HP:0000617,Abnormality of ocular smooth pursuit,An abnormality of eye movement characterized by impaired smooth-pursuit eye movements.,"Tracking eye movements consist of two different components, namely, smooth pursuit and saccades. Smooth pursuit, or just pursuit, is a class of rather slow eye movements that minimizes retinal target motion. Saccades are rapid eye movements that align the fovea with the target. Slow-pursuit eye movements are involved in tracking a slowly moving target after the saccadic system has placed the image of the target on the fovea.",Irregular visual pursuit movements; Impaired smooth pursuit ocular movements; Abnormal smooth pursuits; Disrupted ocular pursuit movements,,HP:0000496,HP:0001152; HP:0007668; HP:0007772; HP:0008003,否,HP:0007671; HP:0008006,否,,,UMLS:C1836393
HP:0000618,Blindness,"Blindness is the condition of lacking visual perception defined as a profound reduction in visual perception. On the 6m visual acuity scale, blindness is defined as less than 3/60. On the 20ft visual acuity scale, blindness is defined as less than 20/400. On the decimal visual acuity scale, blindness is defined as less than 0.05. Blindness is typically characterized by a visual field of no greater than 10 degrees in radius around central fixation.",Various scales have been developed to describe the extent of vision loss and define blindness. Total blindness is the complete lack of form and visual light perception and is clinically recorded as NLP (no light perception). Blindness is frequently used to describe severe visual impairment with residual vision. Those described as having only light perception have no more sight than the ability to tell light from dark and the general direction of a light source.,Blindness; Total vision loss,Legal blindness,HP:0007663,HP:0007875,否,HP:0007839,否,,,Fyler:4866; SNOMEDCT_US:65956007; UMLS:C0271215; UMLS:C0456909
HP:0000619,Impaired convergence,Reduced ability to turn the eyes inward in order to focus on a nearby object.,Vergence alters the angle between the two eyes to adjust for changes in distance from the visual target.,Convergence insufficiency,,HP:0000549,,是,,否,,,SNOMEDCT_US:194131002; UMLS:C0271379
HP:0000620,Dacryocystitis,Inflammation of the nasolacrimal sac.,"Dacrocystitis is frequently caused by nasolacrimal duct obstruction or infection, which often results from stagnation of tears in a pathologically closed lacrimal drainage system. Note also that dacryocystistis has often been misspelled as dacrocystitis in the literature, but the correct spelling is dacryocystitis.",Dacrocystitis; Infection of the lacrimal sac,,HP:0000614,,是,,否,,,SNOMEDCT_US:85777005; UMLS:C0010930
HP:0000621,Entropion,An abnormal inversion (turning inward) of the eyelid (usually the lower) towards the globe. Entropion is usually acquired as a result of involutional or cicatricial processes but may occasionally be congenital.,The inward turned eyelid margin increases the potential for mechanical irritation of the eye by eyelashes. Entropion is to be distinguished from epiblepharon.,Eyelid turned in,Inverted eyelid,HP:0000492,,是,,否,,,SNOMEDCT_US:33168009; UMLS:C0014390
HP:0000622,Blurred vision,Lack of sharpness of vision resulting in the inability to see fine detail.,This is a very nonspecific term and it is preferable to describe the correlates of blurred vision with the corresponding terms if possible.,Blurred vision,,HP:0000504,HP:0001125,否,HP:0007723,否,,,SNOMEDCT_US:111516008; SNOMEDCT_US:246636008; UMLS:C0344232
HP:0000623,Supranuclear ophthalmoplegia,A vertical gaze palsy with inability to direct the gaze of the eyes downwards.,,,,HP:0000602,,是,,否,,,UMLS:C1408507
HP:0000625,Eyelid coloboma,A short discontinuity of the margin of the lower or upper eyelid.,"The lateral segment of the lower eyelid is most commonly involved. As the milder forms of this finding are clearly subjective and no boundary of subjective and objective is defined, the term is considered subjective. The term eyelid coloboma has been replaced because the word coloboma should be used only for defects at the site of fusion of embryologic structures, which is not the case here. Modifiers to designate the location of the cleft may be added, such as lower and lateral.",Full thickness defect of the eyelid; Cleft eyelid; Notched eyelid,,HP:0011226,HP:0000636; HP:0000652,否,,否,,,SNOMEDCT_US:95202004; UMLS:C0521573
HP:0000627,Posterior embryotoxon,A posterior embryotoxon is the presence of a prominent and anteriorly displaced line of Schwalbe.,"Schwalbe's line is the anatomical line found on the interior surface of the cornea, and delineates the outer limit of the corneal endothelium layer. Specifically, it represents the termination of Descemet's membrane. Up to 30% of the population has posterior embryotoxon as an isolated normal variant.",Embryotoxon,,HP:0008048,,是,HP:0100740,否,,,SNOMEDCT_US:253228006; SNOMEDCT_US:392437005; UMLS:C0344531; UMLS:C0546967
HP:0000629,Periorbital fullness,Increase in periorbital soft tissue.,,Puffiness around eye; Periorbital puffiness; Puffy eyes; Swelling around the eyes; Periorbital swelling,,HP:0000606,,是,,否,,,UMLS:C1858036
HP:0000630,Abnormal retinal arterial/arteriolar morphology,Any deviation from the normal structure of the retinal artery or arterioles.,,Abnormal retinal artery morphology; Abnormality of retinal arteries; Retinal arterial abnormality; Abnormal retinal arteriole morphology; Retinal arteriolar abnormality,,HP:0008046; HP:3000036; HP:0011004,HP:0000631; HP:0001136; HP:0007985; HP:0008030; HP:0008043; HP:0010729,否,,否,,,UMLS:C4021802
HP:0000631,Retinal arterial tortuosity,The presence of an increased number of twists and turns of the retinal artery.,"Normal retinal blood vessels are straight or gently curved. In some diseases, the blood vessels become tortuous, i.e. they become dilated and take on a serpentine path. The dilation is caused by radial stretching of the blood vessel and the serpentine path occurs because of longitudinal stretching. The tortuosity may be focal, occurring only in a small region of retinal blood vessels, or it may involve the entire retinal vascular tree.",Retinal artery tortuousity,,HP:0012841; HP:0000630; HP:0005116,HP:0007768,否,,否,,,SNOMEDCT_US:247123003; UMLS:C0423401
HP:0000632,Lacrimation abnormality,Abnormality of tear production.,,Abnormality of tear production,,HP:0012373,HP:0000633; HP:0009926; HP:0100274,否,HP:0000521,否,,,UMLS:C4021801
HP:0000633,Decreased lacrimation,"Abnormally decreased lacrimation, that is, reduced tear production.","As part of the lacrimal apparatus, the lacrimal gland participates in the maintenance of a healthy eye surface by producing the aqueous part of the tear film. Alacrimia and hypolacrimia, which are relatively rare during childhood or young adulthood, have their origin in a number of mechanisms which include agenesia, aplasia, hypoplasia, or incorrect maturation of the gland.",Decreased tear secretion; Hypolacrimia,,HP:0000632,HP:0000522,否,,否,,,UMLS:C0235857
HP:0000634,Impaired ocular abduction,An impaired ability of the eye to move in the outward direction (towards the side of the head).,,,,HP:0011347,,是,,否,,,UMLS:C1846462
HP:0000635,Blue irides,A markedly blue coloration of the iris.,,Blue eyes,,HP:0008034,,是,,否,,,SNOMEDCT_US:301952009; UMLS:C0578626
HP:0000636,Upper eyelid coloboma,A short discontinuity of the margin of the upper eyelid.,,Cleft upper eyelid; Upper eyelid colobomas; Coloboma of the upper eyelid; Full thickness defect of the upper eyelid; Notched upper eyelid,,HP:0000625,,是,,否,,,UMLS:C1863872
HP:0000637,Long palpebral fissure,"Distance between medial and lateral canthi is more than two standard deviations above the mean for age (objective); or, apparently increased length of the palpebral fissures.",,Long opening between the eyelids; Wide opening between the eyelids; Wide palpebral fissure; Long palpebral fissures; Broad palpebral fissure; Wide palpebral fissures; Broad opening between the eyelids,,HP:0200007,,是,HP:0007904,否,,,UMLS:C1849340
HP:0000639,Nystagmus,"Rhythmic, involuntary oscillations of one or both eyes related to abnormality in fixation, conjugate gaze, or vestibular mechanisms.",,"Involuntary, rapid, rhythmic eye movements",,HP:0012547,HP:0000640; HP:0000666; HP:0001361; HP:0001583; HP:0006934; HP:0010542; HP:0010544; HP:0012043,否,,否,,,SNOMEDCT_US:563001; UMLS:C0028738
HP:0000640,Gaze-evoked nystagmus,Nystagmus made apparent by looking to the right or to the left.,,,,HP:0000639,HP:0007979,否,,否,,,SNOMEDCT_US:29356006; UMLS:C0271390
HP:0000641,Dysmetric saccades,"The controller signal for saccadic eye movements has two components: the pulse that moves the eye rapidly from one point to the next, and the step that holds the eye in the new position. When both the pulse and the step are not the correct size, a dysmetric refixation eye movement results.",,Uncoordinated eye movement; Dysmetric eye saccades; Dysmetric eye movements,,HP:0000570,,是,,否,,,UMLS:C1836392
HP:0000642,Red-green dyschromatopsia,Difficulty with discriminating red and green hues.,,Red green color blindness; Dyschromatopsia with red-green confusion; Red green colour blindness,Red/green color vision defect; Red/green colour vision defect,HP:0007641,HP:0011520; HP:0011521; HP:0011522; HP:0200018,否,HP:0007960,否,,,SNOMEDCT_US:246674000; SNOMEDCT_US:77479002; UMLS:C0155016; UMLS:C1970168
HP:0000643,Blepharospasm,"A focal dystonia that affects the muscles of the eyelids and brow, associated with involuntary recurrent spasm of both eyelids.",,Eyelid twitching; Eyelid spasm; Spontaneous closure of eyelid; Involuntary closure of eyelid,,HP:0012179,,是,HP:0007907,否,,,SNOMEDCT_US:59026006; UMLS:C0005747
HP:0000646,Amblyopia,Reduced visual acuity that is uncorrectable by lenses in the absence of detectable anatomic defects in the eye or visual pathways.,"Ambylopia can result from visual deprivation during the critical period of development of visual abilities which lasts to about the age of 8 years. Thus, ambylopia can result from strabismus, anisometropia, or high hypermetropia in there is a failure to form a focused image in one or both eyes.",Wandering eye; Wandering eyes; Lazy eye,,HP:0007663,,是,,否,,,SNOMEDCT_US:387742006; UMLS:C0002418
HP:0000647,Sclerocornea,"A congenital anomaly in which a part or the whole of the cornea acquires the characteristics of sclera, resulting in clouding of the cornea.",,Hardening of skin and connective tissue,,HP:0007957,,是,,否,,,UMLS:C1853235
HP:0000648,Optic atrophy,Atrophy of the optic nerve. Optic atrophy results from the death of the retinal ganglion cell axons that comprise the optic nerve and manifesting as a pale optic nerve on fundoscopy.,"The diagnosis of optic atrophy is made when the optic disc loses its normal orange-pink color. Optic atrophy is an end stage that arises from myriad causes of optic nerve damage anywhere along the path from the retina to the lateral geniculate. Some of the most common etiologies are advanced glaucoma, optic neuritis, arteritic or non-arteritic ischemic optic neuropathy or a compressive lesion.",Optic nerve atrophy; Optic-nerve degeneration,,HP:0012795,HP:0007958,否,HP:0007751; HP:0007855,否,,,SNOMEDCT_US:76976005; UMLS:C0029124
HP:0000649,Abnormality of visual evoked potentials,"An anomaly of visually evoked potentials (VEP), which are electrical potentials, initiated by brief visual stimuli, which are recorded from the scalp overlying the visual cortex.","The terms visually evoked potential (VEP), visually evoked response (VER) and visually evoked cortical potential (VECP) are equivalent.",VEP abnormalities; Abnormal vision evoked potentials; Abnormal visual-evoked potentials; Abnormal visual evoked potential; Abnormal visual evoked responses,,,HP:0007928; HP:0007965,否,,否,,,SNOMEDCT_US:102968003; UMLS:C0522214
HP:0000650,Abnormal amplitude of pattern reversal visual evoked potentials,,,,,HP:0100289,,是,,否,,,UMLS:C4025834
HP:0000651,Diplopia,"Diplopia is a condition in which a single object is perceived as two images, it is also known as double vision.",,Double vision,,HP:0011514,,是,,否,,,SNOMEDCT_US:24982008; UMLS:C0012569
HP:0000652,Lower eyelid coloboma,A short discontinuity of the margin of the lower eyelid.,,Full thickness defect of the lower eyelid; Lower lid coloboma; Cleft lower eyelid; Notched lower eyelid; Coloboma of lower eyelid,,HP:0000625,,是,HP:0007909,否,,,UMLS:C1837826
HP:0000653,Sparse eyelashes,Decreased density/number of eyelashes.,,Scant eyelashes; Hypotrichosis of eyelashes; Partial absence of eyelashes; Thin eyelashes; Scanty eyelashes; Sparse eyelashes,,HP:0200102; HP:0008070,HP:0007776,否,HP:0002284; HP:0004519; HP:0004531; HP:0004555; HP:0004777; HP:0007853,否,,,UMLS:C1843300
HP:0000654,Decreased light- and dark-adapted electroretinogram amplitude,Decreased amplitude of eletrical response upon electroretinography.,,Flattened or absent electroretinogram; Decreased electroretinogram amplitude; Decreased electroretinogram response; Decreased amplitudes on flash visual electroretinogram; Decreased ERG amplitude; Reduced ERG; Reduced electroretinogram; Decreased electroretinogram; Reduced or abolished electroretinogram,,HP:0008323,,是,HP:0007636; HP:0007689; HP:0007845,否,,,UMLS:C1839025
HP:0000655,obsolete Vitreoretinal degeneration,,,,,,,是,,是,,,
HP:0000656,Ectropion,An outward turning (eversion) or rotation of the eyelid margin.,Ectropion is frequently associated wit overexposure of the palpebral and scleral conjunctiva and cornea. It usually involves the lower eyelid.,Eyelid turned out,Everted eyelid,HP:0000492,HP:0007651; HP:0007655,否,,否,,,SNOMEDCT_US:127559009; SNOMEDCT_US:62909004; UMLS:C0013592
HP:0000657,Oculomotor apraxia,"Ocular motor apraxia is a deficiency in voluntary, horizontal, lateral, fast eye movements (saccades) with retention of slow pursuit movements. The inability to follow objects visually is often compensated by head movements. There may be decreased smooth pursuit, and cancelation of the vestibulo-ocular reflex.","Oculomotor apraxia leads defective or absent horizontal voluntary eye movements with head thrusting to look at objects to the side as well as jerky, abnormal eye movements.",Ocular motor apraxia,Defective or absent horizontal voluntary eye movements,HP:0002186; HP:0000496,,是,HP:0000628; HP:0007764,否,,,SNOMEDCT_US:193662007; UMLS:C3489733; UMLS:C4020886
HP:0000658,Eyelid apraxia,,,Difficulty opening the eyelids,,HP:0002186,,是,,否,,,SNOMEDCT_US:423142006; UMLS:C1142448
HP:0000659,Peters anomaly,"A form of anterior segment dysgenesis in which abnormal cleavage of the anterior chamber occurs. Peters anomaly is characterized by central, paracentral, or complete corneal opacity.",,,,HP:0007700,,是,,否,,,SNOMEDCT_US:204153003; UMLS:C0344559
HP:0000660,Lipemia retinalis,"A creamy appearance of the retinal blood vessels that occurs when the concentration of lipids in the blood is extremely increased, with pale pink to milky white retinal vessels and altered pale reflexes from choroidal vasculature.","Lipemia retinalis is thought to be directly correlated with the serum triglyceride level; typically, the retinal findings do not occur until the triglyceride level reaches 2500 mg per deciliter (28.2 mmol per liter).",,,HP:0008046,,是,,否,,,SNOMEDCT_US:95692001; UMLS:C0339477
HP:0000661,Palpebral fissure narrowing on adduction,,,,,HP:0000581,,是,,否,,,UMLS:C1846465
HP:0000662,Nyctalopia,Inability to see well at night or in poor light.,,Night-blindness; Poor night vision; Night blindness,Difficulties with night vision,HP:0000504,HP:0007642; HP:0007675; HP:0007830,否,HP:0007653; HP:0007725; HP:0007865; HP:0007895,否,,,SNOMEDCT_US:65194006; UMLS:C0028077; UMLS:C4020885
HP:0000664,Synophrys,Meeting of the medial eyebrows in the midline.,,Unibrow; Monobrow; Synophris,,HP:0000534; HP:0002219,,是,HP:0002210,否,,,SNOMEDCT_US:253207002; UMLS:C0431447
HP:0000666,Horizontal nystagmus,Nystagmus consisting of horizontal to-and-fro eye movements.,,"Nystagmus, horizontal",,HP:0000639,HP:0007286; HP:0007747; HP:0007811; HP:0007859; HP:0007979; HP:0008026,否,,否,,,SNOMEDCT_US:81756001; UMLS:C0271385
HP:0000667,Phthisis bulbi,Atrophy of the eyeball with blindness and decreased intraocular pressure due to end-stage intraocular disease.,Phthisis bulbi refers to atrophy and degeneration of a blind eye.,,,HP:0012372,,是,,否,,,SNOMEDCT_US:4229009; UMLS:C0271007
HP:0000668,Hypodontia,The absence of five or less teeth from the normal series by a failure to develop.,"Hypodontia needs to be confirmed by X-rays. The terms hypodontia and oligodontia have been used interchangeably in literature but these define two different clinical entities. Hypodontia has been used to define exclusively the absence of permanent teeth and excluding third molars, but the absence of any deciduous and permanent teeth, including third molars, should be called hypodontia as well.",Failure of development of between one and six teeth,Missing between one and six teeth,HP:0009804,,是,,否,,,SNOMEDCT_US:64969001; UMLS:C0020608
HP:0000670,Carious teeth,Caries is a multifactorial bacterial infection affecting the structure of the tooth. This term has been used to describe the presence of more than expected dental caries.,It should be noted that it is not always possible to rule out environmental influences and that reports of association between hereditary diseases and susceptibility to dental caries should be regarded with caution.,Frequent caries; Dental caries; Early dental caries; Caries; Cariosity of teeth; Tooth cavities; Tooth decay; Dental cavities,Dental decay; Rotting teeth,HP:0011061,,是,HP:0006295; HP:0006306,否,,,SNOMEDCT_US:80967001; UMLS:C0011334; UMLS:C4280623
HP:0000674,Anodontia,The absence of all teeth from the normal series by a failure to develop.,"Anodontia can affect both primary and permanent teeth. Alternatively, there can be anodontia of just the permanent teeth. Anodontia must be distinguished from non-erupted teeth.",Anodontia vera; Complete agenesis of all teeth; Complete dental agenesis; Failure of development of all teeth,Missing all teeth; Total absence of all teeth,HP:0009804,,是,HP:0006484,否,,,SNOMEDCT_US:16958000; SNOMEDCT_US:26624006; UMLS:C0399352; UMLS:C4280622
HP:0000675,Macrodontia of permanent maxillary central incisor,Increased size of the maxillary central secondary incisor tooth.,,"Increased width of permanent maxillary central incisor; Long maxillary central incisors; Prominent upper incisors; Increased width of permanent upper central incisor; Prominent, protruding upper incisors",,HP:0011081,,是,,否,,,UMLS:C1835095; UMLS:C4280263; UMLS:C4280620; UMLS:C4280621
HP:0000676,Abnormality of the incisor,An abnormality of the Incisor tooth.,,,,HP:0000164,HP:0011062; HP:0011063; HP:0011064,否,HP:0006340,否,,,UMLS:C4025833
HP:0000677,Oligodontia,The absence of six or more teeth from the normal series by a failure to develop.,"The diagnosis of oligodontia requires a radiograph, as is true for anodontia and for the other designation of tooth agenesis, hypodontia. The terms hypodontia and oligodontia are sometimes used interchangeably in the literature while on other occasions hypodontia is used for selective agenesis of six or less missing teeth while oligodontia is applied when there are more than six missing teeth. Tooth agenesis or oligodontia/hypodontia can be mistaken for delayed eruption and again a radiograph is needed for diagnosis. Absence of teeth may be congenital (tooth agenesis) or acquired. The incidence of congenital absence of teeth is different depending on the type and position of the tooth [Gorlin et al, 2001].",Partial anodontia; Failure of development of more than six teeth,Missing more than six teeth; Number of teeth decreased by more than six,HP:0009804,HP:0012225,否,HP:0000702,否,,,UMLS:C4082304; UMLS:C4280619
HP:0000678,Dental crowding,Changes in alignment of teeth in the dental arch,Overlapping teeth within an alveolar ridge.,Dental overcrowding; Crowded teeth; Dental crowding; Overcrowding of teeth,,HP:0000692,,是,,否,,,SNOMEDCT_US:12351004; SNOMEDCT_US:699222000; UMLS:C0040433; UMLS:C1317785; UMLS:C4280617; UMLS:C4280618
HP:0000679,Taurodontia,Increased volume of dental pulp of permanent molar characterized by a crown body-root ratio equal or larger than 1:1 or an elongated pulp chambers and apical displacement of the bifurcation or trifurcation of the roots.,Taurodontia causes a molar shape that is visible on radiographs. Taurodontic teeth display proportionately short roots and enlarged pulp chambers. Body of the tooth and pulp chamber is enlarged.,Taurodont; Taurodontism,Large elongated pulp chamber,HP:0006479; HP:0011071; HP:0006486,,是,,否,,,SNOMEDCT_US:51744007; UMLS:C0266039; UMLS:C4280616
HP:0000680,Delayed eruption of primary teeth,Delayed tooth eruption affecting the primary dentition.,,Delayed primary teeth eruption; Delayed eruption of baby teeth; Delayed eruption of deciduous teeth; Delayed eruption of milk teeth; Late eruption of milk teeth; Late eruption of primary teeth; Late eruption of baby teeth,,HP:0006481; HP:0000684,,是,,否,,,UMLS:C1849538
HP:0000682,Abnormal dental enamel morphology,An abnormality of the dental enamel.,"The dental enamel is the external layer of the teeth, being a highly mineralized substance consisting primarily of hydroxylapatite.",Enamel abnormality; Enamel abnormalities; Abnormality of dental enamel; Abnormal tooth enamel,,HP:0011061; HP:3000050,HP:0000683; HP:0000705; HP:0006285; HP:0006297; HP:0009722,否,HP:0006322,否,,,UMLS:C4021800; UMLS:C4280262; UMLS:C4280615
HP:0000683,Grayish enamel,A gray discoloration of the dental enamel.,"Grey enamel may be seen in dentinogenesis imperfecta, but dentinogenesis imperfecta should be coded separately if present.",Grey tooth shade; Grey coloured tooth enamel; Greyish enamel; Grayish enamel; Gray tooth shade; Gray colored tooth enamel,,HP:0000682; HP:0011073,,是,,否,,,UMLS:C1854783
HP:0000684,Delayed eruption of teeth,"Delayed tooth eruption, which can be defined as tooth eruption more than 2 SD beyond the mean eruption age.","This term should not be used in a patient with Gingival overgrowth. Eruption is defined by the appearance of a tooth that has pierced the oral mucosa. There are established norms for the timing of eruption in both deciduous and permanent teeth. Eruption delay may affect either the deciduous teeth, permanent teeth, or both. The absence of shedding of deciduous teeth may be seen in association with delayed permanent tooth eruption or agenesis of successional permanent teeth. The diagnosis eruption delayed requires clinical and radiographic examinations.","Late eruption of teeth; Delayed eruption of teeth; Eruption, delayed; Delayed eruption; Delayed dental development; Delayed teeth eruption; Delayed dental eruption; Late tooth eruption; Delayed tooth eruption",,HP:0006292,HP:0000680; HP:0000696,否,HP:0000686; HP:0006294; HP:0006314; HP:0006328,否,,,SNOMEDCT_US:5639000; UMLS:C0239174
HP:0000685,Hypoplasia of teeth,Developmental hypoplasia of teeth.,,Hypoplastic teeth,,HP:0011061,HP:0006297; HP:0006334; HP:0006353,否,HP:0000688; HP:0006281; HP:0006307,否,,,UMLS:C0235357; UMLS:C4280611
HP:0000687,Widely spaced teeth,Increased spaces (diastemata) between most of the teeth in the same dental arch.,"Wide spacing can be secondary to increased room by an unusually large dental arch, microdontia or mixed primary and secondary dentition. It should be carefully noted that slight spacing between the primary teeth is normal, so experience in evaluation is important in determining this feature. This descriptor must be distinguished from Diastema.",Generalised spacing of teeth; Generalized spacing of teeth; Widely-spaced teeth; Widely spaced teeth; Generalized dental spacing; Generalised dental spacing; Wide-spaced teeth; Multiple diastemata,,HP:0000692,HP:0006313,否,,否,,,UMLS:C1844813
HP:0000689,Dental malocclusion,"Dental malocclusion refers to an abnormality of the occlusion, or alignment, of the teeth and the way the upper and lower teeth fit together, resulting in overcrowding of teeth or in abnormal bite patterns.",,Malalignment of upper and lower dental arches; Bad bite; Occlusion anomaly; Bilateral crossbite malocclusion; Malocclusion; Bilateral crossbite; Misalignment of upper and lower dental arches; Incorrect relation between upper and lower dental arches; Malocclusion of teeth,,HP:0000692,HP:0009102,否,,否,,,SNOMEDCT_US:47944004; SNOMEDCT_US:707598004; UMLS:C0024636; UMLS:C4280613; UMLS:C4280614
HP:0000690,Agenesis of maxillary lateral incisor,"Agenesis of one or more maxillary lateral incisor, comprising the maxillary lateral primary incisor and maxillary lateral secondary incisor.",,Failure of development of maxillary lateral incisor; Absent upper lateral incisors,Missing upper lateral incisor; Absence of maxillary lateral incisor; Missing maxillary lateral incisor; Absence of upper lateral incisor,,HP:0011049; HP:0011050,否,,否,,,UMLS:C1849950; UMLS:C4083046
HP:0000691,Microdontia,"Decreased size of the teeth, which can be defined as a mesiodistal tooth diameter (width) more than 2 SD below mean. Alternatively, an apparently decreased maximum width of tooth.","Standard reference has means and standard deviations by gender [Moyers et al, 1976]. It is easy to measure the width of teeth, for which reason the definition of microdontia can be made with reference to the width of the tooth. However, microdontia means that the overall size of the tooth is decreased. In microdontia, the gaps between the teeth, particularly the anterior upper and lower teeth, are increased, creating diastemata. This should be assessed and coded separately.",Tooth hypoplasia; Decreased width of tooth; Decreased size of tooth; Small teeth; Small tooth; Tooth hypotrophy; Underdeveloped tooth,,HP:0006482,HP:0001593; HP:0006311; HP:0006347; HP:0200141,否,,否,,,SNOMEDCT_US:32337007; UMLS:C0240340; UMLS:C4280611; UMLS:C4280612
HP:0000692,Tooth malposition,"Abnormal alignment, positioning, or spacing of the teeth, i.e., misaligned teeth.",,"Misalignment of teeth; Abnormality of teeth spacing; Malaligned teeth; Abnormality of alignment of teeth; Abnormal teeth spacing; Teeth, malposition; Malposition of teeth; Abnormal dental position; Malpositioned teeth; Crooked teeth",,HP:0000164,HP:0000678; HP:0000687; HP:0000689; HP:0000699; HP:0006316; HP:0010807; HP:0011062; HP:0011094; HP:0011095,否,HP:0000693; HP:0001569; HP:0006303; HP:0006478,否,,,UMLS:C1852504; UMLS:C4280610
HP:0000694,Odontodysplasia,"The diagnosis odontodysplasia requires clinical and radiological exams, in which unusually large pulp chambers and large pulp room chambers with thin enamel and dentin are visible. It may affect either a single tooth or several teeth. The term regional odontodysplasia is used if several teeth are affected. It affects the deciduous and permanent dentitions in the maxilla, the mandible or both, although the maxilla is more frequently involved. A type of dental dysplasia occurring in dentinogenesis imperfecta in which the pulp chambers are enlarged and there is a reduced amount of coronal dentin.",,Shell teeth; Ghost teeth; Teeth with thin dentin and large pulp chambers; Teeth with type iii dentinogenesis imperfecta; Teeth with dentinal dysplasia,,HP:0000703,,是,,否,,,SNOMEDCT_US:67504007; UMLS:C2981132
HP:0000695,Natal tooth,A tooth present at birth or erupting within the first month of life.,"A tooth erupting between the second and fourth month is called a neonatal tooth. A natal tooth is uncommon, the prevalence at birth is 1/2000 to 1/3500 birth. In 85%, the erupted tooth is the deciduous lower incisors, and in 5%, it concerns upper incisors or molars, and in 10%, it involves supernumerary teeth. Natal teeth are usually mobile and lack root formation.",Teeth present at birth; Natal teeth; Neonatal teeth; Born with teeth,,HP:0006288,,是,,否,,,SNOMEDCT_US:21995002; SNOMEDCT_US:58748004; UMLS:C0027443
HP:0000696,Delayed eruption of permanent teeth,Delayed tooth eruption affecting the secondary dentition.,,Delayed eruption of adult teeth; Delayed permanent dentition; Delayed eruption of secondary teeth; Delayed eruption of permanent teeth; Delayed eruption of secondary dentition,,HP:0000684,HP:0006291; HP:0006321,否,,否,,,UMLS:C1849540
HP:0000698,Conical tooth,"An abnormal conical form of the teeth, that is, a tooth whose sides converge or taper together incisally.","A conical shape of a tooth occurs in incisors and canines only. Conical teeth may occur isolated or associated with other dental anomalies, such as hypodontia and oligodontia; this should be assessed and coded separately.",Conoid tooth; Shark tooth; Peg-shaped teeth; Peg shaped teeth; Cone shaped tooth; Peg tooth,Pointed tooth; Conical teeth; Peg shaped tooth,HP:0006482,HP:0011065; HP:0200141,否,,否,,,SNOMEDCT_US:29553002; UMLS:C0266037; UMLS:C4012359
HP:0000699,Diastema,Increased space between two adjacent teeth in the same dental arch.,"Usually there is contact between the lateral aspects of the permanent teeth, at their broadest point. Diastema can apply to any pair of teeth and the term should be modified by a descriptor of the involved teeth. This descriptor must be distinguished from Widely spaced teeth.",Dental diastema; Gap between teeth; Diastasis of the teeth; Dental diastasis; Diastema of the teeth,,HP:0000692,HP:0006304,否,,否,,,SNOMEDCT_US:35591002; UMLS:C0011998
HP:0000700,Periapical bone loss,Radiolucency (reflecting a reduction in the bony substance) around the apex (the tip of the dental root).,"Periapical radiolucencies can be seen with periapical granuloma, cysts, ameloblastoma, odotogenic keratatoycsts, and other lesions.",Periapical lesion; Dark spot around tooth root on x-ray,Periapical radiolucencies; Periapical granuloma; Periapical cyst; Bone loss around tooth root; Periapical radiolucency,HP:0000164,,是,,否,,,SNOMEDCT_US:81407003; SNOMEDCT_US:89988002; UMLS:C0031029; UMLS:C0034543; UMLS:C1852169; UMLS:C4280609
HP:0000703,Dentinogenesis imperfecta,Developmental dysplasia of dentin.,"This term is kept for convenience since it is often used to refer to the phenotype of discolored, fragile teeth in the medical literature. Dentinogenesis imperfecta is a disorder of tooth development. This condition causes the teeth to be discolored (most often a blue-gray or yellow-brown color) and translucent. Teeth are also weaker than normal, making them prone to rapid wear, breakage, and loss.",,,HP:3000050; HP:0010299,HP:0000694; HP:0011060; HP:0011086,否,,否,,,SNOMEDCT_US:196286005; UMLS:C0011436
HP:0000704,Periodontitis,Inflammation of the periodontium.,,Pyorrhea,,HP:0012649; HP:0000168; HP:0000164,HP:0000166; HP:0011058; HP:0011059,否,HP:0000165; HP:0006301,否,,,SNOMEDCT_US:18718003; SNOMEDCT_US:2556008; SNOMEDCT_US:41565005; UMLS:C0017563; UMLS:C0031090; UMLS:C0031099
HP:0000705,Amelogenesis imperfecta,A developmental dysplasia of the dental enamel.,"Amelogenesis imperfecta (AI) is a term for a clinically and genetically heterogeneous group of diseases that affect the dental enamel, occasionally in conjunction with other dental, oral and extraoral tissues. This term has often been used to describe the phenotype associated with AI, but for new annotations it is recommended to describe the individual manifestations.",,,HP:0000682,,是,HP:0006284; HP:0006310; HP:0006325; HP:0006327; HP:0006331,否,,,SNOMEDCT_US:78494001; UMLS:C0002452
HP:0000706,Eruption failure,A tooth which does not erupt within the teeth eruption timeline and after the loss of eruption potential.,"Usually a tooth erupts at a stage of half or two-thirds of root formation. There are established norms for the timing of eruption and tooth stages in both deciduous and permanent teeth. It may be difficult to discern Delayed eruption from failure of eruption: failure indicates it will never erupt, delayed indicates it may still erupt. Eruption failure may be caused by an isolated obstacle (supernumerary teeth), ankylosis of impacted teeth, or disturbances of biological eruption pathway. Partial or complete non-eruption of not initially ankylosed teeth due to a disturbed eruption mechanism result in a severe form of posterior open bite that usually worsens from anterior to posterior. Eruption failure is usually asymmetrical, affects more posterior teeth and both dentition may be involved. The diagnosis eruption failure requires clinical and radiographic examinations.",Failure of eruption of tooth; Pseudoanodontia; Pseudo-anodontia; Unerupted tooth,,HP:0006292,HP:0006283; HP:0006352; HP:0011079,否,,否,,,SNOMEDCT_US:109542004; UMLS:C1290587
HP:0000707,Abnormality of the nervous system,An abnormality of the nervous system.,"The nervous system comprises the neuraxis (brain, spinal cord, and ventricles), the autonomic nervous system, the enteric nervous system, and the peripheral nervous system.",Neurologic abnormalities; Neurological abnormality; Abnormality of the nervous system,,HP:0000118,HP:0012638; HP:0012639,否,HP:0001333; HP:0006987,否,,,SNOMEDCT_US:88425004; UMLS:C0497552
HP:0000708,Atypical behavior,"Atypical behavior is an abnormality in a person's actions that can be controlled or modulated by the will of the individual. While abnormal behaviors can be difficult to control, they are distinct from other abnormal actions that cannot be affected by the individual's will.","Atypical behaviors should include or directly affect observable actions. While behavioral disorders often encompass abnormal thoughts, feelings, perceptions, or other cognitions, these alone would not be considered atypical behavioral features.",Psychiatric disorders; Behavioral/psychiatric abnormalities; Behavioural disorders; Behavioral symptoms; Behavioral changes; Behavioral disorders; Behavioral abnormality; Behavioural disturbances; Behavioural abnormality; Behavioural problems; Behavioural symptoms; Psychiatric disturbances; Behavioural changes; Behavioral disturbances; Behavioural/Psychiatric abnormality; Behavioral problems,,HP:0011446,HP:0002193; HP:0008768; HP:0012433; HP:0100962,否,HP:0000715; HP:0002368; HP:0002456,否,,,SNOMEDCT_US:25786006; SNOMEDCT_US:277843001; UMLS:C0004941; UMLS:C0233514
HP:0000709,Psychosis,"A condition characterized by changes in personality and thought patterns, often accompanied by hallucinations and delusional beliefs, is known as psychosis.",,Psychosis,,,,是,,否,,,SNOMEDCT_US:69322001; UMLS:C0033975
HP:0000710,Hyperorality,"Hyperorality is a condition characterized by an excessive preoccupation with oral sensations and behaviors, such as chewing, sucking, biting, swallowing, and excessive mouthing of objects.",,Mouthing; Hyperorality; Hyperoralia,,,,是,,否,,,UMLS:C1838320
HP:0000711,Restlessness,"A state of unease is characterized by diffuse motor activity or motion, which is subject to limited control, nonproductive, or disorganized behavior.",,Restiveness; Fidgetiness,,,,是,,否,,,SNOMEDCT_US:162221009; UMLS:C3887611
HP:0000712,Emotional lability,"Unstable emotional experiences and frequent mood changes; emotions that are easily aroused, intense, and/or disproportionate to events and circumstances.",,,,,,是,HP:0000720; HP:0001575; HP:0008766,否,,,SNOMEDCT_US:18963009; UMLS:C0085633
HP:0000713,Agitation,A state of excessive motor activity that is associated with mental distress or a feeling of substantial unease or inner tension. Distinguished from restlessness by the increased level of emotional distress and negative intensity of the experience. Agitation has a significant level of physical activity that is typically threatening to the self or others.,,Psychomotor agitation,,,,是,,否,,,SNOMEDCT_US:24199005; UMLS:C0085631
HP:0000716,Depression,"Frequently experiencing feelings of being down, miserable, and/or hopeless; struggling to recover from these moods; having a pessimistic outlook on the future; feeling a pervasive sense of shame; having a low self-worth; experiencing thoughts of suicide and engaging in suicidal behavior.",,Depressivity; Depression; Depressive episode,Depressive disorder,HP:0100851; HP:0000745,,是,,否,,,SNOMEDCT_US:21061000119107; SNOMEDCT_US:35489007; SNOMEDCT_US:78667006; UMLS:C0011581
HP:0000717,Autism,"Autism is a neurodevelopmental disorder characterized by impaired social interaction and communication, and by restricted and repetitive behavior. Autism begins in childhood. It is marked by the presence of markedly abnormal or impaired development in social interaction and communication and a markedly restricted repertoire of activity and interest. Manifestations of the disorder vary greatly depending on the developmental level and chronological age of the individual (DSM-IV).","The term refers to the diagnosis of autism and is left for convenience. However, it is preferable to annotate the exact phenotypic abnormalities rather than merely the diagnostic category autism.",Autism,,HP:0000729,,是,,否,,,SNOMEDCT_US:408856003; SNOMEDCT_US:408857007; SNOMEDCT_US:43614003; UMLS:C0004352
HP:0000718,Aggressive behavior,"Behavior or an act aimed at harming a person, animal, or physical property (e.g., acts of physical violence; shouting, swearing, and using harsh language; slashing someone's tires).",,Aggressive behavior; Aggressiveness; Aggression,physical aggression,HP:0000734,HP:0008760; HP:0010865,否,HP:0006919,否,,,SNOMEDCT_US:248004009; SNOMEDCT_US:61372001; UMLS:C0001807; UMLS:C0424323; UMLS:C1457883
HP:0000719,Inappropriate behavior,"An explicit or perceived action, demonstration, conduct, or language (verbal and written) that is contrary to generally accepted norms, rules, procedures, or unacceptable within the context in which it is carried out. Inappropriate behaviors could take place in a sexual or social context and could be aggressive, violent, impulsive, intimidating, or threatening in nature.",,Inappropriate behaviour; Inappropriate behavior,,,,是,HP:0030220,否,,,SNOMEDCT_US:112082005; UMLS:C0233522
HP:0000720,obsolete Mood swings,,,,,,,是,,是,,,
HP:0000721,Lack of spontaneous play,,,Lack of spontaneous play,,,,是,,否,,,UMLS:C1837650
HP:0000722,Compulsive behaviors,"Behavior that consists of repetitive acts, characterized by the feeling that one ""has to"" perform them, while being aware that these acts are not in line with one's overall goal.",,Obsessive-compulsive behavior; Obsessive-compulsive disorder; OCD; Obsessive compulsive disorder; Obsessive-compulsive behaviour; Obsessive compulsive behavior; Obsessive compulsive behaviour,,,HP:0008770; HP:0012170; HP:0100033,否,,否,,,SNOMEDCT_US:12479006; SNOMEDCT_US:191736004; UMLS:C0028768; UMLS:C0600104
HP:0000723,Restrictive behavior,Behavior characterized by an abnormal limitation to a few interests and activities.,,Restricted behavior; Restricted behaviour; Restrictive behavior,"Restrictive behavior, interests, and activities",,,是,,否,,,UMLS:C2675334; UMLS:C4021799
HP:0000725,Psychotic episodes,"Periods of time during which an individual experiences significant disturbances in their thoughts, perceptions, emotions, and behavior, resulting in a loss of touch with reality. These episodes are hallmark features of psychotic disorders such as schizophrenia, schizoaffective disorder, and certain forms of bipolar disorder.",,Psychotic episodes,,,,是,,否,,,UMLS:C0338614
HP:0000726,Dementia,"A loss of global cognitive ability of sufficient amount to interfere with normal social or occupational function. Dementia represents a loss of previously present cognitive abilities, generally in adults, and can affect memory, thinking, language, judgment, and behavior.",,"Dementia; Dementia, progressive; Progressive dementia",,HP:0001268,HP:0000727; HP:0002145; HP:0002439; HP:0007123,否,HP:0002274; HP:0007122; HP:0007150; HP:0007283,否,,,SNOMEDCT_US:52448006; UMLS:C0497327
HP:0000727,Frontal lobe dementia,,,,,HP:0000726,,是,,否,,,SNOMEDCT_US:278857002; UMLS:C0338455
HP:0000728,Reduced ability to form peer relationships,"Difficulty to establish relations with others in a comparable social group (peers) that may be manifested in pehnomena such as not being able to initiative a conversation, understand social cues, or to discuss shared interests. This feature is associated with poor integration within a community or group.",,Impaired ability to form peer relationships,,HP:0012760,,是,,否,,,UMLS:C1837649
HP:0000729,Autistic behavior,Persistent deficits in social interaction and communication and interaction as well as a markedly restricted repertoire of activity and interest as well as repetitive patterns of behavior.,"This term can be used to refer to autism spectrum disorder as a phenotypic feature that can be a component of a disease. Autism spectrum disorder range from a severe form, called autistic disorder, to a milder form, Asperger syndrome. If possible, we recommend annotating using more specific terms.",Pervasive developmental disorder; Autistic behaviour; ASD,Autism spectrum disorder; Autistic behaviors; Autism spectrum disorders; Autistic behaviours,,HP:0000717; HP:0000753,否,,否,,,UMLS:C0856975; UMLS:C1510586
HP:0000732,Inflexible adherence to routines,A need to strictly adhere to repetitive routines or patterns of behavior which are created by the environment. One becomes upset or distressed when their routines are disrupted or altered.,,,,,,是,,否,,,UMLS:C1837653
HP:0000733,Motor stereotypy,Use of the same abnormal action in response to certain triggers or at random. They may be used as a way to regulate one's internal state but must otherwise have no apparent functional purpose.,,"Stimming; Stereotypic behaviour; repetitive behaviour; Stereotypical motor behaviours; Repetitive behavior; Stereotyped behavior; Stereotypical motor behaviour; Repetitive movements; Stereotyped behaviour; Abnormal repetitive mannerism; Stereotyped behaviors; Repetitive, stereotypic behavior; Stereotypical motor behavior; Stereotypical motor behaviors; Repetitive behaviour Stereotypic behaviour; Stereotypic behaviours; Stereotyped behaviours; Stereotyped",,,,是,HP:0008758; HP:0008759,否,,,SNOMEDCT_US:5507002; SNOMEDCT_US:84328007; UMLS:C0038271; UMLS:C0038273
HP:0000734,Disinhibition,"Reduced ability to control, or a failure to resist a temptation, urge, or impulse. Examples include disregard for social conventions, general impulsivity, and poor risk assessment.","Disinhibition affects motor, instinctual, emotional, cognitive, and perceptual aspects, exhibiting signs and symptoms similar to the diagnostic criteria for mania. Hypersexuality, hyperphagia, and aggressive outbursts are indicative of disinhibited instinctual drives.",Lack of self-control; Impulse control disorders,,,HP:0000718; HP:0000752; HP:0100710,否,,否,,,SNOMEDCT_US:247977003; UMLS:C0424296
HP:0000735,obsolete Impaired social interactions,,,,,,,是,,是,,,
HP:0000736,Short attention span,Reduced attention span characterized by distractibility and impulsivity.,,High distractibility; Short attention span; Easy distractibility; Poor attention span; Problem paying attention; Easily distracted,,,HP:0007018,否,,否,,,SNOMEDCT_US:247762003; UMLS:C0262630
HP:0000737,Irritability,"An emotional state characterized by negative feelings of heightened frustration, annoyance, or feeling upset, often triggered by internal factors (e.g., fatigue, hunger, unfulfilled desires) or external factors (e.g., social or environmental challenges). Irritability may be unpredictable, and is accompanied by a lowered threshold for emotional reactivity and observable features (speech, facial expressions, or psychomotor activity).",Consider the context of the individual experience; the state of being irritable implies a change from a recognized baseline. Irritability as a trait implies an enduring feature (years) of the individual.,On edge; Easily annoyed; Grumpy; Hot-temper; Quick-temper; Short tempered; Short fuse; Easily upset; Cranky; Irritable; Irritability; Irritable mood; Easily bothered,Hyperreactivity; Oversensitivity; Mood volatility; Overreactive emotional state; Heightened agitation state; Elevated frustration; Affect lability; Heightened emotional reactivity,,,是,,否,,,UMLS:C2700617
HP:0000738,Hallucinations,"Perceptions in a conscious and awake state that, in the absence of external stimuli, have qualities of real perception. These perceptions are vivid, substantial, and located in external objective space.",,Hallucination; Sensory hallucination; Hallucinations,,,HP:0002367; HP:0008765,否,,否,,,SNOMEDCT_US:7011001; UMLS:C0018524; UMLS:C0235153
HP:0000739,Anxiety,"Intense feelings of nervousness, tension, or panic often arise in response to interpersonal stresses. There is worry about the negative effects of past unpleasant experiences and future negative possibilities. Individuals may feel fearful, apprehensive, or threatened by uncertainty, and they may also have fears of falling apart or losing control.",,"Anxiousness; Anxiety; Excessive, persistent worry and fear",Anxiety disease,,HP:0000740,否,,否,,,SNOMEDCT_US:48694002; UMLS:C0003467; UMLS:C4020884
HP:0000740,Episodic paroxysmal anxiety,"Recurrent attacks of severe anxiety, which occur without restriction to any particular situation or set of circumstances, are therefore unpredictable.","An anxiety attack may manifest with one or more of the following symptoms: (i) difficulty breathing; (ii) palpitations; (iii) a feeling of unreality; (iv) pain or tightness in the chest; (v) trembling, dizziness, or feeling unsteady; (vi) sweating; (vii) a feeling of faintness; (viii) a fear of dying; (ix) a feeling of losing control; (x) tingling in hands and feet (paresthesia); (xi) choking or smothering feelings.",,,HP:0000739,,是,,否,,,UMLS:C1854339
HP:0000741,Apathy,"Apathy is a quantitative reduction of interest, motivation and the initiation and persistence of goal-directed behavior, where often the accompanying emotions, thoughts, and social interactions are also diminished. The individual is typically non-reactive to provocations, positive or negative, and appears to not care. Distinguished from lethargy which involves lack of physical or mental energy.",Apathy may co-occur with lethargy.,"Lack of feeling, emotion, interest, motivation, initiation; Lack of feeling, emotion, interest; State of indifference",,HP:0000745,,是,,否,,,SNOMEDCT_US:20602000; UMLS:C0085632
HP:0000742,Self-mutilation,"Deliberate harm to one's body resulting in tissue damage, without a conscious intent to die.",,Deliberate self-harm; Self mutilation; Self-mutilation,,HP:0100716,HP:0008767,否,,否,,,SNOMEDCT_US:130968006; UMLS:C0036601
HP:0000743,Frontal release signs,Primitive reflexes traditionally held to be a sign of disorders that affect the frontal lobes.,,Frontal release reflexes,,HP:0100022,,是,HP:0006911,否,,,UMLS:C1833297
HP:0000744,Low frustration tolerance,"The feeling of frustration can be defined as an emotional reaction that occurs when a desired goal is not achieved. Frustration intolerance is defined as an age-inappropriate response to frustration, characterized by crying or temper tantrums in children, or aggressive or other maladaptive behaviors.",,Intolerance to frustration,,,,是,,否,,,UMLS:C0548883
HP:0000745,Abnormal diminished volition,"A reduction in willful and motivated goal-directed behavior that is considered the determinant of behavior and adaptation that allows individuals to get started, be energized to perform a sustained and directed action.",,Diminished motivation; Diminished energy; Lacking in initiative; Lacks initiative; Lack of initiative; Lack of motivation; Diminished volitional state,,,HP:0000716; HP:0000741; HP:0001254; HP:0012671; HP:0012672,否,,否,,,SNOMEDCT_US:277521002; UMLS:C0456814
HP:0000746,Delusion,"A delusion is a fixed false belief held despite evidence to the contrary. The term delusion broadly encompasses all false judgments that possess the following external characteristics to a significant, albeit unspecified, extent: (1) they are held with an exceptional level of conviction, accompanied by an unparalleled subjective certainty; (2) there is an inability to consider alternative experiences or compelling counter-arguments; (3) the content of the belief is impossible.",,Delusions,,,,是,,否,,,SNOMEDCT_US:2073000; UMLS:C0011253
HP:0000748,Inappropriate laughter,"Laughing that may be excessive and/or inappropriate in context (e.g., laughing at a funeral while others are crying).",,Inappropriate laughter,,,HP:0000749,否,,否,,,SNOMEDCT_US:247985007; UMLS:C0424304
HP:0000749,Paroxysmal bursts of laughter,,,Paroxysmal laughter,,HP:0000748,,是,,否,,,UMLS:C1839749
HP:0000750,Delayed speech and language development,A degree of language development that is significantly below the norm for a child of a specified age.,"Language delay can be characterized by a failure to meet the developmental milestones for language development, an inability to follow directions, or slow or incomprehensible speech after the age of three years, as well as with severe problems with syntax or articulation.",Speech and language delay; Speech and language difficulties; Delayed language development; Impaired speech development; Delayed speech and language development; Delayed speech; Deficiency of speech development; Delayed speech development; Language delay; Language development deficit; Late-onset speech development; Poor language development; Impaired speech and language development; Language delayed; Delayed speech acquisition; Speech delay,Speech difficulties; Poor speech development; Poor speech acquisition,HP:0012758; HP:0002463; HP:0002167,HP:0001344; HP:0002474; HP:0010863,否,HP:0002116; HP:0002117; HP:0002336; HP:0002399; HP:0002498; HP:0006936; HP:0007004; HP:0007127; HP:0007170; HP:0007172,否,,,SNOMEDCT_US:162294008; SNOMEDCT_US:229721007; SNOMEDCT_US:29164008; SNOMEDCT_US:62415009; UMLS:C0023012; UMLS:C0233715; UMLS:C0241210; UMLS:C0454644
HP:0000751,Personality changes,"An abnormal shift in patterns of thinking, acting, or feeling.",This term refers to changes in personality that are perceived as abnormal. It does not refer to the usual gradual personality changes that tend to accompany aging and certain life situations.,Personality change; Personality changes,,,,是,,否,,,SNOMEDCT_US:102943000; SNOMEDCT_US:192073007; UMLS:C0240735
HP:0000752,Hyperactivity,"Hyperactivity is a condition characterized by constant and unusually high levels of activity, even in situations where it is deemed inappropriate.",,Hyperkinetic disorder; Hyperactive behaviour; Hyperactive behavior; More active than typical,,HP:0000734,HP:0007018,否,HP:0008764,否,,,SNOMEDCT_US:44548000; UMLS:C0424295
HP:0000753,Autism with high cognitive abilities,,,,,HP:0000729,,是,,否,,,UMLS:C4025832
HP:0000756,Agoraphobia,"A type of anxiety disorder characterized by the avoidance of public places, especially where crowds gather.",,Fear of open spaces,,,,是,,否,,,SNOMEDCT_US:247830007; SNOMEDCT_US:70691001; UMLS:C0001818
HP:0000757,Lack of insight,"Lack of insight (Anosognosia) is a neurological condition in which an individual is unaware of his or her own neurological deficit or psychiatric condition. Anosognosia can be associated with mental illness, dementia, and structural brain lesions and can affect an individual's conscious awareness of deficits involving judgment, emotions, memory, executive function, language skills, and motor ability.","Reduced insight distinguishes itself from other misconceptions of reality by typically stemming not from the presence of false beliefs or hallucinations, but rather from a deficiency in the cognitive capacity needed to accurately comprehend one's environment.",Lack of insight; Anosognosia,,,,是,,否,,,SNOMEDCT_US:24340004; UMLS:C0233824
HP:0000758,Abnormal nonverbal communicative behavior,"Abnormalities in eye contact, communicative facial expressions, gesture use, or the use of others' bodies to communicate convey shared meanings within a culture that replace or supplement verbal communication.",,Impaired use of nonverbal behaviours; Abnormal nonverbal communicative behavior; Impaired use of nonverbal behaviors,,,,是,,否,,,UMLS:C4021798
HP:0000759,Abnormal peripheral nervous system morphology,"A structural abnormality of the peripheral nervous system, which is composed of the nerves that lead to or branch off from the central nervous system. This includes the cranial nerves (olfactory and optic nerves are technically part of the central nervous system).","The peripheral nervous system is divided into autonomic and somatic components, which both include afferent (sensory) and efferent (motor) nerves.",Abnormal peripheral nervous system structure,Peripheral nervous system disease,HP:0012639,HP:0000764; HP:0001291; HP:0002366; HP:0003009; HP:0003130; HP:0003382; HP:0003405; HP:0003406; HP:0003443; HP:0006802; HP:0012645; HP:0100007; HP:0100292,否,HP:0003483,否,,,SNOMEDCT_US:302226006; SNOMEDCT_US:42658009; UMLS:C0031117; UMLS:C4025831
HP:0000762,Decreased nerve conduction velocity,A reduction in the speed at which electrical signals propagate along the axon of a neuron.,"Nerve conduction velocity is usually measured with surface electrodes placed on the skin over nerves at various locations. Following stimulation at one electrode, the speed at which the signal is propagated to other electrodes is recorded. Abnormal values may suggest demyelination, a conduction block, or axonopathy.",Delayed nerve conduction velocity; Reduced nerve conduction velocities; Decreased nerve conduction velocities; Decreased NCV; Slowed nerve conduction velocities; Slow nerve conduction velocity,,,HP:0003431; HP:0003448; HP:0012078,否,HP:0000761; HP:0007118; HP:0007218; HP:0007231,否,,,UMLS:C1857640
HP:0000763,Sensory neuropathy,Peripheral neuropathy affecting the sensory nerves.,,Damage to nerves that sense feeling; Peripheral sensory neuropathy,,HP:0009830,HP:0003390; HP:0003409; HP:0003434; HP:0007067,否,HP:0003410; HP:0006815; HP:0007043; HP:0007142,否,,,SNOMEDCT_US:95662005; UMLS:C0151313
HP:0000764,Peripheral axonal degeneration,Progressive deterioration of peripheral axons.,This finding is typically demonstrated by nerve biopsy.,,,HP:0000759,HP:0003378; HP:0003384; HP:0003447; HP:0003450; HP:0003477,否,HP:0006787; HP:0006876; HP:0007304,否,,,UMLS:C4025830
HP:0000765,Abnormal thorax morphology,"Any abnormality of the thorax (the region of the body formed by the sternum, the thoracic vertebrae and the ribs).",,Abnormality of the thorax; Abnormality of the chest; Structural abnormality of the chest wall,,HP:0009121,HP:0000766; HP:0000782; HP:0000889; HP:0001547; HP:0003043; HP:0005257; HP:0006711; HP:0010306; HP:0100656; HP:0100711,否,HP:0100655,否,,,UMLS:C4021797
HP:0000766,Abnormal sternum morphology,"An anomaly of the sternum, also known as the breastbone.",,Pectus carinatum or pectus excavatum; Sternal anomalies; Pectus deformities; Pectus deformity; Pectus excavatum or pectus carinatum; Pectus excavatum or carinatum; Pectus excavatum/carinatum; Abnormality of the sternum,,HP:0000765,HP:0000767; HP:0000768; HP:0000884; HP:0000893; HP:0000897; HP:0006637; HP:0006714; HP:0010309; HP:0011863; HP:0100892,否,HP:0000780; HP:0006586; HP:0006594; HP:0006605; HP:0006630; HP:0006708,否,,,UMLS:C1860493
HP:0000767,Pectus excavatum,"A defect of the chest wall characterized by a depression of the sternum, giving the chest (""pectus"") a caved-in (""excavatum"") appearance.",,Funnel chest,,HP:0000766,HP:0000915,否,HP:0006613; HP:0006617,否,,,SNOMEDCT_US:391987005; UMLS:C2051831
HP:0000768,Pectus carinatum,A deformity of the chest caused by overgrowth of the ribs and characterized by protrusion of the sternum.,,Pigeon chest,,HP:0000766,HP:0000917,否,HP:0006639,否,,,SNOMEDCT_US:205101001; UMLS:C0158731
HP:0000769,Abnormality of the breast,An abnormality of the breast.,,Abnormality of the breast,,HP:0000118,,是,,否,,,UMLS:C4025829
HP:0000771,Gynecomastia,Abnormal development of large mammary glands in males resulting in breast enlargement.,,Enlarged male breast; Gynaecomastia,,,,是,HP:0000770,否,,,SNOMEDCT_US:4754008; UMLS:C0018418
HP:0000772,Abnormal rib morphology,An anomaly of the rib.,,Rib abnormalities; Abnormality of the ribs; Rib anomalies,,HP:0001547,HP:0000883; HP:0000885; HP:0000887; HP:0000888; HP:0000892; HP:0000896; HP:0000900; HP:0000902; HP:0000904; HP:0000919; HP:0005815; HP:0005820; HP:0006593; HP:0006640; HP:0006641; HP:0006655; HP:0006665; HP:0006712; HP:0010561; HP:0012306,否,HP:0006618,否,,,UMLS:C1842083
HP:0000773,Short ribs,Reduced rib length.,,Hypoplastic ribs; Rib hypoplasia; Short ribs,,HP:0006712,HP:0006657; HP:0006668,否,HP:0000899; HP:0000908; HP:0009750,否,,,SNOMEDCT_US:249696007; UMLS:C0426817
HP:0000774,Narrow chest,"Reduced width of the chest from side to side, associated with a reduced distance from the sternal notch to the tip of the shoulder.",,Low chest circumference; Narrow chest; Narrow thorax; Narrow shoulders; Reduced anterior-posterior chest diameter,,HP:0005257,,是,HP:0000909; HP:0005252; HP:0006588,否,,,SNOMEDCT_US:249671009; UMLS:C0426790
HP:0000775,Abnormality of the diaphragm,"Any abnormality of the diaphragm, the sheet of skeletal muscle that separates the thoracic cavity from the abdominal cavity.",,Abnormality of the diaphragm; Diaphragm issues; Diaphragmatic defect,,HP:0011805,HP:0000776; HP:0009109; HP:0009110; HP:0010315,否,HP:0005204,否,,,UMLS:C1848873
HP:0000776,Congenital diaphragmatic hernia,The presence of a hernia of the diaphragm present at birth.,"Diaphragmatic hernia is the result of a developmental defect causing an abnormal opening in the diaphragm, through which abdominal organs (stomach, spleen, liver, and intestines) can protrude into the thoracic cavity. This usually causes respiratory distress in the newborn period.",Diaphragmatic hernia,,HP:0100790; HP:0000775,HP:0009112,否,HP:0006604,否,,,SNOMEDCT_US:17190001; UMLS:C0235833
HP:0000777,Abnormal thymus morphology,"Abnormality of the thymus, an organ located in the upper anterior portion of the chest cavity just behind the sternum and whose main function is to provide an environment for T lymphocyte maturation.",,Abnormality of the thymus,,HP:0000818; HP:0100763,HP:0003357; HP:0010515; HP:0010516; HP:0010517; HP:0100521,否,,否,,,SNOMEDCT_US:93297002; UMLS:C0262650; UMLS:C0685891
HP:0000778,Hypoplasia of the thymus,Underdevelopment of the thymus.,,Thymus hypoplasia; Small thymus; Thymic hypoplasia,,HP:0010515,,是,,否,,,SNOMEDCT_US:93297002; UMLS:C0685891; UMLS:C4228227
HP:0000782,Abnormal scapula morphology,"Any abnormality of the scapula, also known as the shoulder blade.",,Abnormality of the shoulder blade,,HP:0000765,HP:0000912; HP:0000918; HP:0001474; HP:0003691; HP:0006595; HP:0006650; HP:0006713; HP:0011912,否,,否,,,UMLS:C4025828
HP:0000786,Primary amenorrhea,,,,,HP:0000141,,是,,否,,,SNOMEDCT_US:8913004; UMLS:C0232939
HP:0000787,Nephrolithiasis,The presence of calculi (stones) in the kidneys.,"Urinary stone disease is caused by supersaturation of the urine by stone forming substances including calcium, oxalate, and uric acid. Crystals or foreign bodies can act as a nidus for further stone formation. The resulting kidney stones (calculi) lead to symptoms if they become impacted in the ureter.",Kidney stones; Renal calculi; Renal stones,,HP:0012210,HP:0000791; HP:0000804; HP:0004724,否,HP:0000102,否,,,UMLS:C0392525
HP:0000789,Infertility,,,Infertility,,HP:0000144,HP:0003251; HP:0008222,否,,否,,,SNOMEDCT_US:15296000; SNOMEDCT_US:8619003; UMLS:C0021359
HP:0000790,Hematuria,The presence of blood in the urine. Hematuria may be gross hematuria (visible to the naked eye) or microscopic hematuria (detected by dipstick or microscopic examination of the urine).,,Blood in urine,,HP:0012211; HP:0012614,HP:0002907; HP:0012587,否,,否,,,SNOMEDCT_US:34436003; SNOMEDCT_US:53298000; UMLS:C0018965
HP:0000791,Uric acid nephrolithiasis,The presence of uric acid-containing calculi (stones) in the kidneys.,,Uric acid urolithiasis; Uric acid stones,,HP:0000787,HP:0008651,否,,否,,,SNOMEDCT_US:267441009; UMLS:C0403719
HP:0000793,Membranoproliferative glomerulonephritis,"A type of glomerulonephritis characterized by diffuse mesangial cell proliferation and the thickening of capillary walls due to subendothelial extension of the mesangium. The term membranoproliferative glomerulonephritis is often employed to denote a general pattern of glomerular injury seen in a variety of disease processes that share a common pathogenetic mechanism, rather than to describe a single disease entity",,Mesangiocapillary glomerulonephritis; MPGN,,HP:0000099,,是,,否,,,SNOMEDCT_US:80321008; UMLS:C0017662
HP:0000794,IgA deposition in the glomerulus,The presence of immunoglobulin A deposits in the glomerulus.,,,IgA nephropathy,,,是,,否,,,SNOMEDCT_US:236407003; SNOMEDCT_US:68779003; UMLS:C0017661; UMLS:C4025827
HP:0000795,Abnormality of the urethra,"An abnormality of the urethra, i.e., of the tube which connects the urinary bladder to the outside of the body.",,Urethra issue,,HP:0010936,HP:0000068; HP:0000796; HP:0008706; HP:0008722; HP:0010480; HP:0100517; HP:0100627; HP:0100779; HP:0100821,否,,否,,,UMLS:C4025826
HP:0000796,Urethral obstruction,Obstruction of the flow of urine through the urethra.,,,,HP:0000795,HP:0008661; HP:0010481,否,,否,,,SNOMEDCT_US:95588004; UMLS:C0041972
HP:0000798,Oligozoospermia,"Reduced count of spermatozoa in the semen, defined as a sperm count below 20 million per milliliter semen.",,Oligospermia; Low sperm count,,HP:0008669,,是,,否,,,UMLS:C0028960
HP:0000799,Renal steatosis,Abnormal fat accumulation in the kidneys.,,Fatty kidney,,HP:0012210,,是,,否,,,UMLS:C4021796
HP:0000800,Cystic renal dysplasia,,,"Renal dysplasia, cystic; Renal cystic dysplasia; Bilateral cystic dysplasia",,HP:0000107,,是,HP:0008737,否,,,UMLS:C1834931
HP:0000802,Impotence,Inability to develop or maintain an erection of the penis.,,Difficulty getting an erection; Difficulty getting a full erection,,HP:0100639,,是,,否,,,SNOMEDCT_US:397803000; UMLS:C0242350
HP:0000803,Renal cortical cysts,Cysts of the cortex of the kidney.,,Cortical cysts,,HP:0011035; HP:0000107,HP:0004734,否,,否,,,UMLS:C1969144
HP:0000804,Xanthine nephrolithiasis,The presence of xanthine-containing calculi (stones) in the kidneys.,,Urinary xanthine stones; Xanthine stones,,HP:0000787,,是,,否,,,UMLS:C1848431
HP:0000805,Enuresis,Lack of the ability to control the urinary bladder leading to involuntary urination at an age where control of the bladder should already be possible.,,,,HP:0000009,HP:0010677; HP:0010678,否,,否,,,SNOMEDCT_US:8009008; UMLS:C0014394
HP:0000807,Glanular hypospadias,"A type of hypospadias in which the urethral meatus is located at the head of the penis, but not all the way at the tip.",Glanular hypospadias is the mildest form of hypospadias.,Balanic hypospadias,,HP:0003244,,是,,否,,,SNOMEDCT_US:204891000; SNOMEDCT_US:429631000124104; UMLS:C0452168
HP:0000808,Penoscrotal hypospadias,A severe form of hypospadias in which the urethral opening is located at the junction of the penis and scrotum.,,,,HP:0000047,,是,,否,,,SNOMEDCT_US:204889008; UMLS:C0452147
HP:0000809,Urinary tract atresia,Congenital absence of the normal opening of a structure of the urinary tract.,,,,HP:0000079,,是,,否,,2008-02-27T04:07:00Z,UMLS:C1389003
HP:0000811,Abnormal external genitalia morphology,A structural anomaly of the external genitalia.,,Abnormal external genitalia,,HP:0012243,HP:0000032; HP:0000042; HP:0000055; HP:0000062; HP:0003241; HP:0003247; HP:0012293,否,,否,,,UMLS:C4025825
HP:0000812,Abnormal internal genitalia,"An anomaly of the adnexa, uterus, and vagina (in female) or seminal tract and prostate (in male).",,Abnormal internal genitalia,,HP:0012243,HP:0000008; HP:0000022; HP:0000133; HP:0000150; HP:0008633; HP:0008639; HP:0008702; HP:0008703,否,,否,,,UMLS:C4025824
HP:0000813,Bicornuate uterus,The presence of a bicornuate uterus.,Uterus with two horn-shaped branches.,Uterus bicornis; Heart shaped uterus; Heart-shaped uterus,,,,是,HP:0008735,否,,,SNOMEDCT_US:31401003; UMLS:C0266387
HP:0000815,Hypergonadotropic hypogonadism,Reduced function of the gonads (testes in males or ovaries in females) associated with excess pituitary gonadotropin secretion and resulting in delayed sexual development and growth delay.,,Primary hypogonadism; Hypergonadotrophic hypogonadism,,HP:0000135,,是,HP:0008679,否,,,SNOMEDCT_US:370999003; UMLS:C0948896
HP:0000816,Abnormality of Krebs cycle metabolism,An abnormality of the tricarboxylic acid cycle.,,Abnormality of the tricarboxylic cycle; Abnormality of citric acid cycle,,HP:0012379,HP:0003209; HP:0003210; HP:0003536,否,,否,,2008-03-17T12:58:00Z,UMLS:C4021795
HP:0000817,Reduced eye contact,A reduced frequency or duration of eye contact.,"Eye contact, defined as the meeting of the gaze between two people during a conversation, is an important form of nonverbal communication.",Poor eye contact,,,,是,,否,,,SNOMEDCT_US:412786000; UMLS:C1445953
HP:0000818,Abnormality of the endocrine system,An abnormality of the endocrine system.,"The endocrine system is composed of glands that secrete hormones directly into the bloodstream and includes the following glands: thyroid, parathyroids, adrenals, pancreas, gonads (testicles and ovaries), and pituitary. Many other organs, such as the kidney, liver, and heart, have secondary endocrine functions.",,Endocrine system disease,HP:0000118,HP:0000777; HP:0000819; HP:0000820; HP:0000828; HP:0000834; HP:0000847; HP:0000864; HP:0000873; HP:0003117; HP:0008373; HP:0012029; HP:0012093; HP:0012680; HP:0100568,否,,否,,,SNOMEDCT_US:362969004; UMLS:C0014130; UMLS:C4025823
HP:0000819,Diabetes mellitus,A group of abnormalities characterized by hyperglycemia and glucose intolerance.,,,,HP:0000818; HP:0001952,HP:0000831; HP:0001953; HP:0004904; HP:0005978; HP:0100651,否,HP:0004908; HP:0008217; HP:0008234; HP:0008260,否,,,SNOMEDCT_US:73211009; UMLS:C0011849
HP:0000820,Abnormality of the thyroid gland,An abnormality of the thyroid gland.,,Abnormality of the thyroid gland; Thyroid abnormality,Thyroid disease,HP:0000818,HP:0002926; HP:0011772,否,,否,,,SNOMEDCT_US:14304000; UMLS:C0040128
HP:0000821,Hypothyroidism,Deficiency of thyroid hormone.,,Underactive thyroid; Low T4,,HP:0002926,HP:0000832; HP:0000851; HP:0008223; HP:0011787,否,HP:0003222; HP:0008203,否,,,SNOMEDCT_US:40930008; UMLS:C0020676
HP:0000822,Hypertension,The presence of chronic increased pressure in the systemic arterial system.,"Hypertension is sustained elevation of resting systolic BP (140 mm Hg or higher), diastolic BP (90 mm Hg or higher), or both.",Systemic hypertension; Arterial hypertension,High blood pressure,,HP:0000875; HP:0002640; HP:0100735; HP:0100817,否,HP:0004949; HP:0005126,否,,,SNOMEDCT_US:24184005; SNOMEDCT_US:38341003; UMLS:C0020538; UMLS:C0497247
HP:0000823,Delayed puberty,Passing the age when puberty normally occurs with no physical or hormonal signs of the onset of puberty.,The age at which delayed puberty may be diagnosed in a person without signs of secondary sexual development is 13 years in a girl or 14 years in a boy.,Delayed puberty; Delayed pubertal growth; Pubertal delay; Delayed pubertal development,,HP:0008373; HP:0001510,HP:0012569,否,HP:0008859; HP:0010466; HP:0010467,否,,,SNOMEDCT_US:123526007; SNOMEDCT_US:400003000; UMLS:C0034012
HP:0000824,Decreased response to growth hormone stimulation test,Insufficient responses to growth hormone (GH) provocation tests. GH deficiency is defined as a serum peak GH concentration less than 10 ng/mL on provocation with a combination of at least two separate stimulation tests.,"GH stimulation tests are performed with various stimuli, such as insulin, L-dopa, arginine, and growth hormone releasing hormone (GHRH). The test using insulin as a stimulus is classically recommended, but this test has potential risks such as hypoglycemia. The effects of growth hormone are mediated almost exclusively by insulin-like growth factor 1(IGF-1), which is produced primarily in the liver. Growth hormone deficiency refers to inadequate levels of GH (and therefore IGF-1), resulting in growth retardation in children and metabolic disturbances in adults.",,,HP:0000830,HP:0008240,否,HP:0000861; HP:0008195; HP:0008206,否,,,SNOMEDCT_US:2109003; UMLS:C3714796
HP:0000825,Hyperinsulinemic hypoglycemia,An increased concentration of insulin combined with a decreased concentration of glucose in the blood.,Hyperinsulinemic hypoglycemia describes a situation in which the level of insulin is inappropriate for the low level of blood sugar.,Hyperinsulinemia hypoglycemia; Hyperinsulinaemic hypoglycaemia,,HP:0000842,,是,,否,,,UMLS:C1864903
HP:0000826,Precocious puberty,"The onset of secondary sexual characteristics before a normal age. Although it is difficult to define normal age ranges because of the marked variation with which puberty begins in normal children, precocious puberty can be defined as the onset of puberty before the age of 8 years in girls or 9 years in boys.",,Early puberty; Early onset of puberty,,HP:0100000,HP:0008185; HP:0008204; HP:0008236; HP:0010314; HP:0010465; HP:0012411,否,,否,,,SNOMEDCT_US:123527003; SNOMEDCT_US:400179000; UMLS:C0034013
HP:0000828,Abnormality of the parathyroid gland,An abnormality of the parathyroid gland.,"There are four parathyroid glands, which are small endocrine glands located in the neck behind the thyroid gland that produce parathyroid hormone.",,Parathyroid disease,HP:0000818,HP:0011766; HP:0011767,否,,否,,,SNOMEDCT_US:73132005; UMLS:C0030517; UMLS:C4025822
HP:0000829,Hypoparathyroidism,A condition caused by a deficiency of parathyroid hormone characterized by hypocalcemia and hyperphosphatemia.,,Decreased parathyroid hormone secretion; Low parathyroid hormone,,HP:0011767,HP:0008198; HP:0011771,否,HP:0000856; HP:0008292,否,,,SNOMEDCT_US:36976004; UMLS:C0020626
HP:0000830,Anterior hypopituitarism,"A condition of reduced function of the anterior pituitary gland characterized by decreased secretion of one or more of the pituitary hormones growth hormone, thyroid-stimulating hormone, adrenocorticotropic hormone, prolactin, luteinizing hormone, and follicle-stimulating hormone.",,,,,HP:0000824; HP:0000871; HP:0008213; HP:0008245; HP:0011748,否,,否,,,UMLS:C4025821
HP:0000831,Insulin-resistant diabetes mellitus,"A type of diabetes mellitus related not to lack of insulin but rather to lack of response to insulin on the part of the target tissues of insulin such as muscle, fat, and liver cells. This type of diabetes is typically associated with increases both in blood glucose concentrations as well as in fasting and postprandial serum insulin levels.",,Insulin resistant diabetes; Insulin-resistant diabetes; Insulin resistant diabetes mellitus,,HP:0000819; HP:0000855,HP:0000857; HP:0000877,否,,否,,,UMLS:C0854110
HP:0000832,Primary hypothyroidism,A type of hypothyroidism that results from a defect in the thyroid gland.,,,,HP:0000821,,是,,否,,,SNOMEDCT_US:111566002; UMLS:C0700502
HP:0000833,obsolete Glucose intolerance,,,,,,,是,,是,,,
HP:0000834,Abnormality of the adrenal glands,"Abnormality of the adrenal glands, i.e., of the endocrine glands located at the top of the kindneys.",,Adrenal abnormalities,Adrenal gland disease,HP:0000818,HP:0011732; HP:0011733,否,,否,,,SNOMEDCT_US:30171000; UMLS:C0001621; UMLS:C4021794
HP:0000835,Adrenal hypoplasia,Developmental hypoplasia of the adrenal glands.,,Small adrenal glands; Underdeveloped adrenal glands; Adrenal gland hypoplasia; Hypoplastic adrenal glands,,HP:0011732,HP:0008239; HP:0008244,否,,否,,,SNOMEDCT_US:237774001; UMLS:C0342491; UMLS:C1846223
HP:0000836,Hyperthyroidism,"An abnormality of thyroid physiology characterized by excessive secretion of the thyroid hormones thyroxine (i.e., T4) and/or 3,3',5-triiodo-L-thyronine zwitterion (i.e., triiodothyronine or T3).",,Overactive thyroid,,HP:0002926,HP:0011782; HP:0011783; HP:0011784; HP:0011785; HP:0011786,否,HP:0008241,否,,,SNOMEDCT_US:34486009; UMLS:C0020550
HP:0000837,Increased circulating gonadotropin level,"Overproduction of gonadotropins (FSH, LH) by the anterior pituitary gland.",,Elevated gonadotropins; Gonadotropin excess; Elevated serum gonadotropins; Increased circulating gonadotropin level,,HP:0010514,HP:0008232; HP:0011969,否,HP:0030340,否,,,UMLS:C1862265
HP:0000839,Pituitary dwarfism,"A type of reduced stature with normal proportions related to dysfunction of the pituitary gland related to either an isolated defect in the secretion of growth hormone or to panhypopituitarism, i.e., a deficit of all the anterior pituitary hormones.",,,,HP:0004322,,是,,否,,,SNOMEDCT_US:367460001; SNOMEDCT_US:7530009; UMLS:C0013338
HP:0000840,Adrenogenital syndrome,"Adrenogenital syndrome is also known as congenital adrenal hyperplasia, which results from disorders of steroid hormone production in the adrenal glands leading to a deficiency of cortisol. The pituitary gland reacts by increased secretion of corticotropin, which in turn causes the adrenal glands to overproduce certain intermediary hormones which have testosterone-like effects.",,,,HP:0008373,,是,HP:0001921,否,,,SNOMEDCT_US:237751000; SNOMEDCT_US:267395000; SNOMEDCT_US:271077003; UMLS:C0302280
HP:0000841,Hyperactive renin-angiotensin system,"An abnormally increased activity of the renin-angiotensin system, causing hypertension by a combination of volume excess and vasoconstrictor mechanisms.","If the kidneys sense reduced renal blood flow, as can happen with reduced blood pressure, they secrete renin into the blood, where it reacts with angiotensinogen to produce angiotensin I, which is converted to angiotensin II by angiotensin converting enzyme (ACE). Both angiotensin I and II are vasoconstrictors. Angiotensin II additionally leads to the production of aldosterone by the adrenal cortex, which in turn leads to an increase in blood volume.",,Increased plasma renin activity,HP:0000847,,是,,否,,,UMLS:C1846345; UMLS:C3150267
HP:0000842,Hyperinsulinemia,An increased concentration of insulin in the blood.,,Elevated insulin level,,HP:0011014,HP:0000825; HP:0008283,否,,否,,,SNOMEDCT_US:83469008; UMLS:C0020459
HP:0000843,Hyperparathyroidism,Excessive production of parathyroid hormone (PTH) by the parathyroid glands.,,Elevated blood parathyroid hormone level,,HP:0011767,HP:0000867; HP:0008200; HP:0011770,否,,否,,,SNOMEDCT_US:66999008; UMLS:C0020502
HP:0000845,Elevated circulating growth hormone concentration,"Acromegaly is a condition resulting from overproduction of growth hormone by the pituitary gland in persons with closed epiphyses, and consists chiefly in the enlargement of the distal parts of the body. The circumference of the skull increases, the nose becomes broad, the tongue becomes enlarged, the facial features become coarsened, the mandible grows excessively, and the teeth become separated. The fingers and toes grow chiefly in thickness.",Disorder resulting from excess pituitary gland production of growth hormone (hGH).,Growth hormone excess; Elevated circulating somatotropin concentration; Somatotropin excess,,HP:0010514,,是,HP:0008856,否,,,SNOMEDCT_US:74107003; UMLS:C0001206; UMLS:C0235986
HP:0000846,Adrenal insufficiency,Insufficient production of steroid hormones (primarily cortisol) by the adrenal glands.,"Adrenal insufficiency may cause persistent vomiting, anorexia, hypoglycemia, poor weight gain in a child, or unexplained weight loss in an adult, malaise, fatigue, muscular weakness, unexplained isotonic or hyponatremic dehydration, hyperkalemia, hypotension, hypoglycemia and especially generalized hyperpigmentation.",Hypoadrenalism,,HP:0011733,HP:0008207; HP:0011734,否,HP:0000865; HP:0008218,否,,,SNOMEDCT_US:111563005; SNOMEDCT_US:237785004; SNOMEDCT_US:386584007; UMLS:C0001623
HP:0000847,Abnormality of renin-angiotensin system,An abnormality of the renin-angiotensin system.,The renin-angiotensin system is a hormone system that regulates blood pressure and water (fluid) balance.,Abnormality of the renin-aldosterone axis,,HP:0000818,HP:0000841,否,HP:0003350,否,,,UMLS:C4021793
HP:0000848,Increased circulating renin concentration,An increased level of renin in the blood.,,Increased serum renin; Elevated blood renin level; Hyperreninemia; Increased circulating renin level; Increased plasma renin; Elevated plasma renin,,,,是,HP:0003615,否,,,UMLS:C0240783
HP:0000849,Adrenocortical abnormality,,,,,HP:0011732,HP:0001580; HP:0008182,否,,否,,,UMLS:C4025820
HP:0000851,Congenital hypothyroidism,A type of hypothyroidism with congenital onset.,,"Hypothyroidism, congenital; Underactive thyroid gland from birth",,HP:0000821,,是,,否,,,SNOMEDCT_US:190268003; SNOMEDCT_US:217710005; UMLS:C0010308
HP:0000852,Pseudohypoparathyroidism,"A condition characterized by resistance to the action of parathyroid hormone, in which there is hypocalcemia, hyperphosphatemia, and (appropriately) high levels of parathyroid hormone.",,,,HP:0011767,,是,,否,,,SNOMEDCT_US:58976002; UMLS:C0033806
HP:0000853,Goiter,An enlargement of the thyroid gland.,,Thyroid goiter; Goitre; Thyroid goitre; Enlarged thyroid gland in neck,,HP:0011772,HP:0005994; HP:0008251; HP:0009798,否,,否,,,SNOMEDCT_US:3716002; UMLS:C0018021
HP:0000854,Thyroid adenoma,The presence of a adenoma of the thyroid gland.,,,,HP:0100031,HP:0006781; HP:0011774; HP:0011777; HP:0011778,否,,否,,,NCIT:C2855; SNOMEDCT_US:255033000; SNOMEDCT_US:255034006; UMLS:C0151468
HP:0000855,Insulin resistance,"Increased resistance towards insulin, that is, diminished effectiveness of insulin in reducing blood glucose levels.",,Body fails to respond to insulin,,HP:0011014,HP:0000831,否,,否,,,SNOMEDCT_US:48606007; UMLS:C0021655
HP:0000857,Neonatal insulin-dependent diabetes mellitus,,,,,HP:0000831,HP:0008255,否,,否,,,UMLS:C3278636
HP:0000858,Irregular menstruation,Abnormally high variation in the amount of time between periods.,"Most women have between 11 and 13 menstrual periods each year. Bleeding usually lasts around 5 days (range: 2 to 7 days). When menstruation first starts, it can take up to 2 years to establish a regular cycle. After puberty, most women's menstruation is regular. The length of time between each period is similar. The normal menstrual cycle length is 28 (+/- 7) days days with the menstruation lasting between 2 and 7 days. It can take up to 2 years from menarche to develop a mature hypothalamic-pituitary-gonadal (HPG) axis. Within 1 year, 75 percent of girls have a cycle between 21 and 45 days. By the fifth gynecological year, 90 percent of girls will have regular cycles.",Irregular periods; Menstrual irregularities; Irregular menses; Menstrual irregularity,,HP:0000140,,是,,否,,,SNOMEDCT_US:80182007; UMLS:C0156404
HP:0000859,Increased circulating aldosterone concentration,Overproduction of the mineralocorticoid aldosterone by the adrenal cortex.,,Mineralocorticoid excess; Increased aldosterone; Elevated plasma aldosterone; Increased aldosterone production,Hyperaldosteronism,,HP:0011736; HP:0011741,否,HP:0004318; HP:0005975,否,,,SNOMEDCT_US:88213004; UMLS:C0020428
HP:0000860,Parathyroid hypoplasia,Developmental hypoplasia of the parathyroid gland.,,Underdeveloped parathyroid glands; Small parathyroid glands,,HP:0011768,,是,,否,,,UMLS:C1389851
HP:0000863,Central diabetes insipidus,A form of diabetes insipidus related to a failure of vasopressin (AVP) release from the hypothalamus.,,Neurohypophyseal diabetes insipidus,,HP:0000873,,是,HP:0008210,否,,,SNOMEDCT_US:45369008; UMLS:C0687720
HP:0000864,Abnormality of the hypothalamus-pituitary axis,"Abnormality of the pituitary gland (also known as hypophysis), which is an endocrine gland that protrudes from the bottom of the hypothalamus at the base of the brain. The pituitary gland secretes the hormones ACTH, TSH, PRL, GH, endorphins, FSH, LH, oxytocin, and antidiuretic hormone. The secretion of hormones from the anterior pituitary is under the strict control of hypothalamic hormones, and the posterior pituitary is essentially an extension of the hypothalamus, so that hypothalamus and pituitary gland may be regarded as a functional unit.",,,,HP:0000818,HP:0012285; HP:0012503,否,HP:0000838; HP:0000844,否,,,UMLS:C4025819
HP:0000866,Euthyroid multinodular goiter,,,Euthyroid multinodular goitre,,HP:0009798,,是,,否,,,UMLS:C1846034
HP:0000867,Secondary hyperparathyroidism,Secondary hyperparathyroidism refers to the production of higher than normal levels of parathyroid hormone in the presence of hypocalcemia.,"Secondary hyperparathyroidism occurs most commonly secondary to chronic renal failure. Other causes of secondary hyperparathyroidism include osteomalacia, rickets, and malabsorption. The pathophysiology of secondary hyperparathyroidism results from abnormalities in the renal tubular absorption of phosphate with reduced phosphate excretion and hyperphosphatemia, as well as impaired renal conversion of 25-hydroxycholecalciferal to 1,25-dihydroxycholecalciferol, which in turn leads to a decrease in the intestinal absorption of calcium. In combination, elevated serum phosphate levels and reduced vitamin D production result in decreases in serum calcium levels or hypocalcemia, leading to hyperparathyroidism.",,,HP:0000843,,是,,否,,,SNOMEDCT_US:91478007; UMLS:C0020503
HP:0000868,Decreased fertility in females,,,Decreased fertility in females; Reduced fertility in females,,HP:0000144,HP:0008222,否,,否,,,UMLS:C0151639
HP:0000869,Secondary amenorrhea,,,Previous menstrual periods stop,,HP:0000141,,是,,否,,,SNOMEDCT_US:86030004; UMLS:C0232940
HP:0000870,Increased circulating prolactin concentration,The presence of abnormally increased levels of prolactin in the blood. Prolactin is a peptide hormone produced by the anterior pituitary gland that plays a role in breast development and lactation during pregnancy.,,Hyperprolactinemia; Hyperprolactinaemia; Prolactin excess,,HP:0010514,,是,,否,,,SNOMEDCT_US:237662005; UMLS:C0020514
HP:0000871,Panhypopituitarism,"A pituitary functional deficit affecting all the anterior pituitary hormones (growth hormone, thyroid-stimulating hormone, follicle-stimulating hormone, luteinizing hormone, adrenocorticotropic hormone, and prolactin).",,,,HP:0000830,,是,,否,,,SNOMEDCT_US:32390006; UMLS:C0242343
HP:0000872,Hashimoto thyroiditis,"A chronic, autoimmune type of thyroiditis associated with hypothyroidism.",,Chronic lymphocytic thyroiditis; Hashimoto's thyroiditis,,HP:0002960; HP:0100646,,是,,否,,,SNOMEDCT_US:21983002; UMLS:C0677607
HP:0000873,Diabetes insipidus,A state of excessive water intake and hypotonic (dilute) polyuria. Diabetes insipidus may be due to failure of vasopressin (AVP) release (central or neurogenic diabetes insipidus) or to a failure of the kidney to respond to AVP (nephrogenic diabetes insipidus).,,,,HP:0000818,HP:0000863; HP:0009806,否,,否,,,SNOMEDCT_US:15771004; UMLS:C0011848
HP:0000875,Episodic hypertension,,,Intermittent high blood pressure,,HP:0000822,,是,,否,,,UMLS:C1857175
HP:0000876,Oligomenorrhea,Infrequent menses (less than 6 per year or more than 35 days between cycles).,,Light or infrequent menstrual periods,,HP:0000140,,是,,否,,,SNOMEDCT_US:52073004; UMLS:C0028949
HP:0000877,Insulin-resistant diabetes mellitus at puberty,,,Insulin-resistant diabetes mellitus at puberty,,HP:0000831,,是,,否,,,UMLS:C1837792
HP:0000878,11 pairs of ribs,Presence of only 11 pairs of ribs.,"Normally, there are 12 pairs of ribs.",11 pairs of ribs,,HP:0000921,,是,,否,,,UMLS:C1839731
HP:0000879,Short sternum,Decreased inferosuperior length of the sternum.,,Short sternum,Hypoplastic sternum,HP:0006714,,是,,否,,,SNOMEDCT_US:298724002; UMLS:C0575497; UMLS:C4020883
HP:0000882,Hypoplastic scapulae,Underdeveloped scapula.,,Small scapula; Scapular hypoplasia; Short scapulae; Small shoulder blade; Hypoplastic scapula; Small scapulae,,HP:0006713,HP:0006584; HP:0006631,否,HP:0000906; HP:0006616,否,,,UMLS:C1846434
HP:0000883,Thin ribs,Ribs with a reduced diameter.,,Slender ribs; Thin ribs,,HP:0000772,,是,,否,,,SNOMEDCT_US:249697003; UMLS:C0426818
HP:0000884,Prominent sternum,,,Prominent sternum; Sternal protrusion,,HP:0000766,,是,,否,,,UMLS:C1846433
HP:0000885,Broad ribs,Increased width of ribs,,Broad ribs; Wide ribs,,HP:0000772,HP:0012307,否,HP:0000903; HP:0000950; HP:0006667,否,,,UMLS:C1848654
HP:0000886,Deformed rib cage,Malformation of the rib cage.,,Deformed rib cage,,HP:0001547,,是,,否,,,UMLS:C1838659
HP:0000887,Cupped ribs,"Wide, concave rib end.",,Cupped ribs; Rib cupping,Rib flaring,HP:0000772,HP:0000907; HP:0000922; HP:0006603,否,HP:0006635,否,,,SNOMEDCT_US:249704008; UMLS:C0426826; UMLS:C1865039
HP:0000888,Horizontal ribs,"A horizontal (flat) conformation of the ribs, the long curved bones that form the rib cage and normally progressively oblique (slanted) from ribs 1 through 9, then less slanted through rib 12.",,Horizontal ribs,,HP:0000772,,是,,否,,,UMLS:C3806510
HP:0000889,Abnormal clavicle morphology,Any abnormality of the clavicles (collar bones).,,Abnormal clavicles; Abnormal collarbone; Abnormality of the clavicle,,HP:0000765,HP:0000890; HP:0000895; HP:0000905; HP:0000916; HP:0006587; HP:0006599; HP:0006645; HP:0006710; HP:0010560; HP:0100923,否,,否,,,UMLS:C4021792
HP:0000890,Long clavicles,Increased length of the clavicles.,,Long collarbone; Elongated clavicles,,HP:0000889,,是,HP:0006592,否,,,SNOMEDCT_US:249687007; UMLS:C0426808
HP:0000891,Cervical ribs,,,,,HP:0005815,,是,,否,,,SNOMEDCT_US:72535009; UMLS:C0158779
HP:0000892,Bifid ribs,"A bifid rib refers to cleavage of the sternal end of a rib, usually unilateral. Bifid ribs are usually asymptomatic, and are often discovered incidentally by chest x-ray.",,Cleft ribs; Split ribs,,HP:0000772,,是,,否,,,UMLS:C4721788
HP:0000893,Bulging of the costochondral junction,Abnormal outward curving (protuberance) of the junction of ribs and costal cartilage.,The costochondral junction is the structure where the ribs articulate with the sternum.,,,HP:0000919; HP:0000766,,是,,否,,,UMLS:C1848538
HP:0000894,Short clavicles,Reduced length of the clavicles.,,Hypoplastic clavicles; Short collarbone; Clavicular hypoplasia; Underdeveloped clavicles,,HP:0006710,HP:0006608,否,HP:0000898; HP:0005698; HP:0005902,否,,,SNOMEDCT_US:93250003; UMLS:C0426799
HP:0000895,Lateral clavicle hook,An excessive upward convexity of the lateral clavicle.,,Hook-shaped collarbone; Handlebar clavicle; Hooked clavicle; Hook-shaped clavicle,,HP:0000889,,是,,否,,,SNOMEDCT_US:249684000; UMLS:C0426805
HP:0000896,Rib exostoses,Multiple circumscribed bony excrescences located in the ribs.,,,,HP:0000772; HP:0100777,,是,,否,,,UMLS:C1835579
HP:0000897,Rachitic rosary,"A row of beadlike prominences at the junction of a rib and its cartilage (i.e., enlarged costochondral joints), resembling a rosary. Note that rachitic rosary would have one bead per rib (a swelling at the costochondral junction), while beaded ribs in the context of multiple rib fractures have multiple beads (fractures) along the same rib.","Nutritional rickets (NR), secondary to vitamin D deficiency and/or dietary calcium deficiency, is characterized by a range of features including 1) hypocalcemic seizures and tetanic spasms; 2) life-threatening hypocalcemic cardiomyopathy; 3) bone pain and muscle weakness; 4) limb and pelvic deformities; 5) failure to thrive; 6) developmental delay; and 7) dental anomalies. Rickets can additionally be caused by genetic defects such as a defect in the vitamin D receptor gene.",,,HP:0000919; HP:0000766,,是,,否,,,SNOMEDCT_US:15214001; SNOMEDCT_US:249702007
HP:0000900,Thickened ribs,Increased thickness (diameter) of ribs.,,,,HP:0000772,,是,,否,,,SNOMEDCT_US:249699000; UMLS:C0426820
HP:0000902,Rib fusion,Complete or partial merging of adjacent ribs.,,Fused ribs; Rib fusion,,HP:0000772,HP:0000913,否,HP:0000880,否,,,UMLS:C1844749
HP:0000904,Flaring of rib cage,"The presence of wide, concave anterior rib ends.",,Flaring of rib cage; Anterior flaring of ribs,,HP:0000772,HP:0006589,否,HP:0006656,否,,,UMLS:C1854780
HP:0000905,Progressive clavicular acroosteolysis,Progressive bone resorption in the distal part of the clavicle.,,Progressive acroosteolysis of the clavicle,,HP:0000889; HP:0002797,,是,,否,,,UMLS:C1837757
HP:0000907,Anterior rib cupping,"Wide, concave anterior rib end.",,Anteriorly splayed ribs; Anterior cupping of ribs,,HP:0000887,,是,HP:0006601,否,,,UMLS:C1846154
HP:0000910,Wide-cupped costochondral junctions,,,,,HP:0000919,,是,,否,,,UMLS:C1861213
HP:0000911,Flat glenoid fossa,"Abnormally flat configuration of the glenoid fossa, also known as the glenoid cavity, which is the articular surface of the scapula that articulates with the head of the humerus.","See PMID:15163819, figure 2, for the arthrographic appearance of a flat glenoid fossa.",,,HP:0011912,,是,,否,,,UMLS:C1855177
HP:0000912,Sprengel anomaly,"A congenital skeletal deformity characterized by the elevation of one scapula (thus, one scapula is located superior to the other).","Sprengel deformity is associated with malposition and dysplasia of the scapula and also involves regional muscle hypoplasia or atrophy, which causes disfigurement and limitation of shoulder movement. Sprengel deformity may be unilateral or bilateral and occur in isolation or as a syndromic component. Abduction of shoulder beyond 90 degrees is impossible.","High scapula; Sprengel deformity; Congenital, upward displacement of the scapula; High shoulder blade",,HP:0000782,,是,HP:0006621,否,,,MEDDRA:10010455; SNOMEDCT_US:79120002; UMLS:C0152438
HP:0000913,Posterior rib fusion,Complete or partial merging of the posterior part of adjacent ribs.,,,,HP:0000902,,是,,否,,,UMLS:C1842084
HP:0000914,Shield chest,A broad chest.,Stretching of the thoracic cage as a result of fetal edema may contribute to the shield chest with widely spaced nipples that can be obsered in persons with Turner syndrome.,Shield chest,Broad chest,HP:0100625,,是,,否,,,UMLS:C1834124; UMLS:C1839248
HP:0000915,Pectus excavatum of inferior sternum,Pectus excavatum (defect of the chest wall characterized by depression of the sternum) affecting primarily the inferior region of the sternum.,,Pectus excavatum inferiorly,,HP:0000767,,是,,否,,,UMLS:C1864796
HP:0000916,Broad clavicles,Increased width (cross-sectional diameter) of the clavicles.,,Broad collarbone,,HP:0000889,,是,HP:0006651,否,,,SNOMEDCT_US:249680009; UMLS:C0426801
HP:0000917,Superior pectus carinatum,Pectus carinatum affecting primarily the superior part of the sternum.,,Pectus carinatum superiorly,,HP:0000768,,是,,否,,,UMLS:C1864795
HP:0000918,Scapular exostoses,The presence of multiple exostoses on the scapula. An exostosis is a benign growth the projects outward from the bone surface. It is capped by cartilage.,,Scapulae exostoses; Shoulder bone exostoes,,HP:0000782; HP:0100777,,是,,否,,,UMLS:C1851415
HP:0000919,Abnormality of the costochondral junction,"Any anomaly of the costochondral junction. The costochondral junctions are located between the distal part of the ribs and the costal cartilages, which are bars of hyaline cartilage that connect the ribs to the sternum.","The first seven pairs of ribs are connected with the sternum; the next three ribs are each articulated with the lower border of the cartilage of the preceding rib; the last two ribs have pointed extremities, which do not connect with the sternum.",Costochondral juctions abnormal,,HP:0000772,HP:0000893; HP:0000897; HP:0000910; HP:0000920; HP:0006600; HP:0006606; HP:0006607; HP:0006623; HP:0006649,否,,否,,,UMLS:C4021791
HP:0000920,Enlargement of the costochondral junction,"Abnormally increased size of the costochondral junctions, which are located between the distal part of the ribs and the costal cartilages, which are bars of hyaline cartilage that connect the ribs to the sternum.",,Widened costochondral junction; Prominent costochondral junction; Wide costochondral junctions; Enlarged costochondral junctions; Costochondral thickening,,HP:0000919,,是,HP:0006620,否,,,UMLS:C1857180
HP:0000921,Missing ribs,A developmental anomaly with absence of one or more ribs.,,Absent ribs; Decreased rib number; Missing ribs,,HP:0006712,HP:0000878,否,HP:0000881; HP:0006627,否,,,SNOMEDCT_US:249695006; UMLS:C0426816
HP:0000922,Posterior rib cupping,"Wide, concave posterior rib end.",,Anterior and posterior rib cupping,,HP:0000887,,是,HP:0006622,否,,,UMLS:C1837483
HP:0000923,obsolete Beaded ribs,,,,,,,是,,是,,,
HP:0000924,Abnormality of the skeletal system,An abnormality of the skeletal system.,,Abnormality of the skeletal system; Skeletal abnormalities; Skeletal anomalies,,,HP:0010766; HP:0011842; HP:3000050,否,,否,,,UMLS:C4021790
HP:0000925,Abnormality of the vertebral column,Any abnormality of the vertebral column.,,Abnormal vertebral column; Abnormal spine; Abnormality of the spine; Abnormality of the vertebral column,Abnormality of the backbone,HP:0009121,HP:0003302; HP:0003304; HP:0003306; HP:0003310; HP:0003319; HP:0003413; HP:0003416; HP:0003418; HP:0003468; HP:0005107; HP:0005108; HP:0005881; HP:0008423; HP:0008433; HP:0008443; HP:0008518; HP:0008519; HP:0010674; HP:0100711; HP:0100712,否,,否,,,UMLS:C4020882; UMLS:C4021789
HP:0000926,Platyspondyly,A flattened vertebral body shape with reduced distance between the vertebral endplates.,,Flattened vertebral bodies; Flattened vertebrae; Flat vertebral bodies,,HP:0003312,HP:0003321; HP:0004558; HP:0004565; HP:0004592; HP:0004598; HP:0005752; HP:0005787; HP:0008418,否,HP:0002940; HP:0003421; HP:0004595; HP:0004623; HP:0004627; HP:0005123; HP:0005644; HP:0008466,否,,,UMLS:C1844704
HP:0000927,Abnormality of skeletal maturation,"The bones of the skeleton undergo a series of characteristic changes in size, shape, and calcification from fetal life until puberty. An abnormality of this process can include delayed or accelerated skeletal maturation, or deviation of some, but not all bones from the expected patterns of maturation.",,Abnormality of skeletal maturation,,HP:0011843,HP:0002750; HP:0005616; HP:0200000,否,,否,,,UMLS:C4025818
HP:0000929,Abnormal skull morphology,"An abnormality of the skull, the bony framework of the head which is comprised of the neurocranium (with eight cranial bones) and the viscerocranium (facial skeleton) that comprises fourteen facial bones with the mandible as its largest bone.",,Abnormality of the skull,,HP:0009121; HP:0000234,HP:0000235; HP:0000240; HP:0000264; HP:0002679; HP:0002683; HP:0002693; HP:0002699; HP:0002703; HP:0004439; HP:0009116; HP:0009911; HP:0011815; HP:0011821; HP:3000030,否,,否,,,UMLS:C0235942
HP:0000930,Elevated imprint of the transverse sinuses,,,Thinning and bulging of occipital bone over the transverse sinuses; Thinning and bulging of posterior skull bones over the transverse sinuses; Elevated imprint of occipital bone over the transverse sinuses; Elevated imprint of posterior skull bones over the transverse sinuses,,HP:0002693,,是,,否,,,UMLS:C4025817
HP:0000931,Thinning and bulging of the posterior fossa bones,,,Thinning and bulging of posterior fossa bones; Thinning and bulging of posterior skull bones,,HP:0000932,,是,,否,,,UMLS:C4021788; UMLS:C4280608
HP:0000932,Abnormal posterior cranial fossa morphology,"An abnormality of the fossa cranii posterior (the posterior fossa), which is made up primarily of the occipital bone and which surrounds to the foramen magnum.","The floor of the cranial cavity is divided into three distinct depressions called the anterior, middle, and posterior cranial fossa. The posterior cranial fossa, the most posterior and deep of the three cranial fossae, accommodates the brainstem and cerebellum. Abnormalities of the posterier cranial fossa can be demonstrated by cerebral magnetic resonance imaging or computer tomography.",Posterior fossa anomaly; Abnormality of the posterior fossa; Abnormality of the posterior cranial fossa,,HP:0002693,HP:0000931; HP:0005445; HP:0005758; HP:0007291; HP:0010558; HP:0012366,否,HP:0007306,否,,,UMLS:C3280768
HP:0000933,Posterior fossa cyst at the fourth ventricle,,,,,HP:0007291; HP:0007109,,是,,否,,,UMLS:C4025816
HP:0000934,Chondrocalcinosis,Radiographic evidence of articular calcification that represent calcium pyrophosphate depositions in soft tissue surrounding joints and at the insertions of tendons near joints (Entheses/Sharpey fibers) .,,Calcium deposits in joints,,HP:0100685; HP:0001367; HP:0010766,HP:0005017,否,,否,,,SNOMEDCT_US:201637001; SNOMEDCT_US:239832006; SNOMEDCT_US:239838005; UMLS:C0553730
HP:0000935,Thickened cortex of long bones,Abnormal thickening of the cortex of long bones.,,Thickened cortices of long bones; Cortical thickening of the long bones; Broad cortex of long bones,,HP:0100039; HP:0011314,HP:0003868; HP:0005665; HP:0005791; HP:0006415,否,,否,,,UMLS:C1840418
HP:0000938,Osteopenia,Osteopenia is a term to define bone density that is not normal but also not as low as osteoporosis. By definition from the World Health Organization osteopenia is defined by bone densitometry as a T score -1 to -2.5.,,Generalised osteopenia; Generalized osteopenia; Osteopaenia,,HP:0004349,,是,HP:0002768; HP:0002799; HP:0002800,否,,,SNOMEDCT_US:312894000; SNOMEDCT_US:78441005; UMLS:C0029453; UMLS:C0747078
HP:0000939,Osteoporosis,"Osteoporosis is a systemic skeletal disease characterized by low bone density and microarchitectural deterioration of bone tissue with a consequent increase in bone fragility. According to the WHO criteria, osteoporosis is defined as a BMD that lies 2.5 standard deviations or more below the average value for young healthy adults (a T-score below -2.5 SD).","Osteoporosis is a disease that is characterized by low bone mass, deterioration of bone tissue, and disruption of bone microarchitecture: it can lead to compromised bone strength and an increase in the risk of fractures.",,,HP:0004349,,是,HP:0002774,否,,,SNOMEDCT_US:64859006; UMLS:C0029456
HP:0000940,Abnormal diaphysis morphology,"An abnormality of the structure or form of the diaphysis, i.e., of the main or mid-section (shaft) of a long bone.",,Abnormal shape of shaft of long bone; Abnormality involving the diaphyses of the limbs; Anomaly of the limb diaphyses; Anomaly of the limb diaphyses morphology; Abnormality of shaft of long bone of the limbs; Abnormality of the diaphyses,,HP:0002813; HP:0011314,HP:0000941; HP:0003034; HP:0004993; HP:0005019; HP:0005791; HP:0006371; HP:0006440; HP:0006470; HP:0006487; HP:0008114; HP:0009808; HP:0012699; HP:0100252; HP:0100253,否,HP:0006504,否,,,UMLS:C4021787
HP:0000941,Short diaphyses,,,Short shaft of long bone,,HP:0000940,,是,,否,,,UMLS:C4025815
HP:0000943,Dysostosis multiplex,,,,,HP:0011842,,是,HP:0002760,否,,,SNOMEDCT_US:254069004; SNOMEDCT_US:65327002; UMLS:C0086795
HP:0000944,Abnormal metaphysis morphology,"An abnormality of one or more metaphysis, i.e., of the somewhat wider portion of a long bone that is adjacent to the epiphyseal growth plate and grows during childhood.",,Abnormality of the wide portion of a long bone,,HP:0002813; HP:0011314,HP:0002810; HP:0003016; HP:0003021; HP:0003025; HP:0003051; HP:0003562; HP:0003908; HP:0004979; HP:0004980; HP:0005054; HP:0005089; HP:0005868; HP:0006490; HP:0009809; HP:0100255; HP:0100959,否,HP:0006506,否,,,UMLS:C4025814
HP:0000946,Hypoplastic ilia,Underdevelopment of the ilium.,,Short and small iliac bones; Small iliac bones,,HP:0002867,HP:0002866; HP:0008821; HP:0008824; HP:0100866,否,HP:0003176; HP:0003178,否,,,UMLS:C1861218; UMLS:C4280607
HP:0000947,Dumbbell-shaped long bone,"An abnormal appearance of the long bones with resemblance to a dumbbell, a short bar with a weight at each end. That is, the long bone is shortened and displays flaring (widening) of the metaphyses.",,Dumbbell-shaped long bone; Dumbbell widening of long bone metaphyses,,HP:0003016,HP:0005009; HP:0006375,否,HP:0005061; HP:0005071; HP:0005075,否,,,UMLS:C2749582
HP:0000951,Abnormality of the skin,An abnormality of the skin.,,Dermopathy; Dermatopathy; Abnormality of the skin,Skin abnormality,HP:0001574,HP:0008069; HP:0011121; HP:0011122,否,HP:0001478; HP:0001479; HP:0005591; HP:0006736; HP:0007415; HP:0007580,否,,,SNOMEDCT_US:199879009; SNOMEDCT_US:95320005; UMLS:C0037268; UMLS:C0037274
HP:0000952,Jaundice,"Yellow pigmentation of the skin due to bilirubin, which in turn is the result of increased bilirubin concentration in the bloodstream.",,Yellowing of the skin; Yellow skin; Jaundice; Icterus,,HP:0001396; HP:0001005,HP:0001046; HP:0006579,否,,否,,,SNOMEDCT_US:18165001; UMLS:C0022346
HP:0000953,Hyperpigmentation of the skin,A darkening of the skin related to an increase in melanin production and deposition.,,Increased skin pigmentation; Hyperpigmented lesion; Patchy darkened skin; Cutaneous hyperpigmentation; Skin hyperpigmentation,Melanoderma; Melanodermia,HP:0001000,HP:0005586; HP:0007400; HP:0007440; HP:0007505; HP:0009123,否,HP:0007527,否,,,SNOMEDCT_US:4830009; SNOMEDCT_US:49765009; UMLS:C0162834
HP:0000954,Single transverse palmar crease,The distal and proximal transverse palmar creases are merged into a single transverse palmar crease.,The presence of a single palmar crease (instead of the two palmar creases that are typically present).,Simian creases; Simian crease; Single palmar crease; Single transverse palmar creases; Transverse palmar crease; Single flexion crease; Simian line; Single palmar creases,,HP:0010490,HP:0007598,否,HP:0006214,否,,,SNOMEDCT_US:248409006; UMLS:C0424731
HP:0000956,Acanthosis nigricans,"A dermatosis characterized by thickened, hyperpigmented plaques, typically on the intertriginous surfaces and neck.","Acanthosis nigricans is seen in a variety of syndromes including those characterized by insulin resistance or fibroblast growth factor receptor (FGFR) mutations, and may also occur as an adverse effect of several medications that promote hyperinsulinemia.",Keratosis nigricans; Darkened and thickened skin,,HP:0011368,,是,HP:0007498; HP:0007518; HP:0007591,否,,,SNOMEDCT_US:402599005; SNOMEDCT_US:72129000; UMLS:C0000889
HP:0000957,Cafe-au-lait spot,Cafe-au-lait spots are hyperpigmented lesions that can vary in color from light brown to dark brown with smooth borders and having a size of 1.5 cm or more in adults and 0.5 cm or more in children.,"The phrase cafe-au-lait comes from the French word for milk-coffee. A single cafe-au-lait spot can be an isolated finding in otherwise normal individuals. Multiple cafe-au-lait spots often indicate the presence of neurofibromatosis type 1 but may also be seen in other diseases including McCune-Albright syndrome, tuberous sclerosis, and Fanconi anemia.",Cafe-au-lait macules; Cafe au lait spots; Cafe-au-lait macule,Cafe-au-lait spots,HP:0001034,HP:0007429; HP:0007565,否,HP:0005601; HP:0007454,否,,,SNOMEDCT_US:201281002; SNOMEDCT_US:51089004; UMLS:C0221263; UMLS:C0265974
HP:0000958,Dry skin,Skin characterized by the lack of natural or normal moisture.,,Dry skin; Xerosis,,HP:0011121,,是,,否,,,MEDDRA:10048222; SNOMEDCT_US:16386004; UMLS:C0151908; UMLS:C0259817
HP:0000960,Sacral dimple,A cutaneous indentation resulting from tethering of the skin to underlying structures (bone) of the intergluteal cleft.,,Spinal dimple; Pilonidal dimple,,HP:0010781; HP:0010767,,是,,否,,,SNOMEDCT_US:249729002; SNOMEDCT_US:311897005; UMLS:C0426848
HP:0000961,Cyanosis,Bluish discoloration of the skin and mucosa due to poor circulation or inadequate oxygenation of arterial or capillary blood.,,Blue discoloration of the skin,,HP:0001005,HP:0200048,否,,否,,,SNOMEDCT_US:119419001; SNOMEDCT_US:3415004; UMLS:C0010520
HP:0000962,Hyperkeratosis,"Hyperkeratosis is a histopathological term defining a thickened stratum corneum and may be present in many different skin conditions, with many possible overlaps. Hyperkeratosis refers to the increased thickness of the stratum corneum, the outer layer of the skin. Hyperkeratosis is subclassified as orthokeratotic or parakeratotic. Orthokeratotic hyperkeratosis refers to the thickening of the keratin layer with preserved keratinocyte maturation, while parakeratotic hyperkeratosis shows retained nuclei as a sign of delayed maturation of keratinocytes.",,Epidermal hyperkeratosis,,HP:0011368,HP:0000222; HP:0005595; HP:0007390; HP:0007448; HP:0007468; HP:0007490; HP:0007501; HP:0007502; HP:0007556; HP:0007570; HP:0008392; HP:0008399; HP:0008410; HP:0010765,否,HP:0007523; HP:0007543,否,,,MEDDRA:10020649; SNOMEDCT_US:26996000; SNOMEDCT_US:396228006; SNOMEDCT_US:399955009; UMLS:C0870082
HP:0000963,Thin skin,"Reduction in thickness of the skin, generally associated with a loss of suppleness and elasticity of the skin.",,Thin skin,,HP:0008065,,是,HP:0001020,否,,,SNOMEDCT_US:277797007; UMLS:C0423757
HP:0000964,Eczematoid dermatitis,"Eczema is a form of dermatitis that is characterized by scaly, pruritic, erythematous lesions located on flexural surfaces.","The term eczema is broadly applied to a range of persistent skin conditions and can be related to a number of underlying conditions. Manifestations of eczema can include dryness and recurring skin rashes with redness, skin edema, itching and dryness, crusting, flaking, blistering, cracking, oozing, or bleeding. Eczema has several forms including atopic dermatitis, contact dermatitis, dyshidrotic eczema, nummular eczema, seborrheic dermatitis, and stasis dermatitis.",Eczema,Dermatitis,HP:0011123,HP:0001047; HP:0001051; HP:0011127,否,HP:0000976; HP:0001481,否,,,SNOMEDCT_US:281104002; SNOMEDCT_US:43116000; UMLS:C0013595
HP:0000965,Cutis marmorata,"A reticular discoloration of the skin with cyanotic (reddish-blue appearing) areas surrounding pale central areas due to dilation of capillary blood vessels and stagnation of blood within the vessels. Cutis marmorata generally occurs on the legs, arms and trunk and is often more severe in cold weather.",,,,HP:0011276,,是,HP:0001037,否,,,UMLS:C0263401
HP:0000966,Hypohidrosis,Abnormally diminished capacity to sweat.,,"Decreased ability to sweat; Sweating, decreased; Decreased sweating; Inadequate sweating; Impaired sweating; Oligohidrosis",,HP:0007550,HP:0007480,否,HP:0007551; HP:0007571,否,,,MEDDRA:10021013; SNOMEDCT_US:45004005; UMLS:C0020620
HP:0000967,Petechiae,"Petechiae are pinpoint-sized reddish/purple spots, resembling a rash, that appear just under the skin or a mucous membrane when capillaries have ruptured and some superficial bleeding into the skin has happened. This term refers to an abnormally increased susceptibility to developing petechiae.",,,,,,是,,否,,,MEDDRA:10034754; SNOMEDCT_US:271813007; SNOMEDCT_US:50091001; UMLS:C0031256
HP:0000968,Ectodermal dysplasia,"Ectodermal dysplasia is a group of conditions in which there is abnormal development of the skin, hair, nails, teeth, or sweat glands.",This term is kept in the HPO for now as 'ectodermal dysplasia' has been recorded as a phenotypic of other disorders such as DEAFNESS WITH ANHIDROTIC ECTODERMAL DYSPLASIA (MIM125050). Nevertheless it is preferable to use precise descriptions of the phenotypic abnormalities and this term should not be used for new annotations. It will be made obsolete in the future.,,,HP:0011354,HP:0007476; HP:0007529; HP:0007607,否,HP:0007436; HP:0007615,否,,,SNOMEDCT_US:254154003; SNOMEDCT_US:8654005; UMLS:C0013575
HP:0000969,Edema,"An abnormal accumulation of fluid beneath the skin, or in one or more cavities of the body.","Edema may be related to one or more of the following factors: 1) increased capillary hydrostatic pressure, 2) decreased osmotic pressure of plasma, 3) decreased tissue tension and lymphatic drainage, 4) increased osmotic pressure of tissue fluids, and 5) increased capillary permeability.",Fluid retention; Hydrops; Dropsy; Water retention; Oedema,,HP:0011032,HP:0000282; HP:0001004; HP:0001386; HP:0001789; HP:0002181; HP:0002202; HP:0005225; HP:0007430; HP:0007448; HP:0007514; HP:0007609; HP:0010741; HP:0010742; HP:0010880; HP:0011855; HP:0012027; HP:0012040; HP:0012398; HP:0100598; HP:0100665; HP:0100748,否,HP:0000990,否,,,SNOMEDCT_US:20741006; SNOMEDCT_US:267038008; SNOMEDCT_US:423666004; SNOMEDCT_US:79654002; UMLS:C0013604
HP:0000970,Anhidrosis,Inability to sweat.,,Lack of sweating; Anhydrosis; Sudomotor dysfunction; Sweating dysfunction,,,,是,,否,,,MEDDRA:10002512; SNOMEDCT_US:14662005; SNOMEDCT_US:39659002; UMLS:C0003028
HP:0000971,Abnormal sweat gland morphology,Any structural abnormality of the sweat gland.,,Abnormality of the sweat gland,Sweat gland disease; Abnormalities of sweating,HP:0011138,HP:0007500; HP:0011135,否,,否,,,SNOMEDCT_US:88232005; UMLS:C0038986; UMLS:C0262643; UMLS:C4020881
HP:0000972,Palmoplantar hyperkeratosis,Abnormal thickening of the skin localized to the palm of the hand and the sole of the foot.,The terms hyperkeratosis and keratoderma have been used interchangeably throughout the literature.,Palmoplantar keratoses; Hyperkeratosis of the palms and soles; Thick palms and soles; Thickened palms and soles; Thickening of the outer layer of the skin of the palms and soles; Hyperkeratosis of palms and soles; Palmoplantar keratosis,,HP:0010765; HP:0007556,HP:0000982; HP:0005588; HP:0007404; HP:0007447; HP:0007465; HP:0007497; HP:0007530; HP:0007545; HP:0007553; HP:0007613,否,HP:0007548,否,,,SNOMEDCT_US:706885006; UMLS:C0022596
HP:0000973,Cutis laxa,"Wrinkled, redundant, inelastic and sagging skin.",,Cutaneous laxity; Dermatomegaly; Inelastic skin; Loose skin; Lax skin; Skin laxity; Elastolysis; Chalazoderma; Generalized elastolysis; Loose and inelastic skin; Hypoelastic skin; Dermatochalasia; Generalised elastolysis,,HP:0008067,HP:0001582; HP:0007517,否,,否,,,SNOMEDCT_US:58588007; UMLS:C0010495; UMLS:C2930812; UMLS:C4280606
HP:0000974,Hyperextensible skin,"A condition in which the skin can be stretched beyond normal, and then returns to its initial position.","Skin hyperelasticity is to be distinguished from cutis laxa, which refers to extra, redundant skin which tends to hang in folds.",Stretchable skin; Skin hyperextensibility; Hyperelastic skin; Skin hyperelasticity,,HP:0008067,HP:0007458,否,HP:0007389; HP:0007493; HP:0007578,否,,,UMLS:C0241074
HP:0000975,Hyperhidrosis,Abnormal excessive perspiration (sweating) despite the lack of appropriate stimuli like hot and humid weather.,"The terms hyperhidrosis and diaphoresis are often used interchangeably to describe excessive perspiration. Diaphoresis can be used to refer to excessive sweating that occurs with certain diseases (secondary hyperhidrosis). Since the HPO does not intend to provide coess for etiologies or diseases, we will use these terms interchangeably to refer to excessive perspiration without an appropriate cause such as hot and humid weather.","Sweating, increased; Increased sweating; Excessive sweating; Diaphoresis; Profuse sweating; Sweating profusely; Sweating",,HP:0007550,HP:0001069; HP:0006089,否,HP:0001011; HP:0001064; HP:0007424,否,,,MEDDRA:10020642; SNOMEDCT_US:161857006; SNOMEDCT_US:312230002; SNOMEDCT_US:364538006; SNOMEDCT_US:415690000; SNOMEDCT_US:415691001; SNOMEDCT_US:52613005; UMLS:C0020458; UMLS:C0038990; UMLS:C0700590
HP:0000976,obsolete Eczematoid dermatitis,,,,,,,是,,是,,,
HP:0000977,Soft skin,Subjective impression of increased softness upon palpation of the skin.,,Soft skin,Velvety skin; Velvety skin texture,HP:0010647,HP:0001027,否,,否,,,UMLS:C0241178; UMLS:C1844592
HP:0000978,Bruising susceptibility,An ecchymosis (bruise) refers to the skin discoloration caused by the escape of blood into the tissues from ruptured blood vessels. This term refers to an abnormally increased susceptibility to bruising. The corresponding phenotypic abnormality is generally elicited on medical history as a report of frequent ecchymoses or bruising without adequate trauma.,An ecchymosis is defined as being larger than 1 cm in size.,Bruising susceptibility; Easy bruising; Bruisability; Bruise easily; Easy bruisability,,HP:0001933,,是,HP:0000959; HP:0007433; HP:0007472,否,,,SNOMEDCT_US:302227002; SNOMEDCT_US:424131007; SNOMEDCT_US:425075004; SNOMEDCT_US:77643000; UMLS:C0013491; UMLS:C0423798
HP:0000979,Purpura,"Purpura (from Latin: purpura, meaning purple) is the appearance of red or purple discolorations on the skin that do not blanch on applying pressure. They are caused by bleeding underneath the skin. This term refers to an abnormally increased susceptibility to developing purpura. Purpura are larger than petechiae.","Depending on their size, purpuric lesions are traditionally classified as petechiae (pinpoint hemorrhages less than 2 mm in greatest diameter), purpura (2 mm to 1 cm) or ecchymoses (more than 1 cm).",Red or purple spots on the skin,,HP:0001933,,是,,否,,,SNOMEDCT_US:12393003; SNOMEDCT_US:387778001; SNOMEDCT_US:423902002; UMLS:C0034150
HP:0000980,Pallor,Abnormally pale skin.,,,Paleness; Skin paleness,HP:0011121,HP:0001017,否,,否,,,SNOMEDCT_US:398979000; UMLS:C0030232
HP:0000982,Palmoplantar keratoderma,Abnormal thickening of the skin of the palms of the hands and the soles of the feet.,,Thickening of palms and soles; Palmar and plantar keratoderma; Keratoderma,,HP:0000972,,是,,否,,,SNOMEDCT_US:706885006; UMLS:C0022596
HP:0000987,Atypical scarring of skin,Atypically scarred skin .,,Atypical scarring; Atypical scarring of skin,,HP:0100699; HP:0011355,HP:0001075; HP:0004552; HP:0010562; HP:0100837,否,,否,,,UMLS:C4021786
HP:0000988,Skin rash,A red eruption of the skin.,,Skin rash,,HP:0011123,HP:0007417,否,,否,,,MEDDRA:10037844; SNOMEDCT_US:112625008; SNOMEDCT_US:271807003; UMLS:C0015230
HP:0000989,Pruritus,Pruritus is an itch or a sensation that makes a person want to scratch. This term refers to an abnormally increased disposition to experience pruritus.,,Skin itching; Itchy skin; Itching,,HP:0011122,,是,,否,,,SNOMEDCT_US:279333002; SNOMEDCT_US:418290006; SNOMEDCT_US:418363000; SNOMEDCT_US:424492005; UMLS:C0033774
HP:0000991,Xanthomatosis,"The presence of multiple xanthomas (xanthomata) in the skin. Xanthomas are yellowish, firm, lipid-laden nodules in the skin.",,Yellow bumps of fatty deposits on skin; Xanthomata,,HP:0011355,HP:0001013; HP:0001039; HP:0001114; HP:0010874,否,,否,,,SNOMEDCT_US:63103006; UMLS:C0043325
HP:0000992,Cutaneous photosensitivity,An increased sensitivity of the skin to light. Photosensitivity may result in a rash upon exposure to the sun (which is known as photodermatosis). Photosensitivity can be diagnosed by phototests in which light is shone on small areas of skin.,,Sun sensitivity; Photosensitive skin rashes; Photosensitive skin; Sensitivity to sunlight; Skin photosensitivity; Photosensitivity,,HP:0011354,HP:0007396; HP:0007537,否,HP:0005594; HP:0006831; HP:0007538,否,,,SNOMEDCT_US:90128006; UMLS:C0349506
HP:0000993,Molluscoid pseudotumors,"Bluish-grey, spongy nodules associated with scars over pressure points and easily traumatized areas like the elbows and knees.",,Molluscoid pseudotumor,,HP:0011355,,是,,否,,,UMLS:C1844597
HP:0000995,Melanocytic nevus,"A oval and round, colored (usually medium-to dark brown, reddish brown, or flesh colored) lesion. Typically, a melanocytic nevus is less than 6 mm in diameter, but may be much smaller or larger.","Melanocytic nevi are commonly known as moles. The majority of moles appear during the first 20 to 30 years of a person's life, however, some may be present when the baby is born. The average human has from 10 to 14 moles. Moles can develop on the scalp, under the nails, armpits, virtually anywhere on the body. The total number of moles a person can have usually varies during his or her lifetime.",Nevocellular nevi; Beauty mark; Pigmented naevi; Melanocytic nevi; Pigmented nevi; Melanocytic naevus,,HP:0001000; HP:0003764,HP:0005600; HP:0005603; HP:0005606; HP:0007481,否,,否,,,SNOMEDCT_US:21119008; SNOMEDCT_US:400096001; UMLS:C0027962; UMLS:C4280269
HP:0000996,Facial capillary hemangioma,"Hemangioma, a benign tumor of the vascular endothelial cells with small endothelial spaces, occurring in the face.",,,,HP:0000329; HP:0005306,HP:0007452; HP:0007466; HP:0007601,否,,否,,,UMLS:C1858545
HP:0000997,Axillary freckling,"The presence in the axillary region (armpit) of an increased number of freckles, small circular spots on the skin that are darker than the surrounding skin because of deposits of melanin.",,,,HP:0001480,,是,,否,,,UMLS:C1860335
HP:0000998,Hypertrichosis,Hypertrichosis is increased hair growth that is abnormal in quantity or location.,,,,HP:0011362,HP:0002219; HP:0004532; HP:0004535; HP:0004540; HP:0004554; HP:0004780; HP:0011913; HP:0011914,否,,否,,,SNOMEDCT_US:271607001; SNOMEDCT_US:29966009; UMLS:C0020555
HP:0000999,Pyoderma,Any manifestation of a skin disease associated with the production of pus.,Pyoderma is mainly seen with bacterial skin infections but can also be observed in autoimmune conditions.,Pus-filled lesion,,HP:0005406,,是,,否,,,SNOMEDCT_US:70759006; UMLS:C0034212
HP:0001000,Abnormality of skin pigmentation,An abnormality of the pigmentation of the skin.,,Pigmentary skin changes; Pigmentary changes; Abnormality of skin pigmentation; Abnormality of pigmentation; Abnormal pigmentation; Pigmentation anomaly; Abnormal skin color; Abnormal skin colour; Abnormal skin pigmentation,,HP:0011121,HP:0000953; HP:0000995; HP:0001010; HP:0001045; HP:0001070; HP:0001106; HP:0001480; HP:0005587; HP:0007427; HP:0007483; HP:0007587; HP:0007610; HP:0007617; HP:0007623; HP:0010802; HP:0011125; HP:0200015,否,HP:0007582; HP:0200045,否,,,UMLS:C1260926
HP:0001001,Abnormality of subcutaneous fat tissue,,,Abnormality of fatty tissue below the skin,,HP:0009124; HP:0011354,HP:0001031; HP:0003758; HP:0007525; HP:0007552; HP:0009003,否,,否,,,UMLS:C4025813
HP:0001002,obsolete Decreased subcutaneous fat,,,,,,,是,,是,,,
HP:0001003,Multiple lentigines,"Presence of an unusually high number of lentigines (singular: lentigo), which are flat, tan to brown oval spots.",Lentigines are commonly (but not always) due to chronic sun exposure (solar lentigines; sometimes called liver spots) and occur most frequently on the face and back of the hands.,,,HP:0001034,,是,,否,,,SNOMEDCT_US:72100002; UMLS:C0036651; UMLS:C1328931
HP:0001004,Lymphedema,Localized fluid retention and tissue swelling caused by a compromised lymphatic system.,,Swelling caused by excess lymph fluid under skin; Lymphoedema; Lymphatic obstruction; Onset of lymphedema around puberty,,HP:0000969,HP:0003550; HP:0004788,否,HP:0003605,否,,,SNOMEDCT_US:234097001; SNOMEDCT_US:30213001; UMLS:C0024236; UMLS:C0240278; UMLS:C1835229
HP:0001005,Dermatological manifestations of systemic disorders,,,,,HP:0011354,HP:0000952; HP:0000961; HP:0001038; HP:0001050,否,,否,,,UMLS:C4025812
HP:0001006,obsolete Hypotrichosis,,,,,,,是,,是,,,
HP:0001007,Hirsutism,Abnormally increased hair growth referring to a male pattern of body hair (androgenic hair).,,Excessive hairiness,,HP:0011362,HP:0002230; HP:0009889,否,,否,,,SNOMEDCT_US:399939002; UMLS:C0019572
HP:0001008,Accumulation of melanosomes in melanocytes,,,,,HP:0011125,,是,,否,,,UMLS:C1843389
HP:0001009,Telangiectasia,"Telangiectasias refer to small dilated blood vessels located near the surface of the skin or mucous membranes, measuring between 0.5 and 1 millimeter in diameter. Telangiectasia are located especially on the tongue, lips, palate, fingers, face, conjunctiva, trunk, nail beds, and fingertips.",,Telangiectases,Spider veins,HP:0011276,HP:0001232; HP:0007489; HP:0007583; HP:0007763; HP:0100579; HP:0100585,否,HP:0001079,否,,,SNOMEDCT_US:112641009; SNOMEDCT_US:247479008; UMLS:C0039446; UMLS:C1138421
HP:0001010,Hypopigmentation of the skin,A reduction of skin color related to a decrease in melanin production and deposition.,,Hypopigmented skin; Patchy lightened skin; Hypopigmentation,Skin hypopigmentation,HP:0001000,HP:0001053; HP:0007443; HP:0007513; HP:0007535; HP:0007544; HP:0007554; HP:0009123; HP:0009719; HP:0200098,否,HP:0005589; HP:0007604; HP:0007622,否,,,SNOMEDCT_US:18655006; SNOMEDCT_US:201284005; SNOMEDCT_US:23006000; SNOMEDCT_US:89031001; UMLS:C0162835
HP:0001011,obsolete Diaphoresis (with pheochromocytoma),,,,,,,是,,是,,,
HP:0001012,Multiple lipomas,The presence of multiple lipomas (a type of benign tissue made of fatty tissue).,"A lipoma is a benign tumor composed of fatty tissue. They are the most common form of soft tissue tumor and are usually soft to the touch, movable, and generally painless (but there is a separate entity of painful multiple lipomas which is a hereditary disease called Dercum disease or adiposis dolorosa). Many lipomas are small (under one centimeter diameter) but can enlarge to sizes greater than six centimeters. Lipomas are commonly found in adults from 40 to 60 years of age, but can also be found in children.",Lipomata; Multiple fatty lumps,Lipomatosis; Lipomas,HP:0012031,HP:0001031; HP:0006773; HP:0100251,否,,否,,,NCIT:C3192; SNOMEDCT_US:404062002; SNOMEDCT_US:46720004; SNOMEDCT_US:93163002; UMLS:C0023798; UMLS:C0745730
HP:0001013,Eruptive xanthomas,"Eruptive xanthomas are yellow-orange-to-red-brown papules that are often surrounded by an erythematous halo. They appear in crops on the buttocks, extensor surfaces of the extremities, and flexural creases. Acutely, variable amounts of pruritus and pain occur.",Eruptive xanthomas occur in the setting of chylomicronemia and hypertriglyceridemia.,,,HP:0000991,,是,,否,,,SNOMEDCT_US:238952003; UMLS:C0221252
HP:0001014,Angiokeratoma,"Angiokeratomas are hyperkeratotic papules that are characterized histologically by superficial ectatic (i.e., dilated) blood vessels with epidermal proliferation. Clinically, angiokeratoma presents as a small, raised, dark-red spot.",Angiokeratomas occur clinically as 1 of 5 different subtypes.,Angiokeratomas,,HP:0011276,HP:0001071,否,,否,,,SNOMEDCT_US:26810009; UMLS:C0002985
HP:0001015,Prominent superficial veins,"A condition in which superficial veins (i.e., veins just under the skin) are more conspicuous or noticeable than normal.",See Figure 4 of PMID:24456199,Marked subcutaneous veins; Prominent veins,,HP:0007394; HP:0002624,HP:0001043; HP:0007457; HP:0100885,否,,否,,,UMLS:C1837785
HP:0001017,Anemic pallor,A type of pallor that is secondary to the presence of anemia.,,Anaemic pallor,,HP:0000980,,是,,否,,,UMLS:C4025811
HP:0001018,Abnormal palmar dermatoglyphics,"An abnormality of the dermatoglyphs, i.e., an abnormality of the patterns of ridges of the skin of palm of hand.",,,,HP:0007477,HP:0001042; HP:0005689; HP:0005875; HP:0005882; HP:0006189; HP:0007602; HP:0007608; HP:0010490,否,,否,,,UMLS:C4025810
HP:0001019,Erythroderma,"An inflammatory exfoliative dermatosis involving nearly all of the surface of the skin. Erythroderma develops suddenly. A patchy erythema may generalize and spread to affect most of the skin. Scaling may appear in 2-6 days and be accompanied by hot, red, dry skin, malaise, and fever.","Erythroderma can occur at any age. Erythroderma with a congenital or neonatal onset has a different differential diagnosis than adult-onset erythroderma. Several skin disorders may culminate with erythroderma: seborrheic dermatitis/sarcoidosis; contact (allergic or irritant) dermatitis (eg, stasis dermatitis with generalization); atopic dermatitis/autoimmune disease (systemic lupus/dermatomyositis/bullous pemphigoid/pemphigus foliaceus/lichen planus/graft-versus-host disease); lymphoma/leukemia (including Sézary syndrome); psoriasis, including Reiter syndrome/pityriasis rubra pilaris (PRP); infections (human immunodeficiency virus, dermatophytosis), ichthyoses, infestations (Norwegian scabies); drug reactions. Some cases are also associated with erosions (loss of epidermis with an epidermal base), crusting (serous, sanguineous, or pustular), and the potential for hair and nail changes. Exfoliative dermatitis and erythroderma (the preferred term) have been used synonymously in the literature.",Generalized erythroderma; Generalised erythroderma; Generalized erythrodermia; Generalised erythrodermia; Exfoliative dermititis,,HP:0011123,HP:0007381,否,,否,,,SNOMEDCT_US:200948000; SNOMEDCT_US:396349005; SNOMEDCT_US:396350005; SNOMEDCT_US:399992009; SNOMEDCT_US:400005007; UMLS:C0011606
HP:0001022,Albinism,"An abnormal reduction in the amount of pigmentation (reduced or absent) of skin, hair and eye (iris and retina).",,Albinism; Achromasia,,HP:0005599; HP:0007513,,是,,否,,,SNOMEDCT_US:15890002; SNOMEDCT_US:18064000; UMLS:C0001916; UMLS:C0333913
HP:0001024,Skin dimple over apex of long bone angulation,,,,,HP:0010781,,是,,否,,,UMLS:C1855815
HP:0001025,Urticaria,"Raised, well-circumscribed areas of erythema and edema involving the dermis and epidermis. Urticaria is intensely pruritic, and blanches completely with pressure.",,Hives,,HP:0011276,,是,,否,,,MEDDRA:10046735; SNOMEDCT_US:126485001; SNOMEDCT_US:247472004; SNOMEDCT_US:64305001; UMLS:C0042109
HP:0001026,Penetrating foot ulcers,,,Penetrating foot ulcers,,HP:0200042,,是,,否,,,UMLS:C4025809
HP:0001027,"Soft, doughy skin","A skin texture that is unusually soft (and may feel silky), and has a malleable consistency resembling that of dough.",,"Soft, doughy skin",,HP:0000977,,是,,否,,,UMLS:C1849043
HP:0001028,Hemangioma,"A hemangioma is a benign tumor characterized by blood-filled spaces lined by benign endothelial cells. A hemangioma characterized by large endothelial spaces (caverns) is called a cavernous hemangioma (in contrast to a hemangioma with small endothelial spaces, which is called capillary hemangioma).",,Strawberry mark,Hemangiomata,HP:0100742,HP:0000329; HP:0001048; HP:0001076; HP:0005306; HP:0007461; HP:0007872; HP:0009711; HP:0012222; HP:0012329,否,HP:0007444,否,,,NCIT:C3085; SNOMEDCT_US:2099007; SNOMEDCT_US:253053003; SNOMEDCT_US:400210000; UMLS:C0018916
HP:0001029,Poikiloderma,"Poikiloderma refers to a patch of skin with (1) reticulated hypopigmentation and hyperpigmentation, (2) wrinkling secondary to epidermal atrophy, and (3) telangiectasias.","Poikiloderma does not refer to a specific disease entity, but can be seen owing to a number of different causes. See Figure 2 of PMID:32363096.",,,HP:0011121,,是,,否,,,MEDDRA:10057041; SNOMEDCT_US:402685001; SNOMEDCT_US:70114006; UMLS:C0392777
HP:0001030,Fragile skin,Skin that splits easily with minimal injury.,,Fragile skin; Skin fragility,,HP:0011354,HP:0007585,否,,否,,,MEDDRA:10040851; SNOMEDCT_US:247427007; UMLS:C0241181
HP:0001031,Subcutaneous lipoma,The presence of subcutaneous lipoma.,,,,HP:0008069; HP:0001012; HP:0001001,HP:0007596,否,,否,,,NCIT:C3192; UMLS:C1403035
HP:0001032,Absent distal interphalangeal creases,Absence of the distal interphalangeal flexion creases of the fingers.,,Absence of skin creases over distal interphalangeal joints; Aplasia of the distal interphalangeal creases; Distal finger flexion creases absent,,HP:0006109,HP:0005780,否,,否,,,UMLS:C1861349
HP:0001033,Facial flushing after alcohol intake,,,Facial flushing after alcohol intake,,,,是,,否,,,UMLS:C4025808
HP:0001034,Hypermelanotic macule,A hyperpigmented circumscribed area of change in normal skin color without elevation or depression of any size.,,Hyperpigmented macules; Hyperpigmented spots,Hyperpigmented skin patches,HP:0007400; HP:0012733,HP:0000957; HP:0001003; HP:0005605; HP:0007412; HP:0011369,否,HP:0007442; HP:0007491; HP:0007492; HP:0100815; HP:0200031; HP:0200033,否,,,UMLS:C1842774
HP:0001036,Parakeratosis,"Abnormal formation of the keratinocytes of the epidermis characterized by persistence of nuclei, incomplete formation of keratin, and moistness and swelling of the keratinocytes.",Persistence of the nuclei of keratinocytes as they rise into the stratum corneum of the epidermis. Parakeratosis is observed as scaling in many conditions such as psoriasis.,,,HP:0011368,,是,,否,,,SNOMEDCT_US:200766001; SNOMEDCT_US:65068000; UMLS:C0030436
HP:0001038,Warfarin-induced skin necrosis,,,,,HP:0001005,,是,,否,,,UMLS:C1867638
HP:0001039,Atheroeruptive xanthoma,,,,,HP:0000991,,是,,否,,,UMLS:C4025807
HP:0001040,Multiple pterygia,,,,,HP:0001059,,是,,否,,,UMLS:C1867448
HP:0001041,Facial erythema,"Redness of the skin of the face, caused by hyperemia of the capillaries in the lower layers of the skin.",,Blushing; Blushed cheeks; Red in the face; Red face,Ruddy face,HP:0010783,,是,HP:0001068,否,,,SNOMEDCT_US:20255002; SNOMEDCT_US:271811009; SNOMEDCT_US:398909004; UMLS:C0005874; UMLS:C0035854; UMLS:C0239488; UMLS:C4020880
HP:0001042,High axial triradius,,,,,HP:0001018,,是,,否,,,UMLS:C4025806
HP:0001043,Prominent scalp veins,,,Prominent scalp veins,,HP:3000036; HP:0001015; HP:0001965,,是,,否,,,UMLS:C1856542
HP:0001045,Vitiligo,,,Blotchy loss of skin color; Blotchy loss of skin colour,,HP:0001000,HP:0005602,否,,否,,,SNOMEDCT_US:56727007; UMLS:C0042900
HP:0001046,Intermittent jaundice,"Jaundice that is sometimes present, sometimes not.",,Intermittent yellow skin; Intermittent icterus; Intermittent yellowing of skin,,HP:0000952,,是,,否,,,UMLS:C4025805
HP:0001047,Atopic dermatitis,"Atopic dermatitis (AD) or atopic eczema is an itchy, inflammatory skin condition with a predilection for the skin flexures. It is characterized by poorly defined erythema with edema, vesicles, and weeping in the acute stage and skin thickening (lichenification) in the chronic stage.","In infants, atopic dermatitis is known as infantile eczema.","Allergic eczema; Dermatitis, Atopic; Infantile eczema; Prurigo Besnier; Neurodermatitis; Atopic dermatitis, chronic; Atopic eczema",Baby eczema,HP:0000964,HP:0007573,否,HP:0007533; HP:0007564,否,,,SNOMEDCT_US:200775004; SNOMEDCT_US:24079001; UMLS:C0011615; UMLS:C4280605
HP:0001048,Cavernous hemangioma,The presence of a cavernous hemangioma. A hemangioma characterized by large endothelial spaces (caverns) is called a cavernous hemangioma.,,Collection of dilated blood vessels that forms mass; Cavernous haemangioma; Cavernous angioma,,HP:0001028,HP:0007486,否,,否,,,MEDDRA:10055899; NCIT:C3086; SNOMEDCT_US:33377007; SNOMEDCT_US:416824008; SNOMEDCT_US:56975005; UMLS:C0018920
HP:0001049,Absent dorsal skin creases over affected joints,,,,,HP:0006143,,是,,否,,,UMLS:C1861400
HP:0001050,Plethora,,Related to polycythemia.,,,HP:0001005,,是,,否,,,SNOMEDCT_US:75246004; UMLS:C0232370
HP:0001051,Seborrheic dermatitis,"Seborrheic dermatitis is a form of eczema which is closely related to dandruff. It causes dry or greasy peeling of the scalp, eyebrows, and face, and sometimes trunk.",Dandruff.,Seborrheic eczema; Seborrhea,Dysseborrheic dermatitis,HP:0000964,HP:0007569,否,HP:0007562,否,,,SNOMEDCT_US:50563003; SNOMEDCT_US:86708008; UMLS:C0036508; UMLS:C3806554
HP:0001052,Nevus flammeus,A congenital vascular malformation consisting of superficial and deep dilated capillaries in the skin which produce a reddish to purplish discolouration of the skin.,"Port-wine stains generally become deeper, thicker, and darker in color over time, mainly as a result of progressive vascular dilatation. As a result of these changes, which are generally much more evident on the face, patients often develop hypertrophy and nodularity after the third or fourth decade of life. The fact that nodules are only found on the face and do not occur in childhood has led some authors to suggest that port-wine stains might actually be hamartomatous lesions.",port-wine stain; Nevus simplex,,HP:0003764,HP:0007413; HP:0007616; HP:0010733,否,,否,,,MEDDRA:10067193; SNOMEDCT_US:254211001; SNOMEDCT_US:416377005; UMLS:C0235752
HP:0001053,Hypopigmented skin patches,,,Patchy loss of skin colour; Patchy loss of skin color,,HP:0001010; HP:0011355,HP:0005590; HP:0005593; HP:0007526,否,,否,,,UMLS:C1836735
HP:0001054,Numerous nevi,,,Multiple pigmented nevi; Numerous moles,,HP:0003764,,是,,否,,,UMLS:C1849677
HP:0001055,Erysipelas,"Increased susceptibility to erysipelas, as manifested by a medical history of repeated episodes of erysipelas, which is a superficial infection of the skin, typically involving the lymphatic system.",,,St. Anthony's Fire,HP:0011123,,是,,否,,,MEDDRA:10015145; SNOMEDCT_US:44653001; SNOMEDCT_US:51510002; UMLS:C0014714; UMLS:C0014733
HP:0001056,Milia,Presence of multiple small cysts containing keratin (skin protein) and presenting as tiny pearly-white bumps just under the surface of the skin.,"Milia are a normal finding in newborn babies (40-50%), often occurring around the nose.",Millium cyst; Milk spot,,HP:0011355,,是,,否,,,SNOMEDCT_US:254679001; SNOMEDCT_US:254683001; SNOMEDCT_US:37719003; UMLS:C0345996
HP:0001057,Aplasia cutis congenita,"A developmental defect resulting in the congenital absence of skin in multiple or solitary non-inflammatory, well-demarcated, oval or circular ulcers with a diameter of about 1 to 2 cm. Aplasia cutis congenita most commonly occurs on the scalp, but may present in the face, trunk, or limbs.",,Congenital absence of skin; Cutis aplasia; Absence of part of skin at birth,,HP:0008065,HP:0007385; HP:0007589,否,,否,,,MEDDRA:10002963; SNOMEDCT_US:254237003; SNOMEDCT_US:35484002; SNOMEDCT_US:74223008; UMLS:C0265989; UMLS:C0282160
HP:0001058,Poor wound healing,A reduced ability to heal cutaneous wounds.,,Poor wound healing,,HP:0011354,,是,,否,,,UMLS:C1851789
HP:0001059,Pterygium,"Pterygia are 'winglike' triangular membranes occurring in the neck, eyes, knees, elbows, ankles or digits.",,Pterygia,,HP:0011356; HP:0001367,HP:0001040; HP:0001060; HP:0009756; HP:0009757; HP:0009759; HP:0009760,否,,否,,,SNOMEDCT_US:77489003; UMLS:C0033999
HP:0001060,Axillary pterygium,Presence of a cutaneous membrane (flap) in the armpit.,,Axillary pterygia,,HP:0001059,,是,,否,,,UMLS:C1844738
HP:0001061,Acne,"A skin condition in which there is an increase in sebum secretion by the pilosebaceous apparatus associated with open comedones (blackheads), closed comedones (whiteheads), and pustular nodules (papules, pustules, and cysts).","Acne can be a consequence of increased sebum production as a result of increased testosterone production (in males and females) during puberty. Blockage of hair follicles canresult from accumulating keratin and sebum, resulting in plug formation called microcomedone, which can enlarge just beneath the surface of the skin in the pore itself. It may become visible as a closed comedone (whitehead), a firm white papule. Further enlargement leads to an open comedone (blackhead). The comedones are not themselves inflammatory. Proprionibacterium acnes can induce inflammation, leding to an inflammed, red papule.",Acne,,HP:0011123,,是,HP:0005596,否,,,MEDDRA:10000496; SNOMEDCT_US:11381005; UMLS:C0702166
HP:0001062,Atypical nevus,"A large pigmented lesion measuring 5-15 mm in diameter with irregular, notched, and ill defined border and with color that may range from tan to dark brown to pink.","Macular and papular areas may be present within a single lesion (also described as a fried egg appearance). The terms atypical moles and dysplastic nevi are used interchangeably, regardless of clinical or histologic appearance.",Atypical mole,Dysplastic Nevus,HP:0003764,,是,,否,,,SNOMEDCT_US:254818000; SNOMEDCT_US:61814002; UMLS:C0205748
HP:0001063,Acrocyanosis,Bluish discoloration of the skin of the hands or feet.,Cyanosis is caused by increased levels of deoxygenated hemoglobin.,Persistent blue color of hands or feet; Persistent blue colour of hands or feet,,,,是,,否,,,SNOMEDCT_US:25003006; UMLS:C0221347
HP:0001065,Striae distensae,"Thinned, erythematous, depressed bands of atrophic skin. Initially, striae appear as flattened and thinned, pinkish linear regions of the skin. Striae tend to enlarge in length and become reddish or purplish. Later, striae tend to appear as white, depressed bands that are parallel to the lines of skin tension. Striae distensae occur most often in areas that have been subject to distension such as the lower back, buttocks, thighs, breast, abdomen, and shoulders.",,Purplish striae; Striae; Striae atrophicae; Striae cutis distensae; Stretch marks,,HP:0004334; HP:0100679,,是,HP:0001023; HP:0001066; HP:0100680,否,,,MEDDRA:10040925; SNOMEDCT_US:201066002; SNOMEDCT_US:201067006; SNOMEDCT_US:47212006; UMLS:C0152459
HP:0001067,Neurofibroma,"A benign peripheral nerve sheath tumor that generally appears as a soft, skin-colored papule or small subcutaneous nodule. Individuals with neurofibromatosis can have numerous neurofibromas.",,Neurofibromatosis; Neurofibromata,multiple neurofibromas,HP:0008069; HP:0100007; HP:0010614,HP:0005220; HP:0007524; HP:0009732,否,HP:0006746; HP:0007386; HP:0007612; HP:0009595,否,,,NCIT:C3272; SNOMEDCT_US:19133005; SNOMEDCT_US:81669005; UMLS:C0162678
HP:0001069,Episodic hyperhidrosis,Intermittent episodes of abnormally increased perspiration.,,"Sporadic excessive sweating; Hyperhidrosis, episodic",,HP:0000975,,是,,否,,,UMLS:C1857171
HP:0001070,Mottled pigmentation,Patchy and irregular skin pigmentation.,,Mottled skin colouring; Mottled skin coloring,Stippled pigmentation,HP:0001000,HP:0007438; HP:0007511,否,HP:0007584,否,,,UMLS:C0860439; UMLS:C4020879
HP:0001071,Angiokeratoma corporis diffusum,"Angiokeratoma corporis diffusum (ACD) is typically characterized by innumerable small red to black papules which occur in clusters and are situated symmetrically in the bathing trunks area. The number of lesions and the extension of the body increase steadily with time so that generalization and mucosal involvement are common. The single lesion begins with a minute reddish papule which enlarges to up to 10 mm in diameter, becomes dark red to black with a discrete keratotic overgrowth. Histologically, the papules are characterized by superficial dilated capillaries in papillary dermis with epidermal proliferation.","Angiokeratoma corporis diffusum (ACD) commonly occurs in Fabry disease and the term ACD was previously used synonymously with Fabry disease (OMIM:301500). However, ACD can also occur with other diseases related to deficiencies of enzymes that are involved in the metabolism of glycoproteins, including fucosidosis, sialidosis, mannosidosis, GM1 gangliosidosis, and Kanzaki disease.",Fabry syndrome,,HP:0001014,,是,,否,,,SNOMEDCT_US:124464003; SNOMEDCT_US:16652001; UMLS:C0002986
HP:0001072,Thickened skin,Laminar thickening of skin.,,Pachydermia; Thick skin; Thickened skin,Diffusely thickened skin,HP:0011121,HP:0011368; HP:0011838; HP:0012344; HP:0100324,否,HP:0007393,否,,,MEDDRA:10040936; SNOMEDCT_US:17417006; SNOMEDCT_US:69943009; UMLS:C0334008; UMLS:C4020878
HP:0001073,Cigarette-paper scars,Thin (atrophic) and wide scars.,"Cigarette-paper scars are atrophic scars in the skin at sites of minor lacerations over the knees, shins, and elbows.",Cigarette paper scarring; Cigarette-paper scars,,HP:0001075,,是,,否,,,UMLS:C1851828
HP:0001074,Atypical nevi in non-sun exposed areas,,,,,HP:0003764,,是,,否,,,UMLS:C4021837
HP:0001075,Atrophic scars,"Scars that form a depression compared to the level of the surrounding skin because of damage to the collagen, fat or other tissues below the skin.",,"Thin, atrophic scars; Sunken or indented skin due to damage",,HP:0000987; HP:0004334,HP:0001073,否,HP:0007567,否,,,SNOMEDCT_US:239172000; SNOMEDCT_US:409766009; UMLS:C0162154
HP:0001076,Glabellar hemangioma,,,Glabellar capillary hemangioma,,HP:0001028,,是,,否,,,UMLS:C1854408
HP:0001080,Biliary tract abnormality,An abnormality of the biliary tree.,,,Biliary tract disease,HP:0004297,HP:0012439; HP:0012440,否,,否,,,SNOMEDCT_US:105997008; UMLS:C0005424; UMLS:C0549613
HP:0001081,Cholelithiasis,"Hard, pebble-like deposits that form within the gallbladder.",Gallstones range in size from as small as a grain of sand to as large as a golf ball. Cholesterol gallstones are the most common type of gallstone. Gallstones resulting from too much bilirubin in the bile are referred to as pigment stones.,Gallstones,,HP:0012437,HP:0011980; HP:0011981,否,,否,,,SNOMEDCT_US:266474003; UMLS:C0008350
HP:0001082,Cholecystitis,The presence of inflammatory changes in the gallbladder.,,Gallbladder inflammation,,HP:0012438,,是,,否,,,SNOMEDCT_US:76581006; UMLS:C0008325
HP:0001083,Ectopia lentis,"Dislocation or malposition of the crystalline lens of the eye. A partial displacement (or dislocation) of the lens is described as a subluxation of the lens, while a complete displacement is termed luxation of the lens. A complete displacement occurs if the lens is completely outside the patellar fossa of the lens, either in the anterior chamber, in the vitreous, or directly on the retina. If the lens is partially displaced but still contained within the lens space, then it is termed subluxation.",,Abnormality of lens position; Lens dislocation,,HP:0000517,HP:0001132; HP:0012019,否,HP:0000665; HP:0007637; HP:0007882; HP:0008016,否,,,SNOMEDCT_US:74969002; UMLS:C0013581; UMLS:C0023309
HP:0001084,Corneal arcus,"A hazy, grayish-white ring about 2 mm in width located close to but separated from the limbus (the corneoscleral junction). Corneal arcus generally occurs bilaterally, and is related to lipid deposition in the cornea. Corneal arcus can occur in elderly persons as a part of the aging process but may be associated with hypercholesterolemia in people under the age of 50 years.",A gray opaque line which surrounds the margin of the cornea caused by lipid deposits.,Gerontoxon; Corneal annulus; Arcus senilis; Anterior embryotoxon; Arcus lipoidis,Arcus juvenilis,HP:0008011,,是,HP:0100741,否,,,SNOMEDCT_US:111522004; SNOMEDCT_US:231924000; SNOMEDCT_US:231925004; UMLS:C0003742; UMLS:C0339268
HP:0001085,Papilledema,Papilledema refers to edema (swelling) of the optic disc secondary to any factor which increases cerebral spinal fluid pressure.,The borders of the optic disc are normally clear and well defined upon fundoscopic examination. Papilledema is optic disc swelling that can lead to the blurring of optic margins and elevation of optic disc.,,Papillitis,HP:0012795,,是,HP:0001130,否,,,SNOMEDCT_US:248487006; SNOMEDCT_US:423341008; SNOMEDCT_US:73221001; UMLS:C0030353
HP:0001087,Developmental glaucoma,Glaucoma which forms during the early years of a child's life is called developmental or congenital glaucoma.,,Pediatric glaucoma; Childhood glaucoma; Paediatric glaucoma; Infantile glaucoma,,HP:0000501; HP:0007700,HP:0000557; HP:0008007; HP:0008041,否,,否,,,SNOMEDCT_US:204113001; SNOMEDCT_US:413728006; UMLS:C0020302
HP:0001088,Brushfield spots,The presence of whitish spots in a ring-like arrangement at the periphery of the iris.,Brushfield spots are relatively common in the general population but opccur more frequently in persons with certain disorders (especially Down syndrome).,Iris brushfield spots,Speckled iris,HP:0008034,,是,,否,,,SNOMEDCT_US:400960002; UMLS:C1303007; UMLS:C4280604
HP:0001089,Iris atrophy,Loss of iris tissue (atrophy),,Iris degeneration,,HP:0000525,,是,,否,,,SNOMEDCT_US:95709007; UMLS:C0423319
HP:0001090,Abnormally large globe,Diffusely large eye (with megalocornea) without glaucoma.,Note that Increased size of palpebral fissues is not a synonym of this term.,Megalophthalmos; Increased size of eyes; Large eyes,Increased size of palpebral fissures; Large eyeballs; Large of palpebral fissures,HP:0100887,HP:0000557; HP:0007800,否,HP:0200093,否,,,SNOMEDCT_US:246920008; UMLS:C0423221; UMLS:C1855852; UMLS:C4280603
HP:0001092,Absent lacrimal punctum,No identifiable superior and/or inferior lacrimal punctum.,The lacrimal puncta (openings of the tear ducts) are normally located at the medial margin of each eyelid. The opening on the lower eyelid border is more visible than the opening on the upper eyelid border.,"Aplasia of lacrimal puncta; Absent lacrimal openings; Absent lacrimal gland puncta; Absent lacrimal puncta; Lacrimal puncta aplasia; Lacrimal punctum, absence",Agenesis of the lacrimal punctum,HP:0011479,,是,HP:0007977,否,,,SNOMEDCT_US:204208005; SNOMEDCT_US:253217007; UMLS:C0344509; UMLS:C1867060
HP:0001093,Optic nerve dysplasia,The presence of developmental dysplasia of the optic nerve.,,,,HP:0000587,,是,,否,,,UMLS:C2676026
HP:0001094,Iridocyclitis,"A type of anterior uveitis, in which there is Inflammation of the iris and the ciliary body.",,,,HP:0012122,,是,,否,,,SNOMEDCT_US:77971008; UMLS:C0022073
HP:0001095,Hypertensive retinopathy,"Condition of the retina, secondary to severe systemic arterial hypertension which can be acute or longstanding. Features include one or several of the following: retinal vascular tortuosity, arteriovenous crossing signs, retinal cotton wool spot and intraretinal hemorrhages. It can be associated with optic disc swelling.",,,,HP:0008046,,是,,否,,,SNOMEDCT_US:6962006; UMLS:C0152132
HP:0001096,Keratoconjunctivitis,Inflammation of the cornea and conjunctiva.,,,,HP:0000509; HP:0000491,HP:0001097,否,,否,,,SNOMEDCT_US:88151007; UMLS:C0022573
HP:0001097,Keratoconjunctivitis sicca,"Dryness of the eye related to deficiency of the tear film components (aqueous, mucin, or lipid), lid surface abnormalities, or epithelial abnormalities. Keratoconjunctivitis sicca often results in a scratchy or sandy sensation (foreign body sensation) in the eyes, and may also be associated with itching, inability to produce tears, photosensitivity, redness, pain, and difficulty in moving the eyelids.",,Keratitis sicca; Dry eyes; Xerophthalmia,Dry eye syndrome,HP:0001096,,是,,否,,,SNOMEDCT_US:302896008; SNOMEDCT_US:363677007; SNOMEDCT_US:46152009; UMLS:C0013238; UMLS:C0022575; UMLS:C0043349; UMLS:C2930821
HP:0001098,Abnormal fundus morphology,Any structural abnormality of the fundus of the eye.,,Abnormality of the fundus,,HP:0004329,HP:0000479; HP:0000587; HP:0000610; HP:0001099; HP:0001107; HP:0008057,否,,否,,,UMLS:C4025804
HP:0001099,Atrophic fundus lesion,Well-defined or diffused area or lesion of loss of normal retinal tissue; this is often illustrated by greyish discoloration of fundus and/or better visible choroidal vasculature on funduscopy.,,Fundus atrophy,,HP:0001098,,是,,否,,,UMLS:C2673929
HP:0001100,Heterochromia iridis,Heterochromia iridis is a difference in the color of the iris in the two eyes.,,Heterochromia irides; Different coloured eyes; Different colored eyes,,HP:0200064,HP:0007818; HP:0009781,否,,否,,,SNOMEDCT_US:247033008; UMLS:C0423318
HP:0001101,Iritis,Inflammation of the iris.,,Inflammation of iris,,HP:0000525,,是,,否,,,SNOMEDCT_US:65074000; UMLS:C0022081
HP:0001102,Angioid streaks,"Irregular lines in the outer retina and Bruch membrane that are typically configured in a radiating fashion and emanate from the optic disc. Angioid streaks are crack-like dehiscences in abnormally thickened and calcified Bruch membrane, resulting in atrophy of the overlying retinal pigment epithelium. They may be associated with a number of endocrine, metabolic, and connective tissue abnormalities but can be idiopathic. They can be associated with neovascular complexes (choroid).",,"Laquer cracks of the retina; Knapp streaks; Angioid streaks of the retina; Angioid streaks of the fundus; Angioid streaks, retina",,HP:0000479,,是,,否,,,UMLS:C0002982
HP:0001103,Abnormal macular morphology,"A structural abnormality of the macula, a region that, in a clinical context, is typically used to describe the central part of the retina within the vascular arcades.","The macula includes the fovea, a much smaller region containing pigmentation which appears yellow, which is considered by many anatomists to define the macula.",Macula abnormality; Macular abnormality; Abnormality of the macula,,HP:0000479,HP:0000493; HP:0000608; HP:0001116; HP:0007754; HP:0008002; HP:0008059; HP:0011506; HP:0011508,否,,否,,,SNOMEDCT_US:312999006; UMLS:C0730362
HP:0001104,Macular hypoplasia,Underdevelopment of the macula lutea.,,,,HP:0008059,,是,,否,,,UMLS:C1849412
HP:0001105,Retinal atrophy,"A nonspecific term denoting wasting, especially as a result of degeneration, of the retinal pigment epithelium (RPE) and neurosensory retinal cells.",Typically retinal atrophy manifests as a well-demarcated area(s) of partial or complete loss of depigmentation in the fundus.,,,HP:0000546,HP:0007401; HP:0007722; HP:0200070,否,,否,,,
HP:0001106,Periorbital hyperpigmentation,Increased pigmentation of the skin in the region surrounding the orbit of the eye.,,Darkening around the eyes; Dark circles under the eyes; Infraorbital pigmentation; Pigmentation around the eyes; Idiopathic cutaneous hyperchromia at the orbital region; Periorbital melanosis; Dark circles around the eyes,,HP:0000606; HP:0001000,,是,,否,,,UMLS:C1844606
HP:0001107,Ocular albinism,An abnormal reduction in the amount of pigmentation (reduced or absent) of the iris and retina.,"Ocular pigmentation is essential for normal vision, and persons with ocular albinism tend to have severely reduced visual acuity often associated with nystagmus, strabismus, and photophobia.","Albinism, Ocular; Absent pigmentation in the eye",,HP:0001098; HP:0007730,,是,HP:0007745; HP:0007837,否,,,SNOMEDCT_US:26399002; UMLS:C0078917
HP:0001112,Leber optic atrophy,Degeneration of retinal ganglion cells and their axons.,,Leber optic degeneration; Leber optic atrophy features,,HP:0000587,,是,HP:0001086,否,,,SNOMEDCT_US:58610003; UMLS:C0917796
HP:0001113,obsolete Early cataracts,,,,,,,是,,是,,,
HP:0001114,Xanthelasma,The presence of xanthomata in the skin of the eyelid.,,Xanthelasma palpebrarum; Fatty deposits on eyelids; Fatty deposits in skin around the eyes; Xanthoma,,HP:0000991; HP:0010732,,是,,否,,,SNOMEDCT_US:63103006; SNOMEDCT_US:6400008; SNOMEDCT_US:75594004; UMLS:C0155210; UMLS:C0302314; UMLS:C4280601; UMLS:C4280602
HP:0001115,Posterior polar cataract,A polar cataract that affects the posterior pole of the lens.,,"Polar cataract, posterior",,HP:0010696,,是,,否,,,UMLS:C1850191
HP:0001116,Macular pseudocoloboma,"A so-called macular coloboma is characterized by a sharply defined, usually excavated, area without neuroretina and RPE tissues in the central area of the fundus. This lesion is not related to classical colobomas associated with optic fissure closure defects.",,Coloboma of the macula; Macular coloboma,,HP:0001103,,是,,否,,,UMLS:C1852767
HP:0001117,Sudden loss of visual acuity,Severe loss of visual acuity within hours or days. This is characteristic of Leber hereditary optic neuropathy.,,,Sudden central visual loss,HP:0007663,,是,,否,,,UMLS:C4025803; UMLS:C4072828; UMLS:C4280600
HP:0001118,Juvenile cataract,A type of cataract that is not apparent at birth but that arises in childhood or adolescence.,Juvenile cataracts are generally either hereditary (especially if bilateral) or due to trauma (especially if unilateral).,,,HP:0000518,,是,,否,,,SNOMEDCT_US:399336001; UMLS:C0302254
HP:0001119,Keratoglobus,"Limbus-to-limbus corneal thinning, often greatest in the periphery, with globular protrusion of the cornea.",,,,HP:0100689; HP:0007700; HP:0100692,,是,,否,,,UMLS:C3887531
HP:0001120,Abnormality of corneal size,Any abnormality of the size or morphology of the cornea.,,,,HP:0000481,HP:0000482; HP:0000485; HP:0009915,否,,否,,,UMLS:C4025802
HP:0001122,obsolete Aplasia/Hypoplasia of the choroid,,,,,,,是,,是,,,
HP:0001123,Visual field defect,,,Partial loss of field of vision; Visual field defects,,HP:0000505,HP:0000575; HP:0001129; HP:0001133; HP:0007854; HP:0007987; HP:0012377,否,,否,,,SNOMEDCT_US:12184005; UMLS:C3887875
HP:0001125,Transient unilateral blurring of vision,Transient blurring of vision associated with the aura phase of migraine.,"The anterior segment comprises the structures in front of the vitreous humor: the cornea, iris, ciliary body, and lens.",Transient unilateral blurred vision; Hemianoptic blurring of vision,Hemianopic blurring,HP:0000622,,是,HP:0000583,否,,,UMLS:C1865332
HP:0001126,Cryptophthalmos,"Cryptophthalmos is a condition of total absence of eyelids and the skin of forehead is continuous with that of cheek, in which the eyeball is completely concealed by the skin, which is stretched over the orbital cavity.","Failure of eyelid formation. Crypopthalmos is typically associated with a rudimentary or small globe. Frequently, a tuft of hair accompanies the aberrant skin.",,,HP:0011226,,是,HP:0008032,否,,,SNOMEDCT_US:400951005; UMLS:C0311249
HP:0001128,Trichiasis,Inversion and rubbing of the eyelashes against the globe of the eye.,Eyelash inversion.,Ingrown eyelashes; Introversion of eyelashes; Trichiasis of eyelid eyelashes,,HP:0000499,,是,,否,,,SNOMEDCT_US:60332004; UMLS:C0221259
HP:0001129,Large central visual field defect,,,Large central loss of field of vision,,HP:0001123,,是,,否,,,UMLS:C4025800
HP:0001131,Corneal dystrophy,The term corneal dystrophy embraces a heterogenous group of bilateral genetically determined non-inflammatory corneal diseases that are restricted to the cornea.,,,,HP:0000481,HP:0001149; HP:0007709; HP:0007802; HP:0007809; HP:0007836; HP:0007880; HP:0007962,否,HP:0007775; HP:0008005,否,,,SNOMEDCT_US:5587004; UMLS:C0010036
HP:0001132,Lens subluxation,Partial dislocation of the lens of the eye.,Partial dislocation of the lens of the eye can be recognized by trembling of the iris (iridodonesis).,Partially dislocated lens,,HP:0001083,HP:0008019; HP:0008494,否,,否,,,SNOMEDCT_US:65814009; UMLS:C0023316
HP:0001133,Constriction of peripheral visual field,An absolute or relative decrease in retinal sensitivity extending from edge (periphery) of the visual field in a concentric pattern. The visual field is the area that is perceived simultaneously by a fixating eye.,,Constricted visual fields; Limited peripheral vision; Constricted visual field; Reduced peripheral vision; Concentric narrowing of visual field; Visual field constriction,,HP:0001123,HP:0007994,否,HP:0007887; HP:0007981,否,,,SNOMEDCT_US:1151008; SNOMEDCT_US:267628004; UMLS:C0235095
HP:0001134,Anterior polar cataract,A polar cataract that affects the anterior pole of the lens.,,"Polar cataract, anterior",,HP:0010696,HP:0010697,否,,否,,,UMLS:C1855179
HP:0001135,Chorioretinal dystrophy,,,,,HP:0000556; HP:0000532,,是,HP:0007712; HP:0007920,否,,,UMLS:C1857627
HP:0001136,Retinal arteriolar tortuosity,The presence of an increased number of twists and turns of the retinal arterioles.,,Tortuous retinal arterioles,,HP:0012841; HP:0000630,,是,,否,,,UMLS:C1843517
HP:0001137,Alternating esotropia,Esotropia in which either eye may be used for fixation.,Alternating suggests that the patient may be using either eye to fixate (which means that you do not have the same one eye squinting all the time).,Alternating cross eyes,,HP:0000565,,是,,否,,,SNOMEDCT_US:39837002; UMLS:C0152205
HP:0001138,Optic neuropathy,,,Damaged optic nerve,,HP:0000587,HP:0007634,否,HP:0007806,否,,,SNOMEDCT_US:82108004; UMLS:C3887709
HP:0001139,Chorioretinal scalloped atrophy,"Well-defined, pale patches in the fundus.","Chorioretinal scalloped atrophy can be observed in a variety of monogenic disorders, such as choroideremia, gyrate atrophy, Stargardt disease, and in high myopia.",,Choroideremia,HP:0000610,,是,,否,,,
HP:0001140,Limbal dermoid,A benign tumor typically found at the junction of the cornea and sclera (limbal epibullar dermoid).,,Epibulbar dermoids; Epibulbar dermoid,,HP:0000502; HP:0000481; HP:0000591,,是,,否,,,SNOMEDCT_US:5131000119107; SNOMEDCT_US:92097004; UMLS:C0496897; UMLS:C1867616
HP:0001141,Severely reduced visual acuity,"Severe reduction of the ability to see. On the 6m visual acuity scale, severe reduction is defined as less than 6/60 but at least 3/60. On the 20ft visual acuity scale, severe reduction is defined as less than 20/200 but at least 20/400. On the decimal visual acuity scale, severe reduction is defined as less than 0.1 but at least 0.05.",,Severe vision loss; Marked vision impairment; Severe visual loss; Severe visual impairment; Severe reduction in visual acuity; Severely impaired vision,,HP:0007663,,是,HP:0007640; HP:0007842; HP:0007951; HP:0008023,否,,,SNOMEDCT_US:397541004; UMLS:C1301509
HP:0001142,Lenticonus,"A conical projection of the anterior or posterior surface of the lens, occurring as a developmental anomaly.",A conical projection of the anterior or posterior surface of the lens.,,,HP:0011526,HP:0011501; HP:0011502,否,,否,,,SNOMEDCT_US:253221000; UMLS:C0239119
HP:0001144,Orbital cyst,"Presence of a cyst in the region of the periorbital tissues. Orbital cysts can be derived from epithelial or glandular tissue within or surrounding the orbit (lacrimal glands, salivary glands, conjunctival, oral, nasal, or sinus epithelium).",,Orbital cysts; Cyst of eye socket,,HP:0000315,,是,,否,,,SNOMEDCT_US:31021007; UMLS:C0155285
HP:0001145,obsolete Chorioretinopathy,,,,,,,是,,是,,,
HP:0001146,obsolete Pigmentary retinal degeneration,,,,,,,是,,是,,,
HP:0001147,Retinal exudate,Yellow-white intraretinal deposits in the retina typically associated with damaged inner blood-retina barrier and exudation of serous fluid and lipids from the retinal microvasculature.,"Retinal exudation refers to fluid which has escaped from retinal blood vessels with a high concentration of lipid, protein, and cellular debris with a typically bright, reflective, white or cream colored appearance on the surface of the retina. Retinal exudates indicate increased vessel permeability and an associated risk of retinal edema.",Retinal exudates,,,HP:0007822; HP:0007989; HP:0011532,否,,否,,,SNOMEDCT_US:39832008; UMLS:C0240897
HP:0001149,Lattice corneal dystrophy,"The presence of fine, branching linear opacities in Bowman's layer in the central area that may spread to the periphery in the clinical course. The deep corneal stroma may be involved but the process does not reach Descemet's membrane. Recurrent corneal erosion may occur. Histologic examination reveals amyloid deposits in the collagen fibers of the cornea.",,Biber haab dimmer dystrophy,,HP:0001131,,是,,否,,,SNOMEDCT_US:1192004; SNOMEDCT_US:361199007; UMLS:C0155127
HP:0001150,obsolete Choroidal sclerosis,,,,,,,是,,是,,,
HP:0001151,Impaired horizontal smooth pursuit,An abnormality of ocular smooth pursuit characterized by an impairment of the ability to track horizontally moving objects.,,Impaired horizontal visual pursuit; Abnormal horizontal ocular pursuit,,HP:0007772,,是,,否,,,UMLS:C1866753
HP:0001152,Saccadic smooth pursuit interruptions,An abnormality of tracking eye movements in which smooth pursuit is interrupted by an abnormally high number of saccadic movements.,"Tracking eye movements consist of two different components, namely, smooth pursuit and saccades. Smooth pursuit, or just pursuit, is a class of rather slow eye movements that minimizes retinal target motion. Saccades are rapid eye movements that align the fovea with the target. The function of smooth pursuit is to keep a slowly moving target stable on the fovea of each eye. If smooth pursuit cannot keep up with a visual target (i.e., low pursuit gain, which is defined as the ratio of eye movement velocity to target velocity), saccades will be used to help catch up to the visual target, hence the choppy or saccadic appearance when pursuit is impaired.",Saccadic slow pursuit; Saccadic pursuit movements; Saccadic smooth pursuit,,HP:0000617,HP:0007792; HP:0007944,否,HP:0000530,否,,,UMLS:C1836479
HP:0001153,Septate vagina,"The presence of a vaginal septum, thereby creating a vaginal duplication. The septum is longitudinal in the majority of cases.",,Double vagina,,HP:0000142,HP:0000145; HP:0008670; HP:0008740,否,,否,,,SNOMEDCT_US:47054003; UMLS:C0266411
HP:0001155,Abnormality of the hand,An abnormality affecting one or both hands.,,Hand deformities; Hand anomalies; Abnormality of the hand; Abnormal hands,,HP:0002817,HP:0001167; HP:0001421; HP:0005922; HP:0006256; HP:0009473; HP:0100270; HP:0100871,否,HP:0005858,否,,,SNOMEDCT_US:299033004; UMLS:C0018564
HP:0001156,Brachydactyly,Digits that appear disproportionately short compared to the hand/foot. The word brachydactyly is used here to describe a series distinct patterns of shortened digits (brachydactyly types A-E). This is the sense used here.,,Short fingers or toes; Brachydactyly syndrome,,HP:0011927,HP:0005627; HP:0005831; HP:0005863; HP:0005872; HP:0006008; HP:0009370; HP:0009373,否,HP:0001189; HP:0001201; HP:0005630; HP:0005657; HP:0005727; HP:0006017; HP:0006128; HP:0100667,否,,,SNOMEDCT_US:43476002; UMLS:C0221357
HP:0001159,Syndactyly,"Webbing or fusion of the fingers or toes, involving soft parts only or including bone structure. Bony fusions are referred to as ""bony"" syndactyly if the fusion occurs in a radio-ulnar axis. Fusions of bones of the fingers or toes in a proximo-distal axis are referred to as ""symphalangism"".","Syndactyly may be partial or complete. In complete syndactyly, the skin is joined all the way to the fingertip. In partial (incomplete) syndactyly, the skin is only joined part of the distance to the fingertip.",Webbed fingers or toes,,HP:0011297,HP:0001770; HP:0006101; HP:0012725,否,HP:0001206; HP:0001236,否,,,Fyler:4174; SNOMEDCT_US:373413006; UMLS:C0039075
HP:0001161,Hand polydactyly,A kind of polydactyly characterized by the presence of a supernumerary finger or fingers.,,Finger polydactyly; Polydactyly of the hand; Extra finger; Supernumerary finger,,HP:0009997; HP:0010442,HP:0001162; HP:0001177; HP:0006159; HP:0010441; HP:0010690,否,,否,,,MEDDRA:10036064; SNOMEDCT_US:81793007; UMLS:C0158733
HP:0001162,Postaxial hand polydactyly,"Supernumerary digits located at the ulnar side of the hand (that is, on the side with the fifth finger).",,Extra little finger; Postaxial polydactyly of fingers; Extra pinky finger; Postaxial polydactyly of hand; Postaxial polydactyly of hands; Polydactyly affecting the 5th finger; Extra pinkie finger,,HP:0004207; HP:0001161; HP:0100259,HP:0005676; HP:0005696; HP:0006136,否,HP:0004698; HP:0005763; HP:0009984,否,,,SNOMEDCT_US:205131007; UMLS:C0431904
HP:0001163,obsolete Abnormality of the metacarpal bones,,,,,,,是,,是,,,
HP:0001166,Arachnodactyly,Abnormally long and slender fingers (spider fingers).,,"Long slender fingers; Long, slender fingers; Spider fingers",,HP:0001238; HP:0100807,,是,HP:0001505,否,,,SNOMEDCT_US:62250003; UMLS:C0003706
HP:0001167,Abnormal finger morphology,An anomaly of a finger.,,Abnormality of finger; Abnormalities of the fingers,,HP:0001155; HP:0011297,HP:0001172; HP:0001211; HP:0001238; HP:0001500; HP:0004060; HP:0004095; HP:0004097; HP:0004100; HP:0004150; HP:0004188; HP:0004207; HP:0005918; HP:0006094; HP:0006143; HP:0006150; HP:0006265; HP:0100746; HP:0100807,否,HP:0003035,否,,,UMLS:C2674737
HP:0001169,Broad palm,"For children from birth to 4 years of age the palm width is more than 2 SD above the mean; for children from 4 to 16 years of age the palm width is above the 95th centile; or, the width of the palm appears disproportionately wide for the length.","Hand width is measured across the palm at the level of the MCPJ (radial aspect of the second MCPJ to the ulnar aspect of the fifth MCPJ) [Hall et al., 2007]. Caution is advised with the subjective assessment as short metacarpals can mimic a broad palm. In persons with polydactyly that includes a supernumerary metacarpal, that should be separately coded and the measurement technique from Hall et al, [2007] would need to be modified to account for the supernumerary digit (i.e., with postaxial polydactyly, measure to the sixth MCPJ).",Broad hands; Broad hand; Broad palm; Wide palm,,HP:0100871,,是,HP:0001174,否,,,SNOMEDCT_US:48251003; UMLS:C0264142
HP:0001171,Split hand,A condition in which middle parts of the hand (fingers and metacarpals) are missing giving a cleft appearance. The severity is very variable ranging from slightly hypoplastic middle fingers over absent middle fingers as far as oligo- or monodactyl hands.,,Split hand; Ectrodactyly of the hand; Hand ectrodactyly; Split-hand,,HP:0005922; HP:0100257,,是,HP:0001247; HP:0003050,否,,,SNOMEDCT_US:299034005; UMLS:C0221373
HP:0001172,Abnormal thumb morphology,An abnormal structure of the first digit of the hand.,,Abnormality of the thumb; Thumb deformity; Abnormality of the thumbs,,HP:0001167,HP:0001177; HP:0001181; HP:0009599; HP:0009600; HP:0009601; HP:0009602; HP:0009603,否,,否,,,SNOMEDCT_US:299130003; UMLS:C0575897
HP:0001176,Large hands,,,large hand; Large hands; Disproportionately large hands,,HP:0005922,,是,HP:0002820; HP:0006044; HP:0006219,否,,,SNOMEDCT_US:249752003; UMLS:C0426870
HP:0001177,Preaxial hand polydactyly,Supernumerary digits located at the radial side of the hand. Polydactyly (supernumerary digits) involving the thumb occurs in many distinct forms of high variability and severity. Ranging from fleshy nubbins over varying degrees of partial duplication/splitting to completely duplicated or even triplicated thumbs or preaxial (on the radial side of the hand) supernumerary digits.,,Supernumerary thumb; Polydactyly affecting the thumb; thumb polydactyly; Preaxial polydactyly of hands; Extra thumb,,HP:0001172; HP:0001161; HP:0100258,,是,HP:0005629; HP:0005634; HP:0006182; HP:0009604,否,,,SNOMEDCT_US:205135003; SNOMEDCT_US:445216006; UMLS:C1395852
HP:0001178,Ulnar claw,An abnormal hand position characterized by hyperextension of the fourth and fifth fingers at the metacarpophalangeal joints and flexion of the interphalangeal joints of the same fingers such that they are curled towards the palm.,"An ulnar claw, also known as claw hand, is an abnormal hand position that is associated with lesions of the ulnar nerve. Note that ulnar claw is to be distinguished from ectrodactyly, which also can be referred to as claw hand.",,,HP:0005922,,是,,否,,,UMLS:C4025799
HP:0001180,obsolete Hand oligodactyly,,,,,,,是,,是,,,
HP:0001181,Adducted thumb,"In the resting position, the tip of the thumb is on, or near, the palm, close to the base of the fourth or fifth finger.","The thumb is both flexed and adducted. Lesser degrees of adduction than that specified here may warrant the use of this term, for example, when the tip of the thumb lies near the base of F2 or F3.",Inward turned thumb; Adducted thumbs; Thumb-in-palm deformity; Thumb-in-palm pattern,,HP:0001172,,是,HP:0005646,否,,,UMLS:C3554617
HP:0001182,Tapered finger,The gradual reduction in girth of the finger from proximal to distal.,,Tapered finger; Tapering fingers; Distally tapering fingers; Tapered fingertips,Tapered fingers,HP:0100807,,是,HP:0005795; HP:0005800; HP:0006032; HP:0006080; HP:0006098; HP:0006111; HP:0006125; HP:0006244; HP:0007532,否,,,SNOMEDCT_US:249768009; UMLS:C0426886
HP:0001187,Hyperextensibility of the finger joints,The ability of the finger joints to move beyond their normal range of motion.,,Finger joint hyperextensibility; Hyperextensible digits; Hyperextensible finger,Hyperextensible fingers,HP:0006094,HP:0005190,否,HP:0006158,否,,,UMLS:C1844577
HP:0001188,Hand clenching,"An abnormal hand posture in which the hands are clenched to fists. All digits held completely flexed at the metacarpophalangeal and interphalangeal joints. In prenatal sonography of the fetal clenched hand, the index finger overlaps a clenched fist formed by the other digits. The proximal interphalangeal articulation of the index finger is flexed and ulnarly deviated, and the thumb is adducted.","Hand clenching is commonly characterized by malpositioning of the fingers characterized by radial deviation of the 4th and 5th digits and ulnar deviation of the 2nd digit over the 3rd finger. Hand clenching is distinguished from Camptodactyly, as that term may describe fewer than five digits of a eudactylous hand and does not involve the MCPJ. The digits may overlap when they lie flexed in the palm. It is not necessary to specify the overlapping fingers finding separately.",Clenched hand; Hands tightly fisted; Thumb clasp; Hands fisted; Fisting; Clenched hands; Hand clenching; Fisted hand,,HP:0005922,,是,,否,,,UMLS:C0239815
HP:0001191,Abnormal carpal morphology,"An abnormality affecting the carpal bones of the wrist (scaphoid, lunate, triquetral, pisiform, trapezium, trapezoid, capitate, hamate).",,Abnormality of the carpal bones; Anomalous carpal bones; Carpal bone anomalies; Abnormal carpal bones,,HP:0005922,HP:0001495; HP:0004232; HP:0004239; HP:0004243; HP:0004248; HP:0004252; HP:0004256; HP:0004259; HP:0004262; HP:0004264; HP:0005776; HP:0006014; HP:0006092; HP:0006180; HP:0006257; HP:0006502; HP:0009702,否,,否,,,UMLS:C1840535
HP:0001193,Ulnar deviation of the hand or of fingers of the hand,,,,,HP:0009484,HP:0009465; HP:0009487,否,,否,,,UMLS:C4048199
HP:0001194,Abnormalities of placenta or umbilical cord,An abnormality of the placenta (the organ that connects the developing fetus to the uterine wall) or of the umbilical cord (the cord that connects the fetus to the placenta).,,Abnormalities of placenta or umbilical cord,,HP:0001197,HP:0010881; HP:0011409; HP:0100767,否,,否,,,UMLS:C4025798
HP:0001195,Single umbilical artery,Single umbilical artery (SUA) is the absence of one of the two umbilical arteries surrounding the fetal bladder and in the fetal umbilical cord.,The umbilical cord normally has two arteries and one vein.,2 vessel umbilical cord; Two vessel cord; Two vessel umbilical cord; Two-vessel cord; 2 vessel cord; Only one artery in umbilical cord instead of two; SUA,,HP:0011425; HP:0010948; HP:0011403,,是,,否,,,SNOMEDCT_US:204470001; UMLS:C1384670
HP:0001196,Short umbilical cord,Decreased length of the umbilical cord.,,Short umbilical cord,,HP:0010881,,是,,否,,,SNOMEDCT_US:59795007; UMLS:C0266786
HP:0001197,Abnormality of prenatal development or birth,"An abnormality of the fetus or the birth of the fetus, excluding structural abnormalities.","Because of the close link between prenatal developmental abnormalities and abnormalities of the birth process, a single term is chosen to subsume both classes of abnormality.",Abnormality of prenatal development or birth,,HP:0000118,HP:0001194; HP:0001560; HP:0001622; HP:0001787,否,,否,,,UMLS:C4025797
HP:0001199,Triphalangeal thumb,"A thumb with three phalanges in a single, proximo-distal axis. Thus, this term applies if the thumb has an accessory phalanx, leading to a digit like appearance of the thumb.",The requirement for a single PD axis relates to the issue that partial forms of Preaxial polydactyly may comprise a partially duplicated thumb with two distal phalanges and a single proximal phalanx. That finding is instead coded as a mild form of thumb polydactyly. Note that this finding can be readily assessed by examination and/or physical manipulation of the thumb.,Digitalized thumb; Triphalangeal thumbs; Finger-like thumb; Accessory phalanx of the thumb; Triphalangy of thumb,,HP:0009602,HP:0005707; HP:0005725; HP:0005866,否,HP:0005846; HP:0006194; HP:0009610; HP:0009619,否,,,SNOMEDCT_US:205308004; UMLS:C0241397
HP:0001204,Distal symphalangism of hands,"The term distal symphalangism refers to a bony fusion of the distal and middle phalanges of the digits of the hand, in other words the distal interphalangeal joint (DIJ) is missing which can be seen either on x-rays or as an absence of the distal interphalangeal finger creases.",,Synostosis of distal phalanges; Terminal symphalangism; Fused outermost bones of hand; Symphalangism affecting the distal phalanges of the hand,,HP:0009700; HP:0100263; HP:0009773; HP:0009832,HP:0009244; HP:0009305; HP:0009426; HP:0009563; HP:0009656,否,HP:0006079; HP:0006116; HP:0009841; HP:0009871,否,,,UMLS:C1862158
HP:0001211,Abnormal fingertip morphology,An abnormal structure of the tip (end) of a finger.,,Abnormality of the fingertips,,HP:0001167,HP:0001212; HP:0011300; HP:0100759,否,,否,,,UMLS:C4025796
HP:0001212,Prominent fingertip pads,"A soft tissue prominence of the ventral aspects of the fingertips. The term ""persistent fetal fingertip pads"" is often used as a synonym, but should better not be used because it implies knowledge of history of the patient which often does not exist.",,Persistent foetal fingertip pads; Prominent finger pads; Persistence of fingerpads; Persistent fetal fingertip pads; Prominent fingertip pads,,HP:0001211; HP:0011298,,是,HP:0001235,否,,,UMLS:C1835807
HP:0001215,Camptodactyly of 2nd-5th fingers,The distal interphalangeal joint and/or the proximal interphalangeal joint of the second to fifth fingers cannot be extended to 180 degrees by either active or passive extension.,,,,HP:0100490,,是,,否,,,UMLS:C1859368
HP:0001216,Delayed ossification of carpal bones,Ossification of carpal bones occurs later than age-adjusted norms.,,Carpal delayed ossification; Delayed carpal ossification; Delayed maturation of carpal bones; Delayed carpal bone age,Delayed maturation of wrist bone,HP:0006257,HP:0004246; HP:0004254; HP:0004257,否,HP:0006069,否,,,UMLS:C1841684; UMLS:C4280599
HP:0001217,Clubbing,Broadening of the soft tissues (non-edematous swelling of soft tissues) of the digital tips in all dimensions associated with an increased longitudinal and lateral curvature of the nails.,Non-edematous swelling/broadening of the soft tissue of the fingertips in all dimensions (distal phalanges of the fingers).,Clubbing of fingers and toes; Digital clubbing,,HP:0011297,HP:0100759; HP:0100760,否,HP:0003036; HP:0005874,否,,,SNOMEDCT_US:367004; UMLS:C0149651
HP:0001218,Autoamputation,Auto-amputation is the spontaneous detachment of an appendage from the body due to long standing pathology.,,,,,HP:0001868; HP:0007460,否,,否,,,UMLS:C1833222
HP:0001220,Interphalangeal joint contracture of finger,Chronic loss of joint motion in an interphalangeal joint of a finger due to structural changes in non-bony tissue.,,Interphalangeal joint flexion contractures,,HP:0012785,HP:0009626; HP:0009697; HP:0100490,否,,否,,,UMLS:C4021784
HP:0001222,Spatulate thumbs,"Spoon-shaped, broad thumbs.",,Spoon shaped thumbs,,HP:0011304,,是,,否,,,UMLS:C0241395
HP:0001223,Pointed proximal second through fifth metacarpals,All of the metacarpal bones of the hand have a pointed proximal appearance.,,,,HP:0006119,,是,,否,,,UMLS:C1854787
HP:0001225,Wrist swelling,,,Wrist swelling,,,,是,,否,,,UMLS:C0241760
HP:0001226,obsolete Acral ulceration and osteomyelitis leading to autoamputation of digits,,,,,,,是,,是,,,
HP:0001227,Abnormality of the thenar eminence,"An abnormality of the thenar eminence, i.e., of the muscle on the palm of the human hand just beneath the thumb.",,Thenar abnormality,,HP:0001421,HP:0001245,否,,否,,,UMLS:C4021783
HP:0001230,Broad metacarpals,Abnormally broad metacarpal bones.,,Wide metacarpals; Wide long bones of hand,,HP:0005916,HP:0010027,否,HP:0006024; HP:0006065,否,,,UMLS:C1842229
HP:0001231,Abnormal fingernail morphology,An abnormality of the fingernails.,,Abnormal fingernails; Abnormality of the fingernails,,HP:0001597,HP:0001804; HP:0008391; HP:0008402; HP:0012742; HP:0100798,否,,否,,,UMLS:C4021782
HP:0001232,Nail bed telangiectasia,Telangiectases in the area of the nails.,,Nail bed telangiectases,,HP:0001009; HP:0001597,,是,,否,,,UMLS:C1838167
HP:0001233,2-3 finger cutaneous syndactyly,A soft tissue continuity in the anteroposterior axis between the second to the third fingers that extends distally to at least the level of the proximal interphalangeal joints.,,"Webbed 2nd-3rd fingers; Syndactyly, 2-3 finger; Syndactyly 2nd-3rd fingers",,HP:0010554,,是,HP:0006039; HP:0006122,否,,,SNOMEDCT_US:205139009; UMLS:C0432055
HP:0001234,Hitchhiker thumb,"With the hand relaxed and the thumb in the plane of the palm, the axis of the thumb forms an angle of at least 90 degrees with the long axis of the hand.","The condition known as ""hitchhiker's thumb"" means, that the distal phalanx of the thumb, when the thumb is extended (as in a ""thumbs-up""), can extend backwards toward the nail and outwards at an angle of up to, or more than, 90 degrees from the thumb, whereas normally it will extend straight out with little backward bending.",Abducted thumb; Hitchhiker thumb,,HP:0009617; HP:0009603; HP:0009466,,是,HP:0009620; HP:0040021,否,,,UMLS:C1857269
HP:0001238,Slender finger,Fingers that are disproportionately narrow (reduced girth) for the hand/foot size or build of the individual.,,thin fingers; Slender fingers; Narrow fingers; Slender finger,,HP:0001167,HP:0001166,否,,否,,,UMLS:C1857482
HP:0001239,Wrist flexion contracture,"A chronic loss of wrist joint motion due to structural changes in muscle, tendons, ligaments, or skin that prevent normal movement of the joints of the wrist.",,Wrist contracture; Wrist flexion deformity,,HP:0100360,HP:0012453; HP:0012454,否,HP:0006049; HP:0006137,否,,,SNOMEDCT_US:202275008; UMLS:C0409345
HP:0001241,Capitate-hamate fusion,,,Fused capitate and hamate; Fusion of capitate and hamate; Fusion of hamate and capitate; Capitate-hamate fusions,,HP:0004259; HP:0009702; HP:0004262,,是,,否,,,UMLS:C1857002
HP:0001245,Small thenar eminence,Underdevelopment of the thenar eminence with reduced palmar soft tissue mass surrounding the base of the thumb.,"The reduced soft tissue is typically abductor pollicis brevis and flexor pollicis brevis muscle bulk. Detection of this abnormality entails clinical judgment, especially in mild cases. The bulk of the muscle mass around the base of the thumb is diminished, and there may be a mild concavity over the volar aspect of the first metacarpal. When the deficiency is unilateral, comparison between the two hands will point up the often-subtle change in contour of the thenar muscles. If the degree of involvement is severe, the palm may taper in width proximally.",Thenar hypoplasia; Thenar muscle hypoplasia; Hypoplastic thenar eminences; Decreased thenar eminence,,HP:0001227,,是,HP:0006188,否,,,UMLS:C1846474
HP:0001248,Short tubular bones of the hand,"Decreased length of the tubular bones of the hand, that is, the phalanges and metacarpals.",Long bones are also known as tubular bones.,Shortened tubular bones of the hand; Shortened long tubular bones of the hand; Long bone shortening of the hand; Short long bones of the hand,,HP:0005922; HP:0003026,,是,,否,,,UMLS:C4025795
HP:0001249,Intellectual disability,"The term intellectual disability or intellectual developmental disorder is used to describe significantly sub-average intellectual and adaptive functioning based on clinical assessment and as measured by individually administered, appropriately normed, standardized and validated tests of intellectual functioning and adaptive behavior, with onset during the developmental period from infancy through adolescence.","This term should be used for children who are at least five years old. For younger children, consider using the term Global developmental delay (HP:0001263). According to the WHO classification, Disorders of intellectual development are a group of etiologically diverse conditions originating during the developmental period characterized by significantly below average intellectual functioning and adaptive behavior that are approximately two or more standard deviations below the mean (approximately less than the 2nd/3rd percentile, corresponding roughly to an IQ threshold of 70). A diagnosis of intellectual disability should not be based solely on the results of tests of intellectual and adaptive functioning; rather, it is based on a combination of clinical assessment and judgment in conjunction with the results of standardized tests of intellectual and adaptive functioning.","Mental deficiency; Mental retardation; Mental-retardation; Nonprogressive mental retardation; Mental retardation, nonspecific; Intellectual disability; Nonprogressive intellectual disability",Poor school performance; Dull intelligence; Low intelligence,HP:0011446; HP:0012759,HP:0001256; HP:0002187; HP:0002342; HP:0006889; HP:0010864,否,HP:0000730; HP:0001261; HP:0001267; HP:0001286; HP:0002122; HP:0002192; HP:0002316; HP:0002382; HP:0002386; HP:0002402; HP:0002458; HP:0002482; HP:0002499; HP:0002543; HP:0003767; HP:0006833; HP:0006877; HP:0006887; HP:0006924; HP:0007025; HP:0007044; HP:0007154; HP:0007176; HP:0007180; HP:0007243,否,,,SNOMEDCT_US:228156007; SNOMEDCT_US:247578003; SNOMEDCT_US:91138005; UMLS:C0025362; UMLS:C0423903; UMLS:C0917816; UMLS:C1843367; UMLS:C3714756; UMLS:C4020876
HP:0001250,Seizure,A seizure is an intermittent abnormality of nervous system physiology characterized by a transient occurrence of signs and/or symptoms due to abnormal excessive or synchronous neuronal activity in the brain.,"A type of electrographic seizure has been proposed in neonates which does not have a clinical correlate, it is electrographic only. The term epilepsy is not used to describe recurrent febrile seizures. Epilepsy presumably reflects an abnormally reduced seizure threshold.",Seizures; Epileptic seizure,Epilepsy,HP:0012638,HP:0002069; HP:0002133; HP:0002197; HP:0007359; HP:0011145; HP:0011146,否,HP:0001275; HP:0001303; HP:0002125; HP:0002182; HP:0002279; HP:0002306; HP:0002348; HP:0002391; HP:0002417; HP:0002430; HP:0002431; HP:0002432; HP:0002434; HP:0002437; HP:0002466; HP:0002479; HP:0002794; HP:0006997; HP:0010520,否,,,SNOMEDCT_US:128613002; SNOMEDCT_US:246545002; SNOMEDCT_US:313307000; SNOMEDCT_US:84757009; SNOMEDCT_US:91175000; UMLS:C0014544; UMLS:C0036572
HP:0001251,Ataxia,"Ataxia refers to impaired coordination of voluntary muscle movement. Cerebellar ataxia refers to ataxia due to dysfunction of the cerebellum. This causes a variety of elementary neurological deficits including asynergy (lack of coordination between muscles, limbs and joints), dysmetria (lack of ability to judge distances that can lead to under- or overshoot in grasping movements), and dysdiadochokinesia (inability to perform rapid movements requiring antagonizing muscle groups to be switched on and off repeatedly).","Ataxia can be differentiated into dyssynergy, asynergy, dysmetria (hypometria, hypermetria), dysdiadochokinesis, gait ataxia, truncal ataxia, limb ataxia, and dysarthria). Note: This term does not include sensory ataxia.",Cerebellar ataxia,,HP:0011443,HP:0001310; HP:0002066; HP:0002070; HP:0002073; HP:0002075; HP:0002078; HP:0002131; HP:0002470; HP:0002497; HP:0009878; HP:0010867,否,HP:0001253; HP:0002513; HP:0007050; HP:0007157,否,,,SNOMEDCT_US:85102008; UMLS:C0007758
HP:0001252,Hypotonia,"Hypotonia is an abnormally low muscle tone (the amount of tension or resistance to movement in a muscle). Even when relaxed, muscles have a continuous and passive partial contraction which provides some resistance to passive stretching. Hypotonia thus manifests as diminished resistance to passive stretching. Hypotonia is not the same as muscle weakness, although the two conditions can co-exist.","Hypotonia can be caused by abnormalities of the central nervous system, any element of the motor unit (including the lower motoneuron), or both. Hypotonia is not a specific diagnosis, but can be observed in hundreds of genetic and other diseases. The first distinction to make when assessing a child with hypotonia is whether decreased muscle tone is a result of an abnormality of the central nervous system (CNS), peripheral neuromuscular system, or a combined abnormality involving both. Clinical findings suggestive of an abnormality of the CNS may include hyperreflexia, cognitive developmental delay, and seizures. In contrast, physical findings pointing towards a neuromuscular origin may include weakness, lack of antigravity movements, muscle atrophy, fasciculations, and/or diminished reflexes, most often in the context of normal cognitive function. The HPO term does not distinguish between these etiologies. Additional HPO terms should be used as required to describe associated features.",Low or weak muscle tone; Muscular hypotonia; Low muscle tone; Muscle hypotonia,,HP:0003808,HP:0000297; HP:0001290; HP:0001319; HP:0006829; HP:0008936; HP:0008947; HP:0012389,否,HP:0011398,否,,,SNOMEDCT_US:398151007; SNOMEDCT_US:398152000; UMLS:C0026827
HP:0001254,Lethargy,"A state of fatigue, either physical or mental slowness and sluggishness, with difficulties in initiating or performing simple tasks. Distinguished from apathy which implies indifference and a lack of desire or interest in the task. A person with lethargy may have the desire, but not the energy to engage in personal or socially relevant tasks.",Apathy and lethargy may co-occur.,Slowness; Dullness; Inactivity; Torpor; Lethargy; Languor; Inaction,,HP:0000745,HP:0011973,否,,否,,,SNOMEDCT_US:214264003; UMLS:C0023380
HP:0001256,Mild intellectual disability,"Mild intellectual disability (ID) is defined as a type of ID characterized by mildly sub-average adaptive functioning and intellectual functioning, with an intelligence quotient (IQ) the range of 50-69.",,"Intellectual disability, mild; Mental retardation, borderline-mild; Mild mental retardation; Mild and nonprogressive mental retardation","Mental retardation, mild",HP:0001249,,是,HP:0006908; HP:0007119,否,,,SNOMEDCT_US:86765009; UMLS:C0026106
HP:0001257,Spasticity,"A motor disorder characterized by a velocity-dependent increase in tonic stretch reflexes with increased muscle tone, exaggerated (hyperexcitable) tendon reflexes.",,"Muscular spasticity; Muscle spasticity; Involuntary muscle stiffness, contraction, or spasm",,HP:0002493; HP:0001276,HP:0002064; HP:0002179; HP:0002191; HP:0002464; HP:0002491; HP:0002501,否,,否,,,SNOMEDCT_US:221360009; SNOMEDCT_US:397790002; UMLS:C0026838
HP:0001258,Spastic paraplegia,Complete loss of the ability to move the lower limbs accompanied by spasticity of the lower limbs.,"This phenotypic feature is a major component of the disease hereditary spastic paraplegia, which has multiple distinct genetic etiologies.","Spastic paraplegia, lower limb",,HP:0010550; HP:0002061,HP:0007020,否,HP:0007062; HP:0007124; HP:0007216,否,,,SNOMEDCT_US:192967009; UMLS:C0037772
HP:0001259,Coma,"The complete absence of wakefulness and consciousness, which is evident through a lack of response to any form of external stimuli.",Coma is generally a result of diffuse or extensive involvement of both hemispheres of the brain or lesions in the brainstem.,Stupor; Unconsciousness; Persistent vegetative state; Coma,Trance,HP:0004372,HP:0001325,否,,否,,,ICD-10:R40.2; SNOMEDCT_US:371632003; UMLS:C0009421
HP:0001260,Dysarthria,"Dysarthric speech is a general description referring to a neurological speech disorder characterized by poor articulation. Depending on the involved neurological structures, dysarthria may be further classified as spastic, flaccid, ataxic, hyperkinetic and hypokinetic, or mixed.",,Difficulty articulating speech; Dysarthric speech,,HP:0002167,HP:0002464; HP:0007024; HP:0008376,否,HP:0002327,否,,,SNOMEDCT_US:8011004; UMLS:C0013362
HP:0001262,Excessive daytime somnolence,A state of abnormally strong desire for sleep during the daytime.,"This term refers to excessive sleepiness or feeling of sleepiness, or difficulty staying awake despite having had adequate sleep.",Excessive daytime sleepiness; More than typical sleepiness during day,,HP:0004372; HP:0002360,HP:0007200,否,HP:0002189; HP:0100786,否,,,SNOMEDCT_US:271782001; SNOMEDCT_US:79519003; UMLS:C2830004
HP:0001263,Global developmental delay,"A delay in the achievement of motor or mental milestones in the domains of development of a child, including motor skills, speech and language, cognitive skills, and social and emotional skills. This term should only be used to describe children younger than five years of age.","Developmental retardation is any significant lag in development in the any or all of the physical, cognitive, behavioral, emotional, or social spheres. Note that the term intellectual disability (mental retardation) refers to not merely a delay in development but rather a permanent limitation. Note that the term 'psychomotor retardation' is also used in some contexts to refer to a slowing of thought and physical movements as a result of major depression or intoxication.","Psychomotor developmental delay; Motor and developmental delay; Delayed developmental milestones; Lack of psychomotor development; Retarded mental development; Psychomotor delay; Delayed development; Developmental delay in early childhood; Delayed psychomotor development; Delayed milestones; Developmental delay; GDD; Retarded development; Motormental retardation; Psychomotor development failure; Developmental retardation; Psychomotor development deficiency; Delayed intellectual development; Retarded psychomotor development; Delayed cognitive development; Developmental delay, global",Mental and motor retardation; Cognitive delay,HP:0012758,HP:0011342; HP:0011343; HP:0011344; HP:0012736,否,HP:0000754; HP:0001255; HP:0001277; HP:0001292; HP:0002433; HP:0002473; HP:0002532; HP:0006793; HP:0006867; HP:0006885; HP:0006935; HP:0007005; HP:0007094; HP:0007106; HP:0007174; HP:0007224; HP:0007228; HP:0007342; HP:0025356,否,,,SNOMEDCT_US:224958001; UMLS:C0557874; UMLS:C1864897; UMLS:C4020875
HP:0001264,Spastic diplegia,"Spasticity (neuromuscular hypertonia) primarily in the muscles of the legs, hips, and pelvis.",,Spastic diparesis; Spastic diplegic,,,,是,,否,,,SNOMEDCT_US:281411007; UMLS:C0023882
HP:0001265,Hyporeflexia,Reduction of neurologic reflexes such as the knee-jerk reaction.,,Decreased reflex response; Decreased reflexes,,HP:0001315,HP:0002600; HP:0012391; HP:0012392,否,HP:0002467,否,,,SNOMEDCT_US:405946002; UMLS:C0700078
HP:0001266,Choreoathetosis,Involuntary movements characterized by both athetosis (inability to sustain muscles in a fixed position) and chorea (widespread jerky arrhythmic movements).,,Choreoathetoid movements,,HP:0002072; HP:0002305,HP:0007098; HP:0007326,否,HP:0002469; HP:0006811; HP:0007028; HP:0007337,否,,,SNOMEDCT_US:43105007; UMLS:C0085583; UMLS:C0234967
HP:0001268,Mental deterioration,"Loss of previously present mental abilities, generally in adults.",,"Mental deterioration; Progressive cognitive decline; Cognitive decline, progressive; Cognitive decline; Intellectual deterioration",,HP:0100543,HP:0000726; HP:0002333; HP:0002344; HP:0002361; HP:0007086,否,HP:0002303; HP:0006822; HP:0007155; HP:0007253; HP:0007264; HP:0007298,否,,,UMLS:C0234985
HP:0001269,Hemiparesis,"Loss of strength in the arm, leg, and sometimes face on one side of the body. Hemiplegia refers to a complete loss of strength, whereas hemiparesis refers to an incomplete loss of strength.",,Weakness of one side of body,,HP:0004374,HP:0011099,否,,否,,,SNOMEDCT_US:127377003; SNOMEDCT_US:20022000; UMLS:C0018989
HP:0001270,Motor delay,A type of Developmental delay characterized by a delay in acquiring motor skills.,,Locomotor delay; Delayed development of motor milestones; Retarded motor development; Delayed motor development; Motor retardation; Delay in motor development; Slow development of motor milestones; Delayed motor milestones; Delay in development of motor milestones; Delayed early motor milestones; Motor developmental delay; Motor developmental milestones not achieved,No development of motor milestones,HP:0012758,HP:0002194; HP:0010862,否,HP:0001307; HP:0002130; HP:0006788; HP:0006826; HP:0006909; HP:0006950; HP:0006968; HP:0007219; HP:0007251,否,,,UMLS:C1854301; UMLS:C4020874
HP:0001271,Polyneuropathy,A generalized disorder of peripheral nerves.,,Peripheral nerve disease,,HP:0009830,,是,HP:0006941; HP:0007287,否,,,SNOMEDCT_US:302226006; SNOMEDCT_US:42345000; SNOMEDCT_US:42658009; UMLS:C0031117; UMLS:C0152025
HP:0001272,Cerebellar atrophy,"Cerebellar atrophy is defined as a cerebellum with initially normal structures, in a posterior fossa with normal size, which displays enlarged fissures (interfolial spaces) in comparison to the foliae secondary to loss of tissue. Cerebellar atrophy implies irreversible loss of tissue and result from an ongoing progressive disease until a final stage is reached or a single injury, e.g. an intoxication or infectious event.",Cerebellar atrophy can be diagnosed if the cerebellum is small with shrunken folia and large cerebellar fissures or if it has been shown to undergo progressive volume loss.,Degeneration of cerebellum; Atrophic cerebellum,Infratentorial atrophy,HP:0001317,HP:0006855; HP:0006879; HP:0007263; HP:0008278; HP:0012080; HP:0012082; HP:0100275,否,HP:0002364; HP:0006839; HP:0007072; HP:0007203,否,,,SNOMEDCT_US:95646004; UMLS:C0262404; UMLS:C0740279; UMLS:C4020873
HP:0001273,Abnormal corpus callosum morphology,Abnormality of the corpus callosum.,"The corpus callosum, a broad thick band of nerve fibers that connects the right and left cerebral hemispheres, is the largest white matter structure in the brain. This finding can be demonstrated by cerebral magenetic resonance tomography. The corpus callosum structurally consists of 4 major anatomic features including the rostrum, genu, corpus, and splenium.",Abnormal corpus callosum; Corpus callosum abnormality; Abnormality of the corpus callosum,,HP:0002500,HP:0006931; HP:0006989; HP:0007074; HP:0200011,否,HP:0007323,否,,,UMLS:C1842581
HP:0001274,Agenesis of corpus callosum,"Absence of the corpus callosum as a result of the failure of the corpus callosum to develop, which can be the result of a failure in any one of the multiple steps of callosal development including cellular proliferation and migration, axonal growth or glial patterning at the midline.",,Agenesis of the corpus callosum; Callosal agenesis; Corpus callosum agenesis; Absence of corpus callosum; Dysplastic or absent corpus callosum; Absent corpus callosum,,HP:0007370,HP:0001338,否,HP:0006800,否,,,Fyler:4321; SNOMEDCT_US:5102002; UMLS:C0175754
HP:0001276,Hypertonia,"A condition in which there is increased muscle tone so that arms or legs, for example, are stiff and difficult to move.","Spasticity is a term that is often used interchangeably with hypertonia. Spasticity, however, is a particular type of hypertonia in which the muscles' spasms are increased by movement. In this type, patients usually have exaggerated reflex responses.",Hypertonicity; Increased muscle tone,Muscle hypertonia,HP:0003808,HP:0001257; HP:0002063; HP:0002509,否,HP:0002388,否,,,SNOMEDCT_US:41581000; SNOMEDCT_US:56731001; UMLS:C0026826
HP:0001278,Orthostatic hypotension,A form of hypotension characterized by a sudden fall in blood pressure that occurs when a person assumes a standing position.,,Postural hypotension; Decrease in blood pressure upon standing up,,HP:0002615; HP:0012332,HP:0004926; HP:0005307,否,HP:0004932; HP:0006700,否,,,SNOMEDCT_US:28651003; UMLS:C0020651
HP:0001279,Syncope,"A transient loss of consciousness (i.e., characterized by a rapid onset, a short duration, and a spontaneous and complete recovery) due to cerebral hypoperfusion.","Syncope is a syndrome in which loss of consciousness is of relatively sudden onset, temporary (usually less than 1 to 2 minutes), self-terminating, and of usually rapid recovery. Syncope leads to a generalized weakness of muscles with loss of postural tone, inability to stand upright, and loss of consciousness. Once the patient is in a horizontal position, blood flow to the brain is no longer hindered by gravitation and consciousness is regained. Unconsciousness usually lasts for seconds to minutes. Headache and drowsiness (which usually follow seizures) do not follow a syncopal attack. Syncope results from a sudden impairment of brain metabolism usually due to a reduction in cerebral blood flow.",Fainting spell,,HP:0007185; HP:0011025,HP:0012668; HP:0012669; HP:0012670,否,,否,,2008-02-25T10:37:00Z,SNOMEDCT_US:271594007; SNOMEDCT_US:272030005; SNOMEDCT_US:309585006; UMLS:C0039070
HP:0001281,Tetany,A condition characterized by intermittent involuntary contraction of muscles (spasms) related to hypocalcemia or occasionally magnesium deficiency.,,Intermittent involuntary muscle spasm,,HP:0011804,,是,,否,,,SNOMEDCT_US:10629009; UMLS:C0039621
HP:0001283,Bulbar palsy,"Bulbar weakness (or bulbar palsy) refers to bilateral impairment of function of the lower cranial nerves IX, X, XI and XII, which occurs due to lower motor neuron lesion either at nuclear or fascicular level in the medulla or from bilateral lesions of the lower cranial nerves outside the brain-stem. Bulbar weakness is often associated with difficulty in chewing, weakness of the facial muscles, dysarthria, palatal weakness and regurgitation of fluids, dysphagia, and dysphonia.",,Bulbar muscle weakness; Bulbar palsies; Bulbar weakness,,HP:0012638; HP:0001324,,是,HP:0003441; HP:0003709,否,,,SNOMEDCT_US:398432008; UMLS:C1301959; UMLS:C4082299
HP:0001284,Areflexia,Absence of neurologic reflexes such as the knee-jerk reaction.,"The stretch reflexes (also called deep tendon reflexes) include the knee-jerk reflex (patellar reflex, the biceps reflex, the triceps reflex, and the ankle jerk reflex or Achilles tendon reflex).",Loss of deep tendon reflexes; Deep tendon reflexes absent; Absent tendon reflexes; Absent deep tendon reflexes; Lost deep tendon reflexes,,HP:0001315,HP:0002522; HP:0012046,否,HP:0001314,否,,,SNOMEDCT_US:349006; SNOMEDCT_US:37280007; UMLS:C0234146; UMLS:C0241772; UMLS:C0278124
HP:0001285,Spastic tetraparesis,Spastic weakness affecting all four limbs.,,Spastic quadriparesis,,HP:0002273,,是,HP:0002393,否,,,SNOMEDCT_US:298282001; UMLS:C0575059
HP:0001287,Meningitis,Inflammation of the meninges.,,,,HP:0011450,HP:0007041,否,,否,,,SNOMEDCT_US:7180009; UMLS:C0025289
HP:0001288,Gait disturbance,The term gait disturbance can refer to any disruption of the ability to walk.,Gait disturbances can be caused by neurological or muscular diseases but also fractures or other sources of pain that is triggered upon walking.,Gait abnormalities; Abnormal walk; Gait difficulties; Walking disability; Abnormal gait; Difficulty in walking; Impaired gait; Gait disturbances,,HP:0100022,HP:0002064; HP:0002066; HP:0002136; HP:0002141; HP:0002317; HP:0002362; HP:0002515; HP:0002527; HP:0002540; HP:0003376; HP:0009878; HP:0010521,否,HP:0002355; HP:0006953; HP:0007101; HP:0009030,否,,,SNOMEDCT_US:22325002; UMLS:C0575081
